cat_smiles,an_smiles,T,P,value,unit,ref,il,mw,logp,tpsa,hbd,hba,rotb,ar_rings,heavy,fcsp3,rings
CCCC[N+](CCCC)(CCCC)CCCC,[Cl-],,,344.0,K,"Abranches, Dinis O.; Schaeffer, Nicolas; Silva, Liliana P.; Martins, Monia A. R.; Pinho, Simao P.; Coutinho, Joao A. P. (2019) Molecules 24, 3687.",CCCC[N+](CCCC)(CCCC)CCCC|[Cl-],277.92399999999986,2.007600000000001,0.0,0,0,12,0,18,1.0,0
Cc1ccc[n+](CC(=O)Nc2ccc(C)c(F)c2)c1,F[P-](F)(F)(F)(F)F,,,343.6,K,"Aljuhani, Ateyatallah; Aouad, Mohamed Reda; Rezki, Nadjet; Aljaldy, Omar Abdulaziz; Al-Sodies, Salsabeel A.; Messali, Mouslim; Ali, Imran (2019) J. Mol. Liq. 285, 790-802.",Cc1ccc[n+](CC(=O)Nc2ccc(C)c(F)c2)c1|F[P-](F)(F)(F)(F)F,404.2659999999999,5.751140000000003,32.98,1,1,3,2,26,0.2,2
Cc1cc[n+](CC(=O)Nc2ccc(C)c(F)c2)cc1,F[P-](F)(F)(F)(F)F,,,339.6,K,"Aljuhani, Ateyatallah; Aouad, Mohamed Reda; Rezki, Nadjet; Aljaldy, Omar Abdulaziz; Al-Sodies, Salsabeel A.; Messali, Mouslim; Ali, Imran (2019) J. Mol. Liq. 285, 790-802.",Cc1cc[n+](CC(=O)Nc2ccc(C)c(F)c2)cc1|F[P-](F)(F)(F)(F)F,404.2659999999999,5.751140000000003,32.98,1,1,3,2,26,0.2,2
Cc1ccc[n+](CC(=O)Nc2ccc(C)c(F)c2)c1,O=C([O-])C(F)(F)F,,,336.6,K,"Aljuhani, Ateyatallah; Aouad, Mohamed Reda; Rezki, Nadjet; Aljaldy, Omar Abdulaziz; Al-Sodies, Salsabeel A.; Messali, Mouslim; Ali, Imran (2019) J. Mol. Liq. 285, 790-802.",Cc1ccc[n+](CC(=O)Nc2ccc(C)c(F)c2)c1|O=C([O-])C(F)(F)F,372.318,1.6673399999999998,73.11,1,3,3,2,26,0.2352941176470588,2
CCCCCC[N+]1(C)CCCC1,O=S(=O)([N-]S(=O)(=O)C(F)(F)F)C(F)(F)F,,,268.3,K,"Ahmed, O. U.; Mjalli, F. S.; Talal, A.-W.; Al-Wahaibi, Y.; Al Nashef, I. M. (2018) J. Solution Chem. 47(3), 468-483.",CCCCCC[N+]1(C)CCCC1|O=S(=O)([N-]S(=O)(=O)C(F)(F)F)C(F)(F)F,450.467,3.866400000000003,82.38,0,4,7,0,27,1.0,1
CCCC[P+](CCCC)(CCCC)CCCC,CS(=O)(=O)[O-],,,331.1,K,"Ahmed, O. U.; Mjalli, F. S.; Talal, A.-W.; Al-Wahaibi, Y.; Al Nashef, I. M. (2018) J. Solution Chem. 47(3), 468-483.",CCCC[P+](CCCC)(CCCC)CCCC|CS(=O)(=O)[O-],354.53700000000003,5.3658000000000055,57.2,0,3,12,0,22,1.0,0
Cc1cc[n+](CC(=O)Nc2ccc(C)c(F)c2)cc1,O=C([O-])C(F)(F)F,,,331.6,K,"Aljuhani, Ateyatallah; Aouad, Mohamed Reda; Rezki, Nadjet; Aljaldy, Omar Abdulaziz; Al-Sodies, Salsabeel A.; Messali, Mouslim; Ali, Imran (2019) J. Mol. Liq. 285, 790-802.",Cc1cc[n+](CC(=O)Nc2ccc(C)c(F)c2)cc1|O=C([O-])C(F)(F)F,372.318,1.6673399999999998,73.11,1,3,3,2,26,0.2352941176470588,2
CCC[N+]1(C)CCCC1,O=S(=O)([N-]S(=O)(=O)C(F)(F)F)C(F)(F)F,,,282.1,K,"Annat, Gary; Forsyth, Maria; MacFarlane, Douglas R. (2012) J. Phys. Chem. B 116(28), 8251-8258.",CCC[N+]1(C)CCCC1|O=S(=O)([N-]S(=O)(=O)C(F)(F)F)C(F)(F)F,408.386,2.6961000000000013,82.38,0,4,4,0,24,1.0,1
CCC[N+]1(C)CCCC1,N#C[N-]C#N,,,256.1,K,"Annat, Gary; Forsyth, Maria; MacFarlane, Douglas R. (2012) J. Phys. Chem. B 116(28), 8251-8258.",CCC[N+]1(C)CCCC1|N#C[N-]C#N,194.282,1.95906,61.68,0,2,2,0,14,0.8,1
CCCC[N+]1(C)CCCC1,O=S(=O)([N-]S(=O)(=O)C(F)(F)F)C(F)(F)F,,,261.2,K,"Ahmed, O. U.; Mjalli, F. S.; Talal, A.-W.; Al-Wahaibi, Y.; Al Nashef, I. M. (2018) J. Solution Chem. 47(3), 468-483.",CCCC[N+]1(C)CCCC1|O=S(=O)([N-]S(=O)(=O)C(F)(F)F)C(F)(F)F,422.413,3.0862000000000016,82.38,0,4,5,0,25,1.0,1
CC[n+]1ccn(C)c1,O=S(=O)([N-]S(=O)(=O)C(F)(F)F)C(F)(F)F,,,263.4,K,"Appetecchi, G. B.; Montanino, M.; Carewska, M.; Moreno, M.; Alessandrini, F.; Passerini, S. (2011) Electrochim. Acta 56, 1300-1307.",CC[n+]1ccn(C)c1|O=S(=O)([N-]S(=O)(=O)C(F)(F)F)C(F)(F)F,391.315,1.3917999999999997,91.19,0,4,3,1,23,0.625,1
CCCCCC[N+]1(C)CCCC1,O=S(=O)([N-]S(=O)(=O)C(F)(F)F)C(F)(F)F,,,274.1,K,"Annat, Gary; Forsyth, Maria; MacFarlane, Douglas R. (2012) J. Phys. Chem. B 116(28), 8251-8258.",CCCCCC[N+]1(C)CCCC1|O=S(=O)([N-]S(=O)(=O)C(F)(F)F)C(F)(F)F,450.467,3.866400000000003,82.38,0,4,7,0,27,1.0,1
CCCC[n+]1ccn(C)c1,[Cl-],,,338.1,K,"Alves, M. B.; Umpierre, A. P.; Santos, V. O. J.; Soares, V. C. D.; Dupont, J.; Rubim, J. C.; Suarez, P. A. Z. (2010) Thermochim. Acta 502(1-2), 20-23.",CCCC[n+]1ccn(C)c1|[Cl-],174.67499999999998,-1.8832999999999969,8.809999999999999,0,0,3,1,11,0.625,1
CCC[N+]1(C)CCCC1,O=S(=O)([N-]S(=O)(=O)C(F)(F)F)C(F)(F)F,,,284.6,K,"Appetecchi, G. B.; Montanino, M.; Carewska, M.; Moreno, M.; Alessandrini, F.; Passerini, S. (2011) Electrochim. Acta 56, 1300-1307.",CCC[N+]1(C)CCCC1|O=S(=O)([N-]S(=O)(=O)C(F)(F)F)C(F)(F)F,408.386,2.6961000000000013,82.38,0,4,4,0,24,1.0,1
CCC[N+]1(C)CCCC1,O=S(=O)([N-]S(=O)(=O)C(F)(F)C(F)(F)F)C(F)(F)C(F)(F)F,,,279.6,K,"Appetecchi, G. B.; Montanino, M.; Carewska, M.; Moreno, M.; Alessandrini, F.; Passerini, S. (2011) Electrochim. Acta 56, 1300-1307.",CCC[N+]1(C)CCCC1|O=S(=O)([N-]S(=O)(=O)C(F)(F)C(F)(F)F)C(F)(F)C(F)(F)F,508.4,3.966700000000004,82.38,0,4,6,0,30,1.0,1
CC[n+]1ccn(C)c1,O=S(=O)([N-]S(=O)(=O)C(F)(F)C(F)(F)F)C(F)(F)C(F)(F)F,,,271.9,K,"Appetecchi, G. B.; Montanino, M.; Carewska, M.; Moreno, M.; Alessandrini, F.; Passerini, S. (2011) Electrochim. Acta 56, 1300-1307.",CC[n+]1ccn(C)c1|O=S(=O)([N-]S(=O)(=O)C(F)(F)C(F)(F)F)C(F)(F)C(F)(F)F,491.329,2.6624000000000008,91.19,0,4,5,1,29,0.7,1
Cc1cc[n+](CCOc2ccccc2)cc1,[Br-],,,352.1,K,"Aljuhani, A.; El-Sayed, W. S.; Sahu, P. K.; Rezki, N.; Aouad, M. R.; Salghi, R.; Messali, M. (2018) J. Mol. Liq. 249, 747-753.",Cc1cc[n+](CCOc2ccccc2)cc1|[Br-],294.192,-0.634479999999999,13.11,0,1,4,2,17,0.2142857142857142,2
Cc1ccc[n+](CC(=O)Nc2ccc(I)cc2F)c1,F[P-](F)(F)(F)(F)F,,,328.6,K,"Aljuhani, Ateyatallah; Aouad, Mohamed Reda; Rezki, Nadjet; Aljaldy, Omar Abdulaziz; Al-Sodies, Salsabeel A.; Messali, Mouslim; Ali, Imran (2019) J. Mol. Liq. 285, 790-802.",Cc1ccc[n+](CC(=O)Nc2ccc(I)cc2F)c1|F[P-](F)(F)(F)(F)F,516.135,6.047320000000003,32.98,1,1,3,2,26,0.1428571428571428,2
CCCC[N+]1(C)CCCC1,O=S(=O)([N-]S(=O)(=O)C(F)(F)F)C(F)(F)F,,,266.6,K,"Appetecchi, G. B.; Montanino, M.; Carewska, M.; Moreno, M.; Alessandrini, F.; Passerini, S. (2011) Electrochim. Acta 56, 1300-1307.",CCCC[N+]1(C)CCCC1|O=S(=O)([N-]S(=O)(=O)C(F)(F)F)C(F)(F)F,422.413,3.0862000000000016,82.38,0,4,5,0,25,1.0,1
CC[n+]1ccn(C)c1,O=S(=O)([N-]S(=O)(=O)C(F)(F)F)C(F)(F)F,,,274.1,K,"Annat, Gary; Forsyth, Maria; MacFarlane, Douglas R. (2012) J. Phys. Chem. B 116(28), 8251-8258.",CC[n+]1ccn(C)c1|O=S(=O)([N-]S(=O)(=O)C(F)(F)F)C(F)(F)F,391.315,1.3917999999999997,91.19,0,4,3,1,23,0.625,1
Cc1cc[n+](CC(=O)Nc2ccc(I)cc2F)cc1,F[P-](F)(F)(F)(F)F,,,326.6,K,"Aljuhani, Ateyatallah; Aouad, Mohamed Reda; Rezki, Nadjet; Aljaldy, Omar Abdulaziz; Al-Sodies, Salsabeel A.; Messali, Mouslim; Ali, Imran (2019) J. Mol. Liq. 285, 790-802.",Cc1cc[n+](CC(=O)Nc2ccc(I)cc2F)cc1|F[P-](F)(F)(F)(F)F,516.135,6.047320000000003,32.98,1,1,3,2,26,0.1428571428571428,2
CC[n+]1ccn(C)c1,N#C[N-]C#N,,,267.0,K,"Bentley, Caitlin L.; Balogun, Mariam Y.; Morales-Collazo, Oscar; Brennecke, Joan F. (2024) J. Chem. Eng. Data 69(10), 3532-3543.",CC[n+]1ccn(C)c1|N#C[N-]C#N,177.211,0.6547599999999998,70.49,0,2,1,1,13,0.375,1
CC[N+](CC)(CC)CC,O=S(=O)([N-]S(=O)(=O)C(F)(F)C(F)(F)F)C(F)(F)C(F)(F)F,,,356.6,K,"Appetecchi, G. B.; Montanino, M.; Carewska, M.; Moreno, M.; Alessandrini, F.; Passerini, S. (2011) Electrochim. Acta 56, 1300-1307.",CC[N+](CC)(CC)CC|O=S(=O)([N-]S(=O)(=O)C(F)(F)C(F)(F)F)C(F)(F)C(F)(F)F,510.41600000000005,4.212700000000004,82.38,0,4,8,0,30,1.0,0
CC[n+]1ccn(C)c1,O=S(=O)([N-]S(=O)(=O)C(F)(F)F)C(F)(F)F,,,258.1,K,"Aranowski, R.; Cichowska-Kopczynska, I.; Debski, B.; Jasinski, P. (2016) J. Mol. Liq. 221, 541-546.",CC[n+]1ccn(C)c1|O=S(=O)([N-]S(=O)(=O)C(F)(F)F)C(F)(F)F,391.315,1.3917999999999997,91.19,0,4,3,1,23,0.625,1
CCCC[N+]1(C)CCCC1,O=S(=O)([N-]S(=O)(=O)C(F)(F)F)C(F)(F)F,,,256.1,K,"Annat, Gary; Forsyth, Maria; MacFarlane, Douglas R. (2012) J. Phys. Chem. B 116(28), 8251-8258.",CCCC[N+]1(C)CCCC1|O=S(=O)([N-]S(=O)(=O)C(F)(F)F)C(F)(F)F,422.413,3.0862000000000016,82.38,0,4,5,0,25,1.0,1
CCCC[n+]1ccccc1C,F[B-](F)(F)F,,,301.3,K,"Bandres, I.; Pera, G.; Martin, S.; Castro, M.; Lafuente, C. (2009) J. Phys. Chem. B 113, 11936-11942.",CCCC[n+]1ccccc1C|F[B-](F)(F)F,237.04899999999992,3.382620000000003,3.88,0,0,3,1,16,0.5,1
Cc1n(C)cc[n+]1CCCOc1ccccc1,[Br-],,,371.1,K,"Aljuhani, A.; El-Sayed, W. S.; Sahu, P. K.; Rezki, N.; Aouad, M. R.; Salghi, R.; Messali, M. (2018) J. Mol. Liq. 249, 747-753.",Cc1n(C)cc[n+]1CCCOc1ccccc1|[Br-],311.223,-0.9058799999999982,18.04,0,1,5,2,18,0.3571428571428571,2
CC[n+]1ccn(C)c1,F[B-](F)(F)F,,,287.0,K,"Bentley, Caitlin L.; Balogun, Mariam Y.; Morales-Collazo, Oscar; Brennecke, Joan F. (2024) J. Chem. Eng. Data 69(10), 3532-3543.",CC[n+]1ccn(C)c1|F[B-](F)(F)F,197.972,1.6324999999999998,8.809999999999999,0,0,1,1,13,0.5,1
CC[n+]1ccccc1,O=S(=O)([N-]S(=O)(=O)C(F)(F)F)C(F)(F)F,,,306.1,K,"Arce, A.; Earle, M. J.; Katdare, S. P.; Rodriguez, H.; Seddon, K. R. (2007) Fluid Phase Equilib. 261(1-2), 427-433.",CC[n+]1ccccc1|O=S(=O)([N-]S(=O)(=O)C(F)(F)F)C(F)(F)F,388.3109999999999,2.053300000000001,86.25999999999999,0,4,3,1,23,0.4444444444444444,1
CC[n+]1ccn(C)c1,O=S(=O)([N-]S(=O)(=O)C(F)(F)F)C(F)(F)F,,,257.0,K,"Bentley, Caitlin L.; Balogun, Mariam Y.; Morales-Collazo, Oscar; Brennecke, Joan F. (2024) J. Chem. Eng. Data 69(10), 3532-3543.",CC[n+]1ccn(C)c1|O=S(=O)([N-]S(=O)(=O)C(F)(F)F)C(F)(F)F,391.315,1.3917999999999997,91.19,0,4,3,1,23,0.625,1
CC[n+]1ccn(C)c1,N#C[N-]C#N,,,266.0,K,"Bernardino, Kalil; Lima, Thamires A.; Ribeiro, Mauro C. C. (2019) J. Phys. Chem. B 123, 9418-9427.",CC[n+]1ccn(C)c1|N#C[N-]C#N,177.211,0.6547599999999998,70.49,0,2,1,1,13,0.375,1
CC[n+]1ccn(C)c1,O=S(=O)([N-]S(=O)(=O)C(F)(F)F)C(F)(F)F,,,258.0,K,"Bentley, Caitlin L.; Balogun, Mariam Y.; Morales-Collazo, Oscar; Brennecke, Joan F. (2024) J. Chem. Eng. Data 69(10), 3532-3543.",CC[n+]1ccn(C)c1|O=S(=O)([N-]S(=O)(=O)C(F)(F)F)C(F)(F)F,391.315,1.3917999999999997,91.19,0,4,3,1,23,0.625,1
CC[n+]1ccn(C)c1,O=S(=O)([O-])C(F)(F)F,,,263.1,K,"Aranowski, R.; Cichowska-Kopczynska, I.; Debski, B.; Jasinski, P. (2016) J. Mol. Liq. 221, 541-546.",CC[n+]1ccn(C)c1|O=S(=O)([O-])C(F)(F)F,260.237,0.3839,66.01,0,3,1,1,16,0.5714285714285714,1
CCCCCC[n+]1ccn(C)c1,O=S(=O)([N-]S(=O)(=O)C(F)(F)F)C(F)(F)F,,,265.8,K,"Archer, D. G. (2006) National Insitute of Standards and Technology Thermodynamic Properties of 1-hexyl-3-methylimidazolium bis (trifluoromethylsulfonyl)imide NISTIR No. 6645.",CCCCCC[n+]1ccn(C)c1|O=S(=O)([N-]S(=O)(=O)C(F)(F)F)C(F)(F)F,447.423,2.952200000000002,91.19,0,4,7,1,27,0.75,1
C(C)N1C=[N+](C=C1)C=C,FC(S(=O)(=O)[N-]S(=O)(=O)C(F)(F)F)(F)F,,,291.1,K,"Berdzinski, S.; Strehmel, B.; Strehmel, V. (2015) Photochem. Photobiol. Sci 14(4), 714-725.",C(C)N1C=[N+](C=C1)C=C|FC(S(=O)(=O)[N-]S(=O)(=O)C(F)(F)F)(F)F,403.326,1.9553,91.19,0,4,4,1,24,0.4444444444444444,1
CCCCCC[n+]1ccn(C)c1,O=S(=O)([N-]S(=O)(=O)C(F)(F)F)C(F)(F)F,,,272.11,K,"Archer, D. G. (2006) National Insitute of Standards and Technology Thermodynamic Properties of 1-hexyl-3-methylimidazolium bis (trifluoromethylsulfonyl)imide NISTIR No. 6645.",CCCCCC[n+]1ccn(C)c1|O=S(=O)([N-]S(=O)(=O)C(F)(F)F)C(F)(F)F,447.423,2.952200000000002,91.19,0,4,7,1,27,0.75,1
CC[N+](CC)(CC)CC,F[P-](F)(F)(F)(F)F,,,355.1,K,"Bhatt, Vasishta D.; Gohil, Kuldip (2013) Bull. Mater. Sci. 36, 1121-1125.",CC[N+](CC)(CC)CC|F[P-](F)(F)(F)(F)F,275.2169999999999,5.265200000000004,0.0,0,0,4,0,16,1.0,0
CCCC[N+]1(C)CCCC1,O=S(=O)([N-]S(=O)(=O)C(F)(F)C(F)(F)F)C(F)(F)C(F)(F)F,,,282.1,K,"Appetecchi, G. B.; Montanino, M.; Carewska, M.; Moreno, M.; Alessandrini, F.; Passerini, S. (2011) Electrochim. Acta 56, 1300-1307.",CCCC[N+]1(C)CCCC1|O=S(=O)([N-]S(=O)(=O)C(F)(F)C(F)(F)F)C(F)(F)C(F)(F)F,522.427,4.356800000000004,82.38,0,4,7,0,31,1.0,1
CCCC[N+]1(C)CCCCC1,F[P-](F)(F)(F)(F)F,,,354.7,K,"Bouarab, A. F.; Martins, M. A.R.; Stolarska, O.; Smiglak, M.; Harvey, J.-P.; Coutinho, J. A.P.; Robelin, C. (2020) J. Mol. Liq. 113742.",CCCC[N+]1(C)CCCCC1|F[P-](F)(F)(F)(F)F,301.2549999999999,5.799400000000005,0.0,0,0,3,0,18,1.0,1
C[N+](C)(C)CCO.O=[N+]([O-])[O-],O=[N+]([O-])[O-],,,346.1,K,"Brown, S. J.; Yalcin, D.; Pandiancherri, S.; Le, T. C.; Orhan, I.; Hearn, K.; Han, Q.; Drummond, C. J.; Greaves, T. L. (2022) J. Mol. Liq. 367, 120453.",C[N+](C)(C)CCO.O=[N+]([O-])[O-]|O=[N+]([O-])[O-],228.18099999999995,-0.793299999999999,152.63,1,7,2,0,15,1.0,0
CCCC[n+]1ccn(C)c1,CCCCCCOC(=O)CC(C(=O)OCCCCCC)C(C(=O)OCCCCCC)S(=O)(=O)[O-],,,251.2,K,"Brown, P.; Butts, C. P.; Eastoe, J.; Fermin, D.; Grillo, I.; Lee, H.-C.; Parker, D.; Plana, D.; Richardson, R. M. (2012) Langmuir 28(5), 2502-2509.",CCCC[n+]1ccn(C)c1|CCCCCCOC(=O)CC(C(=O)OCCCCCC)C(C(=O)OCCCCCC)S(=O)(=O)[O-],646.8880000000003,5.389700000000006,144.91,0,9,24,1,44,0.8125,1
CCCC[n+]1cccc(C)c1,F[P-](F)(F)(F)(F)F,,,324.8,K,"Bouarab, A. F.; Martins, M. A.R.; Stolarska, O.; Smiglak, M.; Harvey, J.-P.; Coutinho, J. A.P.; Robelin, C. (2020) J. Mol. Liq. 113742.",CCCC[n+]1cccc(C)c1|F[P-](F)(F)(F)(F)F,295.20699999999994,5.465020000000003,3.88,0,0,3,1,18,0.5,1
C[N+](C)(C)CCO,CCCCCC(=O)[O-],,,348.8,K,"Brown, S. J.; Yalcin, D.; Pandiancherri, S.; Le, T. C.; Orhan, I.; Hearn, K.; Han, Q.; Drummond, C. J.; Greaves, T. L. (2022) J. Mol. Liq. 367, 120453.",C[N+](C)(C)CCO|CCCCCC(=O)[O-],219.32499999999996,0.0015000000000007,60.36,1,3,6,0,15,0.9090909090909092,0
Cn1cc[n+](CCO)c1,CC(=O)[O-],,,330.1,K,"Brunig, T.; Krekic, K.; Bruhn, C.; Pietschnig, R. (2016) Chem. Eur. J. 22(45), 16200-16212.",Cn1cc[n+](CCO)c1|CC(=O)[O-],186.211,-1.9388999999999976,69.17,1,3,2,1,13,0.5,1
CCC[n+]1cn(C)cn1,O=S(=O)([O-])C(F)(F)F,,,276.4,K,"Brauer, U. G.; De La Hoz, A. T.; Miller, K. M. (2015) J. Mol. Liq. 210, 286-292.",CCC[n+]1cn(C)cn1|O=S(=O)([O-])C(F)(F)F,275.25199999999995,0.1689999999999996,78.89999999999999,0,4,2,1,17,0.7142857142857143,1
CC[n+]1ccn(C)c1,O=S(=O)([N-]S(=O)(=O)C(F)(F)F)C(F)(F)F,,,256.1,K,"Bogel-Lukasik, R.; Matkowska, D.; Zakrzewska, M. E.; Bogel-Lukasik, E.; Hofman, T. (2010) Fluid Phase Equilib. 295(2), 177-185.",CC[n+]1ccn(C)c1|O=S(=O)([N-]S(=O)(=O)C(F)(F)F)C(F)(F)F,391.315,1.3917999999999997,91.19,0,4,3,1,23,0.625,1
CCCC[n+]1ccn(C)c1,CCCCC(CC)COC(=O)CC(C(=O)OCC(CC)CCCC)S(=O)(=O)[O-],,,254.2,K,"Brown, P.; Butts, C. P.; Eastoe, J.; Fermin, D.; Grillo, I.; Lee, H.-C.; Parker, D.; Plana, D.; Richardson, R. M. (2012) Langmuir 28(5), 2502-2509.",CCCC[n+]1ccn(C)c1|CCCCC(CC)COC(=O)CC(C(=O)OCC(CC)CCCC)S(=O)(=O)[O-],560.7980000000005,4.9222000000000055,118.61,0,7,19,1,38,0.8214285714285714,1
C[N+](C)(C)CCO,CC(=O)[O-],,,348.1,K,"Brunig, T.; Krekic, K.; Bruhn, C.; Pietschnig, R. (2016) Chem. Eur. J. 22(45), 16200-16212.",C[N+](C)(C)CCO|CC(=O)[O-],163.21699999999998,-1.5588999999999975,60.36,1,3,2,0,11,0.8571428571428571,0
COCC[n+]1ccn(C)c1,F[P-](F)(F)(F)(F)F,,,288.1,K,"Branco, L. C.; Rosa, J. N.; Ramos, J. J. M.; Afonso, C. A. M. (2002) Chem. Eur. J. 8(16), 3671-3677.",COCC[n+]1ccn(C)c1|F[P-](F)(F)(F)(F)F,286.15599999999995,3.341400000000002,18.04,0,1,3,1,17,0.5714285714285714,1
CC[n+]1ccn(C)c1,[Br-],,,345.1,K,"Brunig, T.; Krekic, K.; Bruhn, C.; Pietschnig, R. (2016) Chem. Eur. J. 22(45), 16200-16212.",CC[n+]1ccn(C)c1|[Br-],191.072,-2.663499999999998,8.809999999999999,0,0,1,1,9,0.5,1
Cn1cc[n+](C)c1,CC(=O)[O-],,,311.1,K,"Brunig, T.; Krekic, K.; Bruhn, C.; Pietschnig, R. (2016) Chem. Eur. J. 22(45), 16200-16212.",Cn1cc[n+](C)c1|CC(=O)[O-],156.18499999999997,-1.394199999999999,48.94,0,2,0,1,11,0.4285714285714285,1
CCCC[N+]1(C)CCCC1,F[P-](F)(F)(F)(F)F,,,359.7,K,"Bouarab, A. F.; Martins, M. A.R.; Stolarska, O.; Smiglak, M.; Harvey, J.-P.; Coutinho, J. A.P.; Robelin, C. (2020) J. Mol. Liq. 113742.",CCCC[N+]1(C)CCCC1|F[P-](F)(F)(F)(F)F,287.2279999999999,5.409300000000004,0.0,0,0,3,0,17,1.0,1
CCCCCCCCCCCCSCC(Cn1cc[n+](C)c1)SCCCCCCCCCCCC,[Cl-],,,313.9,K,"Burton, Rachel D.; Siegel, David J.; Muller II, Joseph E.; Regner, Matthew; Sheng, Yinghong; McManus, Gregory J.; MacDonald Jr., James H.; Mirjafari, Arsalan (2019) J. Mol. Liq. 296, 111758.",CCCCCCCCCCCCSCC(Cn1cc[n+](C)c1)SCCCCCCCCCCCC|[Cl-],561.4300000000004,6.993400000000007,8.809999999999999,0,2,27,1,36,0.9032258064516128,1
CCCCCCCCCCCCCCSCC(Cn1cc[n+](C)c1)SCCCCCCCCCCCCCC,O=S(=O)([N-]S(=O)(=O)C(F)(F)F)C(F)(F)F,,,285.9,K,"Burton, Rachel D.; Siegel, David J.; Muller II, Joseph E.; Regner, Matthew; Sheng, Yinghong; McManus, Gregory J.; MacDonald Jr., James H.; Mirjafari, Arsalan (2019) J. Mol. Liq. 296, 111758.",CCCCCCCCCCCCCCSCC(Cn1cc[n+](C)c1)SCCCCCCCCCCCCCC|O=S(=O)([N-]S(=O)(=O)C(F)(F)F)C(F)(F)F,862.2320000000004,12.60909999999998,91.19,0,6,33,1,54,0.918918918918919,1
CC(C)[n+]1ccn(C)c1,[Br-],,,352.1,K,"Brunig, T.; Krekic, K.; Bruhn, C.; Pietschnig, R. (2016) Chem. Eur. J. 22(45), 16200-16212.",CC(C)[n+]1ccn(C)c1|[Br-],205.099,-2.1024999999999974,8.809999999999999,0,0,1,1,10,0.5714285714285714,1
CCCCCCCC[n+]1ccn(C)c1,O=S(=O)([O-])O,,,298.1,K,"Bui, Thuy Thi Le; Nguyen, Do Dinh; Van Ho, Son; Nguyen, Binh Thanh; Uong, Ha Thi Ngoc (2017) Fuel 191, 54-61.",CCCCCCCC[n+]1ccn(C)c1|O=S(=O)([O-])O,292.40100000000007,1.6777000000000004,86.24000000000001,1,3,7,1,19,0.75,1
CCCC[n+]1ccn(C)c1,CCCCOP(=O)([O-])OCCCC,,,281.1,K,"Bui, Thuy Thi Le; Nguyen, Do Dinh; Van Ho, Son; Nguyen, Binh Thanh; Uong, Ha Thi Ngoc (2017) Fuel 191, 54-61.",CCCC[n+]1ccn(C)c1|CCCCOP(=O)([O-])OCCCC,348.4240000000001,3.2009000000000016,67.4,0,4,11,1,23,0.8125,1
CC[n+]1ccn(C)c1,CCCCCCCCOS(=O)(=O)[O-],,,283.0,K,"Cabeza, O.; Vila, J.; Rilo, E.; Dominguez-Perez, M.; Otero-Cernadas, L.; Lopez-Lago, E.; Mendez-Morales, T.; Varela, L. M. (2014) J. Chem. Thermodyn. 75, 52-57.",CC[n+]1ccn(C)c1|CCCCCCCCOS(=O)(=O)[O-],320.455,2.1562,75.24,0,4,9,1,21,0.7857142857142857,1
CCCCCCCC[n+]1ccc(N(C)C)cc1,O=S(=O)([O-])C(F)(F)F,,,292.6,K,"Cai, D.; Saengprachum, N.; Lin, Z.; Qiu, T. (2020) J. Mol. Liq. 297, 111875.",CCCCCCCC[n+]1ccc(N(C)C)cc1|O=S(=O)([O-])C(F)(F)F,384.46400000000006,3.4520000000000026,64.32000000000001,0,4,8,1,25,0.6875,1
CCCCCCCCCCCCSCC(Cn1cc[n+](C)c1)SCCCCCCCCCCCC,O=S(=O)([N-]S(=O)(=O)C(F)(F)F)C(F)(F)F,,,272.4,K,"Burton, Rachel D.; Siegel, David J.; Muller II, Joseph E.; Regner, Matthew; Sheng, Yinghong; McManus, Gregory J.; MacDonald Jr., James H.; Mirjafari, Arsalan (2019) J. Mol. Liq. 296, 111758.",CCCCCCCCCCCCSCC(Cn1cc[n+](C)c1)SCCCCCCCCCCCC|O=S(=O)([N-]S(=O)(=O)C(F)(F)F)C(F)(F)F,806.1240000000007,11.04869999999999,91.19,0,6,29,1,50,0.9090909090909092,1
CCCCCCCCCCCCCCSCC(Cn1cc[n+](C)c1)SCCCCCCCCCCCCCC,[Cl-],,,328.4,K,"Burton, Rachel D.; Siegel, David J.; Muller II, Joseph E.; Regner, Matthew; Sheng, Yinghong; McManus, Gregory J.; MacDonald Jr., James H.; Mirjafari, Arsalan (2019) J. Mol. Liq. 296, 111758.",CCCCCCCCCCCCCCSCC(Cn1cc[n+](C)c1)SCCCCCCCCCCCCCC|[Cl-],617.5380000000001,8.553800000000006,8.809999999999999,0,2,31,1,40,0.9142857142857144,1
CCCC[n+]1ccn(C)c1,O=S(=O)([O-])O,,,301.1,K,"Bui, Thuy Thi Le; Nguyen, Do Dinh; Van Ho, Son; Nguyen, Binh Thanh; Uong, Ha Thi Ngoc (2017) Fuel 191, 54-61.",CCCC[n+]1ccn(C)c1|O=S(=O)([O-])O,236.293,0.1173000000000003,86.24000000000001,1,3,3,1,15,0.625,1
CC[n+]1cccc(C)c1,O=S(=O)([N-]S(=O)(=O)C(F)(F)F)C(F)(F)F,,,272.0,K,"Calvar, N.; Gomez, E.; Macedo, E. A.; Dominguez, A. (2013) Thermochim. Acta 565, 178-82.",CC[n+]1cccc(C)c1|O=S(=O)([N-]S(=O)(=O)C(F)(F)F)C(F)(F)F,402.338,2.361720000000001,86.25999999999999,0,4,3,1,24,0.5,1
CCCC[n+]1cccc(C)c1,O=S(=O)([O-])C(F)(F)F,,,303.0,K,"Calvar, N.; Gomez, E.; Macedo, E. A.; Dominguez, A. (2013) Thermochim. Acta 565, 178-82.",CCCC[n+]1cccc(C)c1|O=S(=O)([O-])C(F)(F)F,299.314,2.1340200000000005,61.08,0,3,3,1,19,0.5454545454545454,1
CCCC[n+]1ccn(C)c1,O=S(=O)([O-])C(F)(F)F,,,285.0,K,"Calvar, N.; Gomez, E.; Macedo, E. A.; Dominguez, A. (2013) Thermochim. Acta 565, 178-82.",CCCC[n+]1ccn(C)c1|O=S(=O)([O-])C(F)(F)F,288.29099999999994,1.1641,66.01,0,3,3,1,18,0.6666666666666666,1
CCCC[N+](CCCC)(CCCC)CCCC,N=C(N)NCCC[C@H](N)C(=O)[O-],,,352.0,K,"Carreira, Ana R.F.; Rocha, Samuel N.; Silva, Francisca A. e; Sintra, Tania E.; Passos, Helena; Ventura, Sonia P.M.; Coutinho, Joao A.P. (2021) Fluid Phase Equilib. 542, 113091.",CCCC[N+](CCCC)(CCCC)CCCC|N=C(N)NCCC[C@H](N)C(=O)[O-],415.66700000000014,2.330470000000004,128.05,4,4,17,0,29,0.9090909090909092,0
CCCC[n+]1ccn(C)c1,[Cl-],,,341.48,K,"Cao, Lingdi; Huang, Junhua; Zhang, Xiangping; Zhang, Suojiang; Gao, Jubao; Zeng, Shaojuan (2015) Phys. Chem. Chem. Phys. 17(41), 27306-27316.",CCCC[n+]1ccn(C)c1|[Cl-],174.67499999999998,-1.8832999999999969,8.809999999999999,0,0,3,1,11,0.625,1
CCCC[N+](CCCC)(CCCC)CCCC,C[C@H](N)C(=O)[O-],,,344.0,K,"Carreira, Ana R.F.; Rocha, Samuel N.; Silva, Francisca A. e; Sintra, Tania E.; Passos, Helena; Ventura, Sonia P.M.; Coutinho, Joao A.P. (2021) Fluid Phase Equilib. 542, 113091.",CCCC[N+](CCCC)(CCCC)CCCC|C[C@H](N)C(=O)[O-],330.557,3.0871000000000013,66.15,1,3,13,0,23,0.9473684210526316,0
CCCCCCCCC[n+]1ccn(C)c1,F[P-](F)(F)(F)(F)F,,,287.1,K,"Chun, S.; Dzyuba, S. V.; Bartsch, R. A. (2001) Anal. Chem. 73, 3737-3741.",CCCCCCCCC[n+]1ccn(C)c1|F[P-](F)(F)(F)(F)F,354.319,6.445600000000005,8.809999999999999,0,0,8,1,22,0.7692307692307693,1
CCCCCCC[N+](CCCCCCC)(CCCCCCC)CCCCCCC,[Br-],,,369.15,K,"Coker, T. G.; Ambrose, J.; Janz, G. J. (1970) J. Am. Chem. Soc. 92(18), 5293-5297.",CCCCCCC[N+](CCCCCCC)(CCCCCCC)CCCCCCC|[Br-],490.6990000000004,6.688800000000007,0.0,0,0,24,0,30,1.0,0
CCCCCCC[N+](CCCCCC)(CCCCCC)CCCCCC,[I-],,,371.15,K,"Coker, T. G.; Ambrose, J.; Janz, G. J. (1970) J. Am. Chem. Soc. 92(18), 5293-5297.",CCCCCCC[N+](CCCCCC)(CCCCCC)CCCCCC|[I-],495.6180000000002,5.518500000000005,0.0,0,0,21,0,27,1.0,0
CCCCCCC[N+](CCCCCC)(CCCCCC)CCCCCC.O=[N+]([O-])[O-],O=[N+]([O-])[O-],,,345.15,K,"Coker, T. G.; Ambrose, J.; Janz, G. J. (1970) J. Am. Chem. Soc. 92(18), 5293-5297.",CCCCCCC[N+](CCCCCC)(CCCCCC)CCCCCC.O=[N+]([O-])[O-]|O=[N+]([O-])[O-],492.7220000000004,8.03630000000001,132.4,0,6,21,0,34,1.0,0
CCCCCCC[N+](CCCCCC)(CCCCCC)CCCCCCC,[I-],,,373.15,K,"Coker, T. G.; Ambrose, J.; Janz, G. J. (1970) J. Am. Chem. Soc. 92(18), 5293-5297.",CCCCCCC[N+](CCCCCC)(CCCCCC)CCCCCCC|[I-],509.64500000000027,5.908600000000006,0.0,0,0,22,0,28,1.0,0
CCCCCC[N+](CCCCCC)(CCCCCC)CCCCCC.O=[N+]([O-])[O-],O=[N+]([O-])[O-],,,345.15,K,"Coker, T. G.; Ambrose, J.; Janz, G. J. (1970) J. Am. Chem. Soc. 92(18), 5293-5297.",CCCCCC[N+](CCCCCC)(CCCCCC)CCCCCC.O=[N+]([O-])[O-]|O=[N+]([O-])[O-],478.69500000000033,7.64620000000001,132.4,0,6,20,0,33,1.0,0
CCCCCCCCCCCCCCCC[n+]1ccsc1,O=S(=O)([N-]S(=O)(=O)C(F)(F)F)C(F)(F)F,,,330.1,K,"Castillo, C.; Chenard, E.; Zeller, M.; Hatab, N.; Fulvio, P. F.; Hillesheim, P. C. (2021) J. Mol. Liq. 327, 114800.",CCCCCCCCCCCCCCCC[n+]1ccsc1|O=S(=O)([N-]S(=O)(=O)C(F)(F)F)C(F)(F)F,590.7180000000002,7.576200000000007,86.25999999999999,0,5,17,1,36,0.8571428571428571,1
CCCCCC[N+](CCCCCC)(CCCCCC)CCCCCC,F[B-](F)(F)F,,,367.15,K,"Coker, T. G.; Ambrose, J.; Janz, G. J. (1970) J. Am. Chem. Soc. 92(18), 5293-5297.",CCCCCC[N+](CCCCCC)(CCCCCC)CCCCCC|F[B-](F)(F)F,441.49100000000016,9.4244,0.0,0,0,20,0,30,1.0,0
CCCC[N+](CCCC)(CCCC)CCCC,[Cl-],,,314.1,K,"Coker, T. G.; Ambrose, J.; Janz, G. J. (1970) J. Am. Chem. Soc. 92(18), 5293-5297.",CCCC[N+](CCCC)(CCCC)CCCC|[Cl-],277.92399999999986,2.007600000000001,0.0,0,0,12,0,18,1.0,0
CCCC[n+]1cccc(C)c1,O=S(=O)([O-])C(F)(F)F,,,267.0,K,"Calvar, N.; Gomez, E.; Macedo, E. A.; Dominguez, A. (2013) Thermochim. Acta 565, 178-82.",CCCC[n+]1cccc(C)c1|O=S(=O)([O-])C(F)(F)F,299.314,2.1340200000000005,61.08,0,3,3,1,19,0.5454545454545454,1
CC[n+]1ccsc1,O=S(=O)([N-]S(=O)(=O)C(F)(F)F)C(F)(F)F,,,303.1,K,"Castillo, C.; Chenard, E.; Zeller, M.; Hatab, N.; Fulvio, P. F.; Hillesheim, P. C. (2021) J. Mol. Liq. 327, 114800.",CC[n+]1ccsc1|O=S(=O)([N-]S(=O)(=O)C(F)(F)F)C(F)(F)F,394.34,2.1148,86.25999999999999,0,5,3,1,22,0.5714285714285714,1
CC[n+]1ccn(C)c1,[Cl-],,,357.0,K,"Castro, M. C.; Arce, A.; Soto, A.; Rodriguez, H. (2016) J. Chem. Thermodyn. 102, 12-21.",CC[n+]1ccn(C)c1|[Cl-],146.62099999999998,-2.663499999999998,8.809999999999999,0,0,1,1,9,0.5,1
CCCCCC[n+]1ccsc1,O=S(=O)([N-]S(=O)(=O)C(F)(F)F)C(F)(F)F,,,289.1,K,"Castillo, C.; Chenard, E.; Zeller, M.; Hatab, N.; Fulvio, P. F.; Hillesheim, P. C. (2021) J. Mol. Liq. 327, 114800.",CCCCCC[n+]1ccsc1|O=S(=O)([N-]S(=O)(=O)C(F)(F)F)C(F)(F)F,450.448,3.675200000000003,86.25999999999999,0,5,7,1,26,0.7272727272727273,1
C[S+](C)C,O=S(=O)([N-]S(=O)(=O)C(F)(F)F)C(F)(F)F,,,322.43,K,"Couadou, E.; Jacquemin, J.; Galiano, H.; Hardacre, C.; Anouti, M. (2013) J. Phys. Chem. B 117, 1389-1402.",C[S+](C)C|O=S(=O)([N-]S(=O)(=O)C(F)(F)F)C(F)(F)F,357.319,1.5534000000000003,82.38,0,4,2,0,19,1.0,0
CCCCCCCC[N+](CCC)(CCCCCCCC)CCCCCCCC,[Br-],,,351.15,K,"Coker, T. G.; Ambrose, J.; Janz, G. J. (1970) J. Am. Chem. Soc. 92(18), 5293-5297.",CCCCCCCC[N+](CCC)(CCCCCCCC)CCCCCCCC|[Br-],476.6720000000003,6.298700000000006,0.0,0,0,23,0,29,1.0,0
CCCCC[N+](CCCCC)(CCCCC)CCCCC,N#C[S-],,,322.65,K,"Coker, T. G.; Ambrose, J.; Janz, G. J. (1970) J. Am. Chem. Soc. 92(18), 5293-5297.",CCCCC[N+](CCCCC)(CCCCC)CCCCC|N#C[S-],356.66400000000004,6.578380000000008,23.79,0,2,16,0,24,0.9523809523809524,0
CCCCCCCCCCCC[n+]1ccsc1,O=S(=O)([N-]S(=O)(=O)C(F)(F)F)C(F)(F)F,,,305.1,K,"Castillo, C.; Chenard, E.; Zeller, M.; Hatab, N.; Fulvio, P. F.; Hillesheim, P. C. (2021) J. Mol. Liq. 327, 114800.",CCCCCCCCCCCC[n+]1ccsc1|O=S(=O)([N-]S(=O)(=O)C(F)(F)F)C(F)(F)F,534.6100000000001,6.015800000000006,86.25999999999999,0,5,13,1,32,0.8235294117647058,1
c(N(CCCC)CCCC)1c(N(CCCC)CCCC)[c+]1N(CCCC)CCCC,[N-](C#N)C#N,,,290.1,K,"Curnow, O. J.; MacFarlane, D. R.; Walst, K. J. (2011) Chem. Commun. 47(37), 10248-10250.",c(N(CCCC)CCCC)1c(N(CCCC)CCCC)[c+]1N(CCCC)CCCC|[N-](C#N)C#N,486.7930000000004,8.385360000000007,71.4,0,5,21,1,35,0.8275862068965517,1
c(N(CCCC)CCCC)1c(N(CCCC)CCCC)[c+]1N(CCCC)CCCC,[N-](S(=O)(=O)C(F)(F)F)S(=O)(=O)C(F)(F)F,,,280.1,K,"Curnow, O. J.; MacFarlane, D. R.; Walst, K. J. (2011) Chem. Commun. 47(37), 10248-10250.",c(N(CCCC)CCCC)1c(N(CCCC)CCCC)[c+]1N(CCCC)CCCC|[N-](S(=O)(=O)C(F)(F)F)S(=O)(=O)C(F)(F)F,700.8970000000007,9.122400000000004,92.1,0,7,23,1,45,0.896551724137931,1
c(N(CCCCCCCCCC)CCCCCCCCCC)1c(N(CCCCCCCCCC)CCCCCCCCCC)[c+]1N(CCCCCCCCCC)CCCCCCCCCC,[N-](C#N)C#N,,,260.1,K,"Curnow, O. J.; Polson, M. I. J.; Walst, K. J.; Yunis, R. (2018) RSC Adv. 8(50), 28313-28322.",c(N(CCCCCCCCCC)CCCCCCCCCC)1c(N(CCCCCCCCCC)CCCCCCCCCC)[c+]1N(CCCCCCCCCC)CCCCCCCCCC|[N-](C#N)C#N,991.7649999999984,22.42896000000001,71.4,0,5,57,1,71,0.9230769230769232,1
c(N(CCC)CCC)1c(N(CCC)CCC)[c+]1N(CCC)CCC,[N-](S(=O)(=O)C(F)(F)F)S(=O)(=O)C(F)(F)F,,,307.1,K,"Curnow, O. J.; MacFarlane, D. R.; Walst, K. J. (2011) Chem. Commun. 47(37), 10248-10250.",c(N(CCC)CCC)1c(N(CCC)CCC)[c+]1N(CCC)CCC|[N-](S(=O)(=O)C(F)(F)F)S(=O)(=O)C(F)(F)F,616.7350000000004,6.7818000000000085,92.1,0,7,17,1,39,0.8695652173913043,1
c(N(CCC)CCC)1c(N(CCC)CCC)[c+]1N(CCC)CCC,[N-](C#N)C#N,,,326.1,K,"Curnow, O. J.; Polson, M. I. J.; Walst, K. J.; Yunis, R. (2018) RSC Adv. 8(50), 28313-28322.",c(N(CCC)CCC)1c(N(CCC)CCC)[c+]1N(CCC)CCC|[N-](C#N)C#N,402.6310000000002,6.044760000000007,71.4,0,5,15,1,29,0.782608695652174,1
CCCC[N+](CCCC)(CCCC)CCCC,N[C@H](Cc1ccccc1)C(=O)[O-],,,368.0,K,"Carreira, Ana R.F.; Rocha, Samuel N.; Silva, Francisca A. e; Sintra, Tania E.; Passos, Helena; Ventura, Sonia P.M.; Coutinho, Joao A.P. (2021) Fluid Phase Equilib. 542, 113091.",CCCC[N+](CCCC)(CCCC)CCCC|N[C@H](Cc1ccccc1)C(=O)[O-],406.6550000000001,4.309900000000003,66.15,1,3,15,1,29,0.72,1
CCCCCCOC(=O)C[N+](C)(C)C,F[B-](F)(F)F,,,331.1,K,"De Gaetano, Y.; Mohamadou, A.; Boudesocque, S.; Hubert, J.; Plantier-Royon, R.; Dupont, L. (2015) J. Mol. Liq. 207, 60-66.",CCCCCCOC(=O)C[N+](C)(C)C|F[B-](F)(F)F,289.122,3.116100000000002,26.3,0,2,7,0,19,0.9090909090909092,0
CCCCC[N+](CCCCC)(CCCCC)CCCCC,[Cl-],,,295.15,K,"Coker, T. G.; Ambrose, J.; Janz, G. J. (1970) J. Am. Chem. Soc. 92(18), 5293-5297.",CCCCC[N+](CCCCC)(CCCCC)CCCCC|[Cl-],334.03200000000004,3.5680000000000023,0.0,0,0,16,0,22,1.0,0
CCCCCCCCCCCCOC(=O)C[N+](C)(C)C,F[B-](F)(F)F,,,362.1,K,"De Gaetano, Y.; Mohamadou, A.; Boudesocque, S.; Hubert, J.; Plantier-Royon, R.; Dupont, L. (2015) J. Mol. Liq. 207, 60-66.",CCCCCCCCCCCCOC(=O)C[N+](C)(C)C|F[B-](F)(F)F,373.28399999999993,5.456700000000006,26.3,0,2,13,0,25,0.9411764705882352,0
c(N(CCCCCCCCCCCCCCCCCC)C)1c(N(CCCCCCCCCCCCCCCCCC)C)[c+]1N(CCCCCCCCCCCCCCCCCC)C,[N-](C#N)C#N,,,325.1,K,"Curnow, O. J.; Polson, M. I. J.; Walst, K. J.; Yunis, R. (2018) RSC Adv. 8(50), 28313-28322.",c(N(CCCCCCCCCCCCCCCCCC)C)1c(N(CCCCCCCCCCCCCCCCCC)C)[c+]1N(CCCCCCCCCCCCCCCCCC)C|[N-](C#N)C#N,949.6839999999988,21.258660000000003,71.4,0,5,54,1,68,0.9193548387096774,1
C(CCC)OC(CN1C=[N+](C=C1)C=C)=O,FC(S(=O)(=O)[N-]S(=O)(=O)C(F)(F)F)(F)F,,,306.05,K,"Deng, Yupei; Li, Fahui; Shen, Yiyue; Jiang, Qianwen; Ouyang, Mai; Fu, Zhenhao; Du, Huajin; Chen, Zeyu; Wang, Guowei; Zhuang, Linghua (2023) J. Chem. Eng. Data 68(4), 835-847.",C(CCC)OC(CN1C=[N+](C=C1)C=C)=O|FC(S(=O)(=O)[N-]S(=O)(=O)C(F)(F)F)(F)F,489.41600000000005,2.2787000000000006,117.48999999999998,0,6,8,1,30,0.5384615384615384,1
C=C[n+]1ccn(CC(=O)OCC)c1,[Cl-],,,325.75,K,"Deng, Yupei; Li, Fahui; Shen, Yiyue; Jiang, Qianwen; Ouyang, Mai; Fu, Zhenhao; Du, Huajin; Chen, Zeyu; Wang, Guowei; Zhuang, Linghua (2023) J. Chem. Eng. Data 68(4), 835-847.",C=C[n+]1ccn(CC(=O)OCC)c1|[Cl-],216.668,-2.5567999999999973,35.11,0,2,4,1,14,0.3333333333333333,1
CCCCCCCCCCCCOC(=O)C[N+](C)(C)C,[O-]Cl(=O)(=O)=O,,,357.1,K,"De Gaetano, Y.; Mohamadou, A.; Boudesocque, S.; Hubert, J.; Plantier-Royon, R.; Dupont, L. (2015) J. Mol. Liq. 207, 60-66.",CCCCCCCCCCCCOC(=O)C[N+](C)(C)C|[O-]Cl(=O)(=O)=O,385.9290000000001,-0.5992999999999951,118.54,0,6,13,0,25,0.9411764705882352,0
CCCCCCCCCCCCOC(=O)C[N+](C)(C)C,N#C[N-]C#N,,,331.1,K,"De Gaetano, Y.; Mohamadou, A.; Boudesocque, S.; Hubert, J.; Plantier-Royon, R.; Dupont, L. (2015) J. Mol. Liq. 207, 60-66.",CCCCCCCCCCCCOC(=O)C[N+](C)(C)C|N#C[N-]C#N,352.523,4.478960000000004,87.97999999999999,0,4,13,0,25,0.8421052631578947,0
c(N(CC)CC)1c(N(CC)CC)[c+]1N(CCCC)CCCC,[N-](C#N)C#N,,,303.1,K,"Curnow, O. J.; Polson, M. I. J.; Walst, K. J.; Yunis, R. (2018) RSC Adv. 8(50), 28313-28322.",c(N(CC)CC)1c(N(CC)CC)[c+]1N(CCCC)CCCC|[N-](C#N)C#N,374.57700000000017,5.264560000000006,71.4,0,5,13,1,27,0.7619047619047619,1
CCCCCCCCCCCCCCCCOC(=O)C[N+](C)(C)C,[O-]Cl(=O)(=O)=O,,,372.1,K,"De Gaetano, Y.; Mohamadou, A.; Boudesocque, S.; Hubert, J.; Plantier-Royon, R.; Dupont, L. (2015) J. Mol. Liq. 207, 60-66.",CCCCCCCCCCCCCCCCOC(=O)C[N+](C)(C)C|[O-]Cl(=O)(=O)=O,442.03700000000015,0.9611000000000034,118.54,0,6,17,0,29,0.9523809523809524,0
CCCCCCCCCCCCCCOC(=O)C[N+](C)(C)C,F[B-](F)(F)F,,,369.1,K,"De Gaetano, Y.; Mohamadou, A.; Boudesocque, S.; Hubert, J.; Plantier-Royon, R.; Dupont, L. (2015) J. Mol. Liq. 207, 60-66.",CCCCCCCCCCCCCCOC(=O)C[N+](C)(C)C|F[B-](F)(F)F,401.338,6.236900000000007,26.3,0,2,15,0,27,0.9473684210526316,0
C(C)OC(CN1C=[N+](C=C1)C=C)=O,FC(S(=O)(=O)[N-]S(=O)(=O)C(F)(F)F)(F)F,,,315.65,K,"Deng, Yupei; Li, Fahui; Shen, Yiyue; Jiang, Qianwen; Ouyang, Mai; Fu, Zhenhao; Du, Huajin; Chen, Zeyu; Wang, Guowei; Zhuang, Linghua (2023) J. Chem. Eng. Data 68(4), 835-847.",C(C)OC(CN1C=[N+](C=C1)C=C)=O|FC(S(=O)(=O)[N-]S(=O)(=O)C(F)(F)F)(F)F,461.3620000000001,1.4985,117.48999999999998,0,6,6,1,28,0.4545454545454545,1
CCCC[N+](C)(C)CCO,[Br-],,,359.3,K,"Domanska, U.; Bogel-Lukasik, R. (2005) J. Phys. Chem. B 109, 12124-12132.",CCCC[N+](C)(C)CCO|[Br-],226.158,-2.140799999999996,20.23,1,1,5,0,11,1.0,0
CCCCCCCCCCCCCCOC(=O)C[N+](C)(C)C,[O-]Cl(=O)(=O)=O,,,367.1,K,"De Gaetano, Y.; Mohamadou, A.; Boudesocque, S.; Hubert, J.; Plantier-Royon, R.; Dupont, L. (2015) J. Mol. Liq. 207, 60-66.",CCCCCCCCCCCCCCOC(=O)C[N+](C)(C)C|[O-]Cl(=O)(=O)=O,413.98300000000006,0.1809000000000042,118.54,0,6,15,0,27,0.9473684210526316,0
CCCCCCCCCC[n+]1ccn(C)c1,[Cl-],,,311.2,K,"Domanska, U.; Bogel-Lukasik, E. (2003) Ind. Eng. Chem. Res. 42(26), 6986-6992.",CCCCCCCCCC[n+]1ccn(C)c1|[Cl-],258.837,0.4573000000000009,8.809999999999999,0,0,9,1,17,0.7857142857142857,1
CCCC[P+](CCCC)(CCCC)CCCC,CS(=O)(=O)[O-],,,335.35,K,"Domanska, U.; Casas, L. M. (2007) J. Phys. Chem. B 111, 4109-4115.",CCCC[P+](CCCC)(CCCC)CCCC|CS(=O)(=O)[O-],354.53700000000003,5.3658000000000055,57.2,0,3,12,0,22,1.0,0
CCCCCC[n+]1cccc(C)c1,Cc1ccc(S(=O)(=O)[O-])cc1,,,329.3,K,"Domanska, U.; Krolikowski, M. (2011) J. Chem. Thermodyn. 43(10), 1488-1494.",CCCCCC[n+]1cccc(C)c1|Cc1ccc(S(=O)(=O)[O-])cc1,349.4960000000001,3.7619400000000023,61.08,0,3,6,2,24,0.4210526315789473,2
c(N(CC)CC)1c(N(CC)CC)[c+]1N(C)C,[N-](C#N)C#N,,,305.1,K,"Curnow, O. J.; Polson, M. I. J.; Walst, K. J.; Yunis, R. (2018) RSC Adv. 8(50), 28313-28322.",c(N(CC)CC)1c(N(CC)CC)[c+]1N(C)C|[N-](C#N)C#N,290.415,2.923960000000001,71.4,0,5,7,1,21,0.6666666666666666,1
CCCCCCCCCCCCOC(=O)C[N+](C)(C)C,CS(=O)(=O)[O-],,,377.15,K,"De Gaetano, Y.; Mohamadou, A.; Boudesocque, S.; Hubert, J.; Plantier-Royon, R.; Dupont, L. (2015) J. Mol. Liq. 207, 60-66.",CCCCCCCCCCCCOC(=O)C[N+](C)(C)C|CS(=O)(=O)[O-],381.57900000000006,3.318100000000002,83.5,0,5,13,0,25,0.9444444444444444,0
CCCCCCCCCCn1c[n+](C)cn1,O=S(=O)([N-]S(=O)(=O)C(F)(F)F)C(F)(F)F,,,276.1,K,"De La Hoz, A. T.; Brauer, U. G.; Miller, K. M. (2014) J. Phys. Chem. B 118, 9944-9951.",CCCCCCCCCCn1c[n+](C)cn1|O=S(=O)([N-]S(=O)(=O)C(F)(F)F)C(F)(F)F,504.51900000000006,3.907600000000003,104.07999999999998,0,5,11,1,31,0.8666666666666667,1
c(N(C(C)C)C(C)C)1c(N(C(C)C)C(C)C)[c+]1N(CCCC)CCCC,[N-](C#N)C#N,,,320.1,K,"Curnow, O. J.; Polson, M. I. J.; Walst, K. J.; Yunis, R. (2018) RSC Adv. 8(50), 28313-28322.",c(N(C(C)C)C(C)C)1c(N(C(C)C)C(C)C)[c+]1N(CCCC)CCCC|[N-](C#N)C#N,430.68500000000034,6.818560000000009,71.4,0,5,13,1,31,0.8,1
CCCCCCCCCCCCCCCCOC(=O)C[N+](C)(C)C,N#C[N-]C#N,,,336.1,K,"De Gaetano, Y.; Mohamadou, A.; Boudesocque, S.; Hubert, J.; Plantier-Royon, R.; Dupont, L. (2015) J. Mol. Liq. 207, 60-66.",CCCCCCCCCCCCCCCCOC(=O)C[N+](C)(C)C|N#C[N-]C#N,408.6310000000001,6.039360000000006,87.97999999999999,0,4,17,0,29,0.8695652173913043,0
CCC[N+](C)(C)CCO,[Br-],,,372.59,K,"Domanska, U.; Bogel-Lukasik, R. (2005) J. Phys. Chem. B 109, 12124-12132.",CCC[N+](C)(C)CCO|[Br-],212.131,-2.530899999999997,20.23,1,1,4,0,10,1.0,0
CC[n+]1ccn(C)c1,Cc1ccc(S(=O)(=O)[O-])cc1,,,322.9,K,"Domanska, U.; Zolek-Tryznowska, Z.; Krolikowski, M. (2007) J. Chem. Eng. Data 52(5), 1872-1880.",CC[n+]1ccn(C)c1|Cc1ccc(S(=O)(=O)[O-])cc1,282.365,1.2316199999999995,66.01,0,3,2,2,19,0.3076923076923077,2
c(N(CC)CC)1c(N(CC)CC)[c+]1N(CCCC)C,[N-](C#N)C#N,,,281.1,K,"Curnow, O. J.; Polson, M. I. J.; Walst, K. J.; Yunis, R. (2018) RSC Adv. 8(50), 28313-28322.",c(N(CC)CC)1c(N(CC)CC)[c+]1N(CCCC)C|[N-](C#N)C#N,332.49600000000004,4.094260000000004,71.4,0,5,10,1,24,0.7222222222222222,1
CCCC[n+]1ccn(C)c1,F[P-](F)(F)(F)(F)F,,,277.15,K,"Domanska, U.; Mazurowska, L. (2004) Fluid Phase Equilib. 221(1-2), 73-82.",CCCC[n+]1ccn(C)c1|F[P-](F)(F)(F)(F)F,284.1839999999999,4.4951000000000025,8.809999999999999,0,0,3,1,17,0.625,1
CCCC[n+]1ccn(C)c1,F[P-](F)(F)(F)(F)F,,,276.4,K,"Domanska, U.; Marciniak, A. (2003) J. Chem. Eng. Data 48(3), 451-456.",CCCC[n+]1ccn(C)c1|F[P-](F)(F)(F)(F)F,284.1839999999999,4.4951000000000025,8.809999999999999,0,0,3,1,17,0.625,1
CCCCCCCCCCCCCCOC(=O)C[N+](C)(C)C,N#C[N-]C#N,,,334.1,K,"De Gaetano, Y.; Mohamadou, A.; Boudesocque, S.; Hubert, J.; Plantier-Royon, R.; Dupont, L. (2015) J. Mol. Liq. 207, 60-66.",CCCCCCCCCCCCCCOC(=O)C[N+](C)(C)C|N#C[N-]C#N,380.57700000000006,5.259160000000005,87.97999999999999,0,4,15,0,27,0.8571428571428571,0
C(CCC)[P+](CCCC)(CCCC)CCCC,CC1=CC=C(C=C1)S(=O)(=O)[O-],,,335.25,K,"Domanska, U.; Paduszynski, K. (2008) J. Phys. Chem. B 112(35), 11054-11059.",C(CCC)[P+](CCCC)(CCCC)CCCC|CC1=CC=C(C=C1)S(=O)(=O)[O-],430.6350000000001,7.1035200000000085,57.2,0,3,13,1,28,0.7391304347826086,1
CCC[N+](C)(C)CCO,[Br-],,,372.6,K,"Domanska, U.; Bogel-Lukasik, R. (2005) J. Phys. Chem. B 109, 12124-12132.",CCC[N+](C)(C)CCO|[Br-],212.131,-2.530899999999997,20.23,1,1,4,0,10,1.0,0
CCCC[n+]1ccn(C)c1,N#C[N-]C#N,,,267.0,K,"Calvar, N.; Gomez, E.; Macedo, E. A.; Dominguez, A. (2013) Thermochim. Acta 565, 178-82.",CCCC[n+]1ccn(C)c1|N#C[N-]C#N,205.265,1.43496,70.49,0,2,3,1,15,0.5,1
CC[n+]1ccn(C)c1,CCOS(=O)(=O)[O-],,,236.3,K,"Domanska, U.; Laskowska, M. (2008) J. Solution Chem. 37(9), 1271-1287.",CC[n+]1ccn(C)c1|CCOS(=O)(=O)[O-],236.293,-0.1843999999999999,75.24,0,4,3,1,15,0.625,1
CCCC[n+]1ccn(C)c1,[Cl-],,,341.94,K,"Domanska, U.; Bogel-Lukasik, E. (2004) Fluid Phase Equilib. 218, 123-129.",CCCC[n+]1ccn(C)c1|[Cl-],174.67499999999998,-1.8832999999999969,8.809999999999999,0,0,3,1,11,0.625,1
c(N(CC)CC)1c(N(CC)CC)[c+]1NCCCC,[N-](S(=O)(=O)C(F)(F)F)S(=O)(=O)C(F)(F)F,,,292.9,K,"De La Hoz, A. T.; Brauer, U. G.; Miller, K. M. (2014) J. Phys. Chem. B 118, 9944-9951.",c(N(CC)CC)1c(N(CC)CC)[c+]1NCCCC|[N-](S(=O)(=O)C(F)(F)F)S(=O)(=O)C(F)(F)F,532.5730000000001,4.807000000000005,100.89,1,7,12,1,33,0.8235294117647058,1
CC[n+]1ccn(C)c1,F[P-](F)(F)(F)(F)F,,,332.8,K,"Domanska, U.; Marciniak, A. (2003) J. Chem. Eng. Data 48(3), 451-456.",CC[n+]1ccn(C)c1|F[P-](F)(F)(F)(F)F,256.12999999999994,3.714900000000002,8.809999999999999,0,0,1,1,15,0.5,1
CC[n+]1ccn(C)c1,Cc1ccc(S(=O)(=O)[O-])cc1,,,322.93,K,"Domanska, U.; Morawski, P. (2007) Green Chem. 9, 361-368.",CC[n+]1ccn(C)c1|Cc1ccc(S(=O)(=O)[O-])cc1,282.365,1.2316199999999995,66.01,0,3,2,2,19,0.3076923076923077,2
CCCCCC[N+](C)(C)CCO,[Br-],,,355.5,K,"Domanska, U.; Zolek-Tryznowska, Z.; Krolikowski, M. (2007) J. Chem. Eng. Data 52(5), 1872-1880.",CCCCCC[N+](C)(C)CCO|[Br-],254.212,-1.3605999999999967,20.23,1,1,7,0,13,1.0,0
CCCC[n+]1ccn(C)c1,[Cl-],,,344.6,K,"Diogo, H. P.; Pinto, S. S.; Ramos, J. J. M. (2013) J. Mol. Liq. 178, 142.",CCCC[n+]1ccn(C)c1|[Cl-],174.67499999999998,-1.8832999999999969,8.809999999999999,0,0,3,1,11,0.625,1
CCCCCCCCCCCCCCCCCCCCCCOC(=O)C[N+](C)(C)C,N#C[N-]C#N,,,353.0,K,"De Gaetano, Y.; Mohamadou, A.; Boudesocque, S.; Hubert, J.; Plantier-Royon, R.; Dupont, L. (2015) J. Mol. Liq. 207, 60-66.",CCCCCCCCCCCCCCCCCCCCCCOC(=O)C[N+](C)(C)C|N#C[N-]C#N,492.7930000000003,8.379960000000006,87.97999999999999,0,4,23,0,35,0.896551724137931,0
CCCCCC[N+](C)(C)CCO,[Br-],,,355.3,K,"Domanska, U.; Bogel-Lukasik, R. (2005) J. Phys. Chem. B 109, 12124-12132.",CCCCCC[N+](C)(C)CCO|[Br-],254.212,-1.3605999999999967,20.23,1,1,7,0,13,1.0,0
CCCC[n+]1ccn(C)c1,O=S(=O)([N-]S(=O)(=O)C(F)(F)F)C(F)(F)F,,,269.6,K,"De La Hoz, A. T.; Brauer, U. G.; Miller, K. M. (2014) J. Phys. Chem. B 118, 9944-9951.",CCCC[n+]1ccn(C)c1|O=S(=O)([N-]S(=O)(=O)C(F)(F)F)C(F)(F)F,419.369,2.1720000000000006,91.19,0,4,5,1,25,0.7,1
CCCCCCCCn1cc[n+](C)c1,[Cl-],,,285.41,K,"Domanska, U.; Bogel-Lukasik, E.; Bogel-Lukasik, R. (2003) Chem. Eur. J. 9, 3033-3041.",CCCCCCCCn1cc[n+](C)c1|[Cl-],230.78300000000004,-0.3228999999999984,8.809999999999999,0,0,7,1,15,0.75,1
CCCCCCCCCCCC[n+]1ccn(C)c1,O=S(=O)([N-]S(=O)(=O)C(F)(F)F)C(F)(F)F,,,292.4,K,"Domanska, U.; Wlazlo, M. (2016) J. Chem. Thermodyn. 103, 76-85.",CCCCCCCCCCCC[n+]1ccn(C)c1|O=S(=O)([N-]S(=O)(=O)C(F)(F)F)C(F)(F)F,531.5850000000002,5.292800000000005,91.19,0,4,13,1,33,0.8333333333333334,1
CCCC[n+]1ccc2ccccc2c1,O=S(=O)([N-]S(=O)(=O)C(F)(F)F)C(F)(F)F,,,321.0,K,"Domanska, U.; Zawadzki, M. (2011) J. Chem. Thermodyn. 43(6), 989-995.",CCCC[n+]1ccc2ccccc2c1|O=S(=O)([N-]S(=O)(=O)C(F)(F)F)C(F)(F)F,466.425,3.986700000000004,86.25999999999999,0,4,5,2,29,0.4,2
CCCCCCCCCC(=O)OCC[N+](C)(C)COCCCCC,O=C([O-])C(F)(F)F,,,279.8,K,"Domanska, U.; Zolek-Tryznowska, Z.; Krolikowski, M. (2007) J. Chem. Eng. Data 52(5), 1872-1880.",CCCCCCCCCC(=O)OCC[N+](C)(C)COCCCCC|O=C([O-])C(F)(F)F,457.5740000000002,4.209600000000004,75.66,0,5,17,0,31,0.9090909090909092,0
CCCCCCCCCCCOC[N+](C)(C)CCO,N#C[N-]C#N,,,283.5,K,"Domanska, U.; Zolek-Tryznowska, Z.; Krolikowski, M. (2007) J. Chem. Eng. Data 52(5), 1872-1880.",CCCCCCCCCCCOC[N+](C)(C)CCO|N#C[N-]C#N,340.512,3.882260000000004,91.14,1,4,14,0,24,0.8888888888888888,0
CC[n+]1ccn(C)c1,Cc1ccc(S(=O)(=O)[O-])cc1,,,326.6,K,"Domanska, U.; Krolikowska, M.; Krolikowski, M. (2010) Fluid Phase Equilib. 294(1-2), 72-83.",CC[n+]1ccn(C)c1|Cc1ccc(S(=O)(=O)[O-])cc1,282.365,1.2316199999999995,66.01,0,3,2,2,19,0.3076923076923077,2
CCCCCCCCCC[N+](C)(C)CCCCCCCCCC.O=[N+]([O-])[O-],O=[N+]([O-])[O-],,,304.8,K,"Domanska, U.; Lugowska, K.; Pernak, J. (2007) J. Chem. Thermodyn. 39(5), 729-736.",CCCCCCCCCC[N+](C)(C)CCCCCCCCCC.O=[N+]([O-])[O-]|O=[N+]([O-])[O-],450.64100000000025,6.8660000000000085,132.4,0,6,18,0,31,1.0,0
CCCCCCCCCCCC[n+]1ccn(C)c1,[Cl-],,,369.8,K,"Domanska, U.; Bogel-Lukasik, E.; Bogel-Lukasik, R. (2003) J. Phys. Chem. B 107, 1858-1863.",CCCCCCCCCCCC[n+]1ccn(C)c1|[Cl-],286.891,1.2375,8.809999999999999,0,0,11,1,19,0.8125,1
CCCC[n+]1ccc(C)cc1,Cc1ccc(S(=O)(=O)[O-])cc1,,,324.86,K,"Domanska, U.; Krolikowski, M.; Pobudkowska, A.; Letcher, T. M. (2009) J. Chem. Eng. Data 54(5), 1435-1441.",CCCC[n+]1ccc(C)cc1|Cc1ccc(S(=O)(=O)[O-])cc1,321.44200000000006,2.981740000000001,61.08,0,3,4,2,22,0.3529411764705882,2
CC[N+](C)(C)CCO,O=S(=O)([N-]S(=O)(=O)C(F)(F)F)C(F)(F)F,,,279.16,K,"Domanska, U.; Marciniak, A.; Krolikowski, M. (2008) J. Phys. Chem. B 112, 1218-1225.",CC[N+](C)(C)CCO|O=S(=O)([N-]S(=O)(=O)C(F)(F)F)C(F)(F)F,398.347,1.1343,102.61,1,5,5,0,23,1.0,0
CCCCCC[N+]1(C)CCCC1,O=S(=O)([N-]S(=O)(=O)C(F)(F)F)C(F)(F)F,,,277.2,K,"Domanska, U.; Wieckowski, M.; Okuniewska, P. (2017) Fluid Phase Equilib. 447, 84-94.",CCCCCC[N+]1(C)CCCC1|O=S(=O)([N-]S(=O)(=O)C(F)(F)F)C(F)(F)F,450.467,3.866400000000003,82.38,0,4,7,0,27,1.0,1
CCCC[n+]1ccc(C)cc1,O=S(=O)([N-]S(=O)(=O)C(F)(F)F)C(F)(F)F,,,291.4,K,"Domanska, U.; Krolikowski, M.; Slesinska, K. (2009) J. Chem. Thermodyn. 41(11), 1303-1311.",CCCC[n+]1ccc(C)cc1|O=S(=O)([N-]S(=O)(=O)C(F)(F)F)C(F)(F)F,430.392,3.1419200000000025,86.25999999999999,0,4,5,1,26,0.5833333333333334,1
CCCCCC[n+]1cccc(C)c1,O=S(=O)([O-])C(F)(F)F,,,336.0,K,"Domanska, U.; Krolikowski, M.; Pobudkowska, A.; Bochenska, P. (2012) J. Chem. Thermodyn. 55, 225-233.",CCCCCC[n+]1cccc(C)c1|O=S(=O)([O-])C(F)(F)F,327.368,2.914220000000001,61.08,0,3,5,1,21,0.6153846153846154,1
CCCC[n+]1ccn(C)c1,[Cl-],,,341.95,K,"Domanska, U.; Bogel-Lukasik, E.; Bogel-Lukasik, R. (2003) Chem. Eur. J. 9, 3033-3041.",CCCC[n+]1ccn(C)c1|[Cl-],174.67499999999998,-1.8832999999999969,8.809999999999999,0,0,3,1,11,0.625,1
CCCC[N+]1(C)CCCC1,N#C[C-](C#N)C#N,,,264.4,K,"Domanska, U.; Okuniewska, P.; Markowska, A. (2016) Fluid Phase Equilib. 424, 68-78.",CCCC[N+]1(C)CCCC1|N#C[C-](C#N)C#N,232.331,2.15853,71.37,0,3,3,0,17,0.6923076923076923,1
CC[n+]1ccn(C)c1,Cc1ccc(S(=O)(=O)[O-])cc1,,,322.3,K,"Domanska, U.; Krolikowska, M.; Krolikowski, M. (2010) Fluid Phase Equilib. 294(1-2), 72-83.",CC[n+]1ccn(C)c1|Cc1ccc(S(=O)(=O)[O-])cc1,282.365,1.2316199999999995,66.01,0,3,2,2,19,0.3076923076923077,2
CCCCCCCC[P+](CCCCCCCC)(CCCCCCCC)CCCCCCCC,O=S(=O)([N-]S(=O)(=O)C(F)(F)F)C(F)(F)F,,,284.3,K,"Domanska, U.; Wlazlo, M.; Karpinska, M.; Zawadzki, M. (2017) Fluid Phase Equilib. 449, 1-9.",CCCCCCCC[P+](CCCCCCCC)(CCCCCCCC)CCCCCCCC|O=S(=O)([N-]S(=O)(=O)C(F)(F)F)C(F)(F)F,764.0170000000008,13.505299999999975,82.38,0,4,30,0,48,1.0,0
CCCC[N+]1(C)CCCCC1,N#C[S-],,,304.32,K,"Domanska, U.; Krolikowska, M.; Paduszynski, K. (2011) Fluid Phase Equilib. 303(1), 1-9.",CCCC[N+]1(C)CCCCC1|N#C[S-],214.378,2.4313800000000008,23.79,0,2,3,0,14,0.9090909090909092,1
CC[N+]1(C)CCCCC1,O=S(=O)([N-]S(=O)(=O)C(F)(F)F)C(F)(F)F,,,358.04,K,"Domanska, U.; Krolikowska, M.; Paduszynski, K. (2011) Fluid Phase Equilib. 303(1), 1-9.",CC[N+]1(C)CCCCC1|O=S(=O)([N-]S(=O)(=O)C(F)(F)F)C(F)(F)F,408.386,2.6961000000000013,82.38,0,4,3,0,24,1.0,1
CC[N+]1(C)CCCCC1,O=S(=O)([N-]S(=O)(=O)C(F)(F)F)C(F)(F)F,,,357.71,K,"Domanska, U.; Krolikowska, M.; Paduszynski, K. (2011) Fluid Phase Equilib. 303(1), 1-9.",CC[N+]1(C)CCCCC1|O=S(=O)([N-]S(=O)(=O)C(F)(F)F)C(F)(F)F,408.386,2.6961000000000013,82.38,0,4,3,0,24,1.0,1
CCCC[N+]1(C)CCCC1,N#C[B-](C#N)(C#N)C#N,,,290.45,K,"Domanska, U.; Krolikowski, M.; Acree, Jr., W. E. (2011) J. Chem. Thermodyn. 43(12), 1810-1817.",CCCC[N+]1(C)CCCC1|N#C[B-](C#N)(C#N)C#N,257.15,1.71322,95.16,0,4,3,0,19,0.6923076923076923,1
CCCC[N+]1(C)CCCC1,O=S(=O)([N-]S(=O)(=O)C(F)(F)F)C(F)(F)F,,,262.2,K,"Domanska, U.; Wieckowski, M.; Okuniewska, P. (2017) Fluid Phase Equilib. 447, 84-94.",CCCC[N+]1(C)CCCC1|O=S(=O)([N-]S(=O)(=O)C(F)(F)F)C(F)(F)F,422.413,3.0862000000000016,82.38,0,4,5,0,25,1.0,1
CCCC[N+]1(C)CCCC1,N#C[B-](C#N)(C#N)C#N,,,292.8,K,"Domanska, U.; Okuniewska, P.; Markowska, A. (2016) Fluid Phase Equilib. 424, 68-78.",CCCC[N+]1(C)CCCC1|N#C[B-](C#N)(C#N)C#N,257.15,1.71322,95.16,0,4,3,0,19,0.6923076923076923,1
CCCC[N+]1(C)CCCC1,O=S(=O)([O-])C(F)(F)F,,,272.9,K,"Domanska, U.; Okuniewska, P.; Markowska, A. (2016) Fluid Phase Equilib. 424, 68-78.",CCCC[N+]1(C)CCCC1|O=S(=O)([O-])C(F)(F)F,291.3349999999999,2.0783000000000005,57.2,0,3,3,0,18,1.0,1
CC[S+](CC)CC,O=S(=O)([N-]S(=O)(=O)C(F)(F)F)C(F)(F)F,,,262.8,K,"Domanska, U.; Krolikowski, M.; Slesinska, K. (2009) J. Chem. Thermodyn. 41(11), 1303-1311.",CC[S+](CC)CC|O=S(=O)([N-]S(=O)(=O)C(F)(F)F)C(F)(F)F,399.4,2.723700000000001,82.38,0,4,5,0,22,1.0,0
CCC[N+]1(C)CCCC1,O=S(=O)([O-])C(F)(F)F,,,350.7,K,"Domanska, U.; Roguszewska, M.; Krolikowski, M.; Ramjugernath, D.; Naidoo, P. (2015) J. Chem. Thermodyn. 83, 90-96.",CCC[N+]1(C)CCCC1|O=S(=O)([O-])C(F)(F)F,277.30799999999994,1.6882000000000004,57.2,0,3,2,0,17,1.0,1
CCCC[n+]1cccc(C)c1,Cc1ccc(S(=O)(=O)[O-])cc1,,,323.7,K,"Domanska, U.; Krolikowski, M.; Slesinska, K. (2009) J. Chem. Thermodyn. 41(11), 1303-1311.",CCCC[n+]1cccc(C)c1|Cc1ccc(S(=O)(=O)[O-])cc1,321.44200000000006,2.981740000000002,61.08,0,3,4,2,22,0.3529411764705882,2
CCCC[N+]1(C)CCCC1,O=S(=O)([N-]S(=O)(=O)C(F)(F)F)C(F)(F)F,,,260.0,K,"Domanska, U.; Wieckowski, M.; Okuniewska, P. (2017) Fluid Phase Equilib. 447, 84-94.",CCCC[N+]1(C)CCCC1|O=S(=O)([N-]S(=O)(=O)C(F)(F)F)C(F)(F)F,422.413,3.0862000000000016,82.38,0,4,5,0,25,1.0,1
CC[S+](C)CC,O=S(=O)([N-]S(=O)(=O)C(F)(F)F)C(F)(F)F,,,256.4,K,"Domanska, U.; Krolikowski, M.; Zawadzki, M.; Wroblewska, A. (2016) J. Chem. Thermodyn. 102, 357-366.",CC[S+](C)CC|O=S(=O)([N-]S(=O)(=O)C(F)(F)F)C(F)(F)F,385.373,2.333600000000001,82.38,0,4,4,0,21,1.0,0
CCCCCC[N+]1(C)CCCC1,O=S(=O)([N-]S(=O)(=O)C(F)(F)F)C(F)(F)F,,,277.35,K,"Domanska, U.; Wieckowski, M.; Okuniewska, P. (2017) Fluid Phase Equilib. 447, 84-94.",CCCCCC[N+]1(C)CCCC1|O=S(=O)([N-]S(=O)(=O)C(F)(F)F)C(F)(F)F,450.467,3.866400000000003,82.38,0,4,7,0,27,1.0,1
CCCCCC[n+]1cccc(C)c1,O=S(=O)([O-])C(F)(F)F,,,337.76,K,"Domanska, U.; Krolikowski, M.; Pobudkowska, A.; Bochenska, P. (2012) J. Chem. Thermodyn. 55, 225-233.",CCCCCC[n+]1cccc(C)c1|O=S(=O)([O-])C(F)(F)F,327.368,2.914220000000001,61.08,0,3,5,1,21,0.6153846153846154,1
CCCCCCCC[n+]1c(-c2cscn2)n(C)c2ccccc21,CCCCCCCC[n+]1c(-c2cscn2)n(C)c2ccccc21.F[B-](F)(F)F,,,343.1,K,"El Bourakadi, K.; Merghoub, N.; Hicham, G.; Mekhzoum, M. E. M.; Essassi, E. M.; Qaiss, A. e. k.; Bouhfid, R. (2019) J. Mol. Liq. 282, 63-69.",CCCCCCCC[n+]1c(-c2cscn2)n(C)c2ccccc21|CCCCCCCC[n+]1c(-c2cscn2)n(C)c2ccccc21.F[B-](F)(F)F,743.8140000000005,11.199599999999988,43.4,0,4,16,6,51,0.4736842105263157,6
CCCCCCCCCCCC[n+]1ccn(C)c1,O=S(=O)([N-]S(=O)(=O)C(F)(F)F)C(F)(F)F,,,295.2,K,"Domanska, U.; Krolikowski, M.; Wlazlo, M.; Wieckowski, M. (2018) J. Phys. Chem. B 122(23), 6188-6197.",CCCCCCCCCCCC[n+]1ccn(C)c1|O=S(=O)([N-]S(=O)(=O)C(F)(F)F)C(F)(F)F,531.5850000000002,5.292800000000005,91.19,0,4,13,1,33,0.8333333333333334,1
CC[n+]1ccn(C)c1,O=S(=O)([N-]S(=O)(=O)C(F)(F)F)C(F)(F)F,,,252.2,K,"Dzyuba, S. V.; Bartsch, R. A. (2002) ChemPhysChem 3, 161-166.",CC[n+]1ccn(C)c1|O=S(=O)([N-]S(=O)(=O)C(F)(F)F)C(F)(F)F,391.315,1.3917999999999997,91.19,0,4,3,1,23,0.625,1
CCCCCC[n+]1cccc2ccccc21,O=S(=O)([N-]S(=O)(=O)C(F)(F)F)C(F)(F)F,,,317.2,K,"Domanska, U.; Zawadzki, M.; Zwolinska, M. (2011) J. Chem. Thermodyn. 43(5), 775-781.",CCCCCC[n+]1cccc2ccccc21|O=S(=O)([N-]S(=O)(=O)C(F)(F)F)C(F)(F)F,494.4790000000001,4.766900000000004,86.25999999999999,0,4,7,2,31,0.4705882352941176,2
C=CC[n+]1ccn(C)c1,[Cl-],,,325.1,K,"Dorn, S.; Pfeifer, A.; Schlufter, K.; Heinze, T. (2010) Polym. Bull. 64, 845-854.",C=CC[n+]1ccn(C)c1|[Cl-],158.63199999999998,-2.497399999999998,8.809999999999999,0,0,2,1,10,0.2857142857142857,1
C[n+]1ccn(CCCc2ccccc2)c1,F[P-](F)(F)(F)(F)F,,,325.1,K,"Dzyuba, S. V.; Bartsch, R. A. (2002) ChemPhysChem 3, 161-166.",C[n+]1ccn(CCCc2ccccc2)c1|F[P-](F)(F)(F)(F)F,346.255,5.3278000000000025,8.809999999999999,0,0,4,2,22,0.3076923076923077,2
CCCCCn1cc[n+](C)c1,O=S(=O)([N-]S(=O)(=O)C(F)(F)F)C(F)(F)F,,,264.1,K,"Dzyuba, S. V.; Bartsch, R. A. (2002) ChemPhysChem 3, 161-166.",CCCCCn1cc[n+](C)c1|O=S(=O)([N-]S(=O)(=O)C(F)(F)F)C(F)(F)F,433.396,2.562100000000001,91.19,0,4,6,1,26,0.7272727272727273,1
CCCn1cc[n+](C)c1,F[P-](F)(F)(F)(F)F,,,294.1,K,"Dzyuba, S. V.; Bartsch, R. A. (2002) ChemPhysChem 3, 161-166.",CCCn1cc[n+](C)c1|F[P-](F)(F)(F)(F)F,270.1569999999999,4.105000000000002,8.809999999999999,0,0,2,1,16,0.5714285714285714,1
CCCC[n+]1ccn(C)c1,O=S(=O)([N-]S(=O)(=O)C(F)(F)F)C(F)(F)F,,,267.1,K,"Dzyuba, S. V.; Bartsch, R. A. (2002) ChemPhysChem 3, 161-166.",CCCC[n+]1ccn(C)c1|O=S(=O)([N-]S(=O)(=O)C(F)(F)F)C(F)(F)F,419.369,2.1720000000000006,91.19,0,4,5,1,25,0.7,1
Cn1cc[n+](Cc2ccccc2)c1,F[P-](F)(F)(F)(F)F,,,403.1,K,"Dzyuba, S. V.; Bartsch, R. A. (2002) ChemPhysChem 3, 161-166.",Cn1cc[n+](Cc2ccccc2)c1|F[P-](F)(F)(F)(F)F,318.201,4.743300000000002,8.809999999999999,0,0,2,2,20,0.1818181818181818,2
CC[n+]1ccn(C)c1,[Cl-],,,353.1,K,"Dorn, S.; Pfeifer, A.; Schlufter, K.; Heinze, T. (2010) Polym. Bull. 64, 845-854.",CC[n+]1ccn(C)c1|[Cl-],146.62099999999998,-2.663499999999998,8.809999999999999,0,0,1,1,9,0.5,1
C[n+]1ccn(CCCc2ccccc2)c1,O=S(=O)([N-]S(=O)(=O)C(F)(F)F)C(F)(F)F,,,321.1,K,"Dzyuba, S. V.; Bartsch, R. A. (2002) ChemPhysChem 3, 161-166.",C[n+]1ccn(CCCc2ccccc2)c1|O=S(=O)([N-]S(=O)(=O)C(F)(F)F)C(F)(F)F,481.4400000000001,3.004700000000001,91.19,0,4,6,2,30,0.4,2
CC[n+]1ccn(C)c1,F[P-](F)(F)(F)(F)F,,,331.1,K,"Dzyuba, S. V.; Bartsch, R. A. (2002) ChemPhysChem 3, 161-166.",CC[n+]1ccn(C)c1|F[P-](F)(F)(F)(F)F,256.12999999999994,3.714900000000002,8.809999999999999,0,0,1,1,15,0.5,1
CCCCCCC[n+]1ccn(C)c1,O=S(=O)([N-]S(=O)(=O)C(F)(F)F)C(F)(F)F,,,280.1,K,"Dzyuba, S. V.; Bartsch, R. A. (2002) ChemPhysChem 3, 161-166.",CCCCCCC[n+]1ccn(C)c1|O=S(=O)([N-]S(=O)(=O)C(F)(F)F)C(F)(F)F,461.4500000000001,3.3423000000000025,91.19,0,4,8,1,28,0.7692307692307693,1
CCCC[N+]1(C)CCCC1,N#C[S-],,,295.4,K,"Domanska-Zelazna, U.; Krolikowska, M. (2011) Fluid Phase Equilib. 308(1-2), 55-63.",CCCC[N+]1(C)CCCC1|N#C[S-],200.351,2.04128,23.79,0,2,3,0,13,0.9,1
C[n+]1ccn(CCc2ccccc2)c1,O=S(=O)([N-]S(=O)(=O)C(F)(F)F)C(F)(F)F,,,310.1,K,"Dzyuba, S. V.; Bartsch, R. A. (2002) ChemPhysChem 3, 161-166.",C[n+]1ccn(CCc2ccccc2)c1|O=S(=O)([N-]S(=O)(=O)C(F)(F)F)C(F)(F)F,467.41300000000007,2.614600000000001,91.19,0,4,5,2,29,0.3571428571428571,2
CCCCCCCCCCCCCCCCCC[n+]1c(-c2cscn2)n(C)c2ccccc21.O=[N+]([O-])[O-],CCCCCCCCCCCCCCCCCC[n+]1c(-c2cscn2)n(C)c2ccccc21.O=[N+]([O-])[O-],,,339.1,K,"El Bourakadi, K.; Merghoub, N.; Hicham, G.; Mekhzoum, M. E. M.; Essassi, E. M.; Qaiss, A. e. k.; Bouhfid, R. (2019) J. Mol. Liq. 282, 63-69.",CCCCCCCCCCCCCCCCCC[n+]1c(-c2cscn2)n(C)c2ccccc21.O=[N+]([O-])[O-]|CCCCCCCCCCCCCCCCCC[n+]1c(-c2cscn2)n(C)c2ccccc21.O=[N+]([O-])[O-],1061.5579999999986,17.22339999999997,175.79999999999998,0,10,36,6,74,0.6551724137931034,6
CCCCCCCCCC[n+]1ccn(C)c1,F[P-](F)(F)(F)(F)F,,,305.1,K,"Dzyuba, S. V.; Bartsch, R. A. (2002) ChemPhysChem 3, 161-166.",CCCCCCCCCC[n+]1ccn(C)c1|F[P-](F)(F)(F)(F)F,368.346,6.835700000000005,8.809999999999999,0,0,9,1,23,0.7857142857142857,1
CCCCCCCCCCCC[n+]1c(-c2cscn2)n(C)c2ccccc21,CCCCCCCCCCCC[n+]1c(-c2cscn2)n(C)c2ccccc21.F[B-](F)(F)F,,,329.1,K,"El Bourakadi, K.; Merghoub, N.; Hicham, G.; Mekhzoum, M. E. M.; Essassi, E. M.; Qaiss, A. e. k.; Bouhfid, R. (2019) J. Mol. Liq. 282, 63-69.",CCCCCCCCCCCC[n+]1c(-c2cscn2)n(C)c2ccccc21|CCCCCCCCCCCC[n+]1c(-c2cscn2)n(C)c2ccccc21.F[B-](F)(F)F,856.0300000000002,14.32039999999997,43.4,0,4,24,6,59,0.5652173913043478,6
CCCCCCCCCCCC[n+]1c(-c2cscn2)n(C)c2ccccc21.O=[N+]([O-])[O-],CCCCCCCCCCCC[n+]1c(-c2cscn2)n(C)c2ccccc21.O=[N+]([O-])[O-],,,337.1,K,"El Bourakadi, K.; Merghoub, N.; Hicham, G.; Mekhzoum, M. E. M.; Essassi, E. M.; Qaiss, A. e. k.; Bouhfid, R. (2019) J. Mol. Liq. 282, 63-69.",CCCCCCCCCCCC[n+]1c(-c2cscn2)n(C)c2ccccc21.O=[N+]([O-])[O-]|CCCCCCCCCCCC[n+]1c(-c2cscn2)n(C)c2ccccc21.O=[N+]([O-])[O-],893.2339999999995,12.542199999999982,175.79999999999998,0,10,24,6,62,0.5652173913043478,6
CCCCCCCCCCCCCC[n+]1c(-c2cscn2)n(C)c2ccccc21,CCCCCCCCCCCCCC[n+]1c(-c2cscn2)n(C)c2ccccc21.O=S(=O)([O-])C(F)(F)F,,,328.1,K,"El Bourakadi, K.; Merghoub, N.; Hicham, G.; Mekhzoum, M. E. M.; Essassi, E. M.; Qaiss, A. e. k.; Bouhfid, R. (2019) J. Mol. Liq. 282, 63-69.",CCCCCCCCCCCCCC[n+]1c(-c2cscn2)n(C)c2ccccc21|CCCCCCCCCCCCCC[n+]1c(-c2cscn2)n(C)c2ccccc21.O=S(=O)([O-])C(F)(F)F,974.4029999999998,14.63219999999997,100.6,0,7,28,6,66,0.6078431372549019,6
CCCC[n+]1ccn(C)c1,[Br-],,,351.1,K,"Efimova, A.; Hubrig, G.; Schmidt, P. (2013) Thermochim. Acta 573, 162-9.",CCCC[n+]1ccn(C)c1|[Br-],219.126,-1.8832999999999969,8.809999999999999,0,0,3,1,11,0.625,1
CCCCCCCCCC[n+]1c(-c2cscn2)n(C)c2ccccc21,CCCCCCCCCC[n+]1c(-c2cscn2)n(C)c2ccccc21.F[B-](F)(F)F,,,341.1,K,"El Bourakadi, K.; Merghoub, N.; Hicham, G.; Mekhzoum, M. E. M.; Essassi, E. M.; Qaiss, A. e. k.; Bouhfid, R. (2019) J. Mol. Liq. 282, 63-69.",CCCCCCCCCC[n+]1c(-c2cscn2)n(C)c2ccccc21|CCCCCCCCCC[n+]1c(-c2cscn2)n(C)c2ccccc21.F[B-](F)(F)F,799.9220000000005,12.759999999999978,43.4,0,4,20,6,55,0.5238095238095238,6
CCCCCCCCCC[n+]1c(-c2cscn2)n(C)c2ccccc21.O=[N+]([O-])[O-],CCCCCCCCCC[n+]1c(-c2cscn2)n(C)c2ccccc21.O=[N+]([O-])[O-],,,342.1,K,"El Bourakadi, K.; Merghoub, N.; Hicham, G.; Mekhzoum, M. E. M.; Essassi, E. M.; Qaiss, A. e. k.; Bouhfid, R. (2019) J. Mol. Liq. 282, 63-69.",CCCCCCCCCC[n+]1c(-c2cscn2)n(C)c2ccccc21.O=[N+]([O-])[O-]|CCCCCCCCCC[n+]1c(-c2cscn2)n(C)c2ccccc21.O=[N+]([O-])[O-],837.1259999999999,10.981799999999993,175.79999999999998,0,10,20,6,58,0.5238095238095238,6
CCCCCCCCCCCC[n+]1c(-c2cscn2)n(C)c2ccccc21,CCCCCCCCCCCC[n+]1c(-c2cscn2)n(C)c2ccccc21.O=S(=O)([O-])C(F)(F)F,,,334.1,K,"El Bourakadi, K.; Merghoub, N.; Hicham, G.; Mekhzoum, M. E. M.; Essassi, E. M.; Qaiss, A. e. k.; Bouhfid, R. (2019) J. Mol. Liq. 282, 63-69.",CCCCCCCCCCCC[n+]1c(-c2cscn2)n(C)c2ccccc21|CCCCCCCCCCCC[n+]1c(-c2cscn2)n(C)c2ccccc21.O=S(=O)([O-])C(F)(F)F,918.2950000000002,13.071799999999977,100.6,0,7,24,6,62,0.574468085106383,6
CCCCCCCCCCCCCCCC[n+]1c(-c2cscn2)n(C)c2ccccc21.O=[N+]([O-])[O-],CCCCCCCCCCCCCCCC[n+]1c(-c2cscn2)n(C)c2ccccc21.O=[N+]([O-])[O-],,,333.1,K,"El Bourakadi, K.; Merghoub, N.; Hicham, G.; Mekhzoum, M. E. M.; Essassi, E. M.; Qaiss, A. e. k.; Bouhfid, R. (2019) J. Mol. Liq. 282, 63-69.",CCCCCCCCCCCCCCCC[n+]1c(-c2cscn2)n(C)c2ccccc21.O=[N+]([O-])[O-]|CCCCCCCCCCCCCCCC[n+]1c(-c2cscn2)n(C)c2ccccc21.O=[N+]([O-])[O-],1005.4499999999988,15.662999999999965,175.79999999999998,0,10,32,6,70,0.6296296296296297,6
CC[n+]1ccn(C)c1.O=[N+]([O-])[O-],O=[N+]([O-])[O-],,,311.8,K,"Emel'yanenko, V. N.; Verevkin, S. P.; Heintz, A.; Schick, C. (2008) J. Phys. Chem. B 112, 8095-8098.",CC[n+]1ccn(C)c1.O=[N+]([O-])[O-]|O=[N+]([O-])[O-],235.176,-0.1456999999999999,141.21,0,6,1,1,16,0.5,1
CCCCCCCCCCCCCC[n+]1c(-c2cscn2)n(C)c2ccccc21.O=[N+]([O-])[O-],CCCCCCCCCCCCCC[n+]1c(-c2cscn2)n(C)c2ccccc21.O=[N+]([O-])[O-],,,334.1,K,"El Bourakadi, K.; Merghoub, N.; Hicham, G.; Mekhzoum, M. E. M.; Essassi, E. M.; Qaiss, A. e. k.; Bouhfid, R. (2019) J. Mol. Liq. 282, 63-69.",CCCCCCCCCCCCCC[n+]1c(-c2cscn2)n(C)c2ccccc21.O=[N+]([O-])[O-]|CCCCCCCCCCCCCC[n+]1c(-c2cscn2)n(C)c2ccccc21.O=[N+]([O-])[O-],949.3419999999992,14.102599999999972,175.79999999999998,0,10,28,6,66,0.6,6
CCCCCCCCCCCCCCCCCC[n+]1c(-c2cscn2)n(C)c2ccccc21,CCCCCCCCCCCCCCCCCC[n+]1c(-c2cscn2)n(C)c2ccccc21.O=S(=O)([O-])C(F)(F)F,,,337.1,K,"El Bourakadi, K.; Merghoub, N.; Hicham, G.; Mekhzoum, M. E. M.; Essassi, E. M.; Qaiss, A. e. k.; Bouhfid, R. (2019) J. Mol. Liq. 282, 63-69.",CCCCCCCCCCCCCCCCCC[n+]1c(-c2cscn2)n(C)c2ccccc21|CCCCCCCCCCCCCCCCCC[n+]1c(-c2cscn2)n(C)c2ccccc21.O=S(=O)([O-])C(F)(F)F,1086.618999999999,17.752999999999975,100.6,0,7,36,6,74,0.6610169491525424,6
CCCCCCCCCCCCCC[n+]1c(-c2cscn2)n(C)c2ccccc21,CCCCCCCCCCCCCC[n+]1c(-c2cscn2)n(C)c2ccccc21.F[B-](F)(F)F,,,333.1,K,"El Bourakadi, K.; Merghoub, N.; Hicham, G.; Mekhzoum, M. E. M.; Essassi, E. M.; Qaiss, A. e. k.; Bouhfid, R. (2019) J. Mol. Liq. 282, 63-69.",CCCCCCCCCCCCCC[n+]1c(-c2cscn2)n(C)c2ccccc21|CCCCCCCCCCCCCC[n+]1c(-c2cscn2)n(C)c2ccccc21.F[B-](F)(F)F,912.1379999999998,15.88079999999996,43.4,0,4,28,6,63,0.6,6
CCCCCCCC[n+]1c(-c2cscn2)n(C)c2ccccc21.O=[N+]([O-])[O-],CCCCCCCC[n+]1c(-c2cscn2)n(C)c2ccccc21.O=[N+]([O-])[O-],,,346.1,K,"El Bourakadi, K.; Merghoub, N.; Hicham, G.; Mekhzoum, M. E. M.; Essassi, E. M.; Qaiss, A. e. k.; Bouhfid, R. (2019) J. Mol. Liq. 282, 63-69.",CCCCCCCC[n+]1c(-c2cscn2)n(C)c2ccccc21.O=[N+]([O-])[O-]|CCCCCCCC[n+]1c(-c2cscn2)n(C)c2ccccc21.O=[N+]([O-])[O-],781.0180000000003,9.421400000000002,175.79999999999998,0,10,16,6,54,0.4736842105263157,6
CCCCCCCCCCCCCCCC[n+]1c(-c2cscn2)n(C)c2ccccc21,CCCCCCCCCCCCCCCC[n+]1c(-c2cscn2)n(C)c2ccccc21.F[B-](F)(F)F,,,331.1,K,"El Bourakadi, K.; Merghoub, N.; Hicham, G.; Mekhzoum, M. E. M.; Essassi, E. M.; Qaiss, A. e. k.; Bouhfid, R. (2019) J. Mol. Liq. 282, 63-69.",CCCCCCCCCCCCCCCC[n+]1c(-c2cscn2)n(C)c2ccccc21|CCCCCCCCCCCCCCCC[n+]1c(-c2cscn2)n(C)c2ccccc21.F[B-](F)(F)F,968.2459999999994,17.441199999999974,43.4,0,4,32,6,67,0.6296296296296297,6
C(CCC[N+]1(CCOCC1)C)[N+]1(CCOCC1)C,FC(S(=O)(=O)[N-]S(=O)(=O)C(F)(F)F)(F)F.FC(F)(F)S(=O)(=O)[N-]S(=O)(=O)C(F)(F)F,,,335.4,K,"Ferdeghini, C.; Guazzelli, L.; Pomelli, C. S.; Ciccioli, A.; Brunetti, B.; Mezzetta, A.; Ciprioti, S. V. (2021) J. Mol. Liq. 332, 115662.",C(CCC[N+]1(CCOCC1)C)[N+]1(CCOCC1)C|FC(S(=O)(=O)[N-]S(=O)(=O)C(F)(F)F)(F)F.FC(F)(F)S(=O)(=O)[N-]S(=O)(=O)C(F)(F)F,818.7000000000004,2.838800000000001,183.22,0,10,9,0,48,1.0,2
CCCCCCCC[n+]1c(-c2cscn2)n(C)c2ccccc21,CCCCCCCC[n+]1c(-c2cscn2)n(C)c2ccccc21.O=S(=O)([O-])C(F)(F)F,,,355.1,K,"El Bourakadi, K.; Merghoub, N.; Hicham, G.; Mekhzoum, M. E. M.; Essassi, E. M.; Qaiss, A. e. k.; Bouhfid, R. (2019) J. Mol. Liq. 282, 63-69.",CCCCCCCC[n+]1c(-c2cscn2)n(C)c2ccccc21|CCCCCCCC[n+]1c(-c2cscn2)n(C)c2ccccc21.O=S(=O)([O-])C(F)(F)F,806.0790000000005,9.950999999999995,100.6,0,7,16,6,54,0.4871794871794871,6
CCCCCCCCCC[n+]1c(-c2cscn2)n(C)c2ccccc21,CCCCCCCCCC[n+]1c(-c2cscn2)n(C)c2ccccc21.O=S(=O)([O-])C(F)(F)F,,,335.1,K,"El Bourakadi, K.; Merghoub, N.; Hicham, G.; Mekhzoum, M. E. M.; Essassi, E. M.; Qaiss, A. e. k.; Bouhfid, R. (2019) J. Mol. Liq. 282, 63-69.",CCCCCCCCCC[n+]1c(-c2cscn2)n(C)c2ccccc21|CCCCCCCCCC[n+]1c(-c2cscn2)n(C)c2ccccc21.O=S(=O)([O-])C(F)(F)F,862.1870000000005,11.511399999999986,100.6,0,7,20,6,58,0.5348837209302325,6
CCCCCCCCCCCCCCCC[n+]1c(-c2cscn2)n(C)c2ccccc21,CCCCCCCCCCCCCCCC[n+]1c(-c2cscn2)n(C)c2ccccc21.O=S(=O)([O-])C(F)(F)F,,,323.1,K,"El Bourakadi, K.; Merghoub, N.; Hicham, G.; Mekhzoum, M. E. M.; Essassi, E. M.; Qaiss, A. e. k.; Bouhfid, R. (2019) J. Mol. Liq. 282, 63-69.",CCCCCCCCCCCCCCCC[n+]1c(-c2cscn2)n(C)c2ccccc21|CCCCCCCCCCCCCCCC[n+]1c(-c2cscn2)n(C)c2ccccc21.O=S(=O)([O-])C(F)(F)F,1030.5109999999993,16.192599999999963,100.6,0,7,32,6,70,0.6363636363636364,6
CCCCCCCCCCCCCCCCCC[n+]1c(-c2cscn2)n(C)c2ccccc21,CCCCCCCCCCCCCCCCCC[n+]1c(-c2cscn2)n(C)c2ccccc21.F[B-](F)(F)F,,,331.1,K,"El Bourakadi, K.; Merghoub, N.; Hicham, G.; Mekhzoum, M. E. M.; Essassi, E. M.; Qaiss, A. e. k.; Bouhfid, R. (2019) J. Mol. Liq. 282, 63-69.",CCCCCCCCCCCCCCCCCC[n+]1c(-c2cscn2)n(C)c2ccccc21|CCCCCCCCCCCCCCCCCC[n+]1c(-c2cscn2)n(C)c2ccccc21.F[B-](F)(F)F,1024.353999999999,19.001599999999986,43.4,0,4,36,6,71,0.6551724137931034,6
CCCC[n+]1ccn(C)c1,F[P-](F)(F)(F)(F)F,,,285.3,K,"Endo, T.; Nishikawa, K. (2013) Chem. Phys. Lett. 584, 79.",CCCC[n+]1ccn(C)c1|F[P-](F)(F)(F)(F)F,284.1839999999999,4.4951000000000025,8.809999999999999,0,0,3,1,17,0.625,1
Cn1cc[n+](CC(CBr)N=[N+]=[N-])c1,Cn1cc[n+](CC(CBr)N=[N+]=[N-])c1.[Br-],,,283.0,K,"Fareghi-Alamdari, R.; Hatefipour, R. (2015) Thermochim. Acta 617, 172-178.",Cn1cc[n+](CC(CBr)N=[N+]=[N-])c1|Cn1cc[n+](CC(CBr)N=[N+]=[N-])c1.[Br-],570.1120000000001,-0.2231999999999991,115.14,0,2,8,2,27,0.5714285714285714,2
CC[n+]1ccn(C)c1,[Cl-],,,350.42,K,"Fernandez, L.; Silva, L. P.; Martins, M. A. R.; Ferreira, O.; Ortega, J.; Pinho, S. P.; Coutinho, J. A. P. (2017) Fluid Phase Equilib. 448, 9-14.",CC[n+]1ccn(C)c1|[Cl-],146.62099999999998,-2.663499999999998,8.809999999999999,0,0,1,1,9,0.5,1
CCCCCC[n+]1ccn(C)c1.O=[N+]([O-])c1cn[n-]c1,O=[N+]([O-])c1cn[n-]c1,,,306.0,K,"Fillion, J.; Xia, H.; DeSilva, M. A.; Quiroz-Guzman, M.; Brennecke, J. (2016) J. Chem. Eng. Data 61(8), 2897-2914.",CCCCCC[n+]1ccn(C)c1.O=[N+]([O-])c1cn[n-]c1|O=[N+]([O-])c1cn[n-]c1,391.4120000000001,1.7868999999999997,149.07,0,6,7,3,28,0.4375,3
C(CCCCCCC[N+]1(CCOCC1)C)[N+]1(CCOCC1)C,FC(S(=O)(=O)[N-]S(=O)(=O)C(F)(F)F)(F)F.FC(F)(F)S(=O)(=O)[N-]S(=O)(=O)C(F)(F)F,,,321.8,K,"Ferdeghini, C.; Guazzelli, L.; Pomelli, C. S.; Ciccioli, A.; Brunetti, B.; Mezzetta, A.; Ciprioti, S. V. (2021) J. Mol. Liq. 332, 115662.",C(CCCCCCC[N+]1(CCOCC1)C)[N+]1(CCOCC1)C|FC(S(=O)(=O)[N-]S(=O)(=O)C(F)(F)F)(F)F.FC(F)(F)S(=O)(=O)[N-]S(=O)(=O)C(F)(F)F,874.8080000000007,4.399200000000004,183.22,0,10,13,0,52,1.0,2
Cn1cc[n+](CC(Br)CN=[N+]=[N-])c1,Cn1cc[n+](CC(Br)CN=[N+]=[N-])c1.[Br-],,,290.0,K,"Fareghi-Alamdari, R.; Hatefipour, R. (2015) Thermochim. Acta 617, 172-178.",Cn1cc[n+](CC(Br)CN=[N+]=[N-])c1|Cn1cc[n+](CC(Br)CN=[N+]=[N-])c1.[Br-],570.1120000000001,-0.2231999999999991,115.14,0,2,8,2,27,0.5714285714285714,2
CCCC[n+]1ccn(C)c1,COS(=O)(=O)[O-],,,269.1,K,"Fernandez, A.; Torrecilla, J. S.; Rodriquez, F. (2007) J. Chem. Eng. Data 52(5), 1979-1983.",CCCC[n+]1ccn(C)c1|COS(=O)(=O)[O-],250.32,0.2057000000000002,75.24,0,4,4,1,16,0.6666666666666666,1
C[N+](C)(C)CCO,CCCC(=O)[O-],,,315.98,K,"Fernandez, L.; Silva, L. P.; Martins, M. A. R.; Ferreira, O.; Ortega, J.; Pinho, S. P.; Coutinho, J. A. P. (2017) Fluid Phase Equilib. 448, 9-14.",C[N+](C)(C)CCO|CCCC(=O)[O-],191.271,-0.7786999999999986,60.36,1,3,4,0,13,0.8888888888888888,0
CCCC[N+](CCCC)(CCCC)CCCC,[Cl-],,,365.1,K,"Elias, Horst; Strecker, Helmut (1966) Chem. Ber. 99(3), 1019-25.",CCCC[N+](CCCC)(CCCC)CCCC|[Cl-],277.92399999999986,2.007600000000001,0.0,0,0,12,0,18,1.0,0
CCCC[n+]1ccn(C)c1,O=S(=O)([O-])O,,,293.0,K,"Faria, L. F. O.; Lima, T. A.; Ferreira, F. F.; Ribeiro, M. C. C. (2018) J. Phys. Chem. B 122(6), 1972-1980.",CCCC[n+]1ccn(C)c1|O=S(=O)([O-])O,236.293,0.1173000000000003,86.24000000000001,1,3,3,1,15,0.625,1
CC[P+](CC)(CC)COCCOC.O=[N+]([O-])c1cn[n-]c1,O=[N+]([O-])c1cn[n-]c1,,,258.0,K,"Fillion, J.; Xia, H.; DeSilva, M. A.; Quiroz-Guzman, M.; Brennecke, J. (2016) J. Chem. Eng. Data 61(8), 2897-2914.",CC[P+](CC)(CC)COCCOC.O=[N+]([O-])c1cn[n-]c1|O=[N+]([O-])c1cn[n-]c1,431.4100000000001,2.5782000000000007,158.72,0,8,10,2,29,0.625,2
CC[n+]1ccn(C)c1,[Br-],,,352.0,K,"Every, H. A.; Bishop, A. G.; MacFarlane, D. R.; Oradd, G.; Forsyth, M. (2001) J. Mater. Chem. 11, 3031-3036.",CC[n+]1ccn(C)c1|[Br-],191.072,-2.663499999999998,8.809999999999999,0,0,1,1,9,0.5,1
C[N+](C)(C)CCO,CCC(=O)[O-],,,282.57,K,"Fernandez, L.; Silva, L. P.; Martins, M. A. R.; Ferreira, O.; Ortega, J.; Pinho, S. P.; Coutinho, J. A. P. (2017) Fluid Phase Equilib. 448, 9-14.",C[N+](C)(C)CCO|CCC(=O)[O-],177.24399999999997,-1.168799999999998,60.36,1,3,3,0,12,0.875,0
CC[n+]1ccn(C)c1,[I-],,,351.0,K,"Every, H. A.; Bishop, A. G.; MacFarlane, D. R.; Oradd, G.; Forsyth, M. (2001) J. Mater. Chem. 11, 3031-3036.",CC[n+]1ccn(C)c1|[I-],238.072,-2.663499999999998,8.809999999999999,0,0,1,1,9,0.5,1
C=Cn1cc[n+](CC(C[n+]2ccn(C)c2)N=[N+]=[N-])c1,C=Cn1cc[n+](CC(C[n+]2ccn(C)c2)N=[N+]=[N-])c1.N#C[N-]C#N.N#C[N-]C#N,,,292.0,K,"Fareghi-Alamdari, R.; Hatefipour, R. (2015) Thermochim. Acta 617, 172-178.",C=Cn1cc[n+](CC(C[n+]2ccn(C)c2)N=[N+]=[N-])c1|C=Cn1cc[n+](CC(C[n+]2ccn(C)c2)N=[N+]=[N-])c1.N#C[N-]C#N.N#C[N-]C#N,650.7199999999998,2.4069200000000013,256.12,0,6,12,4,48,0.2857142857142857,4
C[N+](C)(C)CCO,CC(=O)[O-],,,362.62,K,"Fernandez, L.; Silva, L. P.; Martins, M. A. R.; Ferreira, O.; Ortega, J.; Pinho, S. P.; Coutinho, J. A. P. (2017) Fluid Phase Equilib. 448, 9-14.",C[N+](C)(C)CCO|CC(=O)[O-],163.21699999999998,-1.5588999999999975,60.36,1,3,2,0,11,0.8571428571428571,0
Cn1cc[n+](CCO)c1,[Cl-],,,358.88,K,"Fernandez, L.; Silva, L. P.; Martins, M. A. R.; Ferreira, O.; Ortega, J.; Pinho, S. P.; Coutinho, J. A. P. (2017) Fluid Phase Equilib. 448, 9-14.",Cn1cc[n+](CCO)c1|[Cl-],162.62,-3.691099999999999,29.04,1,1,2,1,10,0.5,1
Cn1cc[n+](CC(CBr)N=[N+]=[N-])c1,Cn1cc[n+](CC(CBr)N=[N+]=[N-])c1.N#C[N-]C#N,,,271.0,K,"Fareghi-Alamdari, R.; Hatefipour, R. (2015) Thermochim. Acta 617, 172-178.",Cn1cc[n+](CC(CBr)N=[N+]=[N-])c1|Cn1cc[n+](CC(CBr)N=[N+]=[N-])c1.N#C[N-]C#N,556.251,3.095060000000001,176.82,0,4,8,2,31,0.5,2
C=Cn1cc[n+](CC(C[n+]2ccn(C)c2)N=[N+]=[N-])c1,C=Cn1cc[n+](CC(C[n+]2ccn(C)c2)N=[N+]=[N-])c1.[Br-].[Br-],,,296.0,K,"Fareghi-Alamdari, R.; Hatefipour, R. (2015) Thermochim. Acta 617, 172-178.",C=Cn1cc[n+](CC(C[n+]2ccn(C)c2)N=[N+]=[N-])c1|C=Cn1cc[n+](CC(C[n+]2ccn(C)c2)N=[N+]=[N-])c1.[Br-].[Br-],678.4420000000002,-4.229599999999995,132.76000000000002,0,2,12,4,40,0.3333333333333333,4
CCC=C[P+](CC)(CC)CC,O=S(=O)([N-]S(=O)(=O)C(F)(F)F)C(F)(F)F,,,322.0,K,"Fillion, J.; Xia, H.; DeSilva, M. A.; Quiroz-Guzman, M.; Brennecke, J. (2016) J. Chem. Eng. Data 61(8), 2897-2914.",CCC=C[P+](CC)(CC)CC|O=S(=O)([N-]S(=O)(=O)C(F)(F)F)C(F)(F)F,453.407,5.046700000000004,82.38,0,4,7,0,26,0.8333333333333334,0
CCOC[P+](CC)(CC)CC,c1c[n-]nn1,,,306.0,K,"Fillion, J.; Xia, H.; DeSilva, M. A.; Quiroz-Guzman, M.; Brennecke, J. (2016) J. Chem. Eng. Data 61(8), 2897-2914.",CCOC[P+](CC)(CC)CC|c1c[n-]nn1,245.307,2.4915000000000003,49.11,0,3,6,1,16,0.8181818181818182,1
CCCC[P+](CC)(CC)CC.O=[N+]([O-])c1cn[n-]c1,O=[N+]([O-])c1cn[n-]c1,,,320.0,K,"Fillion, J.; Xia, H.; DeSilva, M. A.; Quiroz-Guzman, M.; Brennecke, J. (2016) J. Chem. Eng. Data 61(8), 2897-2914.",CCCC[P+](CC)(CC)CC.O=[N+]([O-])c1cn[n-]c1|O=[N+]([O-])c1cn[n-]c1,399.412,3.757800000000003,140.26,0,6,8,2,27,0.625,2
CCCCCC[n+]1ccn(C)c1,c1nc[n-]n1,,,307.0,K,"Fillion, J.; Xia, H.; DeSilva, M. A.; Quiroz-Guzman, M.; Brennecke, J. (2016) J. Chem. Eng. Data 61(8), 2897-2914.",CCCCCC[n+]1ccn(C)c1|c1nc[n-]n1,235.335,1.3267,48.69,0,2,5,2,17,0.5833333333333334,2
CC[P+](CC)(CC)C1CCCC1.O=[N+]([O-])c1cn[n-]c1,O=[N+]([O-])c1cn[n-]c1,,,324.0,K,"Fillion, J.; Xia, H.; DeSilva, M. A.; Quiroz-Guzman, M.; Brennecke, J. (2016) J. Chem. Eng. Data 61(8), 2897-2914.",CC[P+](CC)(CC)C1CCCC1.O=[N+]([O-])c1cn[n-]c1|O=[N+]([O-])c1cn[n-]c1,411.42300000000006,3.900300000000003,140.26,0,6,6,2,28,0.6470588235294118,3
CC[P+](CC)(CC)COCCOC,c1c[n-]nn1,,,302.0,K,"Fillion, J.; Xia, H.; DeSilva, M. A.; Quiroz-Guzman, M.; Brennecke, J. (2016) J. Chem. Eng. Data 61(8), 2897-2914.",CC[P+](CC)(CC)COCCOC|c1c[n-]nn1,275.333,2.118,58.34,0,4,8,1,18,0.8333333333333334,1
CCCCCCCC[P+](CC)(CC)CC,c1c[n-]nn1,,,339.0,K,"Fillion, J.; Xia, H.; DeSilva, M. A.; Quiroz-Guzman, M.; Brennecke, J. (2016) J. Chem. Eng. Data 61(8), 2897-2914.",CCCCCCCC[P+](CC)(CC)CC|c1c[n-]nn1,299.443,4.858000000000005,39.88,0,2,10,1,20,0.875,1
Cn1cc[n+](CC(Br)CN=[N+]=[N-])c1,Cn1cc[n+](CC(Br)CN=[N+]=[N-])c1.N#C[N-]C#N,,,279.0,K,"Fareghi-Alamdari, R.; Hatefipour, R. (2015) Thermochim. Acta 617, 172-178.",Cn1cc[n+](CC(Br)CN=[N+]=[N-])c1|Cn1cc[n+](CC(Br)CN=[N+]=[N-])c1.N#C[N-]C#N,556.251,3.095060000000001,176.82,0,4,8,2,31,0.5,2
CCCC[n+]1ccn(C)c1,F[P-](F)(F)(F)(F)F,,,285.8,K,"Endo, T.; Nishikawa, K. (2013) Chem. Phys. Lett. 584, 79.",CCCC[n+]1ccn(C)c1|F[P-](F)(F)(F)(F)F,284.1839999999999,4.4951000000000025,8.809999999999999,0,0,3,1,17,0.625,1
CCCCCCCCCC[P+](CC)(CC)CC.O=[N+]([O-])c1cn[n-]c1,O=[N+]([O-])c1cn[n-]c1,,,284.0,K,"Fillion, J.; Xia, H.; DeSilva, M. A.; Quiroz-Guzman, M.; Brennecke, J. (2016) J. Chem. Eng. Data 61(8), 2897-2914.",CCCCCCCCCC[P+](CC)(CC)CC.O=[N+]([O-])c1cn[n-]c1|O=[N+]([O-])c1cn[n-]c1,483.5740000000001,6.098400000000007,140.26,0,6,14,2,33,0.7272727272727273,2
CCCC[n+]1ccn(C)c1,F[P-](F)(F)(F)(F)F,,,284.3,K,"Endo, T.; Kato, T.; Tozaki, K.-I.; Nishikawa, K. (2010) J. Phys. Chem. B 114, 407.",CCCC[n+]1ccn(C)c1|F[P-](F)(F)(F)(F)F,284.1839999999999,4.4951000000000025,8.809999999999999,0,0,3,1,17,0.625,1
Cn1cc[n+](CCO)c1,O=S(=O)([O-])C(F)(F)C(F)(F)C(F)(F)C(F)(F)F,,,251.5,K,"Ferreira, Margarida L.; Araujo, Joao M. M.; Vega, Lourdes F.; Llovell, Felix; Pereiro, Ana B. (2020) J. Mol. Liq. 302, 112489.",Cn1cc[n+](CCO)c1|O=S(=O)([O-])C(F)(F)C(F)(F)C(F)(F)C(F)(F)F,426.257,1.2622,86.24,1,4,5,1,26,0.7,1
Cn1cc[n+](CCO)c1,O=C([O-])C(F)(F)C(F)(F)C(F)(F)C(F)(F)F,,,294.8,K,"Ferreira, Margarida L.; Araujo, Joao M. M.; Vega, Lourdes F.; Llovell, Felix; Pereiro, Ana B. (2020) J. Mol. Liq. 302, 112489.",Cn1cc[n+](CCO)c1|O=C([O-])C(F)(F)C(F)(F)C(F)(F)C(F)(F)F,390.202,0.5093999999999996,69.17,1,3,5,1,25,0.6363636363636364,1
Cc1n(C)cc[n+]1C1CCCC1.O=[N+]([O-])c1cn[n-]c1,O=[N+]([O-])c1cn[n-]c1,,,365.0,K,"Fillion, J.; Xia, H.; DeSilva, M. A.; Quiroz-Guzman, M.; Brennecke, J. (2016) J. Chem. Eng. Data 61(8), 2897-2914.",Cc1n(C)cc[n+]1C1CCCC1.O=[N+]([O-])c1cn[n-]c1|O=[N+]([O-])c1cn[n-]c1,389.396,1.6301199999999996,149.07,0,6,3,3,28,0.4375,4
CCCC[P+](CCCC)(CCCC)CCCC,[Cl-],,,339.46,K,"Fernandez, L.; Silva, L. P.; Martins, M. A. R.; Ferreira, O.; Ortega, J.; Pinho, S. P.; Coutinho, J. A. P. (2017) Fluid Phase Equilib. 448, 9-14.",CCCC[P+](CCCC)(CCCC)CCCC|[Cl-],294.891,3.208400000000001,0.0,0,0,12,0,18,1.0,0
CCC=C[P+](CC)(CC)CC.O=[N+]([O-])c1cn[n-]c1,O=[N+]([O-])c1cn[n-]c1,,,312.0,K,"Fillion, J.; Xia, H.; DeSilva, M. A.; Quiroz-Guzman, M.; Brennecke, J. (2016) J. Chem. Eng. Data 61(8), 2897-2914.",CCC=C[P+](CC)(CC)CC.O=[N+]([O-])c1cn[n-]c1|O=[N+]([O-])c1cn[n-]c1,397.3960000000001,3.881400000000003,140.26,0,6,7,2,27,0.5,2
CCCCCCCCCCCCCCCCCC[P+](CCCC)(CCCC)CCCC,c1c[n-]nn1,,,297.0,K,"Fillion, J.; Xia, H.; DeSilva, M. A.; Quiroz-Guzman, M.; Brennecke, J. (2016) J. Chem. Eng. Data 61(8), 2897-2914.",CCCCCCCCCCCCCCCCCC[P+](CCCC)(CCCC)CCCC|c1c[n-]nn1,523.8750000000003,11.09959999999999,39.88,0,2,26,1,36,0.9375,1
CC[P+](CC)(CC)COC,c1c[n-]nn1,,,350.0,K,"Fillion, J.; Xia, H.; DeSilva, M. A.; Quiroz-Guzman, M.; Brennecke, J. (2016) J. Chem. Eng. Data 61(8), 2897-2914.",CC[P+](CC)(CC)COC|c1c[n-]nn1,231.28,2.1014,49.11,0,3,5,1,15,0.8,1
CCCC[S+]1CCCCC1,O=S(=O)([N-]S(=O)(=O)C(F)(F)F)C(F)(F)F,,,263.0,K,"Fillion, J.; Xia, H.; DeSilva, M. A.; Quiroz-Guzman, M.; Brennecke, J. (2016) J. Chem. Eng. Data 61(8), 2897-2914.",CCCC[S+]1CCCCC1|O=S(=O)([N-]S(=O)(=O)C(F)(F)F)C(F)(F)F,439.465,3.6480000000000032,82.38,0,4,5,0,25,1.0,1
CCCC[n+]1ccn(C)c1,O=S(=O)([O-])C(F)(F)F,,,286.1,K,"Fredlake, C. P.; Crosthwaite, J. M.; Hert, D. G.; Aki, S. N. V. K.; Brennecke, J. F. (2004) J. Chem. Eng. Data 49(4), 954-964.",CCCC[n+]1ccn(C)c1|O=S(=O)([O-])C(F)(F)F,288.29099999999994,1.1641,66.01,0,3,3,1,18,0.6666666666666666,1
CCCC[N+](CCCC)(CCCC)CCCC.C1=C(C=C(C(=C1[N+](=O)[O-])[O-])[N+](=O)[O-])[N+](=O)[O-],C1=C(C=C(C(=C1[N+](=O)[O-])[O-])[N+](=O)[O-])[N+](=O)[O-],,,362.65,K,"Flaherty, P. H.; Stern, K. H. (1958) J. Am. Chem. Soc. 80(5), 1034-1038.",CCCC[N+](CCCC)(CCCC)CCCC.C1=C(C=C(C(=C1[N+](=O)[O-])[O-])[N+](=O)[O-])[N+](=O)[O-]|C1=C(C=C(C(=C1[N+](=O)[O-])[O-])[N+](=O)[O-])[N+](=O)[O-],698.6630000000001,5.973200000000007,304.96,0,14,18,2,49,0.5714285714285714,2
CCCC[N+]1(C)CCCC1,FC(F)(F)C(F)(F)[P-](F)(F)(F)(C(F)(F)C(F)(F)F)C(F)(F)C(F)(F)F,,,277.0,K,"Fletcher, S. I.; Sillars, F. B.; Hudson, N. E.; Hall, P. J. (2010) J. Chem. Eng. Data 55(2), 778-782.",CCCC[N+]1(C)CCCC1|FC(F)(F)C(F)(F)[P-](F)(F)(F)(C(F)(F)C(F)(F)F)C(F)(F)C(F)(F)F,587.27,9.2211,0.0,0,0,6,0,35,1.0,1
CCCC[P+](CCCC)(CCCC)COC,c1c[n-]nn1,,,280.0,K,"Fillion, J.; Xia, H.; DeSilva, M. A.; Quiroz-Guzman, M.; Brennecke, J. (2016) J. Chem. Eng. Data 61(8), 2897-2914.",CCCC[P+](CCCC)(CCCC)COC|c1c[n-]nn1,315.44199999999995,4.442000000000004,49.11,0,3,11,1,21,0.875,1
CCCCCCCC[P+](CC)(CC)CC.O=[N+]([O-])c1c[n-]cn1,O=[N+]([O-])c1c[n-]cn1,,,245.0,K,"Fillion, J.; Xia, H.; DeSilva, M. A.; Quiroz-Guzman, M.; Brennecke, J. (2016) J. Chem. Eng. Data 61(8), 2897-2914.",CCCCCCCC[P+](CC)(CC)CC.O=[N+]([O-])c1c[n-]cn1|O=[N+]([O-])c1c[n-]cn1,455.5200000000001,5.318200000000005,140.26,0,6,12,2,31,0.7,2
CCCCCCC[P+](CC)(CC)CC.O=[N+]([O-])c1cn[n-]c1,O=[N+]([O-])c1cn[n-]c1,,,289.0,K,"Fillion, J.; Xia, H.; DeSilva, M. A.; Quiroz-Guzman, M.; Brennecke, J. (2016) J. Chem. Eng. Data 61(8), 2897-2914.",CCCCCCC[P+](CC)(CC)CC.O=[N+]([O-])c1cn[n-]c1|O=[N+]([O-])c1cn[n-]c1,441.4930000000001,4.928100000000004,140.26,0,6,11,2,30,0.6842105263157895,2
C[N+](C)(C)CCO,O=S(=O)([N-]S(=O)(=O)C(F)(F)F)C(F)(F)F,,,305.65,K,"Fernandez, L.; Silva, L. P.; Martins, M. A. R.; Ferreira, O.; Ortega, J.; Pinho, S. P.; Coutinho, J. A. P. (2017) Fluid Phase Equilib. 448, 9-14.",C[N+](C)(C)CCO|O=S(=O)([N-]S(=O)(=O)C(F)(F)F)C(F)(F)F,384.32,0.7442000000000002,102.61,1,5,4,0,22,1.0,0
[Fe+3],N#C[C-](C#N)[C](C#N)C#N.CCCC[c-]1c(C)c(C)c(C)c1C.[cH-]1c(C)c(C)c(C)c1C,,,373.35,K,"Funasako, Y.; Abe, A.; Mochida, T. (2012) Thermochim. Acta 532, 78-82.",[Fe+3]|N#C[C-](C#N)[C](C#N)C#N.CCCC[c-]1c(C)c(C)c(C)c1C.[cH-]1c(C)c(C)c(C)c1C,482.4530000000003,6.848160000000007,95.16,0,4,4,2,33,0.4285714285714285,2
CCCCCCCCC[P+](CC)(CC)CC.O=[N+]([O-])c1cn[n-]c1,O=[N+]([O-])c1cn[n-]c1,,,289.0,K,"Fillion, J.; Xia, H.; DeSilva, M. A.; Quiroz-Guzman, M.; Brennecke, J. (2016) J. Chem. Eng. Data 61(8), 2897-2914.",CCCCCCCCC[P+](CC)(CC)CC.O=[N+]([O-])c1cn[n-]c1|O=[N+]([O-])c1cn[n-]c1,469.54700000000014,5.708300000000006,140.26,0,6,13,2,32,0.7142857142857143,2
CCCn1cc[n+](C)c1C,O=S(=O)([N-]S(=O)(=O)C(F)(F)F)C(F)(F)F,,,281.0,K,"Fletcher, S. I.; Sillars, F. B.; Hudson, N. E.; Hall, P. J. (2010) J. Chem. Eng. Data 55(2), 778-782.",CCCn1cc[n+](C)c1C|O=S(=O)([N-]S(=O)(=O)C(F)(F)F)C(F)(F)F,419.369,2.09032,91.19,0,4,4,1,25,0.7,1
CCCCCCCC[P+](CC)(CC)CC.O=[N+]([O-])c1cn[n-]c1,O=[N+]([O-])c1cn[n-]c1,,,278.0,K,"Fillion, J.; Xia, H.; DeSilva, M. A.; Quiroz-Guzman, M.; Brennecke, J. (2016) J. Chem. Eng. Data 61(8), 2897-2914.",CCCCCCCC[P+](CC)(CC)CC.O=[N+]([O-])c1cn[n-]c1|O=[N+]([O-])c1cn[n-]c1,455.5200000000001,5.318200000000005,140.26,0,6,12,2,31,0.7,2
CC[n+]1ccn(C)c1C,O=S(=O)([N-]S(=O)(=O)C(F)(F)F)C(F)(F)F,,,298.1,K,"Fredlake, C. P.; Crosthwaite, J. M.; Hert, D. G.; Aki, S. N. V. K.; Brennecke, J. F. (2004) J. Chem. Eng. Data 49(4), 954-964.",CC[n+]1ccn(C)c1C|O=S(=O)([N-]S(=O)(=O)C(F)(F)F)C(F)(F)F,405.342,1.70022,91.19,0,4,3,1,24,0.6666666666666666,1
CCCC[n+]1ccn(C)c1,N#C[N-]C#N,,,267.1,K,"Fredlake, C. P.; Crosthwaite, J. M.; Hert, D. G.; Aki, S. N. V. K.; Brennecke, J. F. (2004) J. Chem. Eng. Data 49(4), 954-964.",CCCC[n+]1ccn(C)c1|N#C[N-]C#N,205.265,1.43496,70.49,0,2,3,1,15,0.5,1
CCCC[P+](CC)(CC)CC.Cc1ncc([N+](=O)[O-])[n-]1,Cc1ncc([N+](=O)[O-])[n-]1,,,290.0,K,"Fillion, J.; Xia, H.; DeSilva, M. A.; Quiroz-Guzman, M.; Brennecke, J. (2016) J. Chem. Eng. Data 61(8), 2897-2914.",CCCC[P+](CC)(CC)CC.Cc1ncc([N+](=O)[O-])[n-]1|Cc1ncc([N+](=O)[O-])[n-]1,427.4660000000001,4.374640000000005,140.26,0,6,8,2,29,0.6666666666666666,2
CCCC[n+]1ccn(C)c1,F[P-](F)(F)(F)(F)F,,,284.1,K,"Fredlake, C. P.; Crosthwaite, J. M.; Hert, D. G.; Aki, S. N. V. K.; Brennecke, J. F. (2004) J. Chem. Eng. Data 49(4), 954-964.",CCCC[n+]1ccn(C)c1|F[P-](F)(F)(F)(F)F,284.1839999999999,4.4951000000000025,8.809999999999999,0,0,3,1,17,0.625,1
CCCC[n+]1ccn(C)c1,F[P-](F)(F)(F)(F)F,,,281.0,K,"Fox, D. M.; Awad, W. H.; Gilman, J. W.; Maupin, P. H.; De Long, H. C.; Trulov, P. (2003) Green Chem. 5, 724.",CCCC[n+]1ccn(C)c1|F[P-](F)(F)(F)(F)F,284.1839999999999,4.4951000000000025,8.809999999999999,0,0,3,1,17,0.625,1
CCCC[n+]1ccn(C)c1,O=S(=O)([N-]S(=O)(=O)C(F)(F)F)C(F)(F)F,,,271.1,K,"Fredlake, C. P.; Crosthwaite, J. M.; Hert, D. G.; Aki, S. N. V. K.; Brennecke, J. F. (2004) J. Chem. Eng. Data 49(4), 954-964.",CCCC[n+]1ccn(C)c1|O=S(=O)([N-]S(=O)(=O)C(F)(F)F)C(F)(F)F,419.369,2.1720000000000006,91.19,0,4,5,1,25,0.7,1
CCCC[n+]1ccn(C)c1C,F[B-](F)(F)F,,,310.1,K,"Fredlake, C. P.; Crosthwaite, J. M.; Hert, D. G.; Aki, S. N. V. K.; Brennecke, J. F. (2004) J. Chem. Eng. Data 49(4), 954-964.",CCCC[n+]1ccn(C)c1C|F[B-](F)(F)F,240.05299999999997,2.721120000000001,8.809999999999999,0,0,3,1,16,0.6666666666666666,1
[Fe+3],CCCCCC[c-]1c(C)c(C)c(C)c1C.Cc1[cH-]c(C)c(C)c1C.N#C[C](C#N)[C-](C#N)C#N,,,354.05,K,"Funasako, Y.; Abe, A.; Mochida, T. (2012) Thermochim. Acta 532, 78-82.",[Fe+3]|CCCCCC[c-]1c(C)c(C)c(C)c1C.Cc1[cH-]c(C)c(C)c1C.N#C[C](C#N)[C-](C#N)C#N,510.5070000000004,7.62836000000001,95.16,0,4,6,2,35,0.4666666666666667,2
C[N+](C)(C)CCO,O=C([O-])c1ccccc1,,,320.1,K,"Fukaya, Y.; Iizuka, Y.; Sekikawa, K.; Ohno, H. (2007) Green Chem. 9(11), 1155.",C[N+](C)(C)CCO|O=C([O-])c1ccccc1,225.288,-0.2649999999999994,60.36,1,3,3,1,16,0.4166666666666667,1
CCCCCC[n+]1ccn(C)c1,O=S(=O)([O-])C(F)(F)F,,,298.0,K,"Gomez, E.; Calvar, N.; Dominguez, A.; Macedo, E. A. (2013) Ind. Eng. Chem. Res. 52, 2103-2110.",CCCCCC[n+]1ccn(C)c1|O=S(=O)([O-])C(F)(F)F,316.345,1.9443,66.01,0,3,5,1,20,0.7272727272727273,1
C[N+](C)(C)CCO,CC(=O)[O-],,,324.1,K,"Fukaya, Y.; Iizuka, Y.; Sekikawa, K.; Ohno, H. (2007) Green Chem. 9(11), 1155.",C[N+](C)(C)CCO|CC(=O)[O-],163.21699999999998,-1.5588999999999975,60.36,1,3,2,0,11,0.8571428571428571,0
CCCCCCC[N+](CC)(CC)CC,c1c[n-]nn1,,,356.0,K,"Fillion, J.; Xia, H.; DeSilva, M. A.; Quiroz-Guzman, M.; Brennecke, J. (2016) J. Chem. Eng. Data 61(8), 2897-2914.",CCCCCCC[N+](CC)(CC)CC|c1c[n-]nn1,268.449,3.267100000000002,39.88,0,2,9,1,19,0.8666666666666667,1
C[N+](C)(C)CCO,O=C([O-])CO,,,311.1,K,"Fukaya, Y.; Iizuka, Y.; Sekikawa, K.; Ohno, H. (2007) Green Chem. 9(11), 1155.",C[N+](C)(C)CCO|O=C([O-])CO,179.21599999999998,-2.586499999999998,80.59,2,4,3,0,12,0.8571428571428571,0
CCCC[n+]1ccn(C)c1,O=S(=O)([N-]S(=O)(=O)C(F)(F)F)C(F)(F)F,,,269.0,K,"Gomez, E.; Calvar, N.; Dominguez, A.; Macedo, E. A. (2013) Ind. Eng. Chem. Res. 52, 2103-2110.",CCCC[n+]1ccn(C)c1|O=S(=O)([N-]S(=O)(=O)C(F)(F)F)C(F)(F)F,419.369,2.1720000000000006,91.19,0,4,5,1,25,0.7,1
[Fe+3],CCCCCC[c-]1c(C)c(C)c(C)c1C.Cc1[cH-]c(C)c(C)c1C.O=S(=O)([N-]S(=O)(=O)C(F)(F)F)C(F)(F)F,,,300.85,K,"Funasako, Y.; Abe, A.; Mochida, T. (2012) Thermochim. Acta 532, 78-82.",[Fe+3]|CCCCCC[c-]1c(C)c(C)c(C)c1C.Cc1[cH-]c(C)c(C)c1C.O=S(=O)([N-]S(=O)(=O)C(F)(F)F)C(F)(F)F,662.5600000000005,8.457960000000005,82.38,0,4,7,2,40,0.6153846153846154,2
[Fe+3],CCCC[c-]1c(C)c(C)c(C)c1C.Cc1[cH-]c(C)c(C)c1C.O=S(=O)([N-]S(=O)(=O)C(F)(F)F)C(F)(F)F,,,307.55,K,"Funasako, Y.; Abe, A.; Mochida, T. (2012) Thermochim. Acta 532, 78-82.",[Fe+3]|CCCC[c-]1c(C)c(C)c(C)c1C.Cc1[cH-]c(C)c(C)c1C.O=S(=O)([N-]S(=O)(=O)C(F)(F)F)C(F)(F)F,634.5060000000005,7.677760000000007,82.38,0,4,5,2,38,0.5833333333333334,2
CC[n+]1ccn(C)c1,O=S(=O)([N-]S(=O)(=O)C(F)(F)F)C(F)(F)F,,,255.0,K,"Gomez, E.; Calvar, N.; Dominguez, A.; Macedo, E. A. (2013) Ind. Eng. Chem. Res. 52, 2103-2110.",CC[n+]1ccn(C)c1|O=S(=O)([N-]S(=O)(=O)C(F)(F)F)C(F)(F)F,391.315,1.3917999999999997,91.19,0,4,3,1,23,0.625,1
CC[n+]1ccn(C)c1,[Cl-],,,354.0,K,"Ferrara, C.; DallAsta, V.; Berbenni, V.; Quartarone, E.; Mustarelli, P. (2017) J. Phys. Chem. C 121(48), 26607-26614.",CC[n+]1ccn(C)c1|[Cl-],146.62099999999998,-2.663499999999998,8.809999999999999,0,0,1,1,9,0.5,1
CCCCCC[n+]1ccn(C)c1,O=S(=O)([N-]S(=O)(=O)C(F)(F)F)C(F)(F)F,,,269.0,K,"Gomez, E.; Calvar, N.; Dominguez, A.; Macedo, E. A. (2013) Ind. Eng. Chem. Res. 52, 2103-2110.",CCCCCC[n+]1ccn(C)c1|O=S(=O)([N-]S(=O)(=O)C(F)(F)F)C(F)(F)F,447.423,2.952200000000002,91.19,0,4,7,1,27,0.75,1
CC[n+]1ccccc1,O=S(=O)([O-])C(F)(F)F,,,289.0,K,"Garcia-Andreu, M.; Castro, M.; Gascon, I.; Lafuente, C. (2016) J. Chem. Thermodyn. 103, 395-402.",CC[n+]1ccccc1|O=S(=O)([O-])C(F)(F)F,257.23299999999995,1.0454,61.08,0,3,1,1,16,0.375,1
CCCC[P+](CCCC)(CCCC)CCCC,CC(C)[C@H](N)C(=O)[O-],,,298.92,K,"Gardas, R. L.; Ge, R.; Goodrich, P.; Hardacre, C.; Hussain, A.; Rooney, D. W. (2010) J. Chem. Eng. Data 55(4), 1505-1515.",CCCC[P+](CCCC)(CCCC)CCCC|CC(C)[C@H](N)C(=O)[O-],375.5780000000001,4.924000000000003,66.15,1,3,14,0,25,0.9523809523809524,0
CCC[N+]1(C)CCCC1,O=S(=O)([N-]S(=O)(=O)C(F)(F)F)C(F)(F)F,,,283.0,K,"Gomez, E.; Calvar, N.; Dominguez, A.; Macedo, E. A. (2018) Fluid Phase Equilib. 470, 51-59.",CCC[N+]1(C)CCCC1|O=S(=O)([N-]S(=O)(=O)C(F)(F)F)C(F)(F)F,408.386,2.6961000000000013,82.38,0,4,4,0,24,1.0,1
CC[N+]1(C)CCCC1,O=S(=O)([N-]S(=O)(=O)C(F)(F)F)C(F)(F)F,,,362.0,K,"Gomez, E.; Calvar, N.; Dominguez, A.; Macedo, E. A. (2018) Fluid Phase Equilib. 470, 51-59.",CC[N+]1(C)CCCC1|O=S(=O)([N-]S(=O)(=O)C(F)(F)F)C(F)(F)F,394.359,2.306,82.38,0,4,3,0,23,1.0,1
CCCC[P+](CCCC)(CCCC)CCCC,O=S(=O)([N-]S(=O)(=O)C(F)(F)F)C(F)(F)F,,,334.9,K,"Ghorpade, Priyanka R.; Vijayalakshmi, Kunduchi P.; Jagdale, Apeksha S.; Sharma, Geeta K.; Terdale, Santosh S. (2025) J. Chem. Eng. Data 70(7), 2741-2756.",CCCC[P+](CCCC)(CCCC)CCCC|O=S(=O)([N-]S(=O)(=O)C(F)(F)F)C(F)(F)F,539.5850000000002,7.263700000000007,82.38,0,4,14,0,32,1.0,0
CCC[N+]1(C)CCCC1,O=S(=O)([N-]S(=O)(=O)C(F)(F)F)C(F)(F)F,,,284.1,K,"Gonzalez, B.; Gonzalez, E. J. (2014) J. Chem. Thermodyn. 68, 109-116.",CCC[N+]1(C)CCCC1|O=S(=O)([N-]S(=O)(=O)C(F)(F)F)C(F)(F)F,408.386,2.6961000000000013,82.38,0,4,4,0,24,1.0,1
CC[n+]1ccc(C)cc1,O=S(=O)([N-]S(=O)(=O)C(F)(F)F)C(F)(F)F,,,288.0,K,"Gomez, Elena; Requejo, Patricia F.; Dominguez, Angeles; Macedo, Eugenia A. (2020) Fluid Phase Equilib. 519, 112658.",CC[n+]1ccc(C)cc1|O=S(=O)([N-]S(=O)(=O)C(F)(F)F)C(F)(F)F,402.338,2.361720000000001,86.25999999999999,0,4,3,1,24,0.5,1
CCCC[N+]1(C)CCCC1,O=S(=O)([N-]S(=O)(=O)C(F)(F)F)C(F)(F)F,,,262.0,K,"Gomez, E.; Calvar, N.; Dominguez, A.; Macedo, E. A. (2018) Fluid Phase Equilib. 470, 51-59.",CCCC[N+]1(C)CCCC1|O=S(=O)([N-]S(=O)(=O)C(F)(F)F)C(F)(F)F,422.413,3.0862000000000016,82.38,0,4,5,0,25,1.0,1
CCC[n+]1ccccc1C,O=S(=O)([N-]S(=O)(=O)C(F)(F)F)C(F)(F)F,,,289.0,K,"Gomez, Elena; Requejo, Patricia F.; Dominguez, Angeles; Macedo, Eugenia A. (2020) Fluid Phase Equilib. 519, 112658.",CCC[n+]1ccccc1C|O=S(=O)([N-]S(=O)(=O)C(F)(F)F)C(F)(F)F,416.365,2.7518200000000013,86.25999999999999,0,4,4,1,25,0.5454545454545454,1
CCCC[n+]1ccc(C)cc1,O=S(=O)([N-]S(=O)(=O)C(F)(F)F)C(F)(F)F,,,289.0,K,"Gomez, Elena; Requejo, Patricia F.; Dominguez, Angeles; Macedo, Eugenia A. (2020) Fluid Phase Equilib. 519, 112658.",CCCC[n+]1ccc(C)cc1|O=S(=O)([N-]S(=O)(=O)C(F)(F)F)C(F)(F)F,430.392,3.1419200000000025,86.25999999999999,0,4,5,1,26,0.5833333333333334,1
CC[n+]1ccccc1C,O=S(=O)([N-]S(=O)(=O)C(F)(F)F)C(F)(F)F,,,289.0,K,"Gomez, Elena; Requejo, Patricia F.; Dominguez, Angeles; Macedo, Eugenia A. (2020) Fluid Phase Equilib. 519, 112658.",CC[n+]1ccccc1C|O=S(=O)([N-]S(=O)(=O)C(F)(F)F)C(F)(F)F,402.338,2.361720000000001,86.25999999999999,0,4,3,1,24,0.5,1
CCC[n+]1ccc(C)cc1,O=S(=O)([N-]S(=O)(=O)C(F)(F)F)C(F)(F)F,,,301.0,K,"Gomez, Elena; Requejo, Patricia F.; Dominguez, Angeles; Macedo, Eugenia A. (2020) Fluid Phase Equilib. 519, 112658.",CCC[n+]1ccc(C)cc1|O=S(=O)([N-]S(=O)(=O)C(F)(F)F)C(F)(F)F,416.365,2.7518200000000013,86.25999999999999,0,4,4,1,25,0.5454545454545454,1
CCCC[N+]1(C)CCCC1,O=S(=O)([N-]S(=O)(=O)C(F)(F)F)C(F)(F)F,,,253.0,K,"Gomez, E.; Calvar, N.; Dominguez, A.; Macedo, E. A. (2018) Fluid Phase Equilib. 470, 51-59.",CCCC[N+]1(C)CCCC1|O=S(=O)([N-]S(=O)(=O)C(F)(F)F)C(F)(F)F,422.413,3.0862000000000016,82.38,0,4,5,0,25,1.0,1
CC[n+]1ccc(C)cc1,O=S(=O)([N-]S(=O)(=O)C(F)(F)F)C(F)(F)F,,,289.0,K,"Gomez, Elena; Requejo, Patricia F.; Dominguez, Angeles; Macedo, Eugenia A. (2020) Fluid Phase Equilib. 519, 112658.",CC[n+]1ccc(C)cc1|O=S(=O)([N-]S(=O)(=O)C(F)(F)F)C(F)(F)F,402.338,2.361720000000001,86.25999999999999,0,4,3,1,24,0.5,1
CC[N+](C)(CC)CC,COS(=O)(=O)[O-],,,306.0,K,"Gonzalez, B.; Gomez, E.; Dominguez, A.; Vilas, M.; Tojo, E. (2011) J. Chem. Eng. Data 56(1), 14-20.",CC[N+](C)(CC)CC|COS(=O)(=O)[O-],227.326,0.5857000000000003,66.43,0,4,4,0,14,1.0,0
CCCCCCCCCCn1cc[n+](CCCCCCCCCC)c1,Cl[Fe-](Cl)(Cl)Br,,,277.8,K,"Greeson, K. T.; Hall, N. G.; Redeker, N. D.; Marcischak, J. C.; Gilmore, L. V.; Boatz, J. A.; Le, T. C.; Alston, J. R.; Guenthner, A. J.; Ghiassi, K. B. (2018) J. Mol. Liq. 265, 701-710.",CCCCCCCCCCn1cc[n+](CCCCCCCCCC)c1|Cl[Fe-](Cl)(Cl)Br,591.7350000000001,9.968599999999997,8.809999999999999,0,0,18,1,30,0.8695652173913043,1
CCCCCCCCCCCCn1cc[n+](C)c1,Cl[Fe-](Cl)(Cl)Br,,,287.6,K,"Greeson, K. T.; Hall, N. G.; Redeker, N. D.; Marcischak, J. C.; Gilmore, L. V.; Boatz, J. A.; Le, T. C.; Alston, J. R.; Guenthner, A. J.; Ghiassi, K. B. (2018) J. Mol. Liq. 265, 701-710.",CCCCCCCCCCCCn1cc[n+](C)c1|Cl[Fe-](Cl)(Cl)Br,493.546,7.1451000000000064,8.809999999999999,0,0,11,1,23,0.8125,1
CCCC[n+]1ccn(C)c1,[Cl-],,,340.1,K,"Guan, W.; Yang, J. -Z.; Li, L.; Wang, H.; Zhang, Q.-G. (2006) Fluid Phase Equilib. 239(2), 161-165.",CCCC[n+]1ccn(C)c1|[Cl-],174.67499999999998,-1.8832999999999969,8.809999999999999,0,0,3,1,11,0.625,1
CCCCCC[N+](CC)(CC)CC,c1c[n-]nn1,,,333.0,K,"Fillion, J.; Xia, H.; DeSilva, M. A.; Quiroz-Guzman, M.; Brennecke, J. (2016) J. Chem. Eng. Data 61(8), 2897-2914.",CCCCCC[N+](CC)(CC)CC|c1c[n-]nn1,254.422,2.8770000000000016,39.88,0,2,8,1,18,0.8571428571428571,1
Cn1cc[n+](CCOCCOCC[n+]2ccn(C)c2)c1,F[P-](F)(F)(F)(F)F.F[P-](F)(F)(F)(F)F,,,364.0,K,"Guo, J.-r.; Zhuang, L.-H.; Wang, G.; Wang, Y.; Sun, J. (2014) J. Chem. Eng. Data 59(9), 2827-2833.",Cn1cc[n+](CCOCCOCC[n+]2ccn(C)c2)c1|F[P-](F)(F)(F)(F)F.F[P-](F)(F)(F)(F)F,570.296,6.436800000000004,36.08,0,2,9,2,34,0.5714285714285714,2
CCC[S+]1CCCC1,O=S(=O)([N-]S(=O)(=O)C(F)(F)F)C(F)(F)F,,,299.1,K,"Guo, L.; Pan, X.; Zhang, C.; Wang, M.; Cai, M.; Fang, X.; Dai, S. (2011) J. Mol. Liq. 158(2), 75-79.",CCC[S+]1CCCC1|O=S(=O)([N-]S(=O)(=O)C(F)(F)F)C(F)(F)F,411.411,2.8678000000000017,82.38,0,4,4,0,23,1.0,1
Cn1cc[n+](CCOCC[n+]2ccn(C)c2)c1,F[P-](F)(F)(F)(F)F.F[P-](F)(F)(F)(F)F,,,371.1,K,"Guo, J.-r.; Xu, B.; Zhuang, L.-H.; Wang, Y.; Wang, G.-W. (2015) J. Chem. Eng. Data 60(4), 1091-1097.",Cn1cc[n+](CCOCC[n+]2ccn(C)c2)c1|F[P-](F)(F)(F)(F)F.F[P-](F)(F)(F)(F)F,526.2429999999999,6.420200000000004,26.85,0,1,6,2,31,0.5,2
CCCCCCCCCCCCn1cc[n+](CCCCCCCCCCCC)c1,Cl[Fe-](Cl)(Cl)Br,,,298.2,K,"Greeson, K. T.; Hall, N. G.; Redeker, N. D.; Marcischak, J. C.; Gilmore, L. V.; Boatz, J. A.; Le, T. C.; Alston, J. R.; Guenthner, A. J.; Ghiassi, K. B. (2018) J. Mol. Liq. 265, 701-710.",CCCCCCCCCCCCn1cc[n+](CCCCCCCCCCCC)c1|Cl[Fe-](Cl)(Cl)Br,647.8430000000003,11.528999999999986,8.809999999999999,0,0,22,1,34,0.8888888888888888,1
CCCC[N+](CCCC)(CCCC)CCCC,[Cl-],,,348.1,K,"Gu, Yan-Long; Shi, Feng; Deng, You-Quan (2004) Huaxue Xuebao 62(5), 532-536.",CCCC[N+](CCCC)(CCCC)CCCC|[Cl-],277.92399999999986,2.007600000000001,0.0,0,0,12,0,18,1.0,0
CC[N+]1(C)CCCC1,CCOS(=O)(=O)[O-],,,306.0,K,"Gonzalez, B.; Gomez, E.; Dominguez, A.; Vilas, M.; Tojo, E. (2011) J. Chem. Eng. Data 56(1), 14-20.",CC[N+]1(C)CCCC1|CCOS(=O)(=O)[O-],239.337,0.7298000000000002,66.43,0,4,3,0,15,1.0,1
CCCC[n+]1ccn(C)c1,O=S(=O)([O-])O,,,301.9,K,"Grishina, E. P.; Ramenskaya, L. M.; Gruzdev, M. S.; Kraeva, O. V. (2013) J. Mol. Liq. 177, 267-272.",CCCC[n+]1ccn(C)c1|O=S(=O)([O-])O,236.293,0.1173000000000003,86.24000000000001,1,3,3,1,15,0.625,1
C=CC[N+](C)(C)CC,N#C[N-]C#N,,,240.2,K,"Hachicha, R.; Zarrougui, R.; Messaoudi, S.; le Vot, S.; Fontaine, O.; Favier, F.; Ghodbane, O. (2019) J. Mol. Liq. 284, 522-535.",C=CC[N+](C)(C)CC|N#C[N-]C#N,180.255,1.59096,61.68,0,2,3,0,13,0.5555555555555556,0
CCCCCCCCCCCCCC[n+]1ccn(C)c1,O=S(=O)([N-]S(=O)(=O)C(F)(F)F)C(F)(F)F,,,307.5,K,"Hazrati, Nastaran; Abdouss, Majid; Beigi, Ali Akbar Miran; Pasban, Ali Asghar; Rezaei, Mahmoud (2017) J. Chem. Eng. Data 62(10), 3084-3094.",CCCCCCCCCCCCCC[n+]1ccn(C)c1|O=S(=O)([N-]S(=O)(=O)C(F)(F)F)C(F)(F)F,559.6390000000002,6.073000000000007,91.19,0,4,15,1,35,0.85,1
CCCC[n+]1ccn(C)c1,[Cl-],,,314.1,K,"Holbrey, J. D.; Reichert, W. M.; Nieuwenhuyzen, M.; Johnston, S.; Seddon, K. R.; Rogers, R. D. (2003) Chem. Commun. 1636-1637.",CCCC[n+]1ccn(C)c1|[Cl-],174.67499999999998,-1.8832999999999969,8.809999999999999,0,0,3,1,11,0.625,1
CCCCCCCCCCn1cc[n+](C)c1,Cl[Fe-](Cl)(Cl)Br,,,263.8,K,"Greeson, K. T.; Hall, N. G.; Redeker, N. D.; Marcischak, J. C.; Gilmore, L. V.; Boatz, J. A.; Le, T. C.; Alston, J. R.; Guenthner, A. J.; Ghiassi, K. B. (2018) J. Mol. Liq. 265, 701-710.",CCCCCCCCCCn1cc[n+](C)c1|Cl[Fe-](Cl)(Cl)Br,465.492,6.364900000000006,8.809999999999999,0,0,9,1,21,0.7857142857142857,1
C=CC[N+](C)(C)CC,O=S(=O)([O-])C(F)(F)F,,,262.1,K,"Hachicha, R.; Zarrougui, R.; Messaoudi, S.; le Vot, S.; Fontaine, O.; Favier, F.; Ghodbane, O. (2019) J. Mol. Liq. 284, 522-535.",C=CC[N+](C)(C)CC|O=S(=O)([O-])C(F)(F)F,263.28099999999995,1.3201,57.2,0,3,3,0,16,0.75,0
CCCCCCCCCC[n+]1ccn(C)c1,[Cl-],,,302.1,K,"Hazrati, Nastaran; Abdouss, Majid; Beigi, Ali Akbar Miran; Pasban, Ali Asghar; Rezaei, Mahmoud (2017) J. Chem. Eng. Data 62(10), 3084-3094.",CCCCCCCCCC[n+]1ccn(C)c1|[Cl-],258.837,0.4573000000000009,8.809999999999999,0,0,9,1,17,0.7857142857142857,1
CC[n+]1ccn(C)c1,N#C[N-]C#N,,,263.6,K,"Huang, Q.; Loureno, T. C.; Costa, L. T.; Zhang, Y.; Maginn, E. J.; Gurkan, B. (2019) J. Phys. Chem. B 123(2), 516-527.",CC[n+]1ccn(C)c1|N#C[N-]C#N,177.211,0.6547599999999998,70.49,0,2,1,1,13,0.375,1
CCCC[n+]1ccn(C)c1,[Br-],,,346.1,K,"Hu, H.-C.; Soriano, A. N.; Leron, R. B.; Li, M.-H. (2011) Thermochim. Acta 519(1-2), 44-9.",CCCC[n+]1ccn(C)c1|[Br-],219.126,-1.8832999999999969,8.809999999999999,0,0,3,1,11,0.625,1
C=CC[N+](C)(C)CC,O=S(=O)([N-]S(=O)(=O)C(F)(F)F)C(F)(F)F,,,284.1,K,"Hachicha, R.; Zarrougui, R.; Messaoudi, S.; le Vot, S.; Fontaine, O.; Favier, F.; Ghodbane, O. (2019) J. Mol. Liq. 284, 522-535.",C=CC[N+](C)(C)CC|O=S(=O)([N-]S(=O)(=O)C(F)(F)F)C(F)(F)F,394.359,2.3280000000000003,82.38,0,4,5,0,23,0.7777777777777778,0
CC[n+]1ccn(C)c1,O=S(=O)([N-]S(=O)(=O)C(F)(F)F)C(F)(F)F,,,266.4,K,"Hofmann, A.; Migeot, M.; Hanemann, T. (2016) J. Chem. Eng. Data 61(1), 114-123.",CC[n+]1ccn(C)c1|O=S(=O)([N-]S(=O)(=O)C(F)(F)F)C(F)(F)F,391.315,1.3917999999999997,91.19,0,4,3,1,23,0.625,1
C[N+](C)(C)CCO,Cc1cccc(Nc2ccccc2C(=O)[O-])c1C,,,348.0,K,"Halayqa, Mohammad; Pobudkowska, Aneta; Domanska, Urszula; Zawadzki, Maciej (2018) Eur. J. Pharm. Sci. 111, 270-277.",C[N+](C)(C)CCO|Cc1cccc(Nc2ccccc2C(=O)[O-])c1C,344.4550000000001,2.0954399999999995,72.39,2,4,5,2,25,0.35,2
CC[N+]1(C)CCCC1,O=S(=O)([N-]S(=O)(=O)C(F)(F)F)C(F)(F)F,,,363.1,K,"Henderson, W. A.; Passerini, S. (2004) Chem. Mater. 16, 2881-2885.",CC[N+]1(C)CCCC1|O=S(=O)([N-]S(=O)(=O)C(F)(F)F)C(F)(F)F,394.359,2.306,82.38,0,4,3,0,23,1.0,1
CCC[N+]1(C)CCCC1,O=S(=O)([N-]S(=O)(=O)C(F)(F)F)C(F)(F)F,,,281.6,K,"Huang, Q.; Lee, Y.-Y.; Gurkan, B. (2019) Ind. Eng. Chem. Res. 58(50), 22587-22597.",CCC[N+]1(C)CCCC1|O=S(=O)([N-]S(=O)(=O)C(F)(F)F)C(F)(F)F,408.386,2.6961000000000013,82.38,0,4,4,0,24,1.0,1
CCC[N+]1(C)CCCC1,O=S(=O)([N-]S(=O)(=O)C(F)(F)F)C(F)(F)F,,,281.1,K,"Henderson, W. A.; Passerini, S. (2004) Chem. Mater. 16, 2881-2885.",CCC[N+]1(C)CCCC1|O=S(=O)([N-]S(=O)(=O)C(F)(F)F)C(F)(F)F,408.386,2.6961000000000013,82.38,0,4,4,0,24,1.0,1
CCCCCCCC[N+](CCCCCCCC)(CCCCCCCC)CCCCCCCCCC,O1c2ccccc2C(=O)O[B-]13Oc2ccccc2C(=O)O3,,,285.6,K,"Gusain, R.; Bakshi, P. S.; Panda, S.; Sharma, O. P.; Gardas, R.; Khatri, O. P. (2017) Phys. Chem. Chem. Phys. 19(9), 6433-6442.",CCCCCCCC[N+](CCCCCCCC)(CCCCCCCC)CCCCCCCCCC|O1c2ccccc2C(=O)O[B-]13Oc2ccccc2C(=O)O3,777.9810000000007,13.946199999999973,71.06,0,6,30,2,56,0.7083333333333334,4
CCCCCCCCCC[n+]1ccn(C)c1,O=S(=O)([N-]S(=O)(=O)C(F)(F)F)C(F)(F)F,,,276.2,K,"Hazrati, Nastaran; Abdouss, Majid; Beigi, Ali Akbar Miran; Pasban, Ali Asghar; Rezaei, Mahmoud (2017) J. Chem. Eng. Data 62(10), 3084-3094.",CCCCCCCCCC[n+]1ccn(C)c1|O=S(=O)([N-]S(=O)(=O)C(F)(F)F)C(F)(F)F,503.53100000000006,4.512600000000004,91.19,0,4,11,1,31,0.8125,1
CCCCCCCCCCCC[n+]1ccn(C)c1,[Cl-],,,369.4,K,"Hazrati, Nastaran; Abdouss, Majid; Beigi, Ali Akbar Miran; Pasban, Ali Asghar; Rezaei, Mahmoud (2017) J. Chem. Eng. Data 62(10), 3084-3094.",CCCCCCCCCCCC[n+]1ccn(C)c1|[Cl-],286.891,1.2375,8.809999999999999,0,0,11,1,19,0.8125,1
CCCC[n+]1ccn(C)c1,[Cl-],,,339.1,K,"Holbrey, J. D.; Reichert, W. M.; Nieuwenhuyzen, M.; Johnston, S.; Seddon, K. R.; Rogers, R. D. (2003) Chem. Commun. 1636-1637.",CCCC[n+]1ccn(C)c1|[Cl-],174.67499999999998,-1.8832999999999969,8.809999999999999,0,0,3,1,11,0.625,1
CCCCCCCCCCCC[n+]1ccn(C)c1,O=S(=O)([N-]S(=O)(=O)C(F)(F)F)C(F)(F)F,,,295.6,K,"Hazrati, Nastaran; Abdouss, Majid; Beigi, Ali Akbar Miran; Pasban, Ali Asghar; Rezaei, Mahmoud (2017) J. Chem. Eng. Data 62(10), 3084-3094.",CCCCCCCCCCCC[n+]1ccn(C)c1|O=S(=O)([N-]S(=O)(=O)C(F)(F)F)C(F)(F)F,531.5850000000002,5.292800000000005,91.19,0,4,13,1,33,0.8333333333333334,1
CCCCCCCCn1cc[n+](C)c1,O=S(=O)([N-]S(=O)(=O)C(F)(F)F)C(F)(F)F,,,249.81,K,"Hughes, T. J.; Syed, T.; Graham, B. F.; Marsh, K. N.; May, E. F. (2011) J. Chem. Eng. Data 56(5), 2153-2159.",CCCCCCCCn1cc[n+](C)c1|O=S(=O)([N-]S(=O)(=O)C(F)(F)F)C(F)(F)F,475.4770000000001,3.732400000000004,91.19,0,4,9,1,29,0.7857142857142857,1
CCCC[N+]1(C)CCCC1,O=S(=O)([N-]S(=O)(=O)C(F)(F)F)C(F)(F)F,,,270.1,K,"Henderson, W. A.; Passerini, S. (2004) Chem. Mater. 16, 2881-2885.",CCCC[N+]1(C)CCCC1|O=S(=O)([N-]S(=O)(=O)C(F)(F)F)C(F)(F)F,422.413,3.0862000000000016,82.38,0,4,5,0,25,1.0,1
CCCC[n+]1ccn(C)c1C,F[P-](F)(F)(F)(F)F,,,311.1,K,"Hu, H.-C.; Soriano, A. N.; Leron, R. B.; Li, M.-H. (2011) Thermochim. Acta 519(1-2), 44-9.",CCCC[n+]1ccn(C)c1C|F[P-](F)(F)(F)(F)F,298.2109999999999,4.803520000000003,8.809999999999999,0,0,3,1,18,0.6666666666666666,1
CCCCCCCC[N+](CCCCCCCC)(CCCCCCCC)CCCCCC,O1c2ccccc2C(=O)O[B-]13Oc2ccccc2C(=O)O3,,,285.6,K,"Gusain, R.; Bakshi, P. S.; Panda, S.; Sharma, O. P.; Gardas, R.; Khatri, O. P. (2017) Phys. Chem. Chem. Phys. 19(9), 6433-6442.",CCCCCCCC[N+](CCCCCCCC)(CCCCCCCC)CCCCCC|O1c2ccccc2C(=O)O[B-]13Oc2ccccc2C(=O)O3,721.8730000000005,12.385799999999982,71.06,0,6,26,2,52,0.6818181818181818,4
CCCC[P+](CC)(CCCC)CCCC,CCCCCCCCCCCCCCCCC(=O)[O-],,,251.8,K,"Huang, Y.; Ke, T.; Ke, Y.; Ren, Q.; Yang, Q.; Xing, H. (2018) Ind. Eng. Chem. Res. 57(40), 13519-13527.",CCCC[P+](CC)(CCCC)CCCC|CCCCCCCCCCCCCCCCC(=O)[O-],500.8330000000006,10.031899999999998,40.13,0,2,25,0,34,0.967741935483871,0
CC[n+]1ccn(C)c1,[I-],,,352.1,K,"Javed, M. N.; Hashmi, I. A.; Muhammad, S.; Bari, A.; Musharraf, S. G.; Mahmood, S. J.; Javed, S.; Ali, F. I.; Rafique, F.; Ilyas, M. A.; Waseem, W. A. (2021) J. Mol. Liq. 336, 116329.",CC[n+]1ccn(C)c1|[I-],238.072,-2.663499999999998,8.809999999999999,0,0,1,1,9,0.5,1
CCCC[n+]1ccn(C)c1,F[P-](F)(F)(F)(F)F,,,283.1,K,"Huddleston, J. G.; Visser, A. E.; Reichert, W. M.; Willauer, H. D.; Broker, G. A.; Rogers, R. D. (2001) Green Chem. 2001(3), 156-164.",CCCC[n+]1ccn(C)c1|F[P-](F)(F)(F)(F)F,284.1839999999999,4.4951000000000025,8.809999999999999,0,0,3,1,17,0.625,1
CCCC[n+]1ccn(C)c1C,F[B-](F)(F)F,,,305.1,K,"Hu, H.-C.; Soriano, A. N.; Leron, R. B.; Li, M.-H. (2011) Thermochim. Acta 519(1-2), 44-9.",CCCC[n+]1ccn(C)c1C|F[B-](F)(F)F,240.05299999999997,2.721120000000001,8.809999999999999,0,0,3,1,16,0.6666666666666666,1
CCCCCC[n+]1ccn(C)c1,O=S(=O)([N-]S(=O)(=O)C(F)(F)F)C(F)(F)F,,,271.45,K,"Hughes, T. J.; Syed, T.; Graham, B. F.; Marsh, K. N.; May, E. F. (2011) J. Chem. Eng. Data 56(5), 2153-2159.",CCCCCC[n+]1ccn(C)c1|O=S(=O)([N-]S(=O)(=O)C(F)(F)F)C(F)(F)F,447.423,2.952200000000002,91.19,0,4,7,1,27,0.75,1
CCC[S+]1CCCCC1,O=S(=O)([N-]S(=O)(=O)C(F)(F)F)C(F)(F)F,,,303.1,K,"Guo, L.; Pan, X.; Zhang, C.; Wang, M.; Cai, M.; Fang, X.; Dai, S. (2011) J. Mol. Liq. 158(2), 75-79.",CCC[S+]1CCCCC1|O=S(=O)([N-]S(=O)(=O)C(F)(F)F)C(F)(F)F,425.438,3.257900000000003,82.38,0,4,4,0,24,1.0,1
Cn1cc[n+](Cc2ccc(C[n+]3ccn(C)c3)cc2)c1,O=S(=O)([N-]S(=O)(=O)C(F)(F)F)C(F)(F)F.O=S(=O)([N-]S(=O)(=O)C(F)(F)F)C(F)(F)F,,,338.1,K,"Haddad, B.; Paolone, A.; Villemin, D.; Lohier, J.-F.; Drai, M.; Bresson, S.; Abbas, O.; Belarbi, E.-h. (2018) J. Mol. Liq. 260, 391-402.",Cn1cc[n+](Cc2ccc(C[n+]3ccn(C)c3)cc2)c1|O=S(=O)([N-]S(=O)(=O)C(F)(F)F)C(F)(F)F.O=S(=O)([N-]S(=O)(=O)C(F)(F)F)C(F)(F)F,828.6580000000005,3.1538000000000013,182.38,0,8,8,3,50,0.4,3
CCCC[n+]1ccn(C)c1,[Cl-],,,342.8,K,"Kalinyuk, D.A.; Druzhinina, A.I.; Tiflova, L.A.; Dorofeeva, O.V.; Golubev, Y.V.; Iliyn, D. Yu; Semavin, K.D.; Chilingarov, N.S. (2023) J. Chem. Thermodyn. 179, 107000.",CCCC[n+]1ccn(C)c1|[Cl-],174.67499999999998,-1.8832999999999969,8.809999999999999,0,0,3,1,11,0.625,1
COCC[N+]1(C)CCCC1,F[P-](F)(F)(F)(F)F,,,307.0,K,"Kakinuma, S.; Shirota, H. (2019) J. Phys. Chem. B 123(6), 1307-1323.",COCC[N+]1(C)CCCC1|F[P-](F)(F)(F)(F)F,289.19999999999993,4.255600000000004,9.23,0,1,3,0,17,1.0,1
CCCC[N+]1(C)CCCC1,O=S(=O)([N-]S(=O)(=O)C(F)(F)F)C(F)(F)F,,,264.0,K,"Kakinuma, S.; Shirota, H. (2019) J. Phys. Chem. B 123(6), 1307-1323.",CCCC[N+]1(C)CCCC1|O=S(=O)([N-]S(=O)(=O)C(F)(F)F)C(F)(F)F,422.413,3.0862000000000016,82.38,0,4,5,0,25,1.0,1
CC[n+]1ccn(C)c1,CS(=O)(=O)[O-],,,313.01,K,"Kalinyuk, D.A.; Druzhinina, A.I.; Tiflova, L.A.; Semavin, K.D.; Golubev, Ya.V.; Chilingarov, N.S. (2024) J. Chem. Thermodyn. 199, 107351.",CC[n+]1ccn(C)c1|CS(=O)(=O)[O-],206.267,-0.5061000000000002,66.01,0,3,1,1,13,0.5714285714285714,1
CCC[N+]1(C)CCCC1,CC(=O)[O-],,,289.8,K,"Kasprzak, D.; Stepniak, I.; Galinski, M. (2018) J. Mol. Liq. 264, 233-241.",CCC[N+]1(C)CCCC1|CC(=O)[O-],187.283,0.3929999999999998,40.13,0,2,2,0,13,0.9,1
CCCCCCCC[n+]1csc2ccccc21,F[P-](F)(F)(F)(F)F,,,334.22,K,"Jia, C.; Cao, Y.; Zuo, T.; Hu, R.; Yao, T.; Song, H. (2015) J. Chem. Eng. Data 60(4), 999-1005.",CCCCCCCC[n+]1csc2ccccc21|F[P-](F)(F)(F)(F)F,393.377,7.931700000000005,3.88,0,1,7,2,24,0.5333333333333333,2
CCCC[S+]1CCCCC1,O=S(=O)([N-]S(=O)(=O)C(F)(F)F)C(F)(F)F,,,263.1,K,"Guo, L.; Pan, X.; Zhang, C.; Wang, M.; Cai, M.; Fang, X.; Dai, S. (2011) J. Mol. Liq. 158(2), 75-79.",CCCC[S+]1CCCCC1|O=S(=O)([N-]S(=O)(=O)C(F)(F)F)C(F)(F)F,439.465,3.6480000000000032,82.38,0,4,5,0,25,1.0,1
CCCC[N+](CCCC)(CCCC)CCCC,[Cl-],,,349.1,K,"Kabachnik, M. I.; Zakharov, L. S.; Kudryavtsev, I. Yu. (1989) Izv. Akad. Nauk SSSR, Ser. Khim. No. 12, 2789-92.",CCCC[N+](CCCC)(CCCC)CCCC|[Cl-],277.92399999999986,2.007600000000001,0.0,0,0,12,0,18,1.0,0
CCCC[n+]1ccn(C)c1C,[Cl-],,,365.9,K,"Kato, H.; Miki, K.; Mukai, T.; Nishikawa, K.; Koga, Y. (2009) J. Phys. Chem. B 113, 14754-14760.",CCCC[n+]1ccn(C)c1C|[Cl-],188.702,-1.5748799999999976,8.809999999999999,0,0,3,1,12,0.6666666666666666,1
CCCC[N+]1(C)CCCC1,O=S(=O)([O-])C(F)(F)F,,,264.0,K,"Kakinuma, S.; Shirota, H. (2019) J. Phys. Chem. B 123(6), 1307-1323.",CCCC[N+]1(C)CCCC1|O=S(=O)([O-])C(F)(F)F,291.3349999999999,2.0783000000000005,57.2,0,3,3,0,18,1.0,1
CCCC[N+]1(CC)CCCC1,CCOS(=O)(=O)[O-],,,326.0,K,"Gonzalez, B.; Gomez, E.; Dominguez, A.; Vilas, M.; Tojo, E. (2011) J. Chem. Eng. Data 56(1), 14-20.",CCCC[N+]1(CC)CCCC1|CCOS(=O)(=O)[O-],281.41799999999995,1.9001000000000003,66.43,0,4,6,0,18,1.0,1
CC[n+]1ccn(C)c1,[Cl-],,,361.4,K,"Kalinyuk, D.A.; Druzhinina, A.I.; Tiflova, L.A.; Dorofeeva, O.V.; Golubev, Y.V.; Iliyn, D. Yu; Semavin, K.D.; Chilingarov, N.S. (2023) J. Chem. Thermodyn. 179, 107000.",CC[n+]1ccn(C)c1|[Cl-],146.62099999999998,-2.663499999999998,8.809999999999999,0,0,1,1,9,0.5,1
CCCC[N+]1(C)CCCC1,O=S(=O)([N-]S(=O)(=O)C(F)(F)C(F)(F)F)C(F)(F)C(F)(F)F,,,279.0,K,"Kakinuma, S.; Shirota, H. (2019) J. Phys. Chem. B 123(6), 1307-1323.",CCCC[N+]1(C)CCCC1|O=S(=O)([N-]S(=O)(=O)C(F)(F)C(F)(F)F)C(F)(F)C(F)(F)F,522.427,4.356800000000004,82.38,0,4,7,0,31,1.0,1
CCCC[N+]1(C)CCCC1,FC(F)(F)C(F)(F)[P-](F)(F)(F)(C(F)(F)C(F)(F)F)C(F)(F)C(F)(F)F,,,276.0,K,"Kakinuma, S.; Shirota, H. (2019) J. Phys. Chem. B 123(6), 1307-1323.",CCCC[N+]1(C)CCCC1|FC(F)(F)C(F)(F)[P-](F)(F)(F)(C(F)(F)C(F)(F)F)C(F)(F)C(F)(F)F,587.27,9.2211,0.0,0,0,6,0,35,1.0,1
CCCC[N+]1(C)CCCC1,N#C[N-]C#N,,,228.0,K,"Kakinuma, S.; Shirota, H. (2019) J. Phys. Chem. B 123(6), 1307-1323.",CCCC[N+]1(C)CCCC1|N#C[N-]C#N,208.309,2.3491600000000004,61.68,0,2,3,0,15,0.8181818181818182,1
CCCC[n+]1ccn(C)c1,CS(=O)(=O)[O-],,,349.13,K,"Kalinyuk, D.A.; Druzhinina, A.I.; Tiflova, L.A.; Semavin, K.D.; Golubev, Ya.V.; Chilingarov, N.S. (2024) J. Chem. Thermodyn. 199, 107351.",CCCC[n+]1ccn(C)c1|CS(=O)(=O)[O-],234.321,0.2741000000000002,66.01,0,3,3,1,15,0.6666666666666666,1
CCCCCC[n+]1csc2ccccc21,F[P-](F)(F)(F)(F)F,,,358.79,K,"Jia, C.; Cao, Y.; Zuo, T.; Hu, R.; Yao, T.; Song, H. (2015) J. Chem. Eng. Data 60(4), 999-1005.",CCCCCC[n+]1csc2ccccc21|F[P-](F)(F)(F)(F)F,365.323,7.151500000000005,3.88,0,1,5,2,22,0.4615384615384615,2
CCC[N+](C)(CCC)CCC,O=S(=O)([N-]S(=O)(=O)C(F)(F)F)C(F)(F)F,,,319.1,K,"Katsuta, S.; Shiozawa, Y.; Imai, K.; Kudo, Y.; Takeda, Y. (2010) J. Chem. Eng. Data 55(4), 1588-1593.",CCC[N+](C)(CCC)CCC|O=S(=O)([N-]S(=O)(=O)C(F)(F)F)C(F)(F)F,438.456,3.7223000000000033,82.38,0,4,8,0,26,1.0,0
CCCCCCC[n+]1csc2ccccc21,F[P-](F)(F)(F)(F)F,,,359.3,K,"Jia, C.; Cao, Y.; Zuo, T.; Hu, R.; Yao, T.; Song, H. (2015) J. Chem. Eng. Data 60(4), 999-1005.",CCCCCCC[n+]1csc2ccccc21|F[P-](F)(F)(F)(F)F,379.35,7.541600000000005,3.88,0,1,6,2,23,0.5,2
CCC[N+]1(C)CCCCC1,O=S(=O)([N-]S(=O)(=O)C(F)(F)F)C(F)(F)F,,,285.1,K,"Katsuta, S.; Shiozawa, Y.; Imai, K.; Kudo, Y.; Takeda, Y. (2010) J. Chem. Eng. Data 55(4), 1588-1593.",CCC[N+]1(C)CCCCC1|O=S(=O)([N-]S(=O)(=O)C(F)(F)F)C(F)(F)F,422.413,3.0862000000000016,82.38,0,4,4,0,25,1.0,1
Cn1cc[n+](CCCC[n+]2ccn(C)c2)c1,CS(=O)(=O)[O-].CS(=O)(=O)[O-],,,226.36,K,"Khan, A. S.; Man, Z.; Arvina, A.; Bustam, M. A.; Nasrullah, A.; Ullah, Z.; Sarwono, A.; Muhammad, N. (2017) J. Mol. Liq. 227, 98-105.",Cn1cc[n+](CCCC[n+]2ccn(C)c2)c1|CS(=O)(=O)[O-].CS(=O)(=O)[O-],410.5180000000002,-1.2581999999999958,132.01999999999998,0,6,5,2,26,0.5714285714285714,2
CCCCCCCCCCCC[N+](C)(C)C12CC3CC(CC(C3)C1)C2,O=S(=O)([N-]S(=O)(=O)C(F)(F)F)C(F)(F)F,,,319.4,K,"Kawai, R.; Yada, S.; Yoshimura, T. (2019) J. Mol. Liq. 294, 111586.",CCCCCCCCCCCC[N+](C)(C)C12CC3CC(CC(C3)C1)C2|O=S(=O)([N-]S(=O)(=O)C(F)(F)F)C(F)(F)F,628.7860000000005,8.01180000000001,82.38,0,4,14,0,40,1.0,4
CCCCCCCC[N+](C)(C)C12CC3CC(CC(C3)C1)C2,O=S(=O)([N-]S(=O)(=O)C(F)(F)F)C(F)(F)F,,,311.9,K,"Kawai, R.; Yada, S.; Yoshimura, T. (2019) J. Mol. Liq. 294, 111586.",CCCCCCCC[N+](C)(C)C12CC3CC(CC(C3)C1)C2|O=S(=O)([N-]S(=O)(=O)C(F)(F)F)C(F)(F)F,572.6780000000003,6.4514000000000085,82.38,0,4,10,0,36,1.0,4
COCC[N+]1(C)CCCC1,O=S(=O)(F)[N-]S(=O)(=O)F,,,275.0,K,"Kakinuma, S.; Shirota, H. (2019) J. Phys. Chem. B 123(6), 1307-1323.",COCC[N+]1(C)CCCC1|O=S(=O)(F)[N-]S(=O)(=O)F,324.371,0.6618999999999997,91.61,0,5,5,0,19,1.0,1
COCC[N+]1(C)CCCC1,F[B-](F)(F)F,,,286.0,K,"Kakinuma, S.; Shirota, H. (2019) J. Phys. Chem. B 123(6), 1307-1323.",COCC[N+]1(C)CCCC1|F[B-](F)(F)F,231.04199999999997,2.1732,9.23,0,1,3,0,15,1.0,1
CCCC[n+]1ccn(C)c1,O=S(=O)([N-]S(=O)(=O)C(F)(F)F)C(F)(F)F,,,270.1,K,"Katsuta, S.; Shiozawa, Y.; Imai, K.; Kudo, Y.; Takeda, Y. (2010) J. Chem. Eng. Data 55(4), 1588-1593.",CCCC[n+]1ccn(C)c1|O=S(=O)([N-]S(=O)(=O)C(F)(F)F)C(F)(F)F,419.369,2.1720000000000006,91.19,0,4,5,1,25,0.7,1
CCCC[N+]1(C)CCCC1,O=S1(=O)[N-]S(=O)(=O)C(F)(F)C(F)(F)C1(F)F,,,292.0,K,"Kakinuma, S.; Shirota, H. (2019) J. Phys. Chem. B 123(6), 1307-1323.",CCCC[N+]1(C)CCCC1|O=S1(=O)[N-]S(=O)(=O)C(F)(F)C(F)(F)C1(F)F,434.424,2.8811000000000018,82.38,0,4,3,0,26,1.0,2
CCC[N+](C)(C)C,O=S(=O)([N-]S(=O)(=O)C(F)(F)F)C(F)(F)F,,,292.1,K,"Katsuta, S.; Shiozawa, Y.; Imai, K.; Kudo, Y.; Takeda, Y. (2010) J. Chem. Eng. Data 55(4), 1588-1593.",CCC[N+](C)(C)C|O=S(=O)([N-]S(=O)(=O)C(F)(F)F)C(F)(F)F,382.348,2.1619,82.38,0,4,4,0,22,1.0,0
CCCCCC[N+](C)(C)C12CC3CC(CC(C3)C1)C2,O=S(=O)(F)[N-]S(=O)(=O)F,,,340.8,K,"Kawai, R.; Yada, S.; Yoshimura, T. (2019) J. Mol. Liq. 294, 111586.",CCCCCC[N+](C)(C)C12CC3CC(CC(C3)C1)C2|O=S(=O)(F)[N-]S(=O)(=O)F,444.61000000000007,4.400600000000004,82.38,0,4,8,0,28,1.0,4
CCCCCCCCCC[N+](C)(C)C12CC3CC(CC(C3)C1)C2,O=S(=O)(F)[N-]S(=O)(=O)F,,,365.9,K,"Kawai, R.; Yada, S.; Yoshimura, T. (2019) J. Mol. Liq. 294, 111586.",CCCCCCCCCC[N+](C)(C)C12CC3CC(CC(C3)C1)C2|O=S(=O)(F)[N-]S(=O)(=O)F,500.71800000000025,5.961000000000007,82.38,0,4,12,0,32,1.0,4
CCCn1c(C)cc(C)[n+]1C,O=S(=O)([N-]S(=O)(=O)C(F)(F)F)C(F)(F)F,,,290.1,K,"Katsuta, S.; Shiozawa, Y.; Imai, K.; Kudo, Y.; Takeda, Y. (2010) J. Chem. Eng. Data 55(4), 1588-1593.",CCCn1c(C)cc(C)[n+]1C|O=S(=O)([N-]S(=O)(=O)C(F)(F)F)C(F)(F)F,433.396,2.398740000000001,91.19,0,4,4,1,26,0.7272727272727273,1
CC[n+]1ccn(C)c1,[Cl-],,,361.75,K,"Kick, M.; Keil, P.; Konig, A. (2013) Fluid Phase Equilib. 338, 172-178.",CC[n+]1ccn(C)c1|[Cl-],146.62099999999998,-2.663499999999998,8.809999999999999,0,0,1,1,9,0.5,1
CCCC[N+](C)(C)C12CC3CC(CC(C3)C1)C2,O=S(=O)([N-]S(=O)(=O)C(F)(F)F)C(F)(F)F,,,326.8,K,"Kawai, R.; Yada, S.; Yoshimura, T. (2019) J. Mol. Liq. 294, 111586.",CCCC[N+](C)(C)C12CC3CC(CC(C3)C1)C2|O=S(=O)([N-]S(=O)(=O)C(F)(F)F)C(F)(F)F,516.57,4.891000000000005,82.38,0,4,6,0,32,1.0,4
CCCCCCCCCCCCCCn1cc[n+](C)c1,[Br-],,,328.1,K,"Kaur, J.; Farzeen, R.; Pathania, S.; Banipal, T. S.; Singh, M.; Lal, M.; Thakur, N.; Upadhyaya, S. K.; Kishore, K. (2024) Chem. Thermodyn. Therm. Anal. 16, 100146.",CCCCCCCCCCCCCCn1cc[n+](C)c1|[Br-],359.396,2.0177,8.809999999999999,0,0,13,1,21,0.8333333333333334,1
C[N+](C)(C)C12CC3CC(CC(C3)C1)C2,O=S(=O)([N-]S(=O)(=O)C(F)(F)F)C(F)(F)F,,,370.35,K,"Kawai, R.; Yada, S.; Yoshimura, T. (2019) J. Mol. Liq. 294, 111586.",C[N+](C)(C)C12CC3CC(CC(C3)C1)C2|O=S(=O)([N-]S(=O)(=O)C(F)(F)F)C(F)(F)F,474.489,3.720700000000003,82.38,0,4,3,0,29,1.0,4
C[N+](C)(C)C12CC3CC(CC(C3)C1)C2,O=S(=O)(F)[N-]S(=O)(=O)F,,,351.45,K,"Kawai, R.; Yada, S.; Yoshimura, T. (2019) J. Mol. Liq. 294, 111586.",C[N+](C)(C)C12CC3CC(CC(C3)C1)C2|O=S(=O)(F)[N-]S(=O)(=O)F,374.475,2.450100000000001,82.38,0,4,3,0,23,1.0,4
CCCCCCCCCCCCCCCC[n+]1ccn(C)c1,[Br-],,,340.1,K,"Kaur, J.; Farzeen, R.; Pathania, S.; Banipal, T. S.; Singh, M.; Lal, M.; Thakur, N.; Upadhyaya, S. K.; Kishore, K. (2024) Chem. Thermodyn. Therm. Anal. 16, 100146.",CCCCCCCCCCCCCCCC[n+]1ccn(C)c1|[Br-],387.44999999999993,2.7979000000000003,8.809999999999999,0,0,15,1,23,0.85,1
CCCCCCCC[N+](C)(C)C12CC3CC(CC(C3)C1)C2,O=S(=O)(F)[N-]S(=O)(=O)F,,,349.4,K,"Kawai, R.; Yada, S.; Yoshimura, T. (2019) J. Mol. Liq. 294, 111586.",CCCCCCCC[N+](C)(C)C12CC3CC(CC(C3)C1)C2|O=S(=O)(F)[N-]S(=O)(=O)F,472.6640000000002,5.180800000000006,82.38,0,4,10,0,30,1.0,4
CCCCCC[N+](C)(C)C,O=S(=O)([N-]S(=O)(=O)C(F)(F)F)C(F)(F)F,,,301.9,K,"Kawai, R.; Yada, S.; Yoshimura, T. (2019) J. Mol. Liq. 294, 111586.",CCCCCC[N+](C)(C)C|O=S(=O)([N-]S(=O)(=O)C(F)(F)F)C(F)(F)F,424.429,3.332200000000002,82.38,0,4,7,0,25,1.0,0
C[N+]1(CCCC#N)CCOCC1,N#C[C-](C#N)C#N,,,325.5,K,"Krolikowski, Marek; Wieckowski, Mikolaj; Zawadzki, Maciej (2020) J. Chem. Thermodyn. 149, 106149.",C[N+]1(CCCC#N)CCOCC1|N#C[C-](C#N)C#N,259.313,0.8986100000000001,104.39,0,5,3,0,19,0.6153846153846154,1
CCCC[N+](C)(C)C12CC3CC(CC(C3)C1)C2,O=S(=O)(F)[N-]S(=O)(=O)F,,,338.4,K,"Kawai, R.; Yada, S.; Yoshimura, T. (2019) J. Mol. Liq. 294, 111586.",CCCC[N+](C)(C)C12CC3CC(CC(C3)C1)C2|O=S(=O)(F)[N-]S(=O)(=O)F,416.556,3.6204000000000023,82.38,0,4,6,0,26,1.0,4
CCCCCCCCCC[N+](C)(C)C12CC3CC(CC(C3)C1)C2,O=S(=O)([N-]S(=O)(=O)C(F)(F)F)C(F)(F)F,,,324.4,K,"Kawai, R.; Yada, S.; Yoshimura, T. (2019) J. Mol. Liq. 294, 111586.",CCCCCCCCCC[N+](C)(C)C12CC3CC(CC(C3)C1)C2|O=S(=O)([N-]S(=O)(=O)C(F)(F)F)C(F)(F)F,600.7320000000004,7.231600000000009,82.38,0,4,12,0,38,1.0,4
Cn1cc[n+](CCCC[n+]2ccn(C)c2)c1,Cc1ccc(S(=O)(=O)[O-])cc1.Cc1ccc(S(=O)(=O)[O-])cc1,,,254.69,K,"Khan, A. S.; Man, Z.; Arvina, A.; Bustam, M. A.; Nasrullah, A.; Ullah, Z.; Sarwono, A.; Muhammad, N. (2017) J. Mol. Liq. 227, 98-105.",Cn1cc[n+](CCCC[n+]2ccn(C)c2)c1|Cc1ccc(S(=O)(=O)[O-])cc1.Cc1ccc(S(=O)(=O)[O-])cc1,562.7140000000003,2.2172400000000003,132.01999999999998,0,6,7,4,38,0.3076923076923077,4
Cn1cc[n+](CCCC[n+]2ccn(C)c2)c1,O=S(=O)([O-])O.O=S(=O)([O-])O,,,228.93,K,"Khan, A. S.; Man, Z.; Arvina, A.; Bustam, M. A.; Nasrullah, A.; Ullah, Z.; Sarwono, A.; Muhammad, N. (2017) J. Mol. Liq. 227, 98-105.",Cn1cc[n+](CCCC[n+]2ccn(C)c2)c1|O=S(=O)([O-])O.O=S(=O)([O-])O,414.46200000000016,-1.5717999999999952,172.48,2,6,5,2,26,0.5,2
CCCC[n+]1ccn(C)c1,[Cl-],,,342.95,K,"Kick, M.; Keil, P.; Konig, A. (2013) Fluid Phase Equilib. 338, 172-178.",CCCC[n+]1ccn(C)c1|[Cl-],174.67499999999998,-1.8832999999999969,8.809999999999999,0,0,3,1,11,0.625,1
Cn1cc[n+](CCCC[n+]2ccn(C)c2)c1,O=S(=O)([O-])C(F)(F)F.O=S(=O)([O-])C(F)(F)F,,,215.95,K,"Khan, A. S.; Man, Z.; Arvina, A.; Bustam, M. A.; Nasrullah, A.; Ullah, Z.; Sarwono, A.; Muhammad, N. (2017) J. Mol. Liq. 227, 98-105.",Cn1cc[n+](CCCC[n+]2ccn(C)c2)c1|O=S(=O)([O-])C(F)(F)F.O=S(=O)([O-])C(F)(F)F,518.4580000000002,0.5217999999999998,132.01999999999998,0,6,5,2,32,0.5714285714285714,2
CCCCCC[N+](C)(C)C12CC3CC(CC(C3)C1)C2,O=S(=O)([N-]S(=O)(=O)C(F)(F)F)C(F)(F)F,,,303.8,K,"Kawai, R.; Yada, S.; Yoshimura, T. (2019) J. Mol. Liq. 294, 111586.",CCCCCC[N+](C)(C)C12CC3CC(CC(C3)C1)C2|O=S(=O)([N-]S(=O)(=O)C(F)(F)F)C(F)(F)F,544.6240000000001,5.671200000000006,82.38,0,4,8,0,34,1.0,4
CC[n+]1ccn(C)c1,[Cl-],,,360.1,K,"Koel, M. (2000) Eesti NSV Tead. Akad. Toim., Keem. 49, 145-155.",CC[n+]1ccn(C)c1|[Cl-],146.62099999999998,-2.663499999999998,8.809999999999999,0,0,1,1,9,0.5,1
CC[n+]1ccn(C)c1,Cl[Al-](Cl)(Cl)Cl,,,279.6,K,"Keil, P.; Konig, A. (2011) Thermochim. Acta 524(1-2), 202-4.",CC[n+]1ccn(C)c1|Cl[Al-](Cl)(Cl)Cl,279.962,2.7097000000000007,8.809999999999999,0,0,1,1,13,0.5,1
CCCC[N+]1(C)CCCC1,N#C[B-](C#N)(C#N)C#N,,,292.85,K,"Krolikowska, M. (2014) Fluid Phase Equilib. 361, 273-281.",CCCC[N+]1(C)CCCC1|N#C[B-](C#N)(C#N)C#N,257.15,1.71322,95.16,0,4,3,0,19,0.6923076923076923,1
CCCn1cc[n+](C)c1,[Cl-],,,335.1,K,"Koel, M. (2000) Eesti NSV Tead. Akad. Toim., Keem. 49, 145-155.",CCCn1cc[n+](C)c1|[Cl-],160.64799999999997,-2.273399999999997,8.809999999999999,0,0,2,1,10,0.5714285714285714,1
CCCC[N+]1(C)CCCC1,O=S(=O)([O-])C(F)(F)F,,,277.78,K,"Krolikowska, M. (2014) Fluid Phase Equilib. 361, 273-281.",CCCC[N+]1(C)CCCC1|O=S(=O)([O-])C(F)(F)F,291.3349999999999,2.0783000000000005,57.2,0,3,3,0,18,1.0,1
CCCC[n+]1ccn(C)c1,[Br-],,,352.1,K,"Krolikowski, Marek; Krolikowska, Marta; Lipinska, Aleksandra (2018) J. Chem. Thermodyn. 122, 142-153.",CCCC[n+]1ccn(C)c1|[Br-],219.126,-1.8832999999999969,8.809999999999999,0,0,3,1,11,0.625,1
CCCC[N+]1(C)CCCC1,N#C[B-](C#N)(C#N)C#N,,,292.77,K,"Krolikowska, M. (2014) Fluid Phase Equilib. 361, 273-281.",CCCC[N+]1(C)CCCC1|N#C[B-](C#N)(C#N)C#N,257.15,1.71322,95.16,0,4,3,0,19,0.6923076923076923,1
CCCCC[N+](C)(C)CC,O=S(=O)([N-]S(=O)(=O)C(F)(F)F)C(F)(F)F,,,265.1,K,"Le, M. L. P.; Tran, N. A.; Ngo, H. P. K.; Nguyen, T. G.; Tran, V. M. (2015) J. Solution Chem. 44, 2332-2343.",CCCCC[N+](C)(C)CC|O=S(=O)([N-]S(=O)(=O)C(F)(F)F)C(F)(F)F,424.429,3.332200000000002,82.38,0,4,7,0,25,1.0,0
CCCCCCCC/C=C\CCCCCCCC[n+]1ccn(C)c1,O=S(=O)([N-]S(=O)(=O)C(F)(F)F)C(F)(F)F,,,252.25,K,"Langham, J. V.; O'Brien, R. A.; Davis, J. H. J.; West, K. N. (2016) J. Phys. Chem. B 120, 10524-10530.",CCCCCCCC/C=C\CCCCCCCC[n+]1ccn(C)c1|O=S(=O)([N-]S(=O)(=O)C(F)(F)F)C(F)(F)F,613.7310000000002,7.409400000000008,91.19,0,4,18,1,39,0.7916666666666666,1
CCCC[N+](C)(C)CCO,[Br-],,,385.1,K,"Krolikowska, M.; Zawadzki, M.; Skonieczny, M. (2018) J. Mol. Liq. 265, 316-326.",CCCC[N+](C)(C)CCO|[Br-],226.158,-2.140799999999996,20.23,1,1,5,0,11,1.0,0
CCCCCCCC[N+](C)(C)C,O=S(=O)([N-]S(=O)(=O)C(F)(F)F)C(F)(F)F,,,280.1,K,"Le, M. L. P.; Tran, N. A.; Ngo, H. P. K.; Nguyen, T. G.; Tran, V. M. (2015) J. Solution Chem. 44, 2332-2343.",CCCCCCCC[N+](C)(C)C|O=S(=O)([N-]S(=O)(=O)C(F)(F)F)C(F)(F)F,452.48300000000006,4.112400000000004,82.38,0,4,9,0,27,1.0,0
CCCC[N+](C)(C)C,O=S(=O)([N-]S(=O)(=O)C(F)(F)F)C(F)(F)F,,,290.1,K,"Le, M. L. P.; Tran, N. A.; Ngo, H. P. K.; Nguyen, T. G.; Tran, V. M. (2015) J. Solution Chem. 44, 2332-2343.",CCCC[N+](C)(C)C|O=S(=O)([N-]S(=O)(=O)C(F)(F)F)C(F)(F)F,396.375,2.5520000000000014,82.38,0,4,5,0,23,1.0,0
CC[N+]1=C2CCCCCN2CCC1,N#C[S-],,,313.1,K,"Lethesh, K. C.; Shah, S. N.; Mutalib, M. I. A. (2014) J. Chem. Eng. Data 59(6), 1788-1795.",CC[N+]1=C2CCCCCN2CCC1|N#C[S-],239.388,1.71138,30.04,0,3,1,0,16,0.8333333333333334,2
CCCC[N+]1(C)CCCC1,N#C[C-](C#N)C#N,,,266.52,K,"Krolikowska, M. (2014) Fluid Phase Equilib. 361, 273-281.",CCCC[N+]1(C)CCCC1|N#C[C-](C#N)C#N,232.331,2.15853,71.37,0,3,3,0,17,0.6923076923076923,1
CCCC[N+](CCCC)(CCCC)CCCC.C1=C(C=C(C(=C1[N+](=O)[O-])[O-])[N+](=O)[O-])[N+](=O)[O-],C1=C(C=C(C(=C1[N+](=O)[O-])[O-])[N+](=O)[O-])[N+](=O)[O-],,,363.85,K,"Kumar, A. (1993) J. Am. Chem. Soc. 115(20), 9243-9248.",CCCC[N+](CCCC)(CCCC)CCCC.C1=C(C=C(C(=C1[N+](=O)[O-])[O-])[N+](=O)[O-])[N+](=O)[O-]|C1=C(C=C(C(=C1[N+](=O)[O-])[O-])[N+](=O)[O-])[N+](=O)[O-],698.6630000000001,5.973200000000007,304.96,0,14,18,2,49,0.5714285714285714,2
CC[N+]1(C)CCCC1,CCOS(=O)(=O)[O-],,,310.07,K,"Krolikowska, M.; Lipinski, P.; Maik, D. (2014) Thermochim. Acta 582, 1-9.",CC[N+]1(C)CCCC1|CCOS(=O)(=O)[O-],239.337,0.7298000000000002,66.43,0,4,3,0,15,1.0,1
CCCC[N+](C)(CC)CC,O=S(=O)([N-]S(=O)(=O)C(F)(F)F)C(F)(F)F,,,283.4,K,"Le, M. L. P.; Tran, N. A.; Ngo, H. P. K.; Nguyen, T. G.; Tran, V. M. (2015) J. Solution Chem. 44, 2332-2343.",CCCC[N+](C)(CC)CC|O=S(=O)([N-]S(=O)(=O)C(F)(F)F)C(F)(F)F,424.429,3.332200000000002,82.38,0,4,7,0,25,1.0,0
CCC[N+](C)(CC)CCC,O=S(=O)([N-]S(=O)(=O)C(F)(F)F)C(F)(F)F,,,288.1,K,"Le, M. L. P.; Tran, N. A.; Ngo, H. P. K.; Nguyen, T. G.; Tran, V. M. (2015) J. Solution Chem. 44, 2332-2343.",CCC[N+](C)(CC)CCC|O=S(=O)([N-]S(=O)(=O)C(F)(F)F)C(F)(F)F,424.429,3.332200000000002,82.38,0,4,7,0,25,1.0,0
C[n+]1ccn(CC(F)(F)F)c1,O=S(=O)([N-]S(=O)(=O)C(F)(F)F)C(F)(F)F,,,251.2,K,"Le, M. L. P.; Tran, N. A.; Ngo, H. P. K.; Nguyen, T. G.; Tran, V. M. (2015) J. Solution Chem. 44, 2332-2343.",C[n+]1ccn(CC(F)(F)F)c1|O=S(=O)([N-]S(=O)(=O)C(F)(F)F)C(F)(F)F,445.285,1.9342,91.19,0,4,3,1,26,0.625,1
CCC[N+](C)(C)CC,O=S(=O)([N-]S(=O)(=O)C(F)(F)F)C(F)(F)F,,,261.1,K,"Le, L. T.M.; Vo, T. D.; Ngo, K. H.P.; Okada, S.; Alloin, F.; Garg, A.; Le, P. M.L. (2018) J. Mol. Liq. 271, 769-777.",CCC[N+](C)(C)CC|O=S(=O)([N-]S(=O)(=O)C(F)(F)F)C(F)(F)F,396.375,2.5520000000000005,82.38,0,4,5,0,23,1.0,0
CCCC[N+](C)(C)CC,O=S(=O)([N-]S(=O)(=O)C(F)(F)F)C(F)(F)F,,,263.1,K,"Le, L. T.M.; Vo, T. D.; Ngo, K. H.P.; Okada, S.; Alloin, F.; Garg, A.; Le, P. M.L. (2018) J. Mol. Liq. 271, 769-777.",CCCC[N+](C)(C)CC|O=S(=O)([N-]S(=O)(=O)C(F)(F)F)C(F)(F)F,410.402,2.9421000000000017,82.38,0,4,6,0,24,1.0,0
CCCCCC[N+](C)(C)C,O=S(=O)([N-]S(=O)(=O)C(F)(F)F)C(F)(F)F,,,305.2,K,"Le, M. L. P.; Tran, N. A.; Ngo, H. P. K.; Nguyen, T. G.; Tran, V. M. (2015) J. Solution Chem. 44, 2332-2343.",CCCCCC[N+](C)(C)C|O=S(=O)([N-]S(=O)(=O)C(F)(F)F)C(F)(F)F,424.429,3.332200000000002,82.38,0,4,7,0,25,1.0,0
CC[n+]1ccn(C)c1,N#Cc1ccc[n-]1,,,212.3,K,"Lee, Y.-Y.; Penley, D.; Klemm, A.; Dean, W.; Gurkan, B. (2021) ACS Sustainable Chem. Eng. 9(3), 1090-1098.",CC[n+]1ccn(C)c1|N#Cc1ccc[n-]1,202.261,0.8479799999999998,46.7,0,1,1,2,15,0.2727272727272727,2
CCCC[N+]1=C2CCCCCN2CCC1,[Br-],,,355.1,K,"Lethesh, K. C.; Shah, S. N.; Mutalib, M. I. A. (2014) J. Chem. Eng. Data 59(6), 1788-1795.",CCCC[N+]1=C2CCCCCN2CCC1|[Br-],289.261,-0.5187999999999973,6.25,0,1,3,0,16,0.9230769230769232,2
CCCC[N+]1=C2CCCCCN2CCC1,N#C[S-],,,323.1,K,"Lethesh, K. C.; Shah, S. N.; Mutalib, M. I. A. (2014) J. Chem. Eng. Data 59(6), 1788-1795.",CCCC[N+]1=C2CCCCCN2CCC1|N#C[S-],267.44199999999995,2.491580000000001,30.04,0,3,3,0,18,0.8571428571428571,2
CCCCCCCCCCCCCC[N+]1=C2CCCCCN2CCC1,N#C[S-],,,321.1,K,"Lethesh, K. C.; Shah, S. N.; Mutalib, M. I. A. (2014) J. Chem. Eng. Data 59(6), 1788-1795.",CCCCCCCCCCCCCC[N+]1=C2CCCCCN2CCC1|N#C[S-],407.7120000000002,6.392580000000007,30.04,0,3,13,0,28,0.9166666666666666,2
N#CCCC[n+]1ccccc1,N#C[C-](C#N)C#N,,,305.2,K,"Krolikowski, Marek; Wieckowski, Mikolaj; Zawadzki, Maciej (2020) J. Chem. Thermodyn. 149, 106149.",N#CCCC[n+]1ccccc1|N#C[C-](C#N)C#N,237.266,1.40951,99.04,0,4,3,1,18,0.2307692307692307,1
CCCCn1cc[n+](C)c1,Cl[Fe-](Cl)(Cl)Cl,,,264.86,K,"Li, X.; Zhou, Q.; Lu, X.; Zhang, S. (2017) J. Mol. Liq. 243, 285-292.",CCCCn1cc[n+](C)c1|Cl[Fe-](Cl)(Cl)Cl,336.8789999999999,3.8682000000000034,8.809999999999999,0,0,3,1,15,0.625,1
CCCCCCCC[N+](CC)(CC)CC,F[P-](F)(F)(F)(F)F,,,361.45,K,"Li, H.; Zhao, G.; Liu, F.; Zhang, S. (2013) J. Chem. Eng. Data 58(6), 1505-1515.",CCCCCCCC[N+](CC)(CC)CC|F[P-](F)(F)(F)(F)F,359.3789999999999,7.6058000000000066,0.0,0,0,10,0,22,1.0,0
CCCC[n+]1ccccc1,O=S(=O)([N-]S(=O)(=O)C(F)(F)F)C(F)(F)F,,,299.1,K,"Liu, Q.-S.; Yang, M.; Yan, P.-F.; Liu, X.-M.; Tan, Z.-C.; Welz-Biermann, U. (2010) J. Chem. Eng. Data 55(11), 4928-4930.",CCCC[n+]1ccccc1|O=S(=O)([N-]S(=O)(=O)C(F)(F)F)C(F)(F)F,416.365,2.8335000000000017,86.25999999999999,0,4,5,1,25,0.5454545454545454,1
COCC[n+]1ccn(C)c1,[Cl-],,,340.1,K,"Liu, Q.; Janssen, M. H. A.; Rantwijk, F. v.; Sheldon, R. A. (2005) Green Chem. 7(1), 39-42.",COCC[n+]1ccn(C)c1|[Cl-],176.647,-3.0369999999999973,18.04,0,1,3,1,11,0.5714285714285714,1
CCCCCCCC[N+](CC)(CC)CC,F[Sb-](F)(F)(F)(F)F,,,346.75,K,"Li, H.; Zhao, G.; Liu, F.; Zhang, S. (2013) J. Chem. Eng. Data 58(6), 1505-1515.",CCCCCCCC[N+](CC)(CC)CC|F[Sb-](F)(F)(F)(F)F,450.1649999999999,6.363800000000007,0.0,0,0,10,0,22,1.0,0
C[N+](C)(C)CCO,CC(=O)[O-],,,340.75,K,"Lopes, J. M.; Paninho, A. B.; Molho, M. F.; Nunes, A. V. M.; Rocha, A.; Lourenco, N. M. T.; Najdanovic-Visak, V. (2013) J. Chem. Thermodyn. 67, 99-105.",C[N+](C)(C)CCO|CC(=O)[O-],163.21699999999998,-1.5588999999999975,60.36,1,3,2,0,11,0.8571428571428571,0
CCCCCCCCCC[n+]1ccn(C)c1,[Br-],,,303.1,K,"Luo, Huimin; Huang, Jing-Fang; Dai, Sheng (2008) Sep. Sci. Technol. 43(9-10), 2473-2488.",CCCCCCCCCC[n+]1ccn(C)c1|[Br-],303.288,0.4573000000000009,8.809999999999999,0,0,9,1,17,0.7857142857142857,1
CC[N+](CC)(CC)CC,F[P-](F)(F)(F)(F)F,,,350.25,K,"Li, H.; Zhao, G.; Liu, F.; Zhang, S. (2013) J. Chem. Eng. Data 58(6), 1505-1515.",CC[N+](CC)(CC)CC|F[P-](F)(F)(F)(F)F,275.2169999999999,5.265200000000004,0.0,0,0,4,0,16,1.0,0
CC[N+]1(C)CCCC1,O=S(=O)([N-]S(=O)(=O)C(F)(F)F)C(F)(F)F,,,359.1,K,"MacFarlane, D. R.; Meakin, P.; Sun, J.; Amini, N.; Forsyth, M. (1999) J. Phys. Chem. B 103, 4164-4170.",CC[N+]1(C)CCCC1|O=S(=O)([N-]S(=O)(=O)C(F)(F)F)C(F)(F)F,394.359,2.306,82.38,0,4,3,0,23,1.0,1
CCCCC[n+]1ccccc1,O=S(=O)([N-]S(=O)(=O)C(F)(F)F)C(F)(F)F,,,272.8,K,"Liu, Q.-S.; Yang, M.; Yan, P.-F.; Liu, X.-M.; Tan, Z.-C.; Welz-Biermann, U. (2010) J. Chem. Eng. Data 55(11), 4928-4930.",CCCCC[n+]1ccccc1|O=S(=O)([N-]S(=O)(=O)C(F)(F)F)C(F)(F)F,430.39200000000005,3.223600000000002,86.25999999999999,0,4,6,1,26,0.5833333333333334,1
CCCCCC[n+]1ccccc1,O=S(=O)([N-]S(=O)(=O)C(F)(F)F)C(F)(F)F,,,276.4,K,"Liu, Q.-S.; Yang, M.; Li, P.-P.; Sun, S.-S.; Welz-Biermann, U.; Tan, Z.-C.; Zhang, Q.-G. (2011) J. Chem. Eng. Data 56(11), 4094-4101.",CCCCCC[n+]1ccccc1|O=S(=O)([N-]S(=O)(=O)C(F)(F)F)C(F)(F)F,444.419,3.6137000000000032,86.25999999999999,0,4,7,1,27,0.6153846153846154,1
CCCC[N+]1(C)CCCC1,O=S(=O)([N-]S(=O)(=O)C(F)(F)F)C(F)(F)F,,,255.1,K,"MacFarlane, D. R.; Meakin, P.; Amini, N.; Forsyth, M. (2001) J. Phys.: Condens. Matter 13, 8257-8267.",CCCC[N+]1(C)CCCC1|O=S(=O)([N-]S(=O)(=O)C(F)(F)F)C(F)(F)F,422.413,3.0862000000000016,82.38,0,4,5,0,25,1.0,1
CC[n+]1ccn(C)c1,O=S(=O)([N-]S(=O)(=O)C(F)(F)F)C(F)(F)F,,,256.9,K,"Lourenco, C.; Melo, C. I.; Bogel-Lukasik, R.; Bogel-Lukasik, E. (2012) J. Chem. Eng. Data 57(5), 1525-1533.",CC[n+]1ccn(C)c1|O=S(=O)([N-]S(=O)(=O)C(F)(F)F)C(F)(F)F,391.315,1.3917999999999997,91.19,0,4,3,1,23,0.625,1
CC[n+]1ccccc1,O=S(=O)([N-]S(=O)(=O)C(F)(F)F)C(F)(F)F,,,303.6,K,"Liu, Q.-S.; Yang, M.; Yan, P.-F.; Liu, X.-M.; Tan, Z.-C.; Welz-Biermann, U. (2010) J. Chem. Eng. Data 55(11), 4928-4930.",CC[n+]1ccccc1|O=S(=O)([N-]S(=O)(=O)C(F)(F)F)C(F)(F)F,388.3109999999999,2.053300000000001,86.25999999999999,0,4,3,1,23,0.4444444444444444,1
CCC[n+]1ccccc1,O=S(=O)([N-]S(=O)(=O)C(F)(F)F)C(F)(F)F,,,317.6,K,"Liu, Q.-S.; Yang, M.; Li, P.-P.; Sun, S.-S.; Welz-Biermann, U.; Tan, Z.-C.; Zhang, Q.-G. (2011) J. Chem. Eng. Data 56(11), 4094-4101.",CCC[n+]1ccccc1|O=S(=O)([N-]S(=O)(=O)C(F)(F)F)C(F)(F)F,402.338,2.4434000000000005,86.25999999999999,0,4,4,1,24,0.5,1
COC[n+]1ccn(C)c1,[Cl-],,,340.1,K,"Liu, Q.; Janssen, M. H. A.; Rantwijk, F. v.; Sheldon, R. A. (2005) Green Chem. 7(1), 39-42.",COC[n+]1ccn(C)c1|[Cl-],162.61999999999998,-3.0794999999999977,18.04,0,1,2,1,10,0.5,1
CCC[N+]1(C)CCCC1,O=S(=O)([N-]S(=O)(=O)C(F)(F)F)C(F)(F)F,,,285.1,K,"MacFarlane, D. R.; Meakin, P.; Amini, N.; Forsyth, M. (2001) J. Phys.: Condens. Matter 13, 8257-8267.",CCC[N+]1(C)CCCC1|O=S(=O)([N-]S(=O)(=O)C(F)(F)F)C(F)(F)F,408.386,2.6961000000000013,82.38,0,4,4,0,24,1.0,1
CCCC[n+]1ccn(C)c1,O=S(=O)([N-]S(=O)(=O)C(F)(F)F)C(F)(F)F,,,272.1,K,"MacFarlane, D. R.; Meakin, P.; Amini, N.; Forsyth, M. (2001) J. Phys.: Condens. Matter 13, 8257-8267.",CCCC[n+]1ccn(C)c1|O=S(=O)([N-]S(=O)(=O)C(F)(F)F)C(F)(F)F,419.369,2.1720000000000006,91.19,0,4,5,1,25,0.7,1
C[n+]1ccn(CCCCn2cc[n+](C)c2)c1,F[B-](F)(F)F.F[B-](F)(F)F,,,353.6,K,"Liu, J.; Yang, W.; Li, Z.; Ren, F.; Hao, H. (2020) J. Mol. Liq. 307, 112994.",C[n+]1ccn(CCCCn2cc[n+](C)c2)c1|F[B-](F)(F)F.F[B-](F)(F)F,393.928,3.019000000000001,17.619999999999997,0,0,5,2,26,0.5,2
CCCCCC[N+](CC)(CC)CC,F[B-](F)(F)F,,,361.35,K,"Li, H.; Zhao, G.; Liu, F.; Zhang, S. (2013) J. Chem. Eng. Data 58(6), 1505-1515.",CCCCCC[N+](CC)(CC)CC|F[B-](F)(F)F,273.167,4.743200000000005,0.0,0,0,8,0,18,1.0,0
CCCCC[N+]1(C)CCCC1,O=S(=O)([N-]S(=O)(=O)C(F)(F)F)C(F)(F)F,,,281.1,K,"MacFarlane, D. R.; Meakin, P.; Amini, N.; Forsyth, M. (2001) J. Phys.: Condens. Matter 13, 8257-8267.",CCCCC[N+]1(C)CCCC1|O=S(=O)([N-]S(=O)(=O)C(F)(F)F)C(F)(F)F,436.44,3.476300000000003,82.38,0,4,6,0,26,1.0,1
CC[n+]1ccn(C)c1,CS(=O)(=O)[O-],,,307.8,K,"Lozano-Martin, D.; Vieira, S. I. C.; Paredes, X.; Lourenco, M. J. V.; Nieto de Castro, C. A.; Sengers, J. V.; Massonne, K. (2020) Molecules 25, 42902020.",CC[n+]1ccn(C)c1|CS(=O)(=O)[O-],206.267,-0.5061000000000002,66.01,0,3,1,1,13,0.5714285714285714,1
CCCn1cc[n+](CCCC[n+]2ccn(CCC)c2)c1,[Br-].[Br-],,,351.9,K,"Liu, J.; Yang, W.; Li, Z.; Ren, F.; Hao, H. (2020) J. Mol. Liq. 307, 112994.",CCCn1cc[n+](CCCC[n+]2ccn(CCC)c2)c1|[Br-].[Br-],436.23599999999993,-3.826999999999994,17.619999999999997,0,0,9,2,22,0.625,2
CCCCCC[N+]1(C)CCCC1,O=S(=O)([N-]S(=O)(=O)C(F)(F)F)C(F)(F)F,,,276.1,K,"MacFarlane, D. R.; Meakin, P.; Amini, N.; Forsyth, M. (2001) J. Phys.: Condens. Matter 13, 8257-8267.",CCCCCC[N+]1(C)CCCC1|O=S(=O)([N-]S(=O)(=O)C(F)(F)F)C(F)(F)F,450.467,3.866400000000003,82.38,0,4,7,0,27,1.0,1
COC[n+]1ccn(C)c1,F[P-](F)(F)(F)(F)F,,,341.1,K,"Liu, Q.; Janssen, M. H. A.; Rantwijk, F. v.; Sheldon, R. A. (2005) Green Chem. 7(1), 39-42.",COC[n+]1ccn(C)c1|F[P-](F)(F)(F)(F)F,272.1289999999999,3.298900000000001,18.04,0,1,2,1,16,0.5,1
C[n+]1ccn(CCCCn2cc[n+](C)c2)c1,O=S(=O)([N-]S(=O)(=O)C(F)(F)F)C(F)(F)F.O=S(=O)([N-]S(=O)(=O)C(F)(F)F)C(F)(F)F,,,329.3,K,"Liu, J.; Yang, W.; Li, Z.; Ren, F.; Hao, H. (2020) J. Mol. Liq. 307, 112994.",C[n+]1ccn(CCCCn2cc[n+](C)c2)c1|O=S(=O)([N-]S(=O)(=O)C(F)(F)F)C(F)(F)F.O=S(=O)([N-]S(=O)(=O)C(F)(F)F)C(F)(F)F,780.6140000000004,2.5376000000000003,182.38,0,8,9,2,46,0.625,2
CC[N+]1(C)CCCC1,O=S(=O)([N-]S(=O)(=O)C(F)(F)F)C(F)(F)F,,,361.1,K,"MacFarlane, D. R.; Meakin, P.; Amini, N.; Forsyth, M. (2001) J. Phys.: Condens. Matter 13, 8257-8267.",CC[N+]1(C)CCCC1|O=S(=O)([N-]S(=O)(=O)C(F)(F)F)C(F)(F)F,394.359,2.306,82.38,0,4,3,0,23,1.0,1
CCCCCCC[N+](CCCCCCC)(CCCCCCC)CCCCCCC,[Br-],,,361.1,K,"Ma, G.; Zhou, Y.; Su, T.; Wei, W.; Gong, Y.; Hu, X.; Hong, Y.; Su, Y.; Wang, H.; Lia, J. (2016) J. Supercrit. Fluids 107, 370-376.",CCCCCCC[N+](CCCCCCC)(CCCCCCC)CCCCCCC|[Br-],490.6990000000004,6.688800000000007,0.0,0,0,24,0,30,1.0,0
CCC[N+](C)(C)CC,O=S(=O)([N-]S(=O)(=O)C(F)(F)F)C(F)(F)F,,,263.1,K,"MacFarlane, D. R.; Meakin, P.; Amini, N.; Forsyth, M. (2001) J. Phys.: Condens. Matter 13, 8257-8267.",CCC[N+](C)(C)CC|O=S(=O)([N-]S(=O)(=O)C(F)(F)F)C(F)(F)F,396.375,2.5520000000000005,82.38,0,4,5,0,23,1.0,0
CCCC[N+](C)(C)C,O=S(=O)([N-]S(=O)(=O)C(F)(F)F)C(F)(F)F,,,289.1,K,"MacFarlane, D. R.; Meakin, P.; Amini, N.; Forsyth, M. (2001) J. Phys.: Condens. Matter 13, 8257-8267.",CCCC[N+](C)(C)C|O=S(=O)([N-]S(=O)(=O)C(F)(F)F)C(F)(F)F,396.375,2.5520000000000014,82.38,0,4,5,0,23,1.0,0
CCCCC[N+](C)(C)CC,O=S(=O)([N-]S(=O)(=O)C(F)(F)F)C(F)(F)F,,,266.7,K,"Makino, T.; Kanakubo, M.; Umecky, T.; Suzuki, A. (2013) J. Chem. Eng. Data 58(2), 370-376.",CCCCC[N+](C)(C)CC|O=S(=O)([N-]S(=O)(=O)C(F)(F)F)C(F)(F)F,424.429,3.332200000000002,82.38,0,4,7,0,25,1.0,0
CC[n+]1ccccc1,N#C[N-]C#N,,,240.0,K,"Ma, X.-X.; Wei, J.; Guan, W.; Pan, Y.; Zheng, L.; Wu, Y.; Yang, J.-Z. (2015) J. Chem. Thermodyn. 89, 51-59.",CC[n+]1ccccc1|N#C[N-]C#N,174.207,1.3162600000000002,65.56,0,2,1,1,13,0.2222222222222222,1
COCC[N+]1(C)CCCC1,FC(F)(F)C(F)(F)[P-](F)(F)(F)(C(F)(F)C(F)(F)F)C(F)(F)C(F)(F)F,,,273.3,K,"Marciniak, A.; Krolikowski, M. (2012) J. Chem. Thermodyn. 49, 154-158.",COCC[N+]1(C)CCCC1|FC(F)(F)C(F)(F)[P-](F)(F)(F)(C(F)(F)C(F)(F)F)C(F)(F)C(F)(F)F,589.2420000000001,8.067400000000005,9.23,0,1,6,0,35,1.0,1
CCCCCC[N+]12CCN(CC1)CC2,O=S(=O)([N-]S(=O)(=O)C(F)(F)F)C(F)(F)F,,,309.0,K,"Marcinkowski, L.; Kloskowski, A.; Namiesnik, J. (2014) J. Chem. Eng. Data 59(3), 585-591.",CCCCCC[N+]12CCN(CC1)CC2|O=S(=O)([N-]S(=O)(=O)C(F)(F)F)C(F)(F)F,477.493,2.772000000000001,85.62,0,5,7,0,29,1.0,3
CCCC[N+](CCCC)(CCCC)CCCC,[Cl-],,,344.3,K,"Martins, Monia A. R.; Silva, Liliana P.; Jorge, Patricia S.; Abranches, Dinis O.; Pinho, Simao P.; Coutinho, Joao A. P. (2021) Eur. J. Pharm. Sci. 156, 105583.",CCCC[N+](CCCC)(CCCC)CCCC|[Cl-],277.92399999999986,2.007600000000001,0.0,0,0,12,0,18,1.0,0
CCCC[N+](C)(C)CCC,O=S(=O)([N-]S(=O)(=O)C(F)(F)F)C(F)(F)F,,,293.1,K,"MacFarlane, D. R.; Meakin, P.; Amini, N.; Forsyth, M. (2001) J. Phys.: Condens. Matter 13, 8257-8267.",CCCC[N+](C)(C)CCC|O=S(=O)([N-]S(=O)(=O)C(F)(F)F)C(F)(F)F,424.429,3.332200000000002,82.38,0,4,7,0,25,1.0,0
CC[n+]1ccn(C)c1,O=S(=O)([N-]S(=O)(=O)C(F)(F)F)C(F)(F)F,,,257.1,K,"MacFarlane, D. R.; Meakin, P.; Amini, N.; Forsyth, M. (2001) J. Phys.: Condens. Matter 13, 8257-8267.",CC[n+]1ccn(C)c1|O=S(=O)([N-]S(=O)(=O)C(F)(F)F)C(F)(F)F,391.315,1.3917999999999997,91.19,0,4,3,1,23,0.625,1
Cn1cc[n+](CCCO)c1,CCCCCCCCCCCCCCCC(=O)[O-],,,331.4,K,"Mezzetta, A.; Luczak, J.; Woch, J.; Chiappe, C.; Nowicki, J.; Guazzelli, L. (2019) J. Mol. Liq. 289, 111155.",Cn1cc[n+](CCCO)c1|CCCCCCCCCCCCCCCC(=O)[O-],396.6160000000002,3.912600000000003,69.17,1,3,17,1,28,0.8260869565217391,1
CCCC[N+](CCCC)(CCCC)CCCC,[Cl-],,,327.1,K,"McMichael, Kirk D.; Clement, Robert A. (1961) J. Org. Chem. 26, 620-621.",CCCC[N+](CCCC)(CCCC)CCCC|[Cl-],277.92399999999986,2.007600000000001,0.0,0,0,12,0,18,1.0,0
Cn1cc[n+](CCO)c1,CCCCCCCCCCCCCCCC(=O)[O-],,,335.6,K,"Mezzetta, A.; Luczak, J.; Woch, J.; Chiappe, C.; Nowicki, J.; Guazzelli, L. (2019) J. Mol. Liq. 289, 111155.",Cn1cc[n+](CCO)c1|CCCCCCCCCCCCCCCC(=O)[O-],382.5890000000002,3.5225000000000017,69.17,1,3,16,1,27,0.8181818181818182,1
CC[n+]1ccn(C)c1,CCCCCCCCCCCCCCCCCC(=O)[O-],,,333.9,K,"Mezzetta, A.; Luczak, J.; Woch, J.; Chiappe, C.; Nowicki, J.; Guazzelli, L. (2019) J. Mol. Liq. 289, 111155.",CC[n+]1ccn(C)c1|CCCCCCCCCCCCCCCCCC(=O)[O-],394.6440000000002,5.330300000000006,48.94,0,2,17,1,28,0.8333333333333334,1
FC(F)(F)C(F)(F)C(F)(F)C(F)(F)C(F)(F)C(F)(F)C(F)(F)C(F)(F)CCSCCC[n+]1ccn(CCn2cc[n+](CCCSCCC(F)(F)C(F)(F)C(F)(F)C(F)(F)C(F)(F)C(F)(F)C(F)(F)C(F)(F)F)c2)c1,O=S(=O)([N-]S(=O)(=O)C(F)(F)F)C(F)(F)F.O=S(=O)([N-]S(=O)(=O)C(F)(F)F)C(F)(F)F,,,338.1,K,"Moore, L. M.J.; Greeson, K. T.; Redeker, N. D.; Zavala, J. J.; Le, T. C.; Gilmore, L. V.; Thompson, K. B.; Marcischak, J. C.; Quintana, A. S.; Teat, S. J.; Guenthner, A. J.; Ghiassi, K. B. (2019) J. Mol. Liq. 295, 111677.",FC(F)(F)C(F)(F)C(F)(F)C(F)(F)C(F)(F)C(F)(F)C(F)(F)C(F)(F)CCSCCC[n+]1ccn(CCn2cc[n+](CCCSCCC(F)(F)C(F)(F)C(F)(F)C(F)(F)C(F)(F)C(F)(F)C(F)(F)C(F)(F)F)c2)c1|O=S(=O)([N-]S(=O)(=O)C(F)(F)F)C(F)(F)F.O=S(=O)([N-]S(=O)(=O)C(F)(F)F)C(F)(F)F,1765.0020000000006,15.72899999999998,182.38,0,10,33,2,104,0.8421052631578947,2
Cn1cc[n+](CCO)c1,[Cl-],,,359.5,K,"Martins, Monia A. R.; Abranches, Dinis O.; Silva, Liliana P.; Pinho, Simao P.; Coutinho, Joao A. P. (2024) J. Solution Chem. 53(4), 538-551.",Cn1cc[n+](CCO)c1|[Cl-],162.62,-3.691099999999999,29.04,1,1,2,1,10,0.5,1
Cn1cc[n+](CCO)c1,CCCCCCCCCCCCCCCCCC(=O)[O-],,,339.4,K,"Mezzetta, A.; Luczak, J.; Woch, J.; Chiappe, C.; Nowicki, J.; Guazzelli, L. (2019) J. Mol. Liq. 289, 111155.",Cn1cc[n+](CCO)c1|CCCCCCCCCCCCCCCCCC(=O)[O-],410.6430000000003,4.302700000000003,69.17,1,3,18,1,29,0.8333333333333334,1
CCCCCCCC[N+](CCCCCCCC)(CCCCCCCC)CCCCCCCC,CCCCCCCC/C=C\CCCCCCCC(=O)[O-],,,252.4,K,"Monteiro, B.; Maria, L.; Cruz, A.; Carretas, J. M.; Marcalo, J.; Leal, J. P. (2020) Thermochim. Acta 684, 178482.",CCCCCCCC[N+](CCCCCCCC)(CCCCCCCC)CCCCCCCC|CCCCCCCC/C=C\CCCCCCCC(=O)[O-],748.3629999999998,16.018999999999963,40.13,0,2,43,0,53,0.94,0
CC[n+]1ccn(C)c1,[Cl-],,,359.9,K,"Martins, Monia A. R.; Abranches, Dinis O.; Silva, Liliana P.; Pinho, Simao P.; Coutinho, Joao A. P. (2024) J. Solution Chem. 53(4), 538-551.",CC[n+]1ccn(C)c1|[Cl-],146.62099999999998,-2.663499999999998,8.809999999999999,0,0,1,1,9,0.5,1
CC1(C)OCC(C[N+](C)(C)Cc2cccnc2)O1,F[B-](F)(F)F,,,293.95,K,"Mbakidi, J.-P.; Bouquillon, S. (2018) J. Mol. Liq. 252, 218-224.",CC1(C)OCC(C[N+](C)(C)Cc2cccnc2)O1|F[B-](F)(F)F,338.154,3.1095000000000024,31.35,0,3,4,1,23,0.6428571428571429,2
C[N+](C)(CCO)Cc1ccccc1,[Cl-],,,346.7,K,"Martins, Monia A. R.; Abranches, Dinis O.; Silva, Liliana P.; Pinho, Simao P.; Coutinho, Joao A. P. (2024) J. Solution Chem. 53(4), 538-551.",C[N+](C)(CCO)Cc1ccccc1|[Cl-],215.724,-1.7406999999999977,20.23,1,1,4,1,14,0.4545454545454545,1
Cn1cc[n+](CCCO)c1,CCCCCCCCCCCCCC(=O)[O-],,,324.1,K,"Mezzetta, A.; Luczak, J.; Woch, J.; Chiappe, C.; Nowicki, J.; Guazzelli, L. (2019) J. Mol. Liq. 289, 111155.",Cn1cc[n+](CCCO)c1|CCCCCCCCCCCCCC(=O)[O-],368.5620000000002,3.1324000000000014,69.17,1,3,15,1,26,0.8095238095238095,1
Cn1cc[n+](CCO)c1,CCCCCCCCCCCCCC(=O)[O-],,,325.8,K,"Mezzetta, A.; Luczak, J.; Woch, J.; Chiappe, C.; Nowicki, J.; Guazzelli, L. (2019) J. Mol. Liq. 289, 111155.",Cn1cc[n+](CCO)c1|CCCCCCCCCCCCCC(=O)[O-],354.53500000000014,2.742300000000001,69.17,1,3,14,1,25,0.8,1
C[N+](C)(C)CCO,CC(=O)[O-],,,355.8,K,"Martins, Monia A. R.; Abranches, Dinis O.; Silva, Liliana P.; Pinho, Simao P.; Coutinho, Joao A. P. (2024) J. Solution Chem. 53(4), 538-551.",C[N+](C)(C)CCO|CC(=O)[O-],163.21699999999998,-1.5588999999999975,60.36,1,3,2,0,11,0.8571428571428571,0
CC[n+]1ccn(C)c1,CCCCCCCCCCCCCCCC(=O)[O-],,,326.9,K,"Mezzetta, A.; Luczak, J.; Woch, J.; Chiappe, C.; Nowicki, J.; Guazzelli, L. (2019) J. Mol. Liq. 289, 111155.",CC[n+]1ccn(C)c1|CCCCCCCCCCCCCCCC(=O)[O-],366.59000000000015,4.550100000000004,48.94,0,2,15,1,26,0.8181818181818182,1
FC(F)(F)C(F)(F)C(F)(F)C(F)(F)C(F)(F)C(F)(F)C(F)(F)C(F)(F)CCSCCCn1cc[n+](CCCSCCC(F)(F)C(F)(F)C(F)(F)C(F)(F)C(F)(F)C(F)(F)C(F)(F)C(F)(F)F)c1,O=S(=O)([N-]S(=O)(=O)C(F)(F)F)C(F)(F)F,,,353.0,K,"Moore, L. M.J.; Greeson, K. T.; Redeker, N. D.; Zavala, J. J.; Le, T. C.; Gilmore, L. V.; Thompson, K. B.; Marcischak, J. C.; Quintana, A. S.; Teat, S. J.; Guenthner, A. J.; Ghiassi, K. B. (2019) J. Mol. Liq. 295, 111677.",FC(F)(F)C(F)(F)C(F)(F)C(F)(F)C(F)(F)C(F)(F)C(F)(F)C(F)(F)CCSCCCn1cc[n+](CCCSCCC(F)(F)C(F)(F)C(F)(F)C(F)(F)C(F)(F)C(F)(F)C(F)(F)C(F)(F)F)c1|O=S(=O)([N-]S(=O)(=O)C(F)(F)F)C(F)(F)F,1389.7300000000005,14.880499999999984,91.19,0,6,28,1,82,0.9032258064516128,1
C[N+](C)(C)CCO,CC(=O)[O-],,,345.1,K,"Muhammad, N.; Hossain, M. I.; Man, Z.; El-Harbawi, M.; Bustam, M. A.; Noaman, Y. A.; Alitheen, N. B. M.; Ng, M. K.; Hefter, G.; Yin, C.-Y. (2012) J. Chem. Eng. Data 57(8), 2191-2196.",C[N+](C)(C)CCO|CC(=O)[O-],163.21699999999998,-1.5588999999999975,60.36,1,3,2,0,11,0.8571428571428571,0
CCCC[N+](CCCC)(CCCC)CCCC,[Cl-],,,317.1,K,"Mjalli, F. S.; Al-Hajri, R.; Al-Muhtaseb, A.; Ahmed, O.; Nagaraju, M. (2016) Asia-Pac. J. Chem. Eng. 11(5), 683-694.",CCCC[N+](CCCC)(CCCC)CCCC|[Cl-],277.92399999999986,2.007600000000001,0.0,0,0,12,0,18,1.0,0
Cn1cc[n+](CCCO)c1,CCCCCCCCCCCCCCCCCC(=O)[O-],,,338.8,K,"Mezzetta, A.; Luczak, J.; Woch, J.; Chiappe, C.; Nowicki, J.; Guazzelli, L. (2019) J. Mol. Liq. 289, 111155.",Cn1cc[n+](CCCO)c1|CCCCCCCCCCCCCCCCCC(=O)[O-],424.6700000000004,4.692800000000004,69.17,1,3,19,1,30,0.84,1
Cn1cc[n+](CC(CSCCC(F)(F)C(F)(F)C(F)(F)C(F)(F)C(F)(F)C(F)(F)C(F)(F)C(F)(F)F)SCCC(F)(F)C(F)(F)C(F)(F)C(F)(F)C(F)(F)C(F)(F)C(F)(F)C(F)(F)F)c1,O=S(=O)([N-]S(=O)(=O)C(F)(F)F)C(F)(F)F,,,320.1,K,"Moore, L. M.J.; Greeson, K. T.; Redeker, N. D.; Zavala, J. J.; Le, T. C.; Gilmore, L. V.; Thompson, K. B.; Marcischak, J. C.; Quintana, A. S.; Teat, S. J.; Guenthner, A. J.; Ghiassi, K. B. (2019) J. Mol. Liq. 295, 111677.",Cn1cc[n+](CC(CSCCC(F)(F)C(F)(F)C(F)(F)C(F)(F)C(F)(F)C(F)(F)C(F)(F)C(F)(F)F)SCCC(F)(F)C(F)(F)C(F)(F)C(F)(F)C(F)(F)C(F)(F)C(F)(F)C(F)(F)F)c1|O=S(=O)([N-]S(=O)(=O)C(F)(F)F)C(F)(F)F,1361.6760000000008,14.005899999999984,91.19,0,6,25,1,80,0.896551724137931,1
C[n+]1ccn(CCOC(=O)c2cccc(I)c2)c1,F[B-](F)(F)F,,,350.6,K,"Miao, W.; Chan, T. H. (2003) Org. Lett. 5(26), 5003-5005.",C[n+]1ccn(CCOC(=O)c2cccc(I)c2)c1|F[B-](F)(F)F,443.975,3.074200000000001,35.11,0,2,4,2,23,0.2307692307692307,2
CCCC[n+]1ccn(C)c1,COC(=O)C(=O)[O-],,,330.0,K,"Monteiro, B.; Maria, L.; Cruz, A.; Carretas, J. M.; Marcalo, J.; Leal, J. P. (2020) Thermochim. Acta 684, 178482.",CCCC[n+]1ccn(C)c1|COC(=O)C(=O)[O-],242.27499999999995,-0.9779999999999982,75.24,0,4,3,1,17,0.5454545454545454,1
CC[n+]1ccn(C)c1,CCCCCCCCCCCCCC(=O)[O-],,,318.4,K,"Mezzetta, A.; Luczak, J.; Woch, J.; Chiappe, C.; Nowicki, J.; Guazzelli, L. (2019) J. Mol. Liq. 289, 111155.",CC[n+]1ccn(C)c1|CCCCCCCCCCCCCC(=O)[O-],338.53600000000006,3.7699000000000025,48.94,0,2,13,1,24,0.8,1
Cn1cc[n+](CCCSCCC(F)(F)C(F)(F)C(F)(F)C(F)(F)C(F)(F)C(F)(F)C(F)(F)C(F)(F)F)c1,O=S(=O)([N-]S(=O)(=O)C(F)(F)F)C(F)(F)F,,,281.1,K,"Moore, L. M.J.; Greeson, K. T.; Redeker, N. D.; Zavala, J. J.; Le, T. C.; Gilmore, L. V.; Thompson, K. B.; Marcischak, J. C.; Quintana, A. S.; Teat, S. J.; Guenthner, A. J.; Ghiassi, K. B. (2019) J. Mol. Liq. 295, 111677.",Cn1cc[n+](CCCSCCC(F)(F)C(F)(F)C(F)(F)C(F)(F)C(F)(F)C(F)(F)C(F)(F)C(F)(F)F)c1|O=S(=O)([N-]S(=O)(=O)C(F)(F)F)C(F)(F)F,883.5090000000004,7.894700000000007,91.19,0,5,15,1,52,0.8421052631578947,1
CCCCCC[N+](CCCCCC)(CCCCCC)CCCCCC.O=[N+]([O-])[O-],O=[N+]([O-])[O-],,,335.1,K,"Nakayama, H.; Kuwata, H.; Yamamoto, N.; Akagi, Y.; Matsui, H. (1989) Bull. Chem. Soc. Jpn. 62, 985.",CCCCCC[N+](CCCCCC)(CCCCCC)CCCCCC.O=[N+]([O-])[O-]|O=[N+]([O-])[O-],478.69500000000033,7.64620000000001,132.4,0,6,20,0,33,1.0,0
CCCCC/C=C\C/C=C\CCCCCCCCn1cc[n+](C)c1,O=S(=O)([N-]S(=O)(=O)C(F)(F)F)C(F)(F)F,,,226.4,K,"Murray, S. M.; Zimlich, T. K.; Mirjafari, A.; O'Brien, R. A.; Davis Jr., J. H.; West, K. N. (2013) J. Chem. Eng. Data 58(6), 1516-1522.",CCCCC/C=C\C/C=C\CCCCCCCCn1cc[n+](C)c1|O=S(=O)([N-]S(=O)(=O)C(F)(F)F)C(F)(F)F,611.7150000000003,7.185400000000008,91.19,0,4,17,1,39,0.7083333333333334,1
C[N+](C)(C)CCO,CC(C)(C)C(=O)[O-],,,369.1,K,"Muhammad, N.; Hossain, M. I.; Man, Z.; El-Harbawi, M.; Bustam, M. A.; Noaman, Y. A.; Alitheen, N. B. M.; Ng, M. K.; Hefter, G.; Yin, C.-Y. (2012) J. Chem. Eng. Data 57(8), 2191-2196.",C[N+](C)(C)CCO|CC(C)(C)C(=O)[O-],205.298,-0.5326999999999986,60.36,1,3,2,0,14,0.9,0
CC[N+](C)(C)CCO,O=S(=O)([N-]S(=O)(=O)C(F)(F)F)C(F)(F)F,,,279.2,K,"Melo, C. I.; Bogel-Lukasik, R.; Nunes da Ponte, M.; Bogel-Lukasik, E. (2013) Fluid Phase Equilib. 338, 209-216.",CC[N+](C)(C)CCO|O=S(=O)([N-]S(=O)(=O)C(F)(F)F)C(F)(F)F,398.347,1.1343,102.61,1,5,5,0,23,1.0,0
CCCC[n+]1ccn(C)c1,[Cl-],,,341.9,K,"Morais, A. R. C.; Lopes, A. M. d. C.; Bogel-Lukasik, E.; Bogel-Lukasik, R. (2013) Ind. Eng. Chem. Res. 52, 14722-14726.",CCCC[n+]1ccn(C)c1|[Cl-],174.67499999999998,-1.8832999999999969,8.809999999999999,0,0,3,1,11,0.625,1
CC[n+]1ccn(C)c1,F[B-](F)(F)F,,,288.1,K,"Morita, T.; Nitta, A.; Nishikawa, K.; Westh, P.; Koga, Y. (2014) J. Mol. Liq. 198, 211-214.",CC[n+]1ccn(C)c1|F[B-](F)(F)F,197.972,1.6324999999999998,8.809999999999999,0,0,1,1,13,0.5,1
CCC[n+]1ccccc1,N#C[N-]C#N,,,276.1,K,"Ma, X.-X.; Wei, J.; Guan, W.; Pan, Y.; Zheng, L.; Wu, Y.; Yang, J.-Z. (2015) J. Chem. Thermodyn. 89, 51-59.",CCC[n+]1ccccc1|N#C[N-]C#N,188.23399999999995,1.70636,65.56,0,2,2,1,14,0.3,1
C=CC[n+]1ccn(C)c1,[Cl-],,,307.5,K,"Melo, C. I.; Rodrigues, A. I.; Bogel-Lukasik, R.; Bogel-Lukasik, E. (2012) J. Phys. Chem. A 116, 1765.",C=CC[n+]1ccn(C)c1|[Cl-],158.63199999999998,-2.497399999999998,8.809999999999999,0,0,2,1,10,0.2857142857142857,1
CCCn1cc[n+](C)c1,F[P-](F)(F)(F)(F)F,,,311.6,K,"Neves, C. M. S. S.; Batista, M. L. S.; Claudio, A. F. M.; Santos, L. M. N. B. F.; Marrucho, I. M.; Freire, M. G.; Coutinho, J. A. P. (2010) J. Chem. Eng. Data 55(11), 5065-5073.",CCCn1cc[n+](C)c1|F[P-](F)(F)(F)(F)F,270.1569999999999,4.105000000000002,8.809999999999999,0,0,2,1,16,0.5714285714285714,1
FC(F)(F)C(F)(F)C(F)(F)C(F)(F)C(F)(F)C(F)(F)C(F)(F)C(F)(F)CCSCCC[n+]1ccn(CCCCCCCCCCn2cc[n+](CCCSCCC(F)(F)C(F)(F)C(F)(F)C(F)(F)C(F)(F)C(F)(F)C(F)(F)C(F)(F)F)c2)c1,O=S(=O)([N-]S(=O)(=O)C(F)(F)F)C(F)(F)F.O=S(=O)([N-]S(=O)(=O)C(F)(F)F)C(F)(F)F,,,290.1,K,"Moore, L. M.J.; Greeson, K. T.; Redeker, N. D.; Zavala, J. J.; Le, T. C.; Gilmore, L. V.; Thompson, K. B.; Marcischak, J. C.; Quintana, A. S.; Teat, S. J.; Guenthner, A. J.; Ghiassi, K. B. (2019) J. Mol. Liq. 295, 111677.",FC(F)(F)C(F)(F)C(F)(F)C(F)(F)C(F)(F)C(F)(F)C(F)(F)C(F)(F)CCSCCC[n+]1ccn(CCCCCCCCCCn2cc[n+](CCCSCCC(F)(F)C(F)(F)C(F)(F)C(F)(F)C(F)(F)C(F)(F)C(F)(F)C(F)(F)F)c2)c1|O=S(=O)([N-]S(=O)(=O)C(F)(F)F)C(F)(F)F.O=S(=O)([N-]S(=O)(=O)C(F)(F)F)C(F)(F)F,1877.2180000000003,18.84980000000001,182.38,0,10,41,2,112,0.8695652173913043,2
CCCCCCCC/C=C/CCCCCCCCn1cc[n+](C)c1,O=S(=O)([N-]S(=O)(=O)C(F)(F)F)C(F)(F)F,,,289.2,K,"Murray, S. M.; Zimlich, T. K.; Mirjafari, A.; O'Brien, R. A.; Davis Jr., J. H.; West, K. N. (2013) J. Chem. Eng. Data 58(6), 1516-1522.",CCCCCCCC/C=C/CCCCCCCCn1cc[n+](C)c1|O=S(=O)([N-]S(=O)(=O)C(F)(F)F)C(F)(F)F,613.7310000000002,7.409400000000008,91.19,0,4,18,1,39,0.7916666666666666,1
CCCCCCCC/C=C\CCCCCCCC[n+]1ccn(C)c1,O=S(=O)([N-]S(=O)(=O)C(F)(F)F)C(F)(F)F,,,252.3,K,"Murray, S. M.; Zimlich, T. K.; Mirjafari, A.; O'Brien, R. A.; Davis Jr., J. H.; West, K. N. (2013) J. Chem. Eng. Data 58(6), 1516-1522.",CCCCCCCC/C=C\CCCCCCCC[n+]1ccn(C)c1|O=S(=O)([N-]S(=O)(=O)C(F)(F)F)C(F)(F)F,613.7310000000002,7.409400000000008,91.19,0,4,18,1,39,0.7916666666666666,1
CC[n+]1ccn(C)c1,F[B-](F)(F)F,,,277.6,K,"Mutch, M. L.; Wilkes, J. S. (1998) Proc. - Electrochem. Soc. No. 11, 254-260.",CC[n+]1ccn(C)c1|F[B-](F)(F)F,197.972,1.6324999999999998,8.809999999999999,0,0,1,1,13,0.5,1
CCCn1cc[n+](C)c1,F[P-](F)(F)(F)(F)F,,,313.1,K,"Ngo, H. L.; LeCompte, K.; Hargens, L.; McEwen, A. B. (2000) Thermochim. Acta 357-358, 97-102.",CCCn1cc[n+](C)c1|F[P-](F)(F)(F)(F)F,270.1569999999999,4.105000000000002,8.809999999999999,0,0,2,1,16,0.5714285714285714,1
CCCCCCCC[n+]1ccn(C)c1,F[P-](F)(F)(F)(F)F,,,272.2,K,"Nemoto, F.; Kofu, M.; Yamamuro, O. (2015) J. Phys. Chem. B 119(15), 5028-5034.",CCCCCCCC[n+]1ccn(C)c1|F[P-](F)(F)(F)(F)F,340.292,6.055500000000005,8.809999999999999,0,0,7,1,21,0.75,1
CC[n+]1ccn(C)c1,[Cl-],,,362.1,K,"Ngo, H. L.; LeCompte, K.; Hargens, L.; McEwen, A. B. (2000) Thermochim. Acta 357-358, 97-102.",CC[n+]1ccn(C)c1|[Cl-],146.62099999999998,-2.663499999999998,8.809999999999999,0,0,1,1,9,0.5,1
CCCC[N+](C)(CCCC)CCCC,O=S(=O)([O-])O,,,369.6,K,"Nakamoto, H.; Watanabe, M. (2007) Chem. Commun. No. 24, 2539-2541.",CCCC[N+](C)(CCCC)CCCC|O=S(=O)([O-])O,297.461,2.837900000000001,77.43,1,3,9,0,19,1.0,0
CC[n+]1ccn(C)c1,F[B-](F)(F)F,,,284.1,K,"Ngo, H. L.; LeCompte, K.; Hargens, L.; McEwen, A. B. (2000) Thermochim. Acta 357-358, 97-102.",CC[n+]1ccn(C)c1|F[B-](F)(F)F,197.972,1.6324999999999998,8.809999999999999,0,0,1,1,13,0.5,1
CCCC[N+]1(C)CCCC1,O=S(=O)([N-]S(=O)(=O)C(F)(F)F)C(F)(F)F,,,258.3,K,"Musial, M.; Wojnarowska, Z.; Cheng, S.; Ngai, K. L.; Paluch, M. (2019) J. Phys. Chem. C 123(36), 22089-22094.",CCCC[N+]1(C)CCCC1|O=S(=O)([N-]S(=O)(=O)C(F)(F)F)C(F)(F)F,422.413,3.0862000000000016,82.38,0,4,5,0,25,1.0,1
CCCC[N+](C)(CCCC)CCCC,CS(=O)(=O)[O-],,,351.1,K,"Nakamoto, H.; Watanabe, M. (2007) Chem. Commun. No. 24, 2539-2541.",CCCC[N+](C)(CCCC)CCCC|CS(=O)(=O)[O-],295.489,2.9947000000000017,57.2,0,3,9,0,19,1.0,0
CCCC[N+]1(C)CCCC1,O=S(=O)(F)[N-]S(=O)(=O)F,,,253.5,K,"Musial, M.; Wojnarowska, Z.; Cheng, S.; Ngai, K. L.; Paluch, M. (2019) J. Phys. Chem. C 123(36), 22089-22094.",CCCC[N+]1(C)CCCC1|O=S(=O)(F)[N-]S(=O)(=O)F,322.399,1.8156,82.38,0,4,5,0,19,1.0,1
CCCC[N+]1(C)CCCC1,N#C[C-](C#N)C#N,,,266.7,K,"Musial, M.; Wojnarowska, Z.; Cheng, S.; Ngai, K. L.; Paluch, M. (2019) J. Phys. Chem. C 123(36), 22089-22094.",CCCC[N+]1(C)CCCC1|N#C[C-](C#N)C#N,232.331,2.15853,71.37,0,3,3,0,17,0.6923076923076923,1
CCCC[n+]1ccn(C)c1,F[P-](F)(F)(F)(F)F,,,282.2,K,"Nemoto, F.; Kofu, M.; Yamamuro, O. (2015) J. Phys. Chem. B 119(15), 5028-5034.",CCCC[n+]1ccn(C)c1|F[P-](F)(F)(F)(F)F,284.1839999999999,4.4951000000000025,8.809999999999999,0,0,3,1,17,0.625,1
CCCC[N+](C)(CCCC)CCCC,O=S(=O)([O-])C(F)(F)F,,,360.4,K,"Nakamoto, H.; Watanabe, M. (2007) Chem. Commun. No. 24, 2539-2541.",CCCC[N+](C)(CCCC)CCCC|O=S(=O)([O-])C(F)(F)F,349.45899999999995,3.884700000000003,57.2,0,3,9,0,22,1.0,0
CC[n+]1ccn(C)c1C,O=S(=O)([N-]S(=O)(=O)C(F)(F)C(F)(F)F)C(F)(F)C(F)(F)F,,,298.1,K,"Ngo, H. L.; LeCompte, K.; Hargens, L.; McEwen, A. B. (2000) Thermochim. Acta 357-358, 97-102.",CC[n+]1ccn(C)c1C|O=S(=O)([N-]S(=O)(=O)C(F)(F)C(F)(F)F)C(F)(F)C(F)(F)F,505.356,2.9708200000000016,91.19,0,4,5,1,30,0.7272727272727273,1
CC[n+]1ccn(C)c1,[Br-],,,352.1,K,"Ngo, H. L.; LeCompte, K.; Hargens, L.; McEwen, A. B. (2000) Thermochim. Acta 357-358, 97-102.",CC[n+]1ccn(C)c1|[Br-],191.072,-2.663499999999998,8.809999999999999,0,0,1,1,9,0.5,1
CCCn1cc[n+](C)c1C,F[P-](F)(F)(F)(F)F,,,351.1,K,"Ngo, H. L.; LeCompte, K.; Hargens, L.; McEwen, A. B. (2000) Thermochim. Acta 357-358, 97-102.",CCCn1cc[n+](C)c1C|F[P-](F)(F)(F)(F)F,284.1839999999999,4.413420000000003,8.809999999999999,0,0,2,1,17,0.625,1
CC[N+](CC)(CC)CC,F[P-](F)(F)(F)(F)F,,,343.1,K,"Ngo, H. L.; LeCompte, K.; Hargens, L.; McEwen, A. B. (2000) Thermochim. Acta 357-358, 97-102.",CC[N+](CC)(CC)CC|F[P-](F)(F)(F)(F)F,275.2169999999999,5.265200000000004,0.0,0,0,4,0,16,1.0,0
CC[n+]1ccn(C)c1,F[P-](F)(F)(F)(F)F,,,335.1,K,"Ngo, H. L.; LeCompte, K.; Hargens, L.; McEwen, A. B. (2000) Thermochim. Acta 357-358, 97-102.",CC[n+]1ccn(C)c1|F[P-](F)(F)(F)(F)F,256.12999999999994,3.714900000000002,8.809999999999999,0,0,1,1,15,0.5,1
CCC[N+]1(C)CCCCC1,F[P-](F)(F)(F)(F)F,,,368.2,K,"Neves, C. M. S. S.; Rodrigues, A. R.; Kurnia, K. A.; Esperanca, J. M. S. S.; Freire, M. G.; Coutinho, J. A. P. (2013) Fluid Phase Equilib. 358, 50-55.",CCC[N+]1(C)CCCCC1|F[P-](F)(F)(F)(F)F,287.2279999999999,5.409300000000004,0.0,0,0,2,0,17,1.0,1
CCCc1ccc[n+](C)c1,F[P-](F)(F)(F)(F)F,,,311.2,K,"Neves, C. M. S. S.; Batista, M. L. S.; Claudio, A. F. M.; Santos, L. M. N. B. F.; Marrucho, I. M.; Freire, M. G.; Coutinho, J. A. P. (2010) J. Chem. Eng. Data 55(11), 5065-5073.",CCCc1ccc[n+](C)c1|F[P-](F)(F)(F)(F)F,281.17999999999995,4.846000000000003,3.88,0,0,2,1,17,0.4444444444444444,1
CC[N+](CC)(CC)CC,O=S(=O)([N-]S(=O)(=O)C(F)(F)C(F)(F)F)C(F)(F)C(F)(F)F,,,356.1,K,"Ngo, H. L.; LeCompte, K.; Hargens, L.; McEwen, A. B. (2000) Thermochim. Acta 357-358, 97-102.",CC[N+](CC)(CC)CC|O=S(=O)([N-]S(=O)(=O)C(F)(F)C(F)(F)F)C(F)(F)C(F)(F)F,510.41600000000005,4.212700000000004,82.38,0,4,8,0,30,1.0,0
CCCn1cc[n+](C)c1,[Cl-],,,333.1,K,"Ngo, H. L.; LeCompte, K.; Hargens, L.; McEwen, A. B. (2000) Thermochim. Acta 357-358, 97-102.",CCCn1cc[n+](C)c1|[Cl-],160.64799999999997,-2.273399999999997,8.809999999999999,0,0,2,1,10,0.5714285714285714,1
CCCn1cc[n+](C)c1C,O=S(=O)([N-]S(=O)(=O)C(F)(F)F)C(F)(F)F,,,288.1,K,"Ngo, H. L.; LeCompte, K.; Hargens, L.; McEwen, A. B. (2000) Thermochim. Acta 357-358, 97-102.",CCCn1cc[n+](C)c1C|O=S(=O)([N-]S(=O)(=O)C(F)(F)F)C(F)(F)F,419.369,2.09032,91.19,0,4,4,1,25,0.7,1
CC(C)n1cc[n+](C)c1,O=S(=O)([N-]S(=O)(=O)C(F)(F)F)C(F)(F)F,,,289.1,K,"Ngo, H. L.; LeCompte, K.; Hargens, L.; McEwen, A. B. (2000) Thermochim. Acta 357-358, 97-102.",CC(C)n1cc[n+](C)c1|O=S(=O)([N-]S(=O)(=O)C(F)(F)F)C(F)(F)F,405.342,1.9528,91.19,0,4,3,1,24,0.6666666666666666,1
CC[n+]1ccn(C)c1,F[As-](F)(F)(F)(F)F,,,326.1,K,"Ngo, H. L.; LeCompte, K.; Hargens, L.; McEwen, A. B. (2000) Thermochim. Acta 357-358, 97-102.",CC[n+]1ccn(C)c1|F[As-](F)(F)(F)(F)F,300.078,2.4729,8.809999999999999,0,0,1,1,15,0.5,1
CCCC[N+](CCCC)(CCCC)CCCC,O=S(=O)([C-](S(=O)(=O)C(F)(F)F)S(=O)(=O)C(F)(F)F)C(F)(F)F,,,332.1,K,"Ngo, H. L.; LeCompte, K.; Hargens, L.; McEwen, A. B. (2000) Thermochim. Acta 357-358, 97-102.",CCCC[N+](CCCC)(CCCC)CCCC|O=S(=O)([C-](S(=O)(=O)C(F)(F)F)S(=O)(=O)C(F)(F)F)C(F)(F)F,653.6920000000002,6.240790000000008,102.42,0,6,15,0,39,0.95,0
CC[n+]1ccn(C)c1,O=S(=O)([N-]S(=O)(=O)C(F)(F)C(F)(F)F)C(F)(F)C(F)(F)F,,,272.1,K,"Ngo, H. L.; LeCompte, K.; Hargens, L.; McEwen, A. B. (2000) Thermochim. Acta 357-358, 97-102.",CC[n+]1ccn(C)c1|O=S(=O)([N-]S(=O)(=O)C(F)(F)C(F)(F)F)C(F)(F)C(F)(F)F,491.329,2.6624000000000008,91.19,0,4,5,1,29,0.7,1
CC[n+]1ccn(C)c1C,O=S(=O)([N-]S(=O)(=O)C(F)(F)F)C(F)(F)F,,,300.1,K,"Ngo, H. L.; LeCompte, K.; Hargens, L.; McEwen, A. B. (2000) Thermochim. Acta 357-358, 97-102.",CC[n+]1ccn(C)c1C|O=S(=O)([N-]S(=O)(=O)C(F)(F)F)C(F)(F)F,405.342,1.70022,91.19,0,4,3,1,24,0.6666666666666666,1
CC[N+](CC)(CC)CC,O=S(=O)([C-](S(=O)(=O)C(F)(F)F)S(=O)(=O)C(F)(F)F)C(F)(F)F,,,319.1,K,"Ngo, H. L.; LeCompte, K.; Hargens, L.; McEwen, A. B. (2000) Thermochim. Acta 357-358, 97-102.",CC[N+](CC)(CC)CC|O=S(=O)([C-](S(=O)(=O)C(F)(F)F)S(=O)(=O)C(F)(F)F)C(F)(F)F,541.4760000000001,3.1199900000000023,102.42,0,6,7,0,31,0.9166666666666666,0
CCC[n+]1ccn(C)c1,F[B-](F)(F)F,,,256.1,K,"Nishida, T.; Tashiro, Y.; Yamamoto, M. (2003) J. Fluorine Chem. 120, 135-141.",CCC[n+]1ccn(C)c1|F[B-](F)(F)F,211.99899999999997,2.0226,8.809999999999999,0,0,2,1,14,0.5714285714285714,1
CCCC[n+]1ccccc1,F[B-](F)(F)F,,,272.0,K,"Noda, A.; Hayamizu, K.; Watanabe, M. (2001) J. Phys. Chem. B 105, 4603-4610.",CCCC[n+]1ccccc1|F[B-](F)(F)F,223.02199999999996,3.074200000000002,3.88,0,0,3,1,15,0.4444444444444444,1
CC[n+]1ccn(C)c1,F[B-](F)(F)F,,,286.1,K,"Nishida, T.; Tashiro, Y.; Yamamoto, M. (2003) J. Fluorine Chem. 120, 135-141.",CC[n+]1ccn(C)c1|F[B-](F)(F)F,197.972,1.6324999999999998,8.809999999999999,0,0,1,1,13,0.5,1
CCCC[N+](CCCC)(CCCC)CCCC,O=S(=O)([N-]S(=O)(=O)C(F)(F)F)C(F)(F)F,,,363.1,K,"Ngo, H. L.; LeCompte, K.; Hargens, L.; McEwen, A. B. (2000) Thermochim. Acta 357-358, 97-102.",CCCC[N+](CCCC)(CCCC)CCCC|O=S(=O)([N-]S(=O)(=O)C(F)(F)F)C(F)(F)F,522.618,6.062900000000007,82.38,0,4,14,0,32,1.0,0
Cn1cc[n+](CC#N)c1,N#Cc1nc(C(F)(F)F)[n-]c1C#N,,,366.1,K,"Okuniewska, P.; Ramjugernath, D.; Naidoo, P.; Domanska, U. (2014) Fluid Phase Equilib. 376, 55-63.",Cn1cc[n+](CC#N)c1|N#Cc1nc(C(F)(F)F)[n-]c1C#N,307.239,0.6371399999999996,107.17,0,4,1,2,22,0.25,2
CCCCCC[n+]1cccc2ccccc21,O=S(=O)([N-]S(=O)(=O)C(F)(F)F)C(F)(F)F,,,318.0,K,"Okuniewska, P.; Ramjugernath, D.; Naidoo, P.; Domanska, U. (2014) Fluid Phase Equilib. 376, 55-63.",CCCCCC[n+]1cccc2ccccc21|O=S(=O)([N-]S(=O)(=O)C(F)(F)F)C(F)(F)F,494.4790000000001,4.766900000000004,86.25999999999999,0,4,7,2,31,0.4705882352941176,2
CCCC[n+]1cc(C)cc(C)c1,N#C[S-],,,286.1,K,"Papaiconomou, N.; Estager, J.; Traore, Y.; Bauduin, P.; Bas, C.; Legeai, S.; Viboud, S.; Draye, M. (2010) J. Chem. Eng. Data 55(5), 1971-1979.",CCCC[n+]1cc(C)cc(C)c1|N#C[S-],222.357,2.4054200000000003,27.67,0,2,3,1,15,0.5,1
CC[N+]1(C)CCCCC1,O=S(=O)([N-]S(=O)(=O)C(F)(F)F)C(F)(F)F,,,355.9,K,"Okuniewska, P.; Ramjugernath, D.; Naidoo, P.; Domanska, U. (2014) Fluid Phase Equilib. 376, 55-63.",CC[N+]1(C)CCCCC1|O=S(=O)([N-]S(=O)(=O)C(F)(F)F)C(F)(F)F,408.386,2.6961000000000013,82.38,0,4,3,0,24,1.0,1
CCCC[n+]1ccn(C)c1,[Cl-],,,338.0,K,"Nishikawa, K.; Wang, S.; Katayanagi, H.; Hayashi, S.; Hamaguchi, H.-o.; Koga, Y.; Tozaki, K.-i. (2007) J. Phys. Chem. B 111, 4894-4900.",CCCC[n+]1ccn(C)c1|[Cl-],174.67499999999998,-1.8832999999999969,8.809999999999999,0,0,3,1,11,0.625,1
CC[n+]1ccn(C)c1,F[B-](F)(F)F,,,288.0,K,"Noda, A.; Hayamizu, K.; Watanabe, M. (2001) J. Phys. Chem. B 105, 4603-4610.",CC[n+]1ccn(C)c1|F[B-](F)(F)F,197.972,1.6324999999999998,8.809999999999999,0,0,1,1,13,0.5,1
Cn1cc[n+](CC#N)c1,N#Cc1nc(C(F)(F)F)[n-]c1C#N,,,365.8,K,"Okuniewski, M.; Ramjugernath, D.; Naidoo, P.; Domanska, U. (2014) J. Chem. Thermodyn. 77, 23-30.",Cn1cc[n+](CC#N)c1|N#Cc1nc(C(F)(F)F)[n-]c1C#N,307.239,0.6371399999999996,107.17,0,4,1,2,22,0.25,2
CCCCn1c(C)cc(C)[n+]1-c1ccccc1,CCCCn1c(C)cc(C)[n+]1-c1ccccc1.F[B-](F)(F)F,,,340.8,K,"Ozdemir, M. C.; Ozgun, B. (2014) J. Mol. Liq. 200, 129-135.",CCCCn1c(C)cc(C)[n+]1-c1ccccc1|CCCCn1c(C)cc(C)[n+]1-c1ccccc1.F[B-](F)(F)F,545.4980000000004,7.663480000000009,17.619999999999997,0,0,8,4,39,0.4,4
CCCn1c(C)cc(C)[n+]1-c1ccccc1,CCCn1c(C)cc(C)[n+]1-c1ccccc1.CS(=O)(=O)[O-],,,365.6,K,"Ozdemir, M. C.; Ozgun, B. (2014) J. Mol. Liq. 200, 129-135.",CCCn1c(C)cc(C)[n+]1-c1ccccc1|CCCn1c(C)cc(C)[n+]1-c1ccccc1.CS(=O)(=O)[O-],525.7390000000003,4.744680000000005,74.82,0,3,6,4,37,0.3793103448275862,4
CCCC[n+]1ccccc1,O=S(=O)([N-]S(=O)(=O)C(F)(F)F)C(F)(F)F,,,299.0,K,"Noda, A.; Hayamizu, K.; Watanabe, M. (2001) J. Phys. Chem. B 105, 4603-4610.",CCCC[n+]1ccccc1|O=S(=O)([N-]S(=O)(=O)C(F)(F)F)C(F)(F)F,416.365,2.8335000000000017,86.25999999999999,0,4,5,1,25,0.5454545454545454,1
CCCC[n+]1ccc(C)cc1,O=S(=O)([O-])C(F)(F)F,,,311.1,K,"Papaiconomou, N.; Yakelis, N.; Salminen, J.; Bergman, R.; Prausnitz, J. M. (2006) J. Chem. Eng. Data 51(4), 1389-1393.",CCCC[n+]1ccc(C)cc1|O=S(=O)([O-])C(F)(F)F,299.314,2.1340200000000005,61.08,0,3,3,1,19,0.5454545454545454,1
CCCCCCCCCC[N+](CC)(CC)CCCCCCCCCC,[Br-],,,318.1,K,"Ozdil, S. E.; Akbas, H.; Boz, M. (2016) J. Chem. Eng. Data 61(1), 142-150.",CCCCCCCCCC[N+](CC)(CC)CCCCCCCCCC|[Br-],434.5910000000002,5.1284000000000045,0.0,0,0,20,0,26,1.0,0
CCC[N+]1(C)CCCCC1,O=S(=O)([N-]S(=O)(=O)C(F)(F)F)C(F)(F)F,,,285.7,K,"Paduszynski, K.; Chiyen, J.; Ramjugernath, D.; Letcher, T. M.; Domanska, U. (2011) Fluid Phase Equilib. 305(1), 43-52.",CCC[N+]1(C)CCCCC1|O=S(=O)([N-]S(=O)(=O)C(F)(F)F)C(F)(F)F,422.413,3.0862000000000016,82.38,0,4,4,0,25,1.0,1
CCCC[n+]1ccn(C)c1,[Br-],,,350.8,K,"Nishikawa, K.; Wang, S.; Katayanagi, H.; Hayashi, S.; Hamaguchi, H.-o.; Koga, Y.; Tozaki, K.-i. (2007) J. Phys. Chem. B 111, 4894-4900.",CCCC[n+]1ccn(C)c1|[Br-],219.126,-1.8832999999999969,8.809999999999999,0,0,3,1,11,0.625,1
COc1ccc(-[n+]2c(C)cc(C)n2C)cc1,COc1ccc(-[n+]2c(C)cc(C)n2C)cc1.F[B-](F)(F)F,,,348.75,K,"Ozdemir, M. C.; Ozgun, B. (2017) J. Mol. Liq. 248, 314-321.",COc1ccc(-[n+]2c(C)cc(C)n2C)cc1|COc1ccc(-[n+]2c(C)cc(C)n2C)cc1.F[B-](F)(F)F,521.3880000000001,5.154480000000006,36.08,0,2,4,4,37,0.3076923076923077,4
CCCCCC[n+]1ccc2ccccc2c1,O=S(=O)([N-]S(=O)(=O)C(F)(F)F)C(F)(F)F,,,328.3,K,"Okuniewska, P.; Ramjugernath, D.; Naidoo, P.; Domanska, U. (2014) Fluid Phase Equilib. 376, 55-63.",CCCCCC[n+]1ccc2ccccc2c1|O=S(=O)([N-]S(=O)(=O)C(F)(F)F)C(F)(F)F,494.4790000000001,4.766900000000004,86.25999999999999,0,4,7,2,31,0.4705882352941176,2
Cc1cc(C)[n+](-c2ccc(Br)cc2)n1C,CS(=O)(=O)[O-].Cc1cc(C)[n+](-c2ccc(Br)cc2)n1C,,,349.45,K,"Ozdemir, M. C.; Ozgun, B. (2017) J. Mol. Liq. 248, 314-321.",Cc1cc(C)[n+](-c2ccc(Br)cc2)n1C|CS(=O)(=O)[O-].Cc1cc(C)[n+](-c2ccc(Br)cc2)n1C,627.4230000000002,4.523680000000004,74.82,0,3,2,4,35,0.28,4
CCCC[n+]1ccn(C)c1,O=S(=O)([O-])C(F)(F)F,,,288.1,K,"Papaiconomou, N.; Yakelis, N.; Salminen, J.; Bergman, R.; Prausnitz, J. M. (2006) J. Chem. Eng. Data 51(4), 1389-1393.",CCCC[n+]1ccn(C)c1|O=S(=O)([O-])C(F)(F)F,288.29099999999994,1.1641,66.01,0,3,3,1,18,0.6666666666666666,1
CCCCCCCC[n+]1cc(C)cc(C)c1,O=S(=O)([O-])C(F)(F)F,,,349.1,K,"Papaiconomou, N.; Estager, J.; Traore, Y.; Bauduin, P.; Bas, C.; Legeai, S.; Viboud, S.; Draye, M. (2010) J. Chem. Eng. Data 55(5), 1971-1979.",CCCCCCCC[n+]1cc(C)cc(C)c1|O=S(=O)([O-])C(F)(F)F,369.44900000000007,4.002840000000004,61.08,0,3,7,1,24,0.6875,1
CCCCCCCC[n+]1ccn(C)c1,O=S(=O)([O-])C(F)(F)F,,,278.1,K,"Papaiconomou, N.; Yakelis, N.; Salminen, J.; Bergman, R.; Prausnitz, J. M. (2006) J. Chem. Eng. Data 51(4), 1389-1393.",CCCCCCCC[n+]1ccn(C)c1|O=S(=O)([O-])C(F)(F)F,344.39900000000006,2.7245000000000017,66.01,0,3,7,1,22,0.7692307692307693,1
CCCC[n+]1ccn(C)c1,O=S(=O)([N-]S(=O)(=O)C(F)(F)F)C(F)(F)F,,,269.1,K,"Papaiconomou, N.; Yakelis, N.; Salminen, J.; Bergman, R.; Prausnitz, J. M. (2006) J. Chem. Eng. Data 51(4), 1389-1393.",CCCC[n+]1ccn(C)c1|O=S(=O)([N-]S(=O)(=O)C(F)(F)F)C(F)(F)F,419.369,2.1720000000000006,91.19,0,4,5,1,25,0.7,1
CCCCCCCC[n+]1cc(CC)ccc1C,[I-],,,360.1,K,"Papaiconomou, N.; Estager, J.; Traore, Y.; Bauduin, P.; Bas, C.; Legeai, S.; Viboud, S.; Draye, M. (2010) J. Chem. Eng. Data 55(5), 1971-1979.",CCCCCCCC[n+]1cc(CC)ccc1C|[I-],361.311,1.20942,3.88,0,0,8,1,18,0.6875,1
CCCn1c(C)cc(C)[n+]1-c1ccccc1,CCCn1c(C)cc(C)[n+]1-c1ccccc1.F[B-](F)(F)F,,,353.1,K,"Ozdemir, M. C.; Ozgun, B. (2014) J. Mol. Liq. 200, 129-135.",CCCn1c(C)cc(C)[n+]1-c1ccccc1|CCCn1c(C)cc(C)[n+]1-c1ccccc1.F[B-](F)(F)F,517.4440000000002,6.883280000000008,17.619999999999997,0,0,6,4,37,0.3571428571428571,4
CCCC[n+]1ccc(C)cc1,O=S(=O)([N-]S(=O)(=O)C(F)(F)F)C(F)(F)F,,,283.1,K,"Papaiconomou, N.; Yakelis, N.; Salminen, J.; Bergman, R.; Prausnitz, J. M. (2006) J. Chem. Eng. Data 51(4), 1389-1393.",CCCC[n+]1ccc(C)cc1|O=S(=O)([N-]S(=O)(=O)C(F)(F)F)C(F)(F)F,430.392,3.1419200000000025,86.25999999999999,0,4,5,1,26,0.5833333333333334,1
CCCC[n+]1ccc(C)cc1,O=S(=O)([O-])C(F)(F)C(F)(F)C(F)(F)C(F)(F)F,,,343.1,K,"Papaiconomou, N.; Yakelis, N.; Salminen, J.; Bergman, R.; Prausnitz, J. M. (2006) J. Chem. Eng. Data 51(4), 1389-1393.",CCCC[n+]1ccc(C)cc1|O=S(=O)([O-])C(F)(F)C(F)(F)C(F)(F)C(F)(F)F,449.335,4.039920000000003,61.08,0,3,6,1,28,0.6428571428571429,1
CC[n+]1ccccc1,Cc1ccc(S(=O)(=O)[O-])cc1,,,374.1,K,"Parajo, J.J.; Villanueva, M.; Troncoso, J.; Salgado, J. (2020) J. Chem. Thermodyn. 141, 105947.",CC[n+]1ccccc1|Cc1ccc(S(=O)(=O)[O-])cc1,279.361,1.89312,61.08,0,3,2,2,19,0.2142857142857142,2
CCCC[P+](CCCC)(CCCC)CCCC(=O)OCC,[Br-],,,361.1,K,"Pereira, Matheus M.; Pedro, Sonia N.; Gomes, Joana; Sintra, Tania E.; Ventura, Sonia P.M.; Coutinho, Joao A.P.; Freire, Mara G.; Mohamadou, Aminou (2019) Fluid Phase Equilib. 494, 239-245.",CCCC[P+](CCCC)(CCCC)CCCC(=O)OCC|[Br-],397.378,2.7516000000000007,26.3,0,2,14,0,22,0.9444444444444444,0
C[N+](C)(C)CCO,CC(=O)[O-],,,359.1,K,"Parajo, J.J.; Villanueva, M.; Troncoso, J.; Salgado, J. (2020) J. Chem. Thermodyn. 141, 105947.",C[N+](C)(C)CCO|CC(=O)[O-],163.21699999999998,-1.5588999999999975,60.36,1,3,2,0,11,0.8571428571428571,0
CCCCCCCC[n+]1cc(C)cc(C)c1,N#C[S-],,,235.1,K,"Papaiconomou, N.; Estager, J.; Traore, Y.; Bauduin, P.; Bas, C.; Legeai, S.; Viboud, S.; Draye, M. (2010) J. Chem. Eng. Data 55(5), 1971-1979.",CCCCCCCC[n+]1cc(C)cc(C)c1|N#C[S-],278.46500000000003,3.965820000000004,27.67,0,2,7,1,19,0.625,1
CCCCCCCCCCCCCC[P+](CCCCCC)(CCCCCC)CCCCCC,c1ccc([B-](c2ccccc2)(c2ccccc2)c2ccccc2)cc1,,,367.1,K,"Ormazabal, S.; Villarroel, E.; Tapia, R.A.; Romero, J.; Quijada-Maldonado, E. (2020) Fluid Phase Equilib. 517, 112616.",CCCCCCCCCCCCCC[P+](CCCCCC)(CCCCCC)CCCCCC|c1ccc([B-](c2ccccc2)(c2ccccc2)c2ccccc2)cc1,803.1060000000006,15.509999999999966,0.0,0,0,32,4,58,0.5714285714285714,4
CCCCCCCC[n+]1cc(C)cc(C)c1,F[B-](F)(F)F,,,329.1,K,"Papaiconomou, N.; Estager, J.; Traore, Y.; Bauduin, P.; Bas, C.; Legeai, S.; Viboud, S.; Draye, M. (2010) J. Chem. Eng. Data 55(5), 1971-1979.",CCCCCCCC[n+]1cc(C)cc(C)c1|F[B-](F)(F)F,307.184,5.251440000000006,3.88,0,0,7,1,21,0.6666666666666666,1
CCCCCCCC[n+]1cccc(C)c1,[Cl-],,,353.2,K,"Pereiro, A. B.; Rodriguez, A.; Blesic, M.; Shimizu, K.; Canongia Lopes, J. N.; Rebelo, L. P. N. (2011) J. Chem. Eng. Data 56(12), 4356-4363.",CCCCCCCC[n+]1cccc(C)c1|[Cl-],241.80600000000004,0.6470200000000008,3.88,0,0,7,1,16,0.6428571428571429,1
CCCC[n+]1cccc(C)c1C,O=S(=O)([O-])C(F)(F)F,,,290.1,K,"Papaiconomou, N.; Estager, J.; Traore, Y.; Bauduin, P.; Bas, C.; Legeai, S.; Viboud, S.; Draye, M. (2010) J. Chem. Eng. Data 55(5), 1971-1979.",CCCC[n+]1cccc(C)c1C|O=S(=O)([O-])C(F)(F)F,313.34099999999995,2.4424400000000004,61.08,0,3,3,1,20,0.5833333333333334,1
CCCCCCCC[n+]1ccn(C)c1,N#C[N-]C#N,,,268.1,K,"Papaiconomou, N.; Yakelis, N.; Salminen, J.; Bergman, R.; Prausnitz, J. M. (2006) J. Chem. Eng. Data 51(4), 1389-1393.",CCCCCCCC[n+]1ccn(C)c1|N#C[N-]C#N,261.37300000000005,2.9953600000000016,70.49,0,2,7,1,19,0.6428571428571429,1
CCCC[N+]1(C)CCCCC1,O=S(=O)([O-])C(F)(F)F,,,309.1,K,"Parajo, J.J.; Villanueva, M.; Sanchez, P.B.; Salgado, J. (2018) J. Chem. Thermodyn. 126, 1-10.",CCCC[N+]1(C)CCCCC1|O=S(=O)([O-])C(F)(F)F,305.3619999999999,2.468400000000001,57.2,0,3,3,0,19,1.0,1
CCCCCCCCCCCC[n+]1cccc(C)c1,[Cl-],,,359.9,K,"Pereiro, A. B.; Rodriguez, A.; Blesic, M.; Shimizu, K.; Canongia Lopes, J. N.; Rebelo, L. P. N. (2011) J. Chem. Eng. Data 56(12), 4356-4363.",CCCCCCCCCCCC[n+]1cccc(C)c1|[Cl-],297.914,2.20742,3.88,0,0,11,1,20,0.7222222222222222,1
CCCCCCOC[n+]1ccccc1,O=S(=O)([O-])NC1CCCCC1,,,238.2,K,"Pernak, J.; Wasinski, K.; Praczyk, T.; Nawrot, J.; Cieniecka-Roslonkiewicz, A.; Walkiewicz, F.; Materna, K. (2012) Sci. China Chem. 55(8), 1532-1541.",CCCCCCOC[n+]1ccccc1|O=S(=O)([O-])NC1CCCCC1,372.5310000000003,2.897400000000001,82.34,1,4,9,1,25,0.7222222222222222,2
CCOC(=O)CCC[N+]1(C)CCCC1,[Br-],,,346.1,K,"Pereira, Matheus M.; Pedro, Sonia N.; Gomes, Joana; Sintra, Tania E.; Ventura, Sonia P.M.; Coutinho, Joao A.P.; Freire, Mara G.; Mohamadou, Aminou (2019) Fluid Phase Equilib. 494, 239-245.",CCOC(=O)CCC[N+]1(C)CCCC1|[Br-],280.2059999999999,-1.4258999999999962,26.3,0,2,5,0,15,0.9090909090909092,1
CCOC(=O)CCC[N+](CC)(CC)CC,[Br-],,,351.1,K,"Pereira, Matheus M.; Pedro, Sonia N.; Gomes, Joana; Sintra, Tania E.; Ventura, Sonia P.M.; Coutinho, Joao A.P.; Freire, Mara G.; Mohamadou, Aminou (2019) Fluid Phase Equilib. 494, 239-245.",CCOC(=O)CCC[N+](CC)(CC)CC|[Br-],296.2489999999999,-0.7897999999999965,26.3,0,2,8,0,16,0.9166666666666666,0
CCCCCCCC[n+]1cc(CC)ccc1C,N#C[N-]C#N,,,326.1,K,"Papaiconomou, N.; Estager, J.; Traore, Y.; Bauduin, P.; Bas, C.; Legeai, S.; Viboud, S.; Draye, M. (2010) J. Chem. Eng. Data 55(5), 1971-1979.",CCCCCCCC[n+]1cc(CC)ccc1C|N#C[N-]C#N,300.45000000000005,4.527680000000005,65.56,0,2,8,1,22,0.6111111111111112,1
CCCCCCCCCCCCCCCC[n+]1ccccc1,O=S(=O)([O-])NC1CCCCC1,,,377.65,K,"Pernak, J.; Wasinski, K.; Praczyk, T.; Nawrot, J.; Cieniecka-Roslonkiewicz, A.; Walkiewicz, F.; Materna, K. (2012) Sci. China Chem. 55(8), 1532-1541.",CCCCCCCCCCCCCCCC[n+]1ccccc1|O=S(=O)([O-])NC1CCCCC1,482.7750000000002,6.824300000000007,73.11,1,3,17,1,33,0.8148148148148148,2
CCCC[n+]1ccn(C)c1,O=S(=O)([O-])C(F)(F)F,,,291.1,K,"Parajo, J.J.; Villanueva, M.; Sanchez, P.B.; Salgado, J. (2018) J. Chem. Thermodyn. 126, 1-10.",CCCC[n+]1ccn(C)c1|O=S(=O)([O-])C(F)(F)F,288.29099999999994,1.1641,66.01,0,3,3,1,18,0.6666666666666666,1
CCCCCCCCCCCCCC[n+]1cccc(C)c1,[Cl-],,,367.7,K,"Pereiro, A. B.; Rodriguez, A.; Blesic, M.; Shimizu, K.; Canongia Lopes, J. N.; Rebelo, L. P. N. (2011) J. Chem. Eng. Data 56(12), 4356-4363.",CCCCCCCCCCCCCC[n+]1cccc(C)c1|[Cl-],325.968,2.9876200000000006,3.88,0,0,13,1,22,0.75,1
CCCC[N+](C)(CCCC)CCCC,COS(=O)(=O)[O-],,,335.1,K,"Ramdin, M.; Vlugt, T. J. H.; de Loos, T. W. (2012) J. Chem. Eng. Data 57(8), 2275-2280.",CCCC[N+](C)(CCCC)CCCC|COS(=O)(=O)[O-],311.488,2.926300000000001,66.43,0,4,10,0,20,1.0,0
CCCCCCCCn1cc[n+](C)c1,O=S(=O)([O-])C(F)(F)C(F)(F)C(F)(F)C(F)(F)F,,,305.1,K,"Papaiconomou, N.; Yakelis, N.; Salminen, J.; Bergman, R.; Prausnitz, J. M. (2006) J. Chem. Eng. Data 51(4), 1389-1393.",CCCCCCCCn1cc[n+](C)c1|O=S(=O)([O-])C(F)(F)C(F)(F)C(F)(F)C(F)(F)F,494.4200000000001,4.630400000000004,66.01,0,3,10,1,31,0.8125,1
CCCC[n+]1cc(C)cc(C)c1,N#C[N-]C#N,,,272.1,K,"Papaiconomou, N.; Estager, J.; Traore, Y.; Bauduin, P.; Bas, C.; Legeai, S.; Viboud, S.; Draye, M. (2010) J. Chem. Eng. Data 55(5), 1971-1979.",CCCC[n+]1cc(C)cc(C)c1|N#C[N-]C#N,230.315,2.713300000000001,65.56,0,2,3,1,17,0.4615384615384615,1
CCCC[n+]1cc(C)cc(C)c1,O=S(=O)([O-])C(F)(F)F,,,364.1,K,"Papaiconomou, N.; Estager, J.; Traore, Y.; Bauduin, P.; Bas, C.; Legeai, S.; Viboud, S.; Draye, M. (2010) J. Chem. Eng. Data 55(5), 1971-1979.",CCCC[n+]1cc(C)cc(C)c1|O=S(=O)([O-])C(F)(F)F,313.34099999999995,2.4424400000000004,61.08,0,3,3,1,20,0.5833333333333334,1
CCCC[N+](CCCC)(CCCC)CCCC(=O)OCC,[Br-],,,363.1,K,"Pereira, Matheus M.; Pedro, Sonia N.; Gomes, Joana; Sintra, Tania E.; Ventura, Sonia P.M.; Coutinho, Joao A.P.; Freire, Mara G.; Mohamadou, Aminou (2019) Fluid Phase Equilib. 494, 239-245.",CCCC[N+](CCCC)(CCCC)CCCC(=O)OCC|[Br-],380.411,1.5508000000000022,26.3,0,2,14,0,22,0.9444444444444444,0
CCCCCCCCCC[n+]1cccc(C)c1,[Cl-],,,348.7,K,"Pereiro, A. B.; Rodriguez, A.; Blesic, M.; Shimizu, K.; Canongia Lopes, J. N.; Rebelo, L. P. N. (2011) J. Chem. Eng. Data 56(12), 4356-4363.",CCCCCCCCCC[n+]1cccc(C)c1|[Cl-],269.86,1.4272200000000002,3.88,0,0,9,1,18,0.6875,1
CCC[N+](CCC)(CCC)CCCC(=O)OCC,[Br-],,,352.1,K,"Pereira, Matheus M.; Pedro, Sonia N.; Gomes, Joana; Sintra, Tania E.; Ventura, Sonia P.M.; Coutinho, Joao A.P.; Freire, Mara G.; Mohamadou, Aminou (2019) Fluid Phase Equilib. 494, 239-245.",CCC[N+](CCC)(CCC)CCCC(=O)OCC|[Br-],338.32999999999987,0.3805000000000023,26.3,0,2,11,0,19,0.9333333333333332,0
CCCC[N+]1(C)CCCC1,O=S(=O)([N-]S(=O)(=O)C(F)(F)F)C(F)(F)F,,,265.15,K,"Pereiro, A. B.; Veiga, H. I. M.; Esperanca, J. M. S. S.; Rodriguez, A. (2009) J. Chem. Thermodyn. 41(12), 1419-1423.",CCCC[N+]1(C)CCCC1|O=S(=O)([N-]S(=O)(=O)C(F)(F)F)C(F)(F)F,422.413,3.0862000000000016,82.38,0,4,5,0,25,1.0,1
CCCC[n+]1ccn(C)c1,O=S(=O)([O-])NC1CCCCC1,,,345.55,K,"Pernak, J.; Wasinski, K.; Praczyk, T.; Nawrot, J.; Cieniecka-Roslonkiewicz, A.; Walkiewicz, F.; Materna, K. (2012) Sci. China Chem. 55(8), 1532-1541.",CCCC[n+]1ccn(C)c1|O=S(=O)([O-])NC1CCCCC1,317.4550000000002,1.4815999999999998,78.04,1,3,5,1,21,0.7857142857142857,2
CCCCCC[n+]1cccc(C)c1,[Cl-],,,353.0,K,"Pereiro, A. B.; Rodriguez, A.; Blesic, M.; Shimizu, K.; Canongia Lopes, J. N.; Rebelo, L. P. N. (2011) J. Chem. Eng. Data 56(12), 4356-4363.",CCCCCC[n+]1cccc(C)c1|[Cl-],213.752,-0.1331799999999994,3.88,0,0,5,1,14,0.5833333333333334,1
CCCC[n+]1cc(C)cc(C)c1C,O=S(=O)([O-])C(F)(F)F,,,347.1,K,"Papaiconomou, N.; Estager, J.; Traore, Y.; Bauduin, P.; Bas, C.; Legeai, S.; Viboud, S.; Draye, M. (2010) J. Chem. Eng. Data 55(5), 1971-1979.",CCCC[n+]1cc(C)cc(C)c1C|O=S(=O)([O-])C(F)(F)F,327.36799999999994,2.750860000000001,61.08,0,3,3,1,21,0.6153846153846154,1
CCCCCCCOC[n+]1ccccc1,O=S(=O)([O-])NC1CCCCC1,,,259.05,K,"Pernak, J.; Wasinski, K.; Praczyk, T.; Nawrot, J.; Cieniecka-Roslonkiewicz, A.; Walkiewicz, F.; Materna, K. (2012) Sci. China Chem. 55(8), 1532-1541.",CCCCCCCOC[n+]1ccccc1|O=S(=O)([O-])NC1CCCCC1,386.5580000000003,3.2875000000000014,82.34,1,4,10,1,26,0.7368421052631579,2
CCCCCCCCCCCCCC[n+]1cccc(C)c1,[Cl-],,,366.8,K,"Pereiro, A. B.; Rodriguez, A.; Blesic, M.; Shimizu, K.; Canongia Lopes, J. N.; Rebelo, L. P. N. (2011) J. Chem. Eng. Data 56(12), 4356-4363.",CCCCCCCCCCCCCC[n+]1cccc(C)c1|[Cl-],325.968,2.9876200000000006,3.88,0,0,13,1,22,0.75,1
CCCCCCCCCCCC[n+]1cccc(C)c1,[Cl-],,,360.8,K,"Pereiro, A. B.; Rodriguez, A.; Blesic, M.; Shimizu, K.; Canongia Lopes, J. N.; Rebelo, L. P. N. (2011) J. Chem. Eng. Data 56(12), 4356-4363.",CCCCCCCCCCCC[n+]1cccc(C)c1|[Cl-],297.914,2.20742,3.88,0,0,11,1,20,0.7222222222222222,1
C[n+]1ccn(CCC(F)(F)C(F)(F)C(F)(F)C(F)(F)C(F)(F)C(F)(F)C(F)(F)C(F)(F)F)c1,O=S(=O)([N-]S(=O)(=O)C(F)(F)F)C(F)(F)F,,,304.1,K,"Rauber, D.; Heib, F.; Schmitt, M.; Hempelmann, R. (2016) J. Mol. Liq. 216, 246-258.",C[n+]1ccn(CCC(F)(F)C(F)(F)C(F)(F)C(F)(F)C(F)(F)C(F)(F)C(F)(F)C(F)(F)F)c1|O=S(=O)([N-]S(=O)(=O)C(F)(F)F)C(F)(F)F,809.3610000000002,6.771400000000005,91.19,0,4,11,1,48,0.8125,1
CCCCCCCCCC[n+]1cccc(C)c1,[Cl-],,,352.5,K,"Pereiro, A. B.; Rodriguez, A.; Blesic, M.; Shimizu, K.; Canongia Lopes, J. N.; Rebelo, L. P. N. (2011) J. Chem. Eng. Data 56(12), 4356-4363.",CCCCCCCCCC[n+]1cccc(C)c1|[Cl-],269.86,1.4272200000000002,3.88,0,0,9,1,18,0.6875,1
CCCCCCn1cc[n+](C)c1,O=S(=O)([O-])C(F)(F)C(F)(F)C(F)(F)C(F)(F)F,,,296.75,K,"Pereiro, A. B.; Pastoriza-Gallego, M. J.; Shimizu, K.; Marrucho, I. M.; Lopes, J. N. C.; Rebelo, L. P. N.; Pineiro, M. M. (2013) J. Phys. Chem. B 117, 10826-10833.",CCCCCCn1cc[n+](C)c1|O=S(=O)([O-])C(F)(F)C(F)(F)C(F)(F)C(F)(F)F,466.366,3.850200000000004,66.01,0,3,8,1,29,0.7857142857142857,1
CCCC[N+](CCCC)(CCCC)CCCC,O=S(=O)([O-])C(F)(F)C(F)(F)C(F)(F)C(F)(F)F,,,327.13,K,"Pereiro, A. B.; Pastoriza-Gallego, M. J.; Shimizu, K.; Marrucho, I. M.; Lopes, J. N. C.; Rebelo, L. P. N.; Pineiro, M. M. (2013) J. Phys. Chem. B 117, 10826-10833.",CCCC[N+](CCCC)(CCCC)CCCC|O=S(=O)([O-])C(F)(F)C(F)(F)C(F)(F)C(F)(F)F,541.561,6.960900000000008,57.2,0,3,15,0,34,1.0,0
C[N+]1(CCO)CCCCC1,O=S(=O)([N-]S(=O)(=O)C(F)(F)F)C(F)(F)F,,,276.3,K,"Niemann, T.; Zaitsau, D.H.; Strate, A.; Stange, P.; Ludwig, R. (2020) Phys. Chem. Chem. Phys. 22, 2763-2774.",C[N+]1(CCO)CCCCC1|O=S(=O)([N-]S(=O)(=O)C(F)(F)F)C(F)(F)F,424.385,1.6685,102.61,1,5,4,0,25,1.0,1
CCCCCCCC[n+]1cccc(C)c1,[Cl-],,,352.3,K,"Pereiro, A. B.; Rodriguez, A.; Blesic, M.; Shimizu, K.; Canongia Lopes, J. N.; Rebelo, L. P. N. (2011) J. Chem. Eng. Data 56(12), 4356-4363.",CCCCCCCC[n+]1cccc(C)c1|[Cl-],241.80600000000004,0.6470200000000008,3.88,0,0,7,1,16,0.6428571428571429,1
CCCC[N+]1(C)CCCC1,O=S(=O)([N-]S(=O)(=O)C(F)(F)F)C(F)(F)F,,,261.9,K,"Ramenskaya, L.M.; Grishina, E.P.; Kudryakova, N.O. (2020) J. Mol. Liq. 312, 113368.",CCCC[N+]1(C)CCCC1|O=S(=O)([N-]S(=O)(=O)C(F)(F)F)C(F)(F)F,422.413,3.0862000000000016,82.38,0,4,5,0,25,1.0,1
CCCCCCCCCCCCOC[n+]1ccccc1,O=S(=O)([O-])NC1CCCCC1,,,305.65,K,"Pernak, J.; Wasinski, K.; Praczyk, T.; Nawrot, J.; Cieniecka-Roslonkiewicz, A.; Walkiewicz, F.; Materna, K. (2012) Sci. China Chem. 55(8), 1532-1541.",CCCCCCCCCCCCOC[n+]1ccccc1|O=S(=O)([O-])NC1CCCCC1,456.69300000000027,5.238000000000005,82.34,1,4,15,1,31,0.7916666666666666,2
CCCCCC[n+]1cccc(C)c1,[Cl-],,,355.1,K,"Pereiro, A. B.; Rodriguez, A.; Blesic, M.; Shimizu, K.; Canongia Lopes, J. N.; Rebelo, L. P. N. (2011) J. Chem. Eng. Data 56(12), 4356-4363.",CCCCCC[n+]1cccc(C)c1|[Cl-],213.752,-0.1331799999999994,3.88,0,0,5,1,14,0.5833333333333334,1
CCCC[n+]1ccn(C)c1,O=S(=O)([N-]S(=O)(=O)C(F)(F)F)C(F)(F)F,,,266.6,K,"Ramenskaya, L.M.; Grishina, E.P.; Kudryakova, N.O. (2020) J. Mol. Liq. 312, 113368.",CCCC[n+]1ccn(C)c1|O=S(=O)([N-]S(=O)(=O)C(F)(F)F)C(F)(F)F,419.369,2.1720000000000006,91.19,0,4,5,1,25,0.7,1
CCCCCCCC[n+]1cc(C)cc(C)c1C,N#C[S-],,,293.1,K,"Papaiconomou, N.; Estager, J.; Traore, Y.; Bauduin, P.; Bas, C.; Legeai, S.; Viboud, S.; Draye, M. (2010) J. Chem. Eng. Data 55(5), 1971-1979.",CCCCCCCC[n+]1cc(C)cc(C)c1C|N#C[S-],292.492,4.274240000000004,27.67,0,2,7,1,20,0.6470588235294118,1
CCCCCCCCCC[N+](C)(C)CCCCCCCCCC,O=S(=O)([O-])NC1CCCCC1,,,323.55,K,"Pernak, J.; Wasinski, K.; Praczyk, T.; Nawrot, J.; Cieniecka-Roslonkiewicz, A.; Walkiewicz, F.; Materna, K. (2012) Sci. China Chem. 55(8), 1532-1541.",CCCCCCCCCC[N+](C)(C)CCCCCCCCCC|O=S(=O)([O-])NC1CCCCC1,504.8660000000004,7.71310000000001,69.23,1,3,20,0,34,1.0,1
C[n+]1ccn(CCC(F)(F)C(F)(F)F)c1,F[P-](F)(F)(F)(F)F,,,339.0,K,"Piszko, M.; Kankanamge, C. J.; Rausch, M. H.; Klein, T.; Froeba, A. P. (2020) J. Electrochem. Soc. 167, 133502.",C[n+]1ccn(CCC(F)(F)C(F)(F)F)c1|F[P-](F)(F)(F)(F)F,374.1339999999999,5.282700000000002,8.809999999999999,0,0,3,1,22,0.625,1
C[N+](C)(C)CC(=O)O,O=S(=O)([N-]S(=O)(=O)C(F)(F)F)C(F)(F)F,,,330.0,K,"Rao, C. J.; Krishnan, R. V.; Venkatesan, K. A.; Nagarajan, K.; Srinivasan, T. G. (2009) J. Therm. Anal. Calorim. 97, 937-943.",C[N+](C)(C)CC(=O)O|O=S(=O)([N-]S(=O)(=O)C(F)(F)F)C(F)(F)F,398.303,0.8364999999999998,119.67999999999998,1,5,4,0,23,0.8571428571428571,0
CCCCCCCCCOC[n+]1ccccc1,O=S(=O)([O-])NC1CCCCC1,,,281.75,K,"Pernak, J.; Wasinski, K.; Praczyk, T.; Nawrot, J.; Cieniecka-Roslonkiewicz, A.; Walkiewicz, F.; Materna, K. (2012) Sci. China Chem. 55(8), 1532-1541.",CCCCCCCCCOC[n+]1ccccc1|O=S(=O)([O-])NC1CCCCC1,414.61200000000025,4.067700000000003,82.34,1,4,12,1,28,0.7619047619047619,2
CCCCCCCCCC[n+]1ccn(C)c1,O=S(=O)([N-]S(=O)(=O)C(F)(F)F)C(F)(F)F,,,279.1,K,"Rauber, D.; Heib, F.; Schmitt, M.; Hempelmann, R. (2016) J. Mol. Liq. 216, 246-258.",CCCCCCCCCC[n+]1ccn(C)c1|O=S(=O)([N-]S(=O)(=O)C(F)(F)F)C(F)(F)F,503.53100000000006,4.512600000000004,91.19,0,4,11,1,31,0.8125,1
CCCCCCCCCCCOC[n+]1ccccc1,O=S(=O)([O-])NC1CCCCC1,,,297.35,K,"Pernak, J.; Wasinski, K.; Praczyk, T.; Nawrot, J.; Cieniecka-Roslonkiewicz, A.; Walkiewicz, F.; Materna, K. (2012) Sci. China Chem. 55(8), 1532-1541.",CCCCCCCCCCCOC[n+]1ccccc1|O=S(=O)([O-])NC1CCCCC1,442.6660000000003,4.847900000000004,82.34,1,4,14,1,30,0.782608695652174,2
CCCC[P+](C)(CCCC)CCCC,COS(=O)(=O)[O-],,,311.1,K,"Ramdin, M.; Vlugt, T. J. H.; de Loos, T. W. (2012) J. Chem. Eng. Data 57(8), 2275-2280.",CCCC[P+](C)(CCCC)CCCC|COS(=O)(=O)[O-],328.455,4.127100000000003,66.43,0,4,10,0,20,1.0,0
CCCCCCCC[N+](CCCCCCCC)(CCCCCCCC)CCCCCCCC,CCCCCCCC/C=C\CCCCCCCC(=O)[O-],,,243.6,K,"Rocha, M. A. A.; van den Bruinhorst, A.; Schroer, W.; Rathke, B.; Kroon, M. C. (2016) J. Chem. Thermodyn. 100, 156-164.",CCCCCCCC[N+](CCCCCCCC)(CCCCCCCC)CCCCCCCC|CCCCCCCC/C=C\CCCCCCCC(=O)[O-],748.3629999999998,16.018999999999963,40.13,0,2,43,0,53,0.94,0
CCCC[N+](CCCC)(CCCC)CCCC.C1=C(C=C(C(=C1[N+](=O)[O-])[O-])[N+](=O)[O-])[N+](=O)[O-],C1=C(C=C(C(=C1[N+](=O)[O-])[O-])[N+](=O)[O-])[N+](=O)[O-],,,362.1,K,"Reynolds, M. B.; Kraus, C. A. (1948) J. Am. Chem. Soc. 70, 1709-1713.",CCCC[N+](CCCC)(CCCC)CCCC.C1=C(C=C(C(=C1[N+](=O)[O-])[O-])[N+](=O)[O-])[N+](=O)[O-]|C1=C(C=C(C(=C1[N+](=O)[O-])[O-])[N+](=O)[O-])[N+](=O)[O-],698.6630000000001,5.973200000000007,304.96,0,14,18,2,49,0.5714285714285714,2
CCCCCC[n+]1ccn(C)c1,O=S(=O)([N-]S(=O)(=O)C(F)(F)F)C(F)(F)F,,,262.6,K,"Rodrigues, A. S. M. C.; Almeida, H. F. D.; Freire, M. G.; Lopes-da-Silva, J. A.; Coutinho, J. A. P.; Santos, L. M. N. B. F. (2016) Fluid Phase Equilib. 423, 190-202.",CCCCCC[n+]1ccn(C)c1|O=S(=O)([N-]S(=O)(=O)C(F)(F)F)C(F)(F)F,447.423,2.952200000000002,91.19,0,4,7,1,27,0.75,1
CCCC[n+]1ccn(C)c1,[Cl-],,,333.4,K,"Sakal, S. A.; Lu, Y.-Z.; Jiang, X.-C.; Shen, C.; Li, C.-X. (2014) J. Chem. Eng. Data 59(3), 533-539.",CCCC[n+]1ccn(C)c1|[Cl-],174.67499999999998,-1.8832999999999969,8.809999999999999,0,0,3,1,11,0.625,1
CCCCCCC[N+](CCCCCCC)(CCCCCCC)CCCCCCC,[Br-],,,363.1,K,"Sakizadeh, K.; Olson, L. P.; Cowdery-Corvan, P. J.; Ishida, T.; Whitcomb, D. R. (2007) U.S. Patent US7163786B1, 2007, Jan. 16.",CCCCCCC[N+](CCCCCCC)(CCCCCCC)CCCCCCC|[Br-],490.6990000000004,6.688800000000007,0.0,0,0,24,0,30,1.0,0
CCCCCCCCCCCCCCCCCCn1cc[n+](C)c1,F[P-](F)(F)(F)(F)F,,,353.1,K,"Sakizadeh, K.; Olson, L. P.; Cowdery-Corvan, P. J.; Ishida, T.; Whitcomb, D. R. (2007) U.S. Patent US7163786B1, 2007, Jan. 16.",CCCCCCCCCCCCCCCCCCn1cc[n+](C)c1|F[P-](F)(F)(F)(F)F,480.56199999999984,9.956499999999997,8.809999999999999,0,0,17,1,31,0.8636363636363636,1
Cn1cc[n+](Cc2ccccc2)c1,F[B-](F)(F)F,,,350.1,K,"Sakizadeh, K.; Olson, L. P.; Cowdery-Corvan, P. J.; Ishida, T.; Whitcomb, D. R. (2007) U.S. Patent US7163786B1, 2007, Jan. 16.",Cn1cc[n+](Cc2ccccc2)c1|F[B-](F)(F)F,260.043,2.6609000000000007,8.809999999999999,0,0,2,2,18,0.1818181818181818,2
CCCCCC[n+]1cccc(C)c1,[Cl-],,,335.1,K,"Sashina, E. S.; Kashirskii, D. A.; Janowska, G.; Zaborski, M. (2013) Thermochim. Acta 568, 185-8.",CCCCCC[n+]1cccc(C)c1|[Cl-],213.752,-0.1331799999999994,3.88,0,0,5,1,14,0.5833333333333334,1
CCCCCCCC/C=C\CCCCCCCCn1cc[n+](C)c1,F[B-](F)(F)F,,,288.1,K,"Sakizadeh, K.; Olson, L. P.; Cowdery-Corvan, P. J.; Ishida, T.; Whitcomb, D. R. (2007) U.S. Patent US7163786B1, 2007, Jan. 16.",CCCCCCCC/C=C\CCCCCCCCn1cc[n+](C)c1|F[B-](F)(F)F,420.3879999999999,7.650100000000008,8.809999999999999,0,0,16,1,29,0.7727272727272727,1
CCCC[N+]1(C)CCCC1,O=S(=O)([N-]S(=O)(=O)C(F)(F)F)C(F)(F)F,,,259.7,K,"Rodrigues, A. S. M. C.; Almeida, H. F. D.; Freire, M. G.; Lopes-da-Silva, J. A.; Coutinho, J. A. P.; Santos, L. M. N. B. F. (2016) Fluid Phase Equilib. 423, 190-202.",CCCC[N+]1(C)CCCC1|O=S(=O)([N-]S(=O)(=O)C(F)(F)F)C(F)(F)F,422.413,3.0862000000000016,82.38,0,4,5,0,25,1.0,1
CCCC[n+]1ccn(C)c1C,F[B-](F)(F)F,,,311.1,K,"Sakizadeh, K.; Olson, L. P.; Cowdery-Corvan, P. J.; Ishida, T.; Whitcomb, D. R. (2007) U.S. Patent US7163786B1, 2007, Jan. 16.",CCCC[n+]1ccn(C)c1C|F[B-](F)(F)F,240.05299999999997,2.721120000000001,8.809999999999999,0,0,3,1,16,0.6666666666666666,1
CC[n+]1ccn(C)c1,O=S(=O)([N-]S(=O)(=O)C(F)(F)F)C(F)(F)F,,,256.0,K,"Rotnicki, K.; Sterczyska, A.; Fojud, Z.; Jadewska, M.; Beskrovnyi, A.; Waliszewski, J.; liwiska-Bartkowiak, M. (2020) J. Mol. Liq. 313, 113535.",CC[n+]1ccn(C)c1|O=S(=O)([N-]S(=O)(=O)C(F)(F)F)C(F)(F)F,391.315,1.3917999999999997,91.19,0,4,3,1,23,0.625,1
CCCCCC[N+](CCCCCC)(CCCCCC)CCCCCC,F[B-](F)(F)F,,,364.1,K,"Sakizadeh, K.; Olson, L. P.; Cowdery-Corvan, P. J.; Ishida, T.; Whitcomb, D. R. (2007) U.S. Patent US7163786B1, 2007, Jan. 16.",CCCCCC[N+](CCCCCC)(CCCCCC)CCCCCC|F[B-](F)(F)F,441.49100000000016,9.4244,0.0,0,0,20,0,30,1.0,0
CCCCCCCCCCCC[n+]1ccn(C)c1,F[B-](F)(F)F,,,299.1,K,"Sakizadeh, K.; Olson, L. P.; Cowdery-Corvan, P. J.; Ishida, T.; Whitcomb, D. R. (2007) U.S. Patent US7163786B1, 2007, Jan. 16.",CCCCCCCCCCCC[n+]1ccn(C)c1|F[B-](F)(F)F,338.242,5.533500000000005,8.809999999999999,0,0,11,1,23,0.8125,1
CCC[n+]1cccc(C)c1,[Cl-],,,365.1,K,"Sashina, E. S.; Kashirskii, D. A.; Janowska, G.; Zaborski, M. (2013) Thermochim. Acta 568, 185-8.",CCC[n+]1cccc(C)c1|[Cl-],171.67099999999996,-1.3034799999999982,3.88,0,0,2,1,11,0.4444444444444444,1
C=CC[n+]1ccn(C)c1,[Cl-],,,328.1,K,"Sakizadeh, K.; Olson, L. P.; Cowdery-Corvan, P. J.; Ishida, T.; Whitcomb, D. R. (2007) U.S. Patent US7163786B1, 2007, Jan. 16.",C=CC[n+]1ccn(C)c1|[Cl-],158.63199999999998,-2.497399999999998,8.809999999999999,0,0,2,1,10,0.2857142857142857,1
CCC[N+]1(C)CCCC1,O=S(=O)([N-]S(=O)(=O)C(F)(F)F)C(F)(F)F,,,280.1,K,"Salminen, Justin; Papaiconomou, Nicolas; Kumar, R. Anand; Lee, Jong-Min; Kerr, John; Newman, John; Prausnitz, John M. (2007) Fluid Phase Equilib. 261(1-2), 421-426.",CCC[N+]1(C)CCCC1|O=S(=O)([N-]S(=O)(=O)C(F)(F)F)C(F)(F)F,408.386,2.6961000000000013,82.38,0,4,4,0,24,1.0,1
CCCCCCCCCCCCCCCCCCn1cc[n+](C)c1,F[B-](F)(F)F,,,339.1,K,"Sakizadeh, K.; Olson, L. P.; Cowdery-Corvan, P. J.; Ishida, T.; Whitcomb, D. R. (2007) U.S. Patent US7163786B1, 2007, Jan. 16.",CCCCCCCCCCCCCCCCCCn1cc[n+](C)c1|F[B-](F)(F)F,422.4039999999999,7.874100000000008,8.809999999999999,0,0,17,1,29,0.8636363636363636,1
CCCCC[n+]1cccc(C)c1,[Cl-],,,365.1,K,"Sashina, E. S.; Kashirskii, D. A.; Janowska, G.; Zaborski, M. (2013) Thermochim. Acta 568, 185-8.",CCCCC[n+]1cccc(C)c1|[Cl-],199.725,-0.5232799999999991,3.88,0,0,4,1,13,0.5454545454545454,1
CCCC[N+]1(C)CCCC1,O=S(=O)([N-]S(=O)(=O)C(F)(F)F)C(F)(F)F,,,255.2,K,"Salminen, Justin; Papaiconomou, Nicolas; Kumar, R. Anand; Lee, Jong-Min; Kerr, John; Newman, John; Prausnitz, John M. (2007) Fluid Phase Equilib. 261(1-2), 421-426.",CCCC[N+]1(C)CCCC1|O=S(=O)([N-]S(=O)(=O)C(F)(F)F)C(F)(F)F,422.413,3.0862000000000016,82.38,0,4,5,0,25,1.0,1
CC(C)C[N+]1(C)CCCCC1,O=S(=O)([N-]S(=O)(=O)C(F)(F)F)C(F)(F)F,,,287.9,K,"Rodrigues, A. S. M. C.; Almeida, H. F. D.; Freire, M. G.; Lopes-da-Silva, J. A.; Coutinho, J. A. P.; Santos, L. M. N. B. F. (2016) Fluid Phase Equilib. 423, 190-202.",CC(C)C[N+]1(C)CCCCC1|O=S(=O)([N-]S(=O)(=O)C(F)(F)F)C(F)(F)F,436.44,3.332200000000002,82.38,0,4,4,0,26,1.0,1
CCCC[P+](CCCC)(CCCC)CCCC,[Cl-],,,337.1,K,"Sakizadeh, K.; Olson, L. P.; Cowdery-Corvan, P. J.; Ishida, T.; Whitcomb, D. R. (2007) U.S. Patent US7163786B1, 2007, Jan. 16.",CCCC[P+](CCCC)(CCCC)CCCC|[Cl-],294.891,3.208400000000001,0.0,0,0,12,0,18,1.0,0
CCCCCCC[n+]1cccc(C)c1,[Cl-],,,345.1,K,"Sashina, E. S.; Kashirskii, D. A.; Janowska, G.; Zaborski, M. (2013) Thermochim. Acta 568, 185-8.",CCCCCCC[n+]1cccc(C)c1|[Cl-],227.779,0.2569200000000002,3.88,0,0,6,1,15,0.6153846153846154,1
CCCCCC[n+]1cccc(C)c1,[Cl-],,,350.1,K,"Sashina, E. S.; Kashirskii, D. A.; Janowska, G.; Zaborski, M. (2013) Thermochim. Acta 568, 185-8.",CCCCCC[n+]1cccc(C)c1|[Cl-],213.752,-0.1331799999999994,3.88,0,0,5,1,14,0.5833333333333334,1
CC(C)C[N+]1(C)CCCC1,O=S(=O)([N-]S(=O)(=O)C(F)(F)F)C(F)(F)F,,,272.9,K,"Rodrigues, A. S. M. C.; Almeida, H. F. D.; Freire, M. G.; Lopes-da-Silva, J. A.; Coutinho, J. A. P.; Santos, L. M. N. B. F. (2016) Fluid Phase Equilib. 423, 190-202.",CC(C)C[N+]1(C)CCCC1|O=S(=O)([N-]S(=O)(=O)C(F)(F)F)C(F)(F)F,422.413,2.9421000000000017,82.38,0,4,4,0,25,1.0,1
CCCCCCCC[N+](C)(CCCCCCCC)CCCCCCCC,CCCCCCCC/C=C\CCCCCCCC(=O)[O-],,,267.2,K,"Rocha, M. A. A.; van den Bruinhorst, A.; Schroer, W.; Rathke, B.; Kroon, M. C. (2016) J. Chem. Thermodyn. 100, 156-164.",CCCCCCCC[N+](C)(CCCCCCCC)CCCCCCCC|CCCCCCCC/C=C\CCCCCCCC(=O)[O-],650.1740000000001,13.28829999999998,40.13,0,2,36,0,46,0.9302325581395348,0
CCCCCCCCCC[n+]1cccc(C)c1,[Cl-],,,328.1,K,"Sashina, E. S.; Kashirskii, D. A.; Janowska, G.; Zaborski, M. (2013) Thermochim. Acta 568, 185-8.",CCCCCCCCCC[n+]1cccc(C)c1|[Cl-],269.86,1.4272200000000002,3.88,0,0,9,1,18,0.6875,1
CC[n+]1ccn(C)c1.O=[N+]([O-])[O-],O=[N+]([O-])[O-],,,311.1,K,"Sakizadeh, K.; Olson, L. P.; Cowdery-Corvan, P. J.; Ishida, T.; Whitcomb, D. R. (2007) U.S. Patent US7163786B1, 2007, Jan. 16.",CC[n+]1ccn(C)c1.O=[N+]([O-])[O-]|O=[N+]([O-])[O-],235.176,-0.1456999999999999,141.21,0,6,1,1,16,0.5,1
CCCCCCCC[n+]1cccc(C)c1,[Cl-],,,347.1,K,"Sashina, E. S.; Kashirskii, D. A.; Janowska, G.; Zaborski, M. (2013) Thermochim. Acta 568, 185-8.",CCCCCCCC[n+]1cccc(C)c1|[Cl-],241.80600000000004,0.6470200000000008,3.88,0,0,7,1,16,0.6428571428571429,1
CCCCCCCC[n+]1cc(C)cc(C)c1,[I-],,,355.1,K,"Papaiconomou, N.; Estager, J.; Traore, Y.; Bauduin, P.; Bas, C.; Legeai, S.; Viboud, S.; Draye, M. (2010) J. Chem. Eng. Data 55(5), 1971-1979.",CCCCCCCC[n+]1cc(C)cc(C)c1|[I-],347.284,0.95544,3.88,0,0,7,1,17,0.6666666666666666,1
CCCCCCCCC[n+]1cccc(C)c1,[Cl-],,,337.1,K,"Sashina, E. S.; Kashirskii, D. A.; Janowska, G.; Zaborski, M. (2013) Thermochim. Acta 568, 185-8.",CCCCCCCCC[n+]1cccc(C)c1|[Cl-],255.83300000000003,1.0371199999999996,3.88,0,0,8,1,17,0.6666666666666666,1
CCCCCCCCCCCCCCCC[n+]1ccccc1,CC(=O)Oc1ccccc1C(=O)[O-],,,316.4,K,"Sastry, N. V.; Trivedi, P. A. (2021) J. Mol. Liq. 336, 116345.",CCCCCCCCCCCCCCCC[n+]1ccccc1|CC(=O)Oc1ccccc1C(=O)[O-],483.69300000000015,6.430800000000006,70.31,0,4,17,2,35,0.5666666666666667,2
CCCCCCCCCC[n+]1cccc(C)c1,[Cl-],,,337.1,K,"Sashina, E. S.; Kashirskii, D. A.; Janowska, G.; Zaborski, M. (2013) Thermochim. Acta 568, 185-8.",CCCCCCCCCC[n+]1cccc(C)c1|[Cl-],269.86,1.4272200000000002,3.88,0,0,9,1,18,0.6875,1
CCCC[P+](CCCC)(CCCC)CCCC,CC(=O)[O-],,,321.9,K,"Scaglione, N.; Avila, J.; Bakis, E.; Padua, A.; Gomes, M. Costa (2023) Phys. Chem. Chem. Phys. 25(22), 15325-15339.",CCCC[P+](CCCC)(CCCC)CCCC|CC(=O)[O-],318.482,4.960600000000004,40.13,0,2,12,0,21,0.9444444444444444,0
c1ccc(Cn2cc[n+](Cc3ccccc3)c2)cc1,O=S(=O)([O-])C(F)(F)F,,,346.1,K,"Serbanovic, A.; Petrovski, Z.; Manic, M.; Marques, C. S.; Carrera, G. V. S. M.; Branco, L. C.; Afonso, C. A. M.; Nunes da Ponte, M. (2010) Fluid Phase Equilib. 294, 121-130.",c1ccc(Cn2cc[n+](Cc3ccccc3)c2)cc1|O=S(=O)([O-])C(F)(F)F,398.40600000000006,2.9236000000000013,66.01,0,3,4,3,27,0.1666666666666666,3
CCCCCCCCCCCCCCCCCCN(C)C(N(C)CCCCCCCCCCCCCCCCCC)=[N+](C)C,c1ccc([B-](c2ccccc2)(c2ccccc2)c2ccccc2)cc1,,,351.1,K,"Serbanovic, A.; Petrovski, Z.; Manic, M.; Marques, C. S.; Carrera, G. V. S. M.; Branco, L. C.; Afonso, C. A. M.; Nunes da Ponte, M. (2010) Fluid Phase Equilib. 294, 121-130.",CCCCCCCCCCCCCCCCCCN(C)C(N(C)CCCCCCCCCCCCCCCCCC)=[N+](C)C|c1ccc([B-](c2ccccc2)(c2ccccc2)c2ccccc2)cc1,940.396,16.065099999999966,9.49,0,0,38,4,69,0.6153846153846154,4
CCCCCCCC[N+](C)(CCCCCCCC)CCCCCCCC,Cc1ccc(S(=O)(=O)[O-])cc1,,,347.1,K,"Serbanovic, A.; Petrovski, Z.; Manic, M.; Marques, C. S.; Carrera, G. V. S. M.; Branco, L. C.; Afonso, C. A. M.; Nunes da Ponte, M. (2010) Fluid Phase Equilib. 294, 121-130.",CCCCCCCC[N+](C)(CCCCCCCC)CCCCCCCC|Cc1ccc(S(=O)(=O)[O-])cc1,539.9110000000004,9.413620000000003,57.2,0,3,22,1,37,0.8125,1
CCCn1cc[n+](Cc2ccccc2)c1,O=S(=O)([O-])C(F)(F)F,,,318.4,K,"Serbanovic, A.; Petrovski, Z.; Manic, M.; Marques, C. S.; Carrera, G. V. S. M.; Branco, L. C.; Afonso, C. A. M.; Nunes da Ponte, M. (2010) Fluid Phase Equilib. 294, 121-130.",CCCn1cc[n+](Cc2ccccc2)c1|O=S(=O)([O-])C(F)(F)F,350.362,2.2853000000000003,66.01,0,3,4,2,23,0.3571428571428571,2
CCCCCCCCCCCCCCCCCCN(C)C(N(C)CCCCCCCCCCCCCCCCCC)=[N+](C)C,N#C[N-]C#N,,,351.1,K,"Serbanovic, A.; Petrovski, Z.; Manic, M.; Marques, C. S.; Carrera, G. V. S. M.; Branco, L. C.; Afonso, C. A. M.; Nunes da Ponte, M. (2010) Fluid Phase Equilib. 294, 121-130.",CCCCCCCCCCCCCCCCCCN(C)C(N(C)CCCCCCCCCCCCCCCCCC)=[N+](C)C|N#C[N-]C#N,687.2029999999999,13.323359999999978,71.17,0,2,34,0,49,0.9302325581395348,0
CCCCCCCC[n+]1cccc(C)c1,[Cl-],,,342.1,K,"Sashina, E. S.; Kashirskii, D. A.; Janowska, G.; Zaborski, M. (2013) Thermochim. Acta 568, 185-8.",CCCCCCCC[n+]1cccc(C)c1|[Cl-],241.80600000000004,0.6470200000000008,3.88,0,0,7,1,16,0.6428571428571429,1
CCCCCCCCCCCCCCCCCC[n+]1ccn(C)c1,O=S(=O)([N-]S(=O)(=O)C(F)(F)F)C(F)(F)F,,,327.1,K,"Shimizu, Yoshitaka; Ohte, Yoko; Yamamura, Yasuhisa; Saito, Kazuya (2009) Chem. Phys. Lett. 470(4-6), 295-299.",CCCCCCCCCCCCCCCCCC[n+]1ccn(C)c1|O=S(=O)([N-]S(=O)(=O)C(F)(F)F)C(F)(F)F,615.7470000000002,7.633400000000008,91.19,0,4,19,1,39,0.875,1
CCCC[N+](CCCC)(CCCC)CCCC,Cc1ccc(S(=O)(=O)[O-])cc1,,,345.1,K,"Serbanovic, A.; Petrovski, Z.; Manic, M.; Marques, C. S.; Carrera, G. V. S. M.; Branco, L. C.; Afonso, C. A. M.; Nunes da Ponte, M. (2010) Fluid Phase Equilib. 294, 121-130.",CCCC[N+](CCCC)(CCCC)CCCC|Cc1ccc(S(=O)(=O)[O-])cc1,413.668,5.902720000000007,57.2,0,3,13,1,28,0.7391304347826086,1
CCCC[n+]1ccn(C)c1,O=S(=O)([N-]S(=O)(=O)C(F)(F)F)C(F)(F)F,,,270.4,K,"Shimizu, Yoshitaka; Ohte, Yoko; Yamamura, Yasuhisa; Tsuzuki, Seiji; Saito, Kazuya (2012) J. Phys. Chem. B 116(18), 5406-5413.",CCCC[n+]1ccn(C)c1|O=S(=O)([N-]S(=O)(=O)C(F)(F)F)C(F)(F)F,419.369,2.1720000000000006,91.19,0,4,5,1,25,0.7,1
CCCC[n+]1ccn(C)c1,CS(=O)(=O)[O-],,,337.1,K,"Serbanovic, A.; Petrovski, Z.; Manic, M.; Marques, C. S.; Carrera, G. V. S. M.; Branco, L. C.; Afonso, C. A. M.; Nunes da Ponte, M. (2010) Fluid Phase Equilib. 294, 121-130.",CCCC[n+]1ccn(C)c1|CS(=O)(=O)[O-],234.321,0.2741000000000002,66.01,0,3,3,1,15,0.6666666666666666,1
CCCC[N+](CCCC)=C(N(C)C)N(C)C,N#C[N-]C#N,,,371.1,K,"Serbanovic, A.; Petrovski, Z.; Manic, M.; Marques, C. S.; Carrera, G. V. S. M.; Branco, L. C.; Afonso, C. A. M.; Nunes da Ponte, M. (2010) Fluid Phase Equilib. 294, 121-130.",CCCC[N+](CCCC)=C(N(C)C)N(C)C|N#C[N-]C#N,294.447,2.4005600000000005,71.17,0,2,6,0,21,0.8,0
CCCCCC[n+]1ccn(C)c1,O=S(=O)([N-]S(=O)(=O)C(F)(F)F)C(F)(F)F,,,272.0,K,"Shevelyova, M. P.; Zaitsau, D. H.; Paulechka, Y. U.; Blokhin, A. V.; Kabo, G. J. (2007) J. Chem. Eng. Data 52(4), 1360-1365.",CCCCCC[n+]1ccn(C)c1|O=S(=O)([N-]S(=O)(=O)C(F)(F)F)C(F)(F)F,447.423,2.952200000000002,91.19,0,4,7,1,27,0.75,1
CCCC[N+](CCCC)(CCCC)CCCC.C1=C(C=C(C(=C1[N+](=O)[O-])[O-])[N+](=O)[O-])[N+](=O)[O-],C1=C(C=C(C(=C1[N+](=O)[O-])[O-])[N+](=O)[O-])[N+](=O)[O-],,,362.55,K,"Seward, R. P. (1951) J. Am. Chem. Soc. 73, 515-517.",CCCC[N+](CCCC)(CCCC)CCCC.C1=C(C=C(C(=C1[N+](=O)[O-])[O-])[N+](=O)[O-])[N+](=O)[O-]|C1=C(C=C(C(=C1[N+](=O)[O-])[O-])[N+](=O)[O-])[N+](=O)[O-],698.6630000000001,5.973200000000007,304.96,0,14,18,2,49,0.5714285714285714,2
CC[n+]1ccn(C)c1,F[P-](F)(F)(F)(F)F,,,334.1,K,"Sifaoui, H.; Ait-Kaci, A.; Modarressi, A.; Rogalski, M. (2007) Thermochim. Acta 456(2), 114-119.",CC[n+]1ccn(C)c1|F[P-](F)(F)(F)(F)F,256.12999999999994,3.714900000000002,8.809999999999999,0,0,1,1,15,0.5,1
COC(=O)[C@@H]1CCC[N+]1(C)C,COS(=O)(=O)[O-],,,230.4,K,"Sintra, T. E.; Gantman, M. G.; Ventura, S. P.M.; Coutinho, J. A.P.; Wasserscheid, P.; Schulz, P. S. (2019) J. Mol. Liq. 283, 410-416.",COC(=O)[C@@H]1CCC[N+]1(C)C|COS(=O)(=O)[O-],269.319,-0.5087999999999993,92.73,0,6,2,0,17,0.8888888888888888,1
CCCCCCCCCCCCCCCC[N+]1(C)CCCCC1,[Cl-],,,365.9,K,"Sastry, N. V.; Trivedi, P. A. (2021) J. Mol. Liq. 336, 116345.",CCCCCCCCCCCCCCCC[N+]1(C)CCCCC1|[Cl-],360.07000000000016,4.1022000000000025,0.0,0,0,15,0,24,1.0,1
CC[n+]1ccn(C)c1,Cc1ccc(S(=O)(=O)[O-])cc1,,,328.2,K,"Stejfa, Vojtech; Rohlicek, Jan; Cervinka, Ctirad (2020) J. Chem. Thermodyn. 142, 106020.",CC[n+]1ccn(C)c1|Cc1ccc(S(=O)(=O)[O-])cc1,282.365,1.2316199999999995,66.01,0,3,2,2,19,0.3076923076923077,2
Cn1cc[n+](Cc2ccccc2)c1,[Cl-],,,343.1,K,"Sakizadeh, K.; Olson, L. P.; Cowdery-Corvan, P. J.; Ishida, T.; Whitcomb, D. R. (2007) U.S. Patent US7163786B1, 2007, Jan. 16.",Cn1cc[n+](Cc2ccccc2)c1|[Cl-],208.692,-1.6350999999999984,8.809999999999999,0,0,2,2,14,0.1818181818181818,2
CCCCCCCCCCCCCCCC[n+]1ccccc1,[OH-],,,342.6,K,"Sastry, N. V.; Trivedi, P. A. (2021) J. Mol. Liq. 336, 116345.",CCCCCCCCCCCCCCCC[n+]1ccccc1|[OH-],321.5489999999999,6.278600000000006,33.88,0,1,15,1,23,0.7619047619047619,1
CCCCCCCCCCCC[N+](CCCCCCCCCCCC)=C(N(C)C)N(C)C,N#C[N-]C#N,,,326.1,K,"Serbanovic, A.; Petrovski, Z.; Manic, M.; Marques, C. S.; Carrera, G. V. S. M.; Branco, L. C.; Afonso, C. A. M.; Nunes da Ponte, M. (2010) Fluid Phase Equilib. 294, 121-130.",CCCCCCCCCCCC[N+](CCCCCCCCCCCC)=C(N(C)C)N(C)C|N#C[N-]C#N,518.8790000000004,8.642160000000006,71.17,0,2,22,0,37,0.9032258064516128,0
C[N+](C)(C)CCO,N#C[N-]C#N,,,274.64,K,"Skonieczny, Michal; Krolikowska, Marta; Paduszynski, Kamil; Wieckowski, Mikolaj (2025) Fluid Phase Equilib. 600, 114548.",C[N+](C)(C)CCO|N#C[N-]C#N,170.216,0.0071600000000001,81.91,1,3,2,0,12,0.7142857142857143,0
CC[n+]1ccn(C)c1,[Cl-],,,360.8,K,"Sola-Cervera, J. L.; Keil, P.; Konig, A. (2010) Chem. Eng. Technol. 33, 821.",CC[n+]1ccn(C)c1|[Cl-],146.62099999999998,-2.663499999999998,8.809999999999999,0,0,1,1,9,0.5,1
CCCCCCCCCCCCCCCC[N+]1(C)CCCCC1,[OH-],,,338.1,K,"Sastry, N. V.; Trivedi, P. A. (2021) J. Mol. Liq. 336, 116345.",CCCCCCCCCCCCCCCC[N+]1(C)CCCCC1|[OH-],341.62400000000014,6.921400000000007,30.0,0,1,15,0,24,1.0,1
CCCCCCCCCCCCCCCC[N+]1(C)CCCCC1,CC(=O)Oc1ccccc1C(=O)[O-],,,303.9,K,"Sastry, N. V.; Trivedi, P. A. (2021) J. Mol. Liq. 336, 116345.",CCCCCCCCCCCCCCCC[N+]1(C)CCCCC1|CC(=O)Oc1ccccc1C(=O)[O-],503.7680000000004,7.073600000000007,66.43,0,4,17,1,36,0.7419354838709677,2
CC[n+]1ccn(C)c1.O=[N+]([O-])[O-],O=[N+]([O-])[O-],,,316.4,K,"Stejfa, Vojtech; Rohlicek, Jan; Cervinka, Ctirad (2020) J. Chem. Thermodyn. 142, 106020.",CC[n+]1ccn(C)c1.O=[N+]([O-])[O-]|O=[N+]([O-])[O-],235.176,-0.1456999999999999,141.21,0,6,1,1,16,0.5,1
CC[n+]1ccn(C)c1,N#C[S-],,,266.0,K,"Stejfa, Vojtech; Rohlicek, Jan; Cervinka, Ctirad (2020) J. Chem. Thermodyn. 142, 106020.",CC[n+]1ccn(C)c1|N#C[S-],169.253,0.3468799999999998,32.599999999999994,0,2,1,1,11,0.4285714285714285,1
CC[n+]1ccn(C)c1.O=[N+]([O-])[O-],O=[N+]([O-])[O-],,,314.9,K,"Stejfa, Vojtech; Rohlicek, Jan; Cervinka, Ctirad (2020) J. Chem. Thermodyn. 142, 106020.",CC[n+]1ccn(C)c1.O=[N+]([O-])[O-]|O=[N+]([O-])[O-],235.176,-0.1456999999999999,141.21,0,6,1,1,16,0.5,1
CC[n+]1ccn(C)c1,O=S(=O)([O-])C(F)(F)F,,,262.6,K,"Stejfa, Vojtech; Rohlicek, Jan; Cervinka, Ctirad (2020) J. Chem. Thermodyn. 142, 106020.",CC[n+]1ccn(C)c1|O=S(=O)([O-])C(F)(F)F,260.237,0.3839,66.01,0,3,1,1,16,0.5714285714285714,1
CC[N+]1(C)CCCC1,F[B-](F)(F)F,,,339.0,K,"Stolarska, O.; Rodriguez, H.; Smiglak, M. (2016) Fluid Phase Equilib. 408, 1-9.",CC[N+]1(C)CCCC1|F[B-](F)(F)F,201.016,2.5467000000000004,0.0,0,0,1,0,13,1.0,1
CCCC[N+]1(C)CCCC1,O=S(=O)([N-]S(=O)(=O)C(F)(F)F)C(F)(F)F,,,265.7,K,"Shimizu, Yoshitaka; Ohte, Yoko; Yamamura, Yasuhisa; Tsuzuki, Seiji; Saito, Kazuya (2012) J. Phys. Chem. B 116(18), 5406-5413.",CCCC[N+]1(C)CCCC1|O=S(=O)([N-]S(=O)(=O)C(F)(F)F)C(F)(F)F,422.413,3.0862000000000016,82.38,0,4,5,0,25,1.0,1
CCCC[N+]1(C)CCCC1,F[B-](F)(F)F,,,424.0,K,"Stolarska, O.; Rodriguez, H.; Smiglak, M. (2016) Fluid Phase Equilib. 408, 1-9.",CCCC[N+]1(C)CCCC1|F[B-](F)(F)F,229.06999999999996,3.326900000000002,0.0,0,0,3,0,15,1.0,1
CC[n+]1ccn(C)c1,N#C[C-](C#N)C#N,,,274.9,K,"Stejfa, Vojtech; Rohlicek, Jan; Cervinka, Ctirad (2020) J. Chem. Thermodyn. 142, 106020.",CC[n+]1ccn(C)c1|N#C[C-](C#N)C#N,201.233,0.4641299999999998,80.17999999999999,0,3,1,1,15,0.3,1
CCCC[N+]1(C)CCCC1,O=S(=O)([N-]S(=O)(=O)C(F)(F)F)C(F)(F)F,,,255.7,K,"Stejfa, V.; Rohlicek, J.; Cervinka, C. (2022) J. Ionic Liq. 2(1), 100016.",CCCC[N+]1(C)CCCC1|O=S(=O)([N-]S(=O)(=O)C(F)(F)F)C(F)(F)F,422.413,3.0862000000000016,82.38,0,4,5,0,25,1.0,1
COCCOCC[n+]1ccn(C)c1,F[P-](F)(F)(F)(F)F,,,316.1,K,"Serbanovic, A.; Petrovski, Z.; Manic, M.; Marques, C. S.; Carrera, G. V. S. M.; Branco, L. C.; Afonso, C. A. M.; Nunes da Ponte, M. (2010) Fluid Phase Equilib. 294, 121-130.",COCCOCC[n+]1ccn(C)c1|F[P-](F)(F)(F)(F)F,330.209,3.3580000000000023,27.27,0,2,6,1,20,0.6666666666666666,1
CCCC[N+]1(C)CCCC1,O=S(=O)([O-])C(F)(F)C(F)F,,,318.6,K,"Stejfa, V.; Rohlicek, J.; Cervinka, C. (2022) J. Ionic Liq. 2(1), 100016.",CCCC[N+]1(C)CCCC1|O=S(=O)([O-])C(F)(F)C(F)F,323.3519999999999,2.416400000000001,57.2,0,3,5,0,20,1.0,1
CCCC[N+]1(C)CCCC1,O=S(=O)([O-])C(F)(F)F,,,276.7,K,"Stejfa, V.; Rohlicek, J.; Cervinka, C. (2022) J. Ionic Liq. 2(1), 100016.",CCCC[N+]1(C)CCCC1|O=S(=O)([O-])C(F)(F)F,291.3349999999999,2.0783000000000005,57.2,0,3,3,0,18,1.0,1
CCCC[N+]1(C)CCCC1,O=S(=O)([N-]S(=O)(=O)C(F)(F)F)C(F)(F)F,,,265.9,K,"Stejfa, V.; Rohlicek, J.; Cervinka, C. (2022) J. Ionic Liq. 2(1), 100016.",CCCC[N+]1(C)CCCC1|O=S(=O)([N-]S(=O)(=O)C(F)(F)F)C(F)(F)F,422.413,3.0862000000000016,82.38,0,4,5,0,25,1.0,1
CCCCCC[N+](CC)(CC)CC,O=S(=O)([N-]S(=O)(=O)C(F)(F)F)C(F)(F)F,,,293.1,K,"Sun, J.; Forsyth, M.; MacFarlane, D. R. (1998) J. Phys. Chem. B 102, 8858-8864.",CCCCCC[N+](CC)(CC)CC|O=S(=O)([N-]S(=O)(=O)C(F)(F)F)C(F)(F)F,466.51,4.502500000000005,82.38,0,4,10,0,28,1.0,0
CCCCCCCCCCCCc1cc[n+](C)cc1,[O-]Cl(=O)(=O)=O,,,365.9,K,"Sudholter, E. J. R.; Engberts, J. B. F. N.; de Jeu, W. H. (1982) J. Phys. Chem. 86, 1908-13.",CCCCCCCCCCCCc1cc[n+](C)cc1|[O-]Cl(=O)(=O)=O,361.9100000000001,0.2185000000000017,96.12,0,4,11,1,24,0.7222222222222222,1
CCCCCCCCCCCCCCCCC(CCCCCCCCCCCCCCCC)C1=CC=[N+](C=C1)C,[I-],,,345.1,K,"Sudholter, E. J. R.; Engberts, J. B. F. N.; de Jeu, W. H. (1982) J. Phys. Chem. 86, 1908-13.",CCCCCCCCCCCCCCCCC(CCCCCCCCCCCCCCCC)C1=CC=[N+](C=C1)C|[I-],683.9320000000005,10.341499999999996,3.88,0,0,31,1,41,0.8717948717948718,1
Cn1cc[n+](CCO)c1,[Cl-],,,359.1,K,"Sun, J.; Zhang, S.; Cheng, W.; Ren, J. (2008) Tetrahedron Lett. 49, 3588-3591.",Cn1cc[n+](CCO)c1|[Cl-],162.62,-3.691099999999999,29.04,1,1,2,1,10,0.5,1
CCCC[N+]1(C)CCCC1,O=S(=O)([O-])C(F)(F)F,,,279.1,K,"Stejfa, V.; Rohlicek, J.; Cervinka, C. (2022) J. Ionic Liq. 2(1), 100016.",CCCC[N+]1(C)CCCC1|O=S(=O)([O-])C(F)(F)F,291.3349999999999,2.0783000000000005,57.2,0,3,3,0,18,1.0,1
CCCC[N+](CCCC)(CCCC)CCCC,O=S(=O)([C-](S(=O)(=O)C(F)(F)F)S(=O)(=O)C(F)(F)F)C(F)(F)F,,,369.1,K,"Sun, J.; Forsyth, M.; MacFarlane, D. R. (1998) J. Phys. Chem. B 102, 8858-8864.",CCCC[N+](CCCC)(CCCC)CCCC|O=S(=O)([C-](S(=O)(=O)C(F)(F)F)S(=O)(=O)C(F)(F)F)C(F)(F)F,653.6920000000002,6.240790000000008,102.42,0,6,15,0,39,0.95,0
CC[n+]1ccn(C)c1,O=S(=O)([N-]S(=O)(=O)C(F)(F)F)C(F)(F)F,,,271.4,K,"Shimizu, Yoshitaka; Ohte, Yoko; Yamamura, Yasuhisa; Saito, Kazuya (2009) Chem. Phys. Lett. 470(4-6), 295-299.",CC[n+]1ccn(C)c1|O=S(=O)([N-]S(=O)(=O)C(F)(F)F)C(F)(F)F,391.315,1.3917999999999997,91.19,0,4,3,1,23,0.625,1
CC[n+]1ccn(C)c1,F[P-](F)(F)(F)(F)F,,,333.1,K,"Serbanovic, A.; Petrovski, Z.; Manic, M.; Marques, C. S.; Carrera, G. V. S. M.; Branco, L. C.; Afonso, C. A. M.; Nunes da Ponte, M. (2010) Fluid Phase Equilib. 294, 121-130.",CC[n+]1ccn(C)c1|F[P-](F)(F)(F)(F)F,256.12999999999994,3.714900000000002,8.809999999999999,0,0,1,1,15,0.5,1
C[n+]1ccn(Cc2ccc3ccccc3c2)c1,O=S(=O)([N-]S(=O)(=O)C(F)(F)F)C(F)(F)F,,,318.6,K,"Tao, R.; Tamas, G.; Xue, L.; Simon, S.; Quitevis, E. (2014) J. Chem. Eng. Data 59(9), 2717-2724.",C[n+]1ccn(Cc2ccc3ccccc3c2)c1|O=S(=O)([N-]S(=O)(=O)C(F)(F)F)C(F)(F)F,503.4460000000001,3.573400000000002,91.19,0,4,4,3,32,0.2352941176470588,3
CCCC[N+]1(C)CCCC1,O=S(=O)(F)[N-]S(=O)(=O)F,,,255.3,K,"Stejfa, V.; Rohlicek, J.; Cervinka, C. (2022) J. Ionic Liq. 2(1), 100016.",CCCC[N+]1(C)CCCC1|O=S(=O)(F)[N-]S(=O)(=O)F,322.399,1.8156,82.38,0,4,5,0,19,1.0,1
CCCC[N+](C)(C)C,O=S(=O)([N-]S(=O)(=O)C(F)(F)F)C(F)(F)F,,,292.1,K,"Tokuda, H.; Ishii, K.; Susan, M. A. B. H.; Tsuzuki, S.; Hayamizu, K.; Watanabe, M. (2006) J. Phys. Chem. B 110(6), 2833-2839.",CCCC[N+](C)(C)C|O=S(=O)([N-]S(=O)(=O)C(F)(F)F)C(F)(F)F,396.375,2.5520000000000014,82.38,0,4,5,0,23,1.0,0
c1ccc(Cn2cc[n+](Cc3ccccc3)c2)cc1,O=S(=O)([N-]S(=O)(=O)C(F)(F)F)C(F)(F)F,,,314.9,K,"Tao, R.; Tamas, G.; Xue, L.; Simon, S.; Quitevis, E. (2014) J. Chem. Eng. Data 59(9), 2717-2724.",c1ccc(Cn2cc[n+](Cc3ccccc3)c2)cc1|O=S(=O)([N-]S(=O)(=O)C(F)(F)F)C(F)(F)F,529.4840000000002,3.9315000000000033,91.19,0,4,6,3,34,0.2105263157894736,3
CCCCCCCCCCCCCCCCn1cc[n+](C)c1,O=S(=O)([N-]S(=O)(=O)C(F)(F)F)C(F)(F)F,,,320.1,K,"Stolarska, O.; Pawlowska-Zygarowicz, A.; Rodriguez, H.; Frydrych-Tomczak, E.; Smiglak, M. (2021) J. Mol. Liq. 339, 116805.",CCCCCCCCCCCCCCCCn1cc[n+](C)c1|O=S(=O)([N-]S(=O)(=O)C(F)(F)F)C(F)(F)F,587.6930000000002,6.853200000000007,91.19,0,4,17,1,37,0.8636363636363636,1
CCCCCC[N+](CCCC)(CCCC)CCCC,O=S(=O)([N-]S(=O)(=O)C(F)(F)F)C(F)(F)F,,,299.1,K,"Sun, J.; Forsyth, M.; MacFarlane, D. R. (1998) J. Phys. Chem. B 102, 8858-8864.",CCCCCC[N+](CCCC)(CCCC)CCCC|O=S(=O)([N-]S(=O)(=O)C(F)(F)F)C(F)(F)F,550.6720000000001,6.843100000000009,82.38,0,4,16,0,34,1.0,0
CCCC[n+]1ccn(C)c1,O=S(=O)([N-]S(=O)(=O)C(F)(F)F)C(F)(F)F,,,270.35,K,"Shimizu, Y.; Ohte, Y.; Yamamura, Y.; Saito, K. (2007) Chem. Lett. 36, 1484-1485.",CCCC[n+]1ccn(C)c1|O=S(=O)([N-]S(=O)(=O)C(F)(F)F)C(F)(F)F,419.369,2.1720000000000006,91.19,0,4,5,1,25,0.7,1
CCCC[N+]1(C)CCCC1,O=S(=O)(F)[N-]S(=O)(=O)F,,,258.1,K,"Tokuda, H.; Ishii, K.; Susan, M. A. B. H.; Tsuzuki, S.; Hayamizu, K.; Watanabe, M. (2006) J. Phys. Chem. B 110(6), 2833-2839.",CCCC[N+]1(C)CCCC1|O=S(=O)(F)[N-]S(=O)(=O)F,322.399,1.8156,82.38,0,4,5,0,19,1.0,1
CCCCCCCCCCCCCCCCCC[n+]1ccn(C)c1,O=S(=O)([N-]S(=O)(=O)C(F)(F)F)C(F)(F)F,,,328.1,K,"Stolarska, O.; Pawlowska-Zygarowicz, A.; Rodriguez, H.; Frydrych-Tomczak, E.; Smiglak, M. (2021) J. Mol. Liq. 339, 116805.",CCCCCCCCCCCCCCCCCC[n+]1ccn(C)c1|O=S(=O)([N-]S(=O)(=O)C(F)(F)F)C(F)(F)F,615.7470000000002,7.633400000000008,91.19,0,4,19,1,39,0.875,1
CCCCCCCCCCCCCCCCC(CCCCCCCCCCCCCCCC)C1=CC=[N+](C=C1)C,[Cl-],,,337.1,K,"Sudholter, E. J. R.; Engberts, J. B. F. N.; de Jeu, W. H. (1982) J. Phys. Chem. 86, 1908-13.",CCCCCCCCCCCCCCCCC(CCCCCCCCCCCCCCCC)C1=CC=[N+](C=C1)C|[Cl-],592.4810000000004,10.341499999999996,3.88,0,0,31,1,41,0.8717948717948718,1
CCCCCC[n+]1ccn(C)c1,O=S(=O)([N-]S(=O)(=O)C(F)(F)F)C(F)(F)F,,,267.1,K,"Tokuda, H.; Hayamizu, K.; Ishii, K.; Susan, M. A. B. H.; Watanabe, M. (2005) J. Phys. Chem. B 109(13), 6103-6110.",CCCCCC[n+]1ccn(C)c1|O=S(=O)([N-]S(=O)(=O)C(F)(F)F)C(F)(F)F,447.423,2.952200000000002,91.19,0,4,7,1,27,0.75,1
CC[n+]1ccn(C)c1,O=S(=O)([N-]S(=O)(=O)C(F)(F)F)C(F)(F)F,,,263.1,K,"Stolarska, O.; Pawlowska-Zygarowicz, A.; Rodriguez, H.; Frydrych-Tomczak, E.; Smiglak, M. (2021) J. Mol. Liq. 339, 116805.",CC[n+]1ccn(C)c1|O=S(=O)([N-]S(=O)(=O)C(F)(F)F)C(F)(F)F,391.315,1.3917999999999997,91.19,0,4,3,1,23,0.625,1
CCCCCCCCCCCCCC[n+]1ccn(C)c1,O=S(=O)([N-]S(=O)(=O)C(F)(F)F)C(F)(F)F,,,308.1,K,"Stolarska, O.; Pawlowska-Zygarowicz, A.; Rodriguez, H.; Frydrych-Tomczak, E.; Smiglak, M. (2021) J. Mol. Liq. 339, 116805.",CCCCCCCCCCCCCC[n+]1ccn(C)c1|O=S(=O)([N-]S(=O)(=O)C(F)(F)F)C(F)(F)F,559.6390000000002,6.073000000000007,91.19,0,4,15,1,35,0.85,1
CC[n+]1ccn(C)c1,O=S(=O)([N-]S(=O)(=O)C(F)(F)F)C(F)(F)F,,,255.2,K,"Tokuda, H.; Tsuzuki, S.; Susan, M. A. B. H.; Hayamizu, K.; Watanabe, M. (2006) J. Phys. Chem. B 110(39), 19593-19600.",CC[n+]1ccn(C)c1|O=S(=O)([N-]S(=O)(=O)C(F)(F)F)C(F)(F)F,391.315,1.3917999999999997,91.19,0,4,3,1,23,0.625,1
Cn1cc[n+](C)c1,O=S(=O)([N-]S(=O)(=O)C(F)(F)F)C(F)(F)F,,,299.1,K,"Tokuda, H.; Hayamizu, K.; Ishii, K.; Susan, M. A. B. H.; Watanabe, M. (2005) J. Phys. Chem. B 109(13), 6103-6110.",Cn1cc[n+](C)c1|O=S(=O)([N-]S(=O)(=O)C(F)(F)F)C(F)(F)F,377.288,0.9088999999999996,91.19,0,4,2,1,22,0.5714285714285714,1
CCCC[n+]1ccn(C)c1,O=S(=O)([O-])C(F)(F)F,,,290.1,K,"Tokuda, H.; Tsuzuki, S.; Susan, M. A. B. H.; Hayamizu, K.; Watanabe, M. (2006) J. Phys. Chem. B 110(39), 19593-19600.",CCCC[n+]1ccn(C)c1|O=S(=O)([O-])C(F)(F)F,288.29099999999994,1.1641,66.01,0,3,3,1,18,0.6666666666666666,1
CCCC[N+](CCCC)(CCCC)CCCC,[Cl-],,,359.1,K,"Shim, Jae-Jin; Kim, Duck; Ra, Choon Sup (2006) Bull. Korean Chem. Soc. 27(5), 744-746.",CCCC[N+](CCCC)(CCCC)CCCC|[Cl-],277.92399999999986,2.007600000000001,0.0,0,0,12,0,18,1.0,0
CCC[n+]1ccccc1,[Br-],,,342.8,K,"Tong, B.; Liu, Q.-S.; Tan, Z.-C.; Welz-Biermann, U. (2010) J. Phys. Chem. A 114, 3782-3787.",CCC[n+]1ccccc1|[Br-],202.09499999999997,-1.6118999999999986,3.88,0,0,2,1,10,0.375,1
CCCCCCCCCCn1cc[n+](C)c1,O=S(=O)([O-])C(F)(F)F,,,296.2,K,"Trindade, C. A. S.; Visak, Z. P.; Bogel-Lsukasik, R.; Bogel-Lsukasik, E.; Ponte, M. N. d. (2010) Ind. Eng. Chem. Res. 49(10), 4850-4857.",CCCCCCCCCCn1cc[n+](C)c1|O=S(=O)([O-])C(F)(F)F,372.453,3.5047000000000024,66.01,0,3,9,1,24,0.8,1
CCCC[n+]1ccn(C)c1,CCCCCCCCCCCCOS(=O)(=O)[O-],,,274.95,K,"Vieira, M. O.; Monteiro, W. F.; Ligabue, R.; Seferin, M.; Chaban, V. V.; Andreeva, N. A.; Nascimento, J. F. d.; Einloft, S. (2017) J. Mol. Liq. 241, 64-73.",CCCC[n+]1ccn(C)c1|CCCCCCCCCCCCOS(=O)(=O)[O-],404.6170000000001,4.496800000000005,75.24,0,4,15,1,27,0.85,1
CC[n+]1ccn(C)c1,O=S(=O)([O-])C(F)(F)C(F)F,,,317.6,K,"Vatascin, Erika; Dohnal, Vladimir (2018) J. Chem. Thermodyn. 119, 114-126.",CC[n+]1ccn(C)c1|O=S(=O)([O-])C(F)(F)C(F)F,292.254,0.7220000000000001,66.01,0,3,3,1,18,0.625,1
CC[n+]1ccn(C)c1,Cc1ccc(S(=O)(=O)[O-])cc1,,,327.4,K,"Vatascin, Erika; Dohnal, Vladimir (2019) Fluid Phase Equilib. 483, 84-91.",CC[n+]1ccn(C)c1|Cc1ccc(S(=O)(=O)[O-])cc1,282.365,1.2316199999999995,66.01,0,3,2,2,19,0.3076923076923077,2
C[N+](C)(C)CCO,O=S(=O)([N-]S(=O)(=O)C(F)(F)C(F)(F)C(F)(F)C(F)(F)F)C(F)(F)C(F)(F)C(F)(F)C(F)(F)F,,,303.0,K,"Vieira, N. S. M.; Luis, A.; Reis, P. M.; Carvalho, P. J.; Lopes-da-Silva, J. A.; Esperanca, J. M. S. S.; Araujo, J. M. M.; Rebelo, L. P. N.; Freire, M. G.; Pereiro, A. B. (2016) J. Chem. Thermodyn. 97, 354-361.",C[N+](C)(C)CCO|O=S(=O)([N-]S(=O)(=O)C(F)(F)C(F)(F)C(F)(F)C(F)(F)F)C(F)(F)C(F)(F)C(F)(F)C(F)(F)F,684.3620000000002,4.556000000000004,102.61,1,5,10,0,40,1.0,0
CC[n+]1cccc(C)c1,O=C([O-])C(F)(F)C(F)(F)C(F)(F)C(F)(F)F,,,275.0,K,"Vieira, N. S. M.; Luis, A.; Reis, P. M.; Carvalho, P. J.; Lopes-da-Silva, J. A.; Esperanca, J. M. S. S.; Araujo, J. M. M.; Rebelo, L. P. N.; Freire, M. G.; Pereiro, A. B. (2016) J. Chem. Thermodyn. 97, 354-361.",CC[n+]1cccc(C)c1|O=C([O-])C(F)(F)C(F)(F)C(F)(F)C(F)(F)F,385.226,2.506920000000001,44.01,0,2,4,1,25,0.5384615384615384,1
CCCC[N+]1(C)CCCC1,O=S(=O)([N-]S(=O)(=O)C(F)(F)C(F)(F)C(F)(F)C(F)(F)F)C(F)(F)C(F)(F)C(F)(F)C(F)(F)F,,,371.0,K,"Vieira, N. S. M.; Luis, A.; Reis, P. M.; Carvalho, P. J.; Lopes-da-Silva, J. A.; Esperanca, J. M. S. S.; Araujo, J. M. M.; Rebelo, L. P. N.; Freire, M. G.; Pereiro, A. B. (2016) J. Chem. Thermodyn. 97, 354-361.",CCCC[N+]1(C)CCCC1|O=S(=O)([N-]S(=O)(=O)C(F)(F)C(F)(F)C(F)(F)C(F)(F)F)C(F)(F)C(F)(F)C(F)(F)C(F)(F)F,722.4550000000004,6.898000000000005,82.38,0,4,11,0,43,1.0,1
CCCC[N+]1(C)CCCC1,O=S(=O)([N-]S(=O)(=O)C(F)(F)F)C(F)(F)F,,,258.1,K,"Tokuda, H.; Tsuzuki, S.; Susan, M. A. B. H.; Hayamizu, K.; Watanabe, M. (2006) J. Phys. Chem. B 110(39), 19593-19600.",CCCC[N+]1(C)CCCC1|O=S(=O)([N-]S(=O)(=O)C(F)(F)F)C(F)(F)F,422.413,3.0862000000000016,82.38,0,4,5,0,25,1.0,1
CCCCCCCCCCCCCCCC[n+]1ccn(C)c1,F[B-](F)(F)F,,,330.0,K,"Vila, J.; Fernandez-Castro, B.; Rilo, E.; Carrete, J.; Dominguez-Perez, M.; Rodriguez, J. R.; Garcia, M.; Varela, L. M.; Cabeza, O. (2012) Fluid Phase Equilib. 320, 1-10.",CCCCCCCCCCCCCCCC[n+]1ccn(C)c1|F[B-](F)(F)F,394.3499999999999,7.093900000000008,8.809999999999999,0,0,15,1,27,0.85,1
C[N+](C)(C)CCO,O=S(=O)([N-]S(=O)(=O)C(F)(F)F)C(F)(F)F,,,306.1,K,"Villanueva, M.; Parajo, J. J.; Sanchez, P. B.; Garcia, J.; Salgado, J. (2015) J. Chem. Thermodyn. 91, 127-135.",C[N+](C)(C)CCO|O=S(=O)([N-]S(=O)(=O)C(F)(F)F)C(F)(F)F,384.32,0.7442000000000002,102.61,1,5,4,0,22,1.0,0
CC[n+]1ccn(C)c1,F[B-](F)(F)F,,,287.6,K,"Van Valkenburg, M. E.; Vaughn, R. L.; Williams, M.; Wilkes, J. S. (2005) Thermochim. Acta 425(1-2), 181-188.",CC[n+]1ccn(C)c1|F[B-](F)(F)F,197.972,1.6324999999999998,8.809999999999999,0,0,1,1,13,0.5,1
CCCCCCCCCCCC[n+]1ccn(C)c1,F[P-](F)(F)(F)(F)F,,,333.1,K,"Sakizadeh, K.; Olson, L. P.; Cowdery-Corvan, P. J.; Ishida, T.; Whitcomb, D. R. (2007) U.S. Patent US7163786B1, 2007, Jan. 16.",CCCCCCCCCCCC[n+]1ccn(C)c1|F[P-](F)(F)(F)(F)F,396.3999999999999,7.615900000000006,8.809999999999999,0,0,11,1,25,0.8125,1
CCCCCCCCCCCC[n+]1ccn(C)c1,F[B-](F)(F)F,,,305.0,K,"Vila, J.; Fernandez-Castro, B.; Rilo, E.; Carrete, J.; Dominguez-Perez, M.; Rodriguez, J. R.; Garcia, M.; Varela, L. M.; Cabeza, O. (2012) Fluid Phase Equilib. 320, 1-10.",CCCCCCCCCCCC[n+]1ccn(C)c1|F[B-](F)(F)F,338.242,5.533500000000005,8.809999999999999,0,0,11,1,23,0.8125,1
CC[n+]1ccn(C)c1,[Cl-],,,360.0,K,"Vila, J.; Fernandez-Castro, B.; Rilo, E.; Carrete, J.; Dominguez-Perez, M.; Rodriguez, J. R.; Garcia, M.; Varela, L. M.; Cabeza, O. (2012) Fluid Phase Equilib. 320, 1-10.",CC[n+]1ccn(C)c1|[Cl-],146.62099999999998,-2.663499999999998,8.809999999999999,0,0,1,1,9,0.5,1
CC[n+]1ccn(C)c1,[Br-],,,350.2,K,"Vatascin, Erika; Dohnal, Vladimir (2019) Fluid Phase Equilib. 483, 84-91.",CC[n+]1ccn(C)c1|[Br-],191.072,-2.663499999999998,8.809999999999999,0,0,1,1,9,0.5,1
CC[n+]1ccn(C)c1,[I-],,,350.0,K,"Vila, J.; Fernandez-Castro, B.; Rilo, E.; Carrete, J.; Dominguez-Perez, M.; Rodriguez, J. R.; Garcia, M.; Varela, L. M.; Cabeza, O. (2012) Fluid Phase Equilib. 320, 1-10.",CC[n+]1ccn(C)c1|[I-],238.072,-2.663499999999998,8.809999999999999,0,0,1,1,9,0.5,1
CC[n+]1ccn(C)c1,[Br-],,,345.0,K,"Vila, J.; Fernandez-Castro, B.; Rilo, E.; Carrete, J.; Dominguez-Perez, M.; Rodriguez, J. R.; Garcia, M.; Varela, L. M.; Cabeza, O. (2012) Fluid Phase Equilib. 320, 1-10.",CC[n+]1ccn(C)c1|[Br-],191.072,-2.663499999999998,8.809999999999999,0,0,1,1,9,0.5,1
CCCCCCCCCC[n+]1ccn(C)c1,F[B-](F)(F)F,,,280.0,K,"Vila, J.; Fernandez-Castro, B.; Rilo, E.; Carrete, J.; Dominguez-Perez, M.; Rodriguez, J. R.; Garcia, M.; Varela, L. M.; Cabeza, O. (2012) Fluid Phase Equilib. 320, 1-10.",CCCCCCCCCC[n+]1ccn(C)c1|F[B-](F)(F)F,310.188,4.753300000000005,8.809999999999999,0,0,9,1,21,0.7857142857142857,1
CC[n+]1ccccc1,CS(=O)(=O)[O-],,,335.1,K,"Villanueva, M.; Parajo, J. J.; Sanchez, P. B.; Garcia, J.; Salgado, J. (2015) J. Chem. Thermodyn. 91, 127-135.",CC[n+]1ccccc1|CS(=O)(=O)[O-],203.26299999999995,0.1554000000000004,61.08,0,3,1,1,13,0.375,1
CCCn1cc[n+](C)c1C,O=S(=O)([N-]S(=O)(=O)C(F)(F)F)C(F)(F)F,,,284.4,K,"Van Valkenburg, M. E.; Vaughn, R. L.; Williams, M.; Wilkes, J. S. (2005) Thermochim. Acta 425(1-2), 181-188.",CCCn1cc[n+](C)c1C|O=S(=O)([N-]S(=O)(=O)C(F)(F)F)C(F)(F)F,419.369,2.09032,91.19,0,4,4,1,25,0.7,1
CC[n+]1ccn(C)c1,O=S(=O)([N-]S(=O)(=O)C(F)(F)F)C(F)(F)F,,,256.7,K,"Wachter, P.; Schreiner, C.; Schweiger, H.-G.; Gores, H. J. (2010) J. Chem. Thermodyn. 42(7), 900-903.",CC[n+]1ccn(C)c1|O=S(=O)([N-]S(=O)(=O)C(F)(F)F)C(F)(F)F,391.315,1.3917999999999997,91.19,0,4,3,1,23,0.625,1
CC[n+]1ccn(C)c1,N#C[N-]C#N,,,268.3,K,"Wachter, P.; Schreiner, C.; Schweiger, H.-G.; Gores, H. J. (2010) J. Chem. Thermodyn. 42(7), 900-903.",CC[n+]1ccn(C)c1|N#C[N-]C#N,177.211,0.6547599999999998,70.49,0,2,1,1,13,0.375,1
CC[n+]1ccn(C)c1,O=S(=O)([O-])C(F)(F)F,,,259.1,K,"Villanueva, M.; Parajo, J. J.; Sanchez, P. B.; Garcia, J.; Salgado, J. (2015) J. Chem. Thermodyn. 91, 127-135.",CC[n+]1ccn(C)c1|O=S(=O)([O-])C(F)(F)F,260.237,0.3839,66.01,0,3,1,1,16,0.5714285714285714,1
CC[n+]1ccccc1,O=S(=O)([O-])C(F)(F)F,,,305.1,K,"Villanueva, M.; Parajo, J. J.; Sanchez, P. B.; Garcia, J.; Salgado, J. (2015) J. Chem. Thermodyn. 91, 127-135.",CC[n+]1ccccc1|O=S(=O)([O-])C(F)(F)F,257.23299999999995,1.0454,61.08,0,3,1,1,16,0.375,1
CCCC[N+]1(C)CCCC1,FC(F)(F)C(F)(F)[P-](F)(F)(F)(C(F)(F)C(F)(F)F)C(F)(F)C(F)(F)F,,,275.9,K,"Wachter, P.; Schreiner, C.; Schweiger, H.-G.; Gores, H. J. (2010) J. Chem. Thermodyn. 42(7), 900-903.",CCCC[N+]1(C)CCCC1|FC(F)(F)C(F)(F)[P-](F)(F)(F)(C(F)(F)C(F)(F)F)C(F)(F)C(F)(F)F,587.27,9.2211,0.0,0,0,6,0,35,1.0,1
CC[n+]1ccn(C)c1,F[P-](F)(F)(F)(F)F,,,333.0,K,"Vila, J.; Fernandez-Castro, B.; Rilo, E.; Carrete, J.; Dominguez-Perez, M.; Rodriguez, J. R.; Garcia, M.; Varela, L. M.; Cabeza, O. (2012) Fluid Phase Equilib. 320, 1-10.",CC[n+]1ccn(C)c1|F[P-](F)(F)(F)(F)F,256.12999999999994,3.714900000000002,8.809999999999999,0,0,1,1,15,0.5,1
CCCn1cc[n+](C)c1,[I-],,,290.1,K,"Wachter, P.; Schreiner, C.; Schweiger, H.-G.; Gores, H. J. (2010) J. Chem. Thermodyn. 42(7), 900-903.",CCCn1cc[n+](C)c1|[I-],252.099,-2.273399999999997,8.809999999999999,0,0,2,1,10,0.5714285714285714,1
CC[n+]1ccn(C)c1,F[B-](F)(F)F,,,287.1,K,"Wachter, P.; Schreiner, C.; Schweiger, H.-G.; Gores, H. J. (2010) J. Chem. Thermodyn. 42(7), 900-903.",CC[n+]1ccn(C)c1|F[B-](F)(F)F,197.972,1.6324999999999998,8.809999999999999,0,0,1,1,13,0.5,1
C[N+](C)(C)CCO,O=C([O-])c1cccnc1,,,329.12,K,"Vranes, M.; Tot, A.; Papovic, S.; Cetojevic-Simin, D.; Markov, S.; Velicanski, A.; Popsavin, M.; Gadzuric, S. (2017) J. Mol. Liq. 247, 411-424.",C[N+](C)(C)CCO|O=C([O-])c1cccnc1,226.276,-0.8699999999999988,73.25,1,4,3,1,16,0.4545454545454545,1
CCCC[N+]1(C)CCCC1,O=S(=O)([N-]S(=O)(=O)C(F)(F)F)C(F)(F)F,,,264.5,K,"Wachter, P.; Schreiner, C.; Schweiger, H.-G.; Gores, H. J. (2010) J. Chem. Thermodyn. 42(7), 900-903.",CCCC[N+]1(C)CCCC1|O=S(=O)([N-]S(=O)(=O)C(F)(F)F)C(F)(F)F,422.413,3.0862000000000016,82.38,0,4,5,0,25,1.0,1
CCCn1cc[n+](C)c1,[I-],,,291.4,K,"Wachter, P.; Schreiner, C.; Schweiger, H.-G.; Gores, H. J. (2010) J. Chem. Thermodyn. 42(7), 900-903.",CCCn1cc[n+](C)c1|[I-],252.099,-2.273399999999997,8.809999999999999,0,0,2,1,10,0.5714285714285714,1
CCCCCCCCCC[n+]1ccn(C)c1,[Br-],,,283.1,K,"Vitz, Jurgen; Erdmenger, Tina; Haensch, Claudia; Schubert, Ulrich S. (2009) Green Chem. 11(3), 417.",CCCCCCCCCC[n+]1ccn(C)c1|[Br-],303.288,0.4573000000000009,8.809999999999999,0,0,9,1,17,0.7857142857142857,1
CC[n+]1ccn(C)c1,O=S(=O)([O-])C(F)(F)F,,,262.23,K,"Wachter, P.; Schweiger, H.-G.; Wudy, F.; Gores, H. J. (2008) J. Chem. Thermodyn. 40(10), 1542-1547.",CC[n+]1ccn(C)c1|O=S(=O)([O-])C(F)(F)F,260.237,0.3839,66.01,0,3,1,1,16,0.5714285714285714,1
c(N(CCCCCC)CCCCCC)1c(N(CCCCCC)CCCCCC)[c+]1N(CCCCCC)CCCCCC,[N-](S(=O)(=O)C(F)(F)F)S(=O)(=O)C(F)(F)F,,,276.1,K,"Walst, K. J.; Yunis, R.; Bayley, P. M.; MacFarlane, D. R.; Ward, C. J.; Wang, R.; Curnow, O. J. (2015) RSC Adv. 5(49), 39565-39579.",c(N(CCCCCC)CCCCCC)1c(N(CCCCCC)CCCCCC)[c+]1N(CCCCCC)CCCCCC|[N-](S(=O)(=O)C(F)(F)F)S(=O)(=O)C(F)(F)F,869.2210000000005,13.803599999999973,92.1,0,7,35,1,57,0.926829268292683,1
CC[n+]1ccn(C)c1,Cc1ccc(S(=O)(=O)[O-])cc1,,,328.0,K,"Vila, J.; Fernandez-Castro, B.; Rilo, E.; Carrete, J.; Dominguez-Perez, M.; Rodriguez, J. R.; Garcia, M.; Varela, L. M.; Cabeza, O. (2012) Fluid Phase Equilib. 320, 1-10.",CC[n+]1ccn(C)c1|Cc1ccc(S(=O)(=O)[O-])cc1,282.365,1.2316199999999995,66.01,0,3,2,2,19,0.3076923076923077,2
CC[n+]1ccn(C)c1,F[B-](F)(F)F,,,286.6,K,"Wachter, P.; Schreiner, C.; Schweiger, H.-G.; Gores, H. J. (2010) J. Chem. Thermodyn. 42(7), 900-903.",CC[n+]1ccn(C)c1|F[B-](F)(F)F,197.972,1.6324999999999998,8.809999999999999,0,0,1,1,13,0.5,1
CC[n+]1ccccc1,O=S(=O)([N-]S(=O)(=O)C(F)(F)F)C(F)(F)F,,,305.1,K,"Villanueva, M.; Parajo, J. J.; Sanchez, P. B.; Garcia, J.; Salgado, J. (2015) J. Chem. Thermodyn. 91, 127-135.",CC[n+]1ccccc1|O=S(=O)([N-]S(=O)(=O)C(F)(F)F)C(F)(F)F,388.3109999999999,2.053300000000001,86.25999999999999,0,4,3,1,23,0.4444444444444444,1
CCCCCCCCCn1cc[n+](C)c1,[Br-],,,274.1,K,"Vitz, Jurgen; Erdmenger, Tina; Haensch, Claudia; Schubert, Ulrich S. (2009) Green Chem. 11(3), 417.",CCCCCCCCCn1cc[n+](C)c1|[Br-],289.261,0.0672000000000012,8.809999999999999,0,0,8,1,16,0.7692307692307693,1
CC[n+]1ccn(C)c1,O=S(=O)([N-]S(=O)(=O)C(F)(F)F)C(F)(F)F,,,270.7,K,"Wachter, P.; Schreiner, C.; Schweiger, H.-G.; Gores, H. J. (2010) J. Chem. Thermodyn. 42(7), 900-903.",CC[n+]1ccn(C)c1|O=S(=O)([N-]S(=O)(=O)C(F)(F)F)C(F)(F)F,391.315,1.3917999999999997,91.19,0,4,3,1,23,0.625,1
c(N(C)C)1c(N(C)C)[c+]1N(CCCCCC)CCCCCC,[N-](S(=O)(=O)C(F)(F)F)S(=O)(=O)C(F)(F)F,,,294.1,K,"Walst, K. J.; Yunis, R.; Bayley, P. M.; MacFarlane, D. R.; Ward, C. J.; Wang, R.; Curnow, O. J. (2015) RSC Adv. 5(49), 39565-39579.",c(N(C)C)1c(N(C)C)[c+]1N(CCCCCC)CCCCCC|[N-](S(=O)(=O)C(F)(F)F)S(=O)(=O)C(F)(F)F,588.6810000000003,6.001600000000007,92.1,0,7,15,1,37,0.8571428571428571,1
c(N(CCCCC)CCCCC)1c(N(CCCCC)CCCCC)[c+]1N(CCCCC)CCCCC,[N-](S(=O)(=O)C(F)(F)F)S(=O)(=O)C(F)(F)F,,,277.1,K,"Walst, K. J.; Yunis, R.; Bayley, P. M.; MacFarlane, D. R.; Ward, C. J.; Wang, R.; Curnow, O. J. (2015) RSC Adv. 5(49), 39565-39579.",c(N(CCCCC)CCCCC)1c(N(CCCCC)CCCCC)[c+]1N(CCCCC)CCCCC|[N-](S(=O)(=O)C(F)(F)F)S(=O)(=O)C(F)(F)F,785.0590000000009,11.462999999999989,92.1,0,7,29,1,51,0.9142857142857144,1
CCCCCCCC[N+](C)(CCCCCCCC)CCCCCCCC,O=C([O-])C(F)(F)F,,,285.62,K,"Wachter, P.; Schweiger, H.-G.; Wudy, F.; Gores, H. J. (2008) J. Chem. Thermodyn. 40(10), 1542-1547.",CCCCCCCC[N+](C)(CCCCCCCC)CCCCCCCC|O=C([O-])C(F)(F)F,481.7280000000003,7.81310000000001,40.13,0,2,21,0,33,0.9629629629629628,0
c(N(CCCCCCCCCC)CCCCCCCCCC)1c(N(CCCCCCCCCC)CCCCCCCCCC)[c+]1N(CCCCCCCCCC)CCCCCCCCCC,[N-](S(=O)(=O)C(F)(F)F)S(=O)(=O)C(F)(F)F,,,281.1,K,"Walst, K. J.; Yunis, R.; Bayley, P. M.; MacFarlane, D. R.; Ward, C. J.; Wang, R.; Curnow, O. J. (2015) RSC Adv. 5(49), 39565-39579.",c(N(CCCCCCCCCC)CCCCCCCCCC)1c(N(CCCCCCCCCC)CCCCCCCCCC)[c+]1N(CCCCCCCCCC)CCCCCCCCCC|[N-](S(=O)(=O)C(F)(F)F)S(=O)(=O)C(F)(F)F,1205.868999999999,23.16600000000002,92.1,0,7,59,1,81,0.953846153846154,1
CCCC[N+]1(C)CCCC1,FC(F)(F)C(F)(F)[P-](F)(F)(F)(C(F)(F)C(F)(F)F)C(F)(F)C(F)(F)F,,,275.1,K,"Wachter, P.; Schreiner, C.; Schweiger, H.-G.; Gores, H. J. (2010) J. Chem. Thermodyn. 42(7), 900-903.",CCCC[N+]1(C)CCCC1|FC(F)(F)C(F)(F)[P-](F)(F)(F)(C(F)(F)C(F)(F)F)C(F)(F)C(F)(F)F,587.27,9.2211,0.0,0,0,6,0,35,1.0,1
CCCC[N+]1(C)CCCC1,O=S(=O)([O-])C(F)(F)F,,,278.6,K,"Wachter, P.; Schreiner, C.; Schweiger, H.-G.; Gores, H. J. (2010) J. Chem. Thermodyn. 42(7), 900-903.",CCCC[N+]1(C)CCCC1|O=S(=O)([O-])C(F)(F)F,291.3349999999999,2.0783000000000005,57.2,0,3,3,0,18,1.0,1
CCCC[N+]1(C)CCCC1,O=S(=O)([O-])C(F)(F)F,,,277.56,K,"Wachter, P.; Schreiner, C.; Schweiger, H.-G.; Gores, H. J. (2010) J. Chem. Thermodyn. 42(7), 900-903.",CCCC[N+]1(C)CCCC1|O=S(=O)([O-])C(F)(F)F,291.3349999999999,2.0783000000000005,57.2,0,3,3,0,18,1.0,1
CCCCCCCCCCCC[n+]1ccn(C)c1,[Br-],,,306.5,K,"Wang, J.; Wang, H.; Zhang, S.; Zhang, H.; Zhao, Y. (2007) J. Phys. Chem. B 111, 6181-6188.",CCCCCCCCCCCC[n+]1ccn(C)c1|[Br-],331.342,1.2375,8.809999999999999,0,0,11,1,19,0.8125,1
c(N(C)C)1c(N(C)C)[c+]1N(CCC)CCC,[N-](S(=O)(=O)C(F)(F)F)S(=O)(=O)C(F)(F)F,,,325.1,K,"Walst, K. J.; Yunis, R.; Bayley, P. M.; MacFarlane, D. R.; Ward, C. J.; Wang, R.; Curnow, O. J. (2015) RSC Adv. 5(49), 39565-39579.",c(N(C)C)1c(N(C)C)[c+]1N(CCC)CCC|[N-](S(=O)(=O)C(F)(F)F)S(=O)(=O)C(F)(F)F,504.519,3.661000000000003,92.1,0,7,9,1,31,0.8,1
CC[n+]1ccn(C)c1,N#C[N-]C#N,,,267.7,K,"Wachter, P.; Schreiner, C.; Schweiger, H.-G.; Gores, H. J. (2010) J. Chem. Thermodyn. 42(7), 900-903.",CC[n+]1ccn(C)c1|N#C[N-]C#N,177.211,0.6547599999999998,70.49,0,2,1,1,13,0.375,1
CC[n+]1ccn(C)c1,O=S(=O)([N-]S(=O)(=O)C(F)(F)C(F)(F)F)C(F)(F)C(F)(F)F,,,289.1,K,"Villanueva, M.; Parajo, J. J.; Sanchez, P. B.; Garcia, J.; Salgado, J. (2015) J. Chem. Thermodyn. 91, 127-135.",CC[n+]1ccn(C)c1|O=S(=O)([N-]S(=O)(=O)C(F)(F)C(F)(F)F)C(F)(F)C(F)(F)F,491.329,2.6624000000000008,91.19,0,4,5,1,29,0.7,1
CCCC[N+](CCCC)(CCCC)CCCC,CCCCCCCCCCCCOS(=O)(=O)[O-],,,250.25,K,"Vieira, M. O.; Monteiro, W. F.; Ligabue, R.; Seferin, M.; Chaban, V. V.; Andreeva, N. A.; Nascimento, J. F. d.; Einloft, S. (2017) J. Mol. Liq. 241, 64-73.",CCCC[N+](CCCC)(CCCC)CCCC|CCCCCCCCCCCCOS(=O)(=O)[O-],507.8660000000005,8.387700000000008,66.43,0,4,24,0,34,1.0,0
CC[n+]1ccn(C)c1,[Br-],,,338.1,K,"Vitz, Jurgen; Erdmenger, Tina; Haensch, Claudia; Schubert, Ulrich S. (2009) Green Chem. 11(3), 417.",CC[n+]1ccn(C)c1|[Br-],191.072,-2.663499999999998,8.809999999999999,0,0,1,1,9,0.5,1
CCCCCC[n+]1ccn(C)c1,O=S(=O)([N-]S(=O)(=O)C(F)(F)F)C(F)(F)F,,,271.3,K,"Wachter, P.; Schreiner, C.; Schweiger, H.-G.; Gores, H. J. (2010) J. Chem. Thermodyn. 42(7), 900-903.",CCCCCC[n+]1ccn(C)c1|O=S(=O)([N-]S(=O)(=O)C(F)(F)F)C(F)(F)F,447.423,2.952200000000002,91.19,0,4,7,1,27,0.75,1
CCCCCCCCn1cc[n+](C)c1,[Br-],,,275.1,K,"Vitz, Jurgen; Erdmenger, Tina; Haensch, Claudia; Schubert, Ulrich S. (2009) Green Chem. 11(3), 417.",CCCCCCCCn1cc[n+](C)c1|[Br-],275.23400000000004,-0.3228999999999984,8.809999999999999,0,0,7,1,15,0.75,1
c(N(C)C)1c(N(C)C)[c+]1N(CCCC)CCCC,[N-](S(=O)(=O)C(F)(F)F)S(=O)(=O)C(F)(F)F,,,309.1,K,"Walst, K. J.; Yunis, R.; Bayley, P. M.; MacFarlane, D. R.; Ward, C. J.; Wang, R.; Curnow, O. J. (2015) RSC Adv. 5(49), 39565-39579.",c(N(C)C)1c(N(C)C)[c+]1N(CCCC)CCCC|[N-](S(=O)(=O)C(F)(F)F)S(=O)(=O)C(F)(F)F,532.5730000000001,4.441200000000005,92.1,0,7,11,1,33,0.8235294117647058,1
c(N(C)C)1c(N(C)C)[c+]1N(CC)C,[N-](S(=O)(=O)C(F)(F)F)S(=O)(=O)C(F)(F)F,,,336.1,K,"Walst, K. J.; Yunis, R.; Bayley, P. M.; MacFarlane, D. R.; Ward, C. J.; Wang, R.; Curnow, O. J. (2015) RSC Adv. 5(49), 39565-39579.",c(N(C)C)1c(N(C)C)[c+]1N(CC)C|[N-](S(=O)(=O)C(F)(F)F)S(=O)(=O)C(F)(F)F,462.4380000000001,2.4907000000000004,92.1,0,7,6,1,28,0.75,1
c(N(C)C)1c(N(C)C)[c+]1N(CCCCCC)C,[N-](S(=O)(=O)C(F)(F)F)S(=O)(=O)C(F)(F)F,,,259.1,K,"Walst, K. J.; Yunis, R.; Bayley, P. M.; MacFarlane, D. R.; Ward, C. J.; Wang, R.; Curnow, O. J. (2015) RSC Adv. 5(49), 39565-39579.",c(N(C)C)1c(N(C)C)[c+]1N(CCCCCC)C|[N-](S(=O)(=O)C(F)(F)F)S(=O)(=O)C(F)(F)F,518.546,4.051100000000004,92.1,0,7,10,1,32,0.8125,1
c(N(CC)CC)1c(N(CC)CC)[c+]1N(CCCC)CCCC,[N-](S(=O)(=O)C(F)(F)F)S(=O)(=O)C(F)(F)F,,,269.1,K,"Walst, K. J.; Yunis, R.; Bayley, P. M.; MacFarlane, D. R.; Ward, C. J.; Wang, R.; Curnow, O. J. (2015) RSC Adv. 5(49), 39565-39579.",c(N(CC)CC)1c(N(CC)CC)[c+]1N(CCCC)CCCC|[N-](S(=O)(=O)C(F)(F)F)S(=O)(=O)C(F)(F)F,588.6810000000003,6.001600000000007,92.1,0,7,15,1,37,0.8571428571428571,1
CCCCCCCCCCCCCCCCCCn1cc[n+](C)c1,FC(F)(F)C(F)(F)[P-](F)(F)(F)(C(F)(F)C(F)(F)F)C(F)(F)C(F)(F)F,,,319.1,K,"Weiss, H.; Mars, J.; Li, H.; Kircher, G.; Ivanova, O.; Feoktystov, A.; Soltwedel, O.; Bier, M.; Mezger, M. (2017) J. Phys. Chem. B 121(3), 620-629.",CCCCCCCCCCCCCCCCCCn1cc[n+](C)c1|FC(F)(F)C(F)(F)[P-](F)(F)(F)(C(F)(F)C(F)(F)F)C(F)(F)C(F)(F)F,780.6040000000003,13.768299999999972,8.809999999999999,0,0,20,1,49,0.8928571428571429,1
c(N(CCCCCCCCCCCCCCCCCC)C)1c(N(CCCCCCCCCCCCCCCCCC)C)[c+]1N(CCCCCCCCCCCCCCCCCC)C,[N-](S(=O)(=O)C(F)(F)F)S(=O)(=O)C(F)(F)F,,,338.1,K,"Walst, K. J.; Yunis, R.; Bayley, P. M.; MacFarlane, D. R.; Ward, C. J.; Wang, R.; Curnow, O. J. (2015) RSC Adv. 5(49), 39565-39579.",c(N(CCCCCCCCCCCCCCCCCC)C)1c(N(CCCCCCCCCCCCCCCCCC)C)[c+]1N(CCCCCCCCCCCCCCCCCC)C|[N-](S(=O)(=O)C(F)(F)F)S(=O)(=O)C(F)(F)F,1163.787999999999,21.99570000000001,92.1,0,7,56,1,78,0.9516129032258064,1
c(N(CC)C)1c(N(CC)C)[c+]1N(CC)C,[N-](S(=O)(=O)C(F)(F)F)S(=O)(=O)C(F)(F)F,,,280.1,K,"Walst, K. J.; Yunis, R.; Bayley, P. M.; MacFarlane, D. R.; Ward, C. J.; Wang, R.; Curnow, O. J. (2015) RSC Adv. 5(49), 39565-39579.",c(N(CC)C)1c(N(CC)C)[c+]1N(CC)C|[N-](S(=O)(=O)C(F)(F)F)S(=O)(=O)C(F)(F)F,490.4920000000001,3.270900000000002,92.1,0,7,8,1,30,0.7857142857142857,1
c(N(C)C)1c(N(C)C)[c+]1N(CC)CC,[N-](S(=O)(=O)C(F)(F)F)S(=O)(=O)C(F)(F)F,,,317.1,K,"Walst, K. J.; Yunis, R.; Bayley, P. M.; MacFarlane, D. R.; Ward, C. J.; Wang, R.; Curnow, O. J. (2015) RSC Adv. 5(49), 39565-39579.",c(N(C)C)1c(N(C)C)[c+]1N(CC)CC|[N-](S(=O)(=O)C(F)(F)F)S(=O)(=O)C(F)(F)F,476.465,2.8808000000000016,92.1,0,7,7,1,29,0.7692307692307693,1
c(N(C)C)1c(N(C)C)[c+]1N(CCC)C,[N-](S(=O)(=O)C(F)(F)F)S(=O)(=O)C(F)(F)F,,,293.1,K,"Walst, K. J.; Yunis, R.; Bayley, P. M.; MacFarlane, D. R.; Ward, C. J.; Wang, R.; Curnow, O. J. (2015) RSC Adv. 5(49), 39565-39579.",c(N(C)C)1c(N(C)C)[c+]1N(CCC)C|[N-](S(=O)(=O)C(F)(F)F)S(=O)(=O)C(F)(F)F,476.465,2.8808000000000016,92.1,0,7,7,1,29,0.7692307692307693,1
c(N(C)C)1c(N(C)C)[c+]1N(CCCC)C,[N-](S(=O)(=O)C(F)(F)F)S(=O)(=O)C(F)(F)F,,,279.1,K,"Walst, K. J.; Yunis, R.; Bayley, P. M.; MacFarlane, D. R.; Ward, C. J.; Wang, R.; Curnow, O. J. (2015) RSC Adv. 5(49), 39565-39579.",c(N(C)C)1c(N(C)C)[c+]1N(CCCC)C|[N-](S(=O)(=O)C(F)(F)F)S(=O)(=O)C(F)(F)F,490.492,3.270900000000002,92.1,0,7,8,1,30,0.7857142857142857,1
CCCC[n+]1ccn(C)c1,CCCCCCCCOS(=O)(=O)[O-],,,307.6,K,"Wasserscheid, P.; van Hal, R.; Bosmann, A. (2002) Green Chem. 4, 400-404.",CCCC[n+]1ccn(C)c1|CCCCCCCCOS(=O)(=O)[O-],348.509,2.9364000000000017,75.24,0,4,11,1,23,0.8125,1
CCCC[n+]1ccn(C)c1,[Br-],,,349.2,K,"Wang, J.; Wang, H.; Zhang, S.; Zhang, H.; Zhao, Y. (2007) J. Phys. Chem. B 111, 6181-6188.",CCCC[n+]1ccn(C)c1|[Br-],219.126,-1.8832999999999969,8.809999999999999,0,0,3,1,11,0.625,1
c(N(CC)CC)1c(N(CC)CC)[c+]1N(C)C,[N-](S(=O)(=O)C(F)(F)F)S(=O)(=O)C(F)(F)F,,,290.1,K,"Walst, K. J.; Yunis, R.; Bayley, P. M.; MacFarlane, D. R.; Ward, C. J.; Wang, R.; Curnow, O. J. (2015) RSC Adv. 5(49), 39565-39579.",c(N(CC)CC)1c(N(CC)CC)[c+]1N(C)C|[N-](S(=O)(=O)C(F)(F)F)S(=O)(=O)C(F)(F)F,504.51900000000006,3.661000000000003,92.1,0,7,9,1,31,0.8,1
CCCCCCCCCC[n+]1ccn(C)c1,[Br-],,,283.6,K,"Wang, J.; Wang, H.; Zhang, S.; Zhang, H.; Zhao, Y. (2007) J. Phys. Chem. B 111, 6181-6188.",CCCCCCCCCC[n+]1ccn(C)c1|[Br-],303.288,0.4573000000000009,8.809999999999999,0,0,9,1,17,0.7857142857142857,1
CC[n+]1ccn(C)c1,[Cl-],,,358.1,K,"Wilkes, J. S.; Levisky, J. A.; Wilson, R. A.; Hussey, C. L. (1982) Inorg. Chem. 21, 1263-1264.",CC[n+]1ccn(C)c1|[Cl-],146.62099999999998,-2.663499999999998,8.809999999999999,0,0,1,1,9,0.5,1
CCCCCCCCCCCCCCCCCCCCCC[n+]1ccn(C)c1,O=S(=O)([N-]S(=O)(=O)C(F)(F)F)C(F)(F)F,,,341.1,K,"Weiss, H.; Mars, J.; Li, H.; Kircher, G.; Ivanova, O.; Feoktystov, A.; Soltwedel, O.; Bier, M.; Mezger, M. (2017) J. Phys. Chem. B 121(3), 620-629.",CCCCCCCCCCCCCCCCCCCCCC[n+]1ccn(C)c1|O=S(=O)([N-]S(=O)(=O)C(F)(F)F)C(F)(F)F,671.8550000000004,9.1938,91.19,0,4,23,1,43,0.8928571428571429,1
C[N+]1(CCCO)CCOCC1,O=S(=O)([N-]S(=O)(=O)C(F)(F)F)C(F)(F)F,,,287.0,K,"Wlazlo, M.; Marciniak, A.; Zawadzki, M.; Dudkiewicz, B. (2015) J. Chem. Thermodyn. 86, 154-161.",C[N+]1(CCCO)CCOCC1|O=S(=O)([N-]S(=O)(=O)C(F)(F)F)C(F)(F)F,440.384,0.9049,111.84,1,6,5,0,26,1.0,1
CCCCCCCCCCCCCCCCCCn1cc[n+](C)c1,O=S(=O)([N-]S(=O)(=O)C(F)(F)C(F)(F)C(F)(F)C(F)(F)F)C(F)(F)C(F)(F)C(F)(F)C(F)(F)F,,,335.1,K,"Weiss, H.; Mars, J.; Li, H.; Kircher, G.; Ivanova, O.; Feoktystov, A.; Soltwedel, O.; Bier, M.; Mezger, M. (2017) J. Phys. Chem. B 121(3), 620-629.",CCCCCCCCCCCCCCCCCCn1cc[n+](C)c1|O=S(=O)([N-]S(=O)(=O)C(F)(F)C(F)(F)C(F)(F)C(F)(F)F)C(F)(F)C(F)(F)C(F)(F)C(F)(F)F,915.7890000000006,11.445199999999986,91.19,0,4,25,1,57,0.9,1
CCCCCCCCCCn1cc[n+](CCCCCCCCCC)c1C,N#C[N-]C#N,,,350.8,K,"Wlazlo, Michal; Zawadzki, Maciej; Domanska, Urszula (2018) J. Chem. Thermodyn. 116, 316-322.",CCCCCCCCCCn1cc[n+](CCCCCCCCCC)c1C|N#C[N-]C#N,429.6970000000003,7.68768000000001,70.49,0,2,18,1,31,0.8076923076923077,1
Cn1cn[n+](CCN=[N+]=[N-])c1,Cn1cn[n+](CCN=[N+]=[N-])c1.[O-]Cl(=O)(=O)=O,,,221.1,K,"Xue, H.; Shreeve, J. (2005) Adv. Mater. Res. 17, 2142-2146.",Cn1cn[n+](CCN=[N+]=[N-])c1|Cn1cn[n+](CCN=[N+]=[N-])c1.[O-]Cl(=O)(=O)=O,405.78700000000015,-4.720199999999997,233.16000000000005,0,8,6,2,27,0.6,2
Cn1cn[n+](CCN=[N+]=[N-])c1.O=[N+]([O-])[O-],Cn1cn[n+](CCN=[N+]=[N-])c1.O=[N+]([O-])[O-],,,216.1,K,"Xue, H.; Shreeve, J. (2005) Adv. Mater. Res. 17, 2142-2146.",Cn1cn[n+](CCN=[N+]=[N-])c1.O=[N+]([O-])[O-]|Cn1cn[n+](CCN=[N+]=[N-])c1.O=[N+]([O-])[O-],430.3460000000002,-0.4423999999999985,273.32,0,10,6,2,30,0.6,2
Cc1n(C)nn[n+]1N,[O-]Cl(=O)(=O)=O,,,324.1,K,"Xue, H.; Gao, Y.; Twamley, B.; Shreeve, J. M. (2005) Chem. Mater. 17, 191-198.",Cc1n(C)nn[n+]1N|[O-]Cl(=O)(=O)=O,213.581,-6.631179999999999,152.85,1,7,0,1,13,0.6666666666666666,1
[N-]=[N+]=NCC[n+]1cn(N)cn1,[N-]=[N+]=NCC[n+]1cn(N)cn1.[O-]Cl(=O)(=O)=O,,,227.1,K,"Xue, H.; Shreeve, J. (2005) Adv. Mater. Res. 17, 2142-2146.",[N-]=[N+]=NCC[n+]1cn(N)cn1|[N-]=[N+]=NCC[n+]1cn(N)cn1.[O-]Cl(=O)(=O)=O,407.76300000000015,-6.366600000000003,285.20000000000005,2,10,6,2,27,0.5,2
C[n+]1cn(CCN=[N+]=[N-])cn1,C[n+]1cn(CCN=[N+]=[N-])cn1.[O-]Cl(=O)(=O)=O,,,336.1,K,"Xue, H.; Shreeve, J. (2005) Adv. Mater. Res. 17, 2142-2146.",C[n+]1cn(CCN=[N+]=[N-])cn1|C[n+]1cn(CCN=[N+]=[N-])cn1.[O-]Cl(=O)(=O)=O,405.78700000000015,-4.720199999999997,233.16000000000005,0,8,6,2,27,0.6,2
Cn1c[n+](C)nc1N=[N+]=[N-],Cn1c[n+](C)nc1N=[N+]=[N-].[O-]Cl(=O)(=O)=O,,,341.1,K,"Xue, H.; Gao, Y.; Twamley, B.; Shreeve, J. M. (2005) Chem. Mater. 17, 191-198.",Cn1c[n+](C)nc1N=[N+]=[N-]|Cn1c[n+](C)nc1N=[N+]=[N-].[O-]Cl(=O)(=O)=O,377.73300000000006,-4.383199999999998,233.16000000000005,0,8,2,2,25,0.5,2
CC[n+]1c([N+](=O)[O-])cn(C)c1C.O=[N+]([O-])[O-],CC[n+]1c([N+](=O)[O-])cn(C)c1C.O=[N+]([O-])[O-],,,338.1,K,"Xue, H.; Gao, Y.; Twamley, B.; Shreeve, J. M. (2005) Chem. Mater. 17, 191-198.",CC[n+]1c([N+](=O)[O-])cn(C)c1C.O=[N+]([O-])[O-]|CC[n+]1c([N+](=O)[O-])cn(C)c1C.O=[N+]([O-])[O-],464.3920000000002,0.6200400000000008,236.3,0,10,4,2,32,0.5714285714285714,2
CC(C)CCCC[n+]1ccn(C)c1,O=S(=O)([N-]S(=O)(=O)C(F)(F)F)C(F)(F)F,,,284.3,K,"Xue, L.; Gurung, E.; Tamas, G.; Koh, Y. P.; Shadeck, M.; Simon, S. L.; Maroncelli, M.; Quitevis, E. L. (2016) J. Chem. Eng. Data 61(3), 1078-1091.",CC(C)CCCC[n+]1ccn(C)c1|O=S(=O)([N-]S(=O)(=O)C(F)(F)F)C(F)(F)F,461.4500000000001,3.1982000000000026,91.19,0,4,7,1,28,0.7692307692307693,1
Cn1cn[n+](C)c1.O=[N+]([O-])[O-],O=[N+]([O-])[O-],,,274.1,K,"Xue, H.; Gao, Y.; Twamley, B.; Shreeve, J. M. (2005) Chem. Mater. 17, 191-198.",Cn1cn[n+](C)c1.O=[N+]([O-])[O-]|O=[N+]([O-])[O-],222.137,-1.2335999999999998,154.1,0,7,0,1,15,0.5,1
C[n+]1cn(CCN=[N+]=[N-])cn1.O=[N+]([O-])[O-],C[n+]1cn(CCN=[N+]=[N-])cn1.O=[N+]([O-])[O-],,,217.1,K,"Xue, H.; Shreeve, J. (2005) Adv. Mater. Res. 17, 2142-2146.",C[n+]1cn(CCN=[N+]=[N-])cn1.O=[N+]([O-])[O-]|C[n+]1cn(CCN=[N+]=[N-])cn1.O=[N+]([O-])[O-],430.3460000000002,-0.4423999999999994,273.32,0,10,6,2,30,0.6,2
C[n+]1cn(N)cn1,[O-]Cl(=O)(=O)=O,,,359.1,K,"Xue, H.; Arritt, S. W.; Twamley, B.; Shreeve, J. M. (2004) Inorg. Chem. 43, 7972-7977.",C[n+]1cn(N)cn1|[O-]Cl(=O)(=O)=O,198.566,-6.334599999999999,139.96,1,6,0,1,12,0.3333333333333333,1
Cc1nn(C)n[n+]1C.O=[N+]([O-])[O-],O=[N+]([O-])[O-],,,367.1,K,"Xue, H.; Gao, Y.; Twamley, B.; Shreeve, J. M. (2005) Chem. Mater. 17, 191-198.",Cc1nn(C)n[n+]1C.O=[N+]([O-])[O-]|O=[N+]([O-])[O-],237.152,-1.5301799999999988,166.99,0,8,0,1,16,0.75,1
CC(C)CCC[n+]1ccn(C)c1,O=S(=O)([N-]S(=O)(=O)C(F)(F)F)C(F)(F)F,,,276.3,K,"Xue, L.; Gurung, E.; Tamas, G.; Koh, Y. P.; Shadeck, M.; Simon, S. L.; Maroncelli, M.; Quitevis, E. L. (2016) J. Chem. Eng. Data 61(3), 1078-1091.",CC(C)CCC[n+]1ccn(C)c1|O=S(=O)([N-]S(=O)(=O)C(F)(F)F)C(F)(F)F,447.423,2.8081000000000014,91.19,0,4,6,1,27,0.75,1
Cn1c[n+](C)nc1N=[N+]=[N-].O=[N+]([O-])[O-],Cn1c[n+](C)nc1N=[N+]=[N-].O=[N+]([O-])[O-],,,371.1,K,"Xue, H.; Gao, Y.; Twamley, B.; Shreeve, J. M. (2005) Chem. Mater. 17, 191-198.",Cn1c[n+](C)nc1N=[N+]=[N-].O=[N+]([O-])[O-]|Cn1c[n+](C)nc1N=[N+]=[N-].O=[N+]([O-])[O-],402.29200000000014,-0.1054000000000003,273.32,0,10,2,2,28,0.5,2
CC(C)C[n+]1ccn(C)c1,O=S(=O)([N-]S(=O)(=O)C(F)(F)F)C(F)(F)F,,,256.9,K,"Xue, L.; Gurung, E.; Tamas, G.; Koh, Y. P.; Shadeck, M.; Simon, S. L.; Maroncelli, M.; Quitevis, E. L. (2016) J. Chem. Eng. Data 61(3), 1078-1091.",CC(C)C[n+]1ccn(C)c1|O=S(=O)([N-]S(=O)(=O)C(F)(F)F)C(F)(F)F,419.369,2.0279000000000003,91.19,0,4,4,1,25,0.7,1
CC(C)CC[n+]1ccn(C)c1,O=S(=O)([N-]S(=O)(=O)C(F)(F)F)C(F)(F)F,,,273.1,K,"Xue, L.; Gurung, E.; Tamas, G.; Koh, Y. P.; Shadeck, M.; Simon, S. L.; Maroncelli, M.; Quitevis, E. L. (2016) J. Chem. Eng. Data 61(3), 1078-1091.",CC(C)CC[n+]1ccn(C)c1|O=S(=O)([N-]S(=O)(=O)C(F)(F)F)C(F)(F)F,433.396,2.418000000000001,91.19,0,4,5,1,26,0.7272727272727273,1
CC[n+]1ccn(C)c1,O=S(=O)([N-]S(=O)(=O)C(F)(F)F)C(F)(F)F,,,259.1,K,"Yambou, E. P.; Gorska, B.; Beguin, F. (2020) J. Mol. Liq. 298, 111959.",CC[n+]1ccn(C)c1|O=S(=O)([N-]S(=O)(=O)C(F)(F)F)C(F)(F)F,391.315,1.3917999999999997,91.19,0,4,3,1,23,0.625,1
O=[N+]([O-])[O-].[N-]=[N+]=NCC[n+]1cn(N)cn1,O=[N+]([O-])[O-].[N-]=[N+]=NCC[n+]1cn(N)cn1,,,343.1,K,"Xue, H.; Shreeve, J. (2005) Adv. Mater. Res. 17, 2142-2146.",O=[N+]([O-])[O-].[N-]=[N+]=NCC[n+]1cn(N)cn1|O=[N+]([O-])[O-].[N-]=[N+]=NCC[n+]1cn(N)cn1,432.3220000000002,-2.0887999999999973,325.36,2,12,6,2,30,0.5,2
CCCCCCC[n+]1ccn(C)c1,O=S(=O)([N-]S(=O)(=O)C(F)(F)F)C(F)(F)F,,,272.2,K,"Xue, L.; Gurung, E.; Tamas, G.; Koh, Y. P.; Shadeck, M.; Simon, S. L.; Maroncelli, M.; Quitevis, E. L. (2016) J. Chem. Eng. Data 61(3), 1078-1091.",CCCCCCC[n+]1ccn(C)c1|O=S(=O)([N-]S(=O)(=O)C(F)(F)F)C(F)(F)F,461.4500000000001,3.3423000000000025,91.19,0,4,8,1,28,0.7692307692307693,1
CCCCCC[n+]1ccn(C)c1,O=S(=O)([N-]S(=O)(=O)C(F)(F)F)C(F)(F)F,,,261.9,K,"Xue, L.; Gurung, E.; Tamas, G.; Koh, Y. P.; Shadeck, M.; Simon, S. L.; Maroncelli, M.; Quitevis, E. L. (2016) J. Chem. Eng. Data 61(3), 1078-1091.",CCCCCC[n+]1ccn(C)c1|O=S(=O)([N-]S(=O)(=O)C(F)(F)F)C(F)(F)F,447.423,2.952200000000002,91.19,0,4,7,1,27,0.75,1
CC(C)n1cc[n+](C)c1,O=S(=O)([N-]S(=O)(=O)C(F)(F)F)C(F)(F)F,,,282.1,K,"Xue, L.; Gurung, E.; Tamas, G.; Koh, Y. P.; Shadeck, M.; Simon, S. L.; Maroncelli, M.; Quitevis, E. L. (2016) J. Chem. Eng. Data 61(3), 1078-1091.",CC(C)n1cc[n+](C)c1|O=S(=O)([N-]S(=O)(=O)C(F)(F)F)C(F)(F)F,405.342,1.9528,91.19,0,4,3,1,24,0.6666666666666666,1
CCCC[N+](CCCC)(CCCC)CCCC,[Cl-],,,350.1,K,"Yang, D.; Zhang, S.; Sun, X.-g.; Jiang, D.-e.; Dai, S. (2019) J. Mol. Liq. 274, 414-417.",CCCC[N+](CCCC)(CCCC)CCCC|[Cl-],277.92399999999986,2.007600000000001,0.0,0,0,12,0,18,1.0,0
CCC[N+]1(C)CCCC1,O=S(=O)(F)[N-]S(=O)(=O)F,,,269.0,K,"Yamamoto, T.; Matsumoto, K.; Hagiwara, R.; Nohira, T. (2017) J. Phys. Chem. C 121(34), 18450-18458.",CCC[N+]1(C)CCCC1|O=S(=O)(F)[N-]S(=O)(=O)F,308.372,1.4255000000000002,82.38,0,4,4,0,18,1.0,1
CC[n+]1ccn(C)c1,O=S(=O)(F)[N-]S(=O)(=O)F,,,263.0,K,"Yamamoto, T.; Matsubara, R.; Nohira, T. (2021) J. Chem. Eng. Data 66(2), 1081-1088.",CC[n+]1ccn(C)c1|O=S(=O)(F)[N-]S(=O)(=O)F,291.301,0.1211999999999997,91.19,0,4,3,1,17,0.5,1
C=Cc1ccc(C[N+](CCCC)(CCCC)CCCC)cc1,O=S(=O)([N-]S(=O)(=O)C(F)(F)F)C(F)(F)F,,,337.4,K,"Zajac, A.; Szpecht, A.; Zielinski, D.; Rola, K.; Hoppe, J.; Komorowska, K.; Smiglak, M. (2019) J. Mol. Liq. 283, 427-439.",C=Cc1ccc(C[N+](CCCC)(CCCC)CCCC)cc1|O=S(=O)([N-]S(=O)(=O)C(F)(F)F)C(F)(F)F,582.6730000000002,7.106000000000008,82.38,0,4,14,1,37,0.6521739130434783,1
CC[n+]1ccn(C)c1,O=S(=O)(F)[N-]S(=O)(=O)F,,,259.1,K,"Yambou, E. P.; Gorska, B.; Beguin, F. (2020) J. Mol. Liq. 298, 111959.",CC[n+]1ccn(C)c1|O=S(=O)(F)[N-]S(=O)(=O)F,291.301,0.1211999999999997,91.19,0,4,3,1,17,0.5,1
C=Cc1ccc(C[N+]2(C)CCOCC2)cc1,O=S(=O)([N-]S(=O)(=O)C(F)(F)F)C(F)(F)F,,,349.4,K,"Zajac, A.; Szpecht, A.; Zielinski, D.; Rola, K.; Hoppe, J.; Komorowska, K.; Smiglak, M. (2019) J. Mol. Liq. 283, 427-439.",C=Cc1ccc(C[N+]2(C)CCOCC2)cc1|O=S(=O)([N-]S(=O)(=O)C(F)(F)F)C(F)(F)F,498.467,3.365700000000002,91.61,0,5,5,1,31,0.5,2
Cc1n(C)c2ccccc2[n+]1C,O=S(=O)([N-]S(=O)(=O)C(F)(F)F)C(F)(F)F,,,336.0,K,"Zaitsau, Dzmitry H.; Yermalayeu, Andrei V.; Emel'yanenko, Vladimir N.; Schick, Christoph; Verevkin, Sergey P.; Samarov, Artemiy A.; Schlenk, Stefan; Wasserscheid, Peter (2013) Z. Phys. Chem. (Munich) 227(2-3), 205-215.",Cc1n(C)c2ccccc2[n+]1C|O=S(=O)([N-]S(=O)(=O)C(F)(F)F)C(F)(F)F,441.375,2.370520000000001,91.19,0,4,2,2,27,0.4166666666666667,2
CCCC[n+]1ccn(C)c1,CS(=O)(=O)[O-],,,345.4,K,"Zaitsau, D.H.; Yermalayeu, A.V.; Pimerzin, A.A.; Verevkin, S.P. (2018) Chem. Eng. Res. Des. 137, 164-173.",CCCC[n+]1ccn(C)c1|CS(=O)(=O)[O-],234.321,0.2741000000000002,66.01,0,3,3,1,15,0.6666666666666666,1
C[N+]1(CCO)CCOCC1,O=S(=O)([N-]S(=O)(=O)C(F)(F)F)C(F)(F)F,,,303.06,K,"Zawadzki, M.; Paduszynski, K.; Krolikowska, M.; Grzechnik, E. (2020) J. Mol. Liq. 307, 112914.",C[N+]1(CCO)CCOCC1|O=S(=O)([N-]S(=O)(=O)C(F)(F)F)C(F)(F)F,426.357,0.5147999999999999,111.84,1,6,4,0,25,1.0,1
CCCC[n+]1ccn(C)c1,O=S(=O)([N-]S(=O)(=O)C(F)(F)F)C(F)(F)F,,,268.5,K,"Xue, L.; Gurung, E.; Tamas, G.; Koh, Y. P.; Shadeck, M.; Simon, S. L.; Maroncelli, M.; Quitevis, E. L. (2016) J. Chem. Eng. Data 61(3), 1078-1091.",CCCC[n+]1ccn(C)c1|O=S(=O)([N-]S(=O)(=O)C(F)(F)F)C(F)(F)F,419.369,2.1720000000000006,91.19,0,4,5,1,25,0.7,1
C=Cc1ccc(Cn2cc[n+](C)c2)cc1,O=S(=O)([N-]S(=O)(=O)C(F)(F)F)C(F)(F)F,,,311.9,K,"Zajac, A.; Szpecht, A.; Zielinski, D.; Rola, K.; Hoppe, J.; Komorowska, K.; Smiglak, M. (2019) J. Mol. Liq. 283, 427-439.",C=Cc1ccc(Cn2cc[n+](C)c2)cc1|O=S(=O)([N-]S(=O)(=O)C(F)(F)F)C(F)(F)F,479.4240000000001,3.063200000000002,91.19,0,4,5,2,30,0.2666666666666666,2
CCCCCCCC[n+]1cccc2ccccc21,O=S(=O)([N-]S(=O)(=O)C(F)(F)F)C(F)(F)F,,,321.3,K,"Zawadzki, M.; Domanska, U. (2012) J. Chem. Thermodyn. 48, 276-283.",CCCCCCCC[n+]1cccc2ccccc21|O=S(=O)([N-]S(=O)(=O)C(F)(F)F)C(F)(F)F,522.5330000000001,5.547100000000006,86.25999999999999,0,4,9,2,33,0.5263157894736842,2
CCCCCC[N+](CC)(CC)CC,N#C[C-](C#N)C#N,,,290.03,K,"Zawadzki, M.; Paduszynski, K.; Krolikowska, M.; Grzechnik, E. (2020) J. Mol. Liq. 307, 112914.",CCCCCC[N+](CC)(CC)CC|N#C[C-](C#N)C#N,276.428,3.574830000000002,71.37,0,3,8,0,20,0.75,0
CCCCCn1cc[n+](C)c1,[Cl-],,,349.1,K,"Yang, J. -Z.; Tong, J.; Li, J.-B. (2007) J. Solution Chem. 36, 573-582.",CCCCCn1cc[n+](C)c1|[Cl-],188.702,-1.4931999999999974,8.809999999999999,0,0,4,1,12,0.6666666666666666,1
CCCC[n+]1ccccc1,O=S(=O)([N-]S(=O)(=O)C(F)(F)F)C(F)(F)F,,,292.0,K,"Zeng, Shaojuan; Wang, Jian; Bai, Lu; Wang, Binqi; Gao, Hongshuai; Shang, Dawei; Zhang, Xiangping; Zhang, Suojiang (2015) Energy Fuels 29(9), 6039-6048.",CCCC[n+]1ccccc1|O=S(=O)([N-]S(=O)(=O)C(F)(F)F)C(F)(F)F,416.365,2.8335000000000017,86.25999999999999,0,4,5,1,25,0.5454545454545454,1
C[N+]1(CCO)CCCC1,O=S(=O)([N-]S(=O)(=O)C(F)(F)F)C(F)(F)F,,,265.43,K,"Zawadzki, M.; Paduszynski, K.; Krolikowska, M.; Grzechnik, E. (2020) J. Mol. Liq. 307, 112914.",C[N+]1(CCO)CCCC1|O=S(=O)([N-]S(=O)(=O)C(F)(F)F)C(F)(F)F,410.358,1.2784,102.61,1,5,4,0,24,1.0,1
CCCC[n+]1ccccc1,F[B-](F)(F)F,,,279.79,K,"Zhang, Z.-H.; Sun, L.-X.; Tan, Z.-C.; Xu, F.; Lv, X.-C.; Zeng, J.-L.; Sawada, Y. (2007) J. Therm. Anal. Calorim. 89(1), 289-294.",CCCC[n+]1ccccc1|F[B-](F)(F)F,223.02199999999996,3.074200000000002,3.88,0,0,3,1,15,0.4444444444444444,1
CCCCCCCCCC[N+]1(C)CCOCC1,O=S(=O)([O-])C(F)(F)F,,,349.2,K,"Zawadzki, M.; Paduszynski, K.; Krolikowska, M.; Grzechnik, E. (2020) J. Mol. Liq. 307, 112914.",CCCCCCCCCC[N+]1(C)CCOCC1|O=S(=O)([O-])C(F)(F)F,391.496,3.655300000000003,66.43,0,4,9,0,25,1.0,1
CCCCn1cc[n+](CC[n+]2ccn(CCCC)c2)c1,[Br-].[Br-],,,373.8,K,"Zhang, H.; Li, M.; Yang, B. (2018) J. Phys. Chem. C 122(5), 2467-2474.",CCCCn1cc[n+](CC[n+]2ccn(CCCC)c2)c1|[Br-].[Br-],436.23599999999993,-3.826999999999994,17.619999999999997,0,0,9,2,22,0.625,2
CCCCCC[N+](CC)(CC)CC,O=S(=O)([O-])C(F)(F)F,,,347.83,K,"Zawadzki, M.; Paduszynski, K.; Krolikowska, M.; Grzechnik, E. (2020) J. Mol. Liq. 307, 112914.",CCCCCC[N+](CC)(CC)CC|O=S(=O)([O-])C(F)(F)F,335.432,3.494600000000003,57.2,0,3,8,0,21,1.0,0
C=Cc1ccc(C[n+]2ccccc2)cc1,O=S(=O)([N-]S(=O)(=O)C(F)(F)F)C(F)(F)F,,,323.4,K,"Zajac, A.; Szpecht, A.; Zielinski, D.; Rola, K.; Hoppe, J.; Komorowska, K.; Smiglak, M. (2019) J. Mol. Liq. 283, 427-439.",C=Cc1ccc(C[n+]2ccccc2)cc1|O=S(=O)([N-]S(=O)(=O)C(F)(F)F)C(F)(F)F,476.4200000000001,3.724700000000003,86.25999999999999,0,4,5,2,30,0.1875,2
C[n+]1ccn(CCCC#N)c1,F[P-](F)(F)(F)(F)F,,,345.15,K,"Zhang, Q.; Li, Z.; Zhang, J.; Zhang, S.; Zhu, L.; Yang, J.; Zhang, X.; Deng, Y. (2007) J. Phys. Chem. B 111, 2864-2872.",C[n+]1ccn(CCCC#N)c1|F[P-](F)(F)(F)(F)F,295.167,3.9987800000000018,32.599999999999994,0,1,3,1,18,0.5,1
CC[N+]1(C)CCOCC1,O=S(=O)([N-]S(=O)(=O)C(F)(F)F)C(F)(F)F,,,302.12,K,"Zawadzki, M.; Paduszynski, K.; Krolikowska, M.; Grzechnik, E. (2020) J. Mol. Liq. 307, 112914.",CC[N+]1(C)CCOCC1|O=S(=O)([N-]S(=O)(=O)C(F)(F)F)C(F)(F)F,410.358,1.5424,91.61,0,5,3,0,24,1.0,1
CCCCCCCCCC[n+]1ccccc1,O=S(=O)([N-]S(=O)(=O)C(F)(F)F)C(F)(F)F,,,274.0,K,"Zeng, Shaojuan; Wang, Jian; Bai, Lu; Wang, Binqi; Gao, Hongshuai; Shang, Dawei; Zhang, Xiangping; Zhang, Suojiang (2015) Energy Fuels 29(9), 6039-6048.",CCCCCCCCCC[n+]1ccccc1|O=S(=O)([N-]S(=O)(=O)C(F)(F)F)C(F)(F)F,500.5270000000001,5.1741000000000055,86.25999999999999,0,4,11,1,31,0.7058823529411765,1
CCC[n+]1ccccc1,N#C[N-]C#N,,,281.27,K,"Zheng, Ling; Pan, Yi; Ji, Hong-Xiang; Ma, Xiao-Xue; Xing, Nan-Nan; Guan, Wei (2016) Acta Phys. Chim. Sin. 32(11), 2663-2670.",CCC[n+]1ccccc1|N#C[N-]C#N,188.23399999999995,1.70636,65.56,0,2,2,1,14,0.3,1
Cc1n(CCCC#N)cc[n+]1C,F[P-](F)(F)(F)(F)F,,,363.65,K,"Zhang, Q.; Li, Z.; Zhang, J.; Zhang, S.; Zhu, L.; Yang, J.; Zhang, X.; Deng, Y. (2007) J. Phys. Chem. B 111, 2864-2872.",Cc1n(CCCC#N)cc[n+]1C|F[P-](F)(F)(F)(F)F,309.194,4.307200000000003,32.6,0,1,3,1,19,0.5555555555555556,1
CCCC[n+]1ccn(C)c1,[Cl-],,,340.0,K,"Zhang, Q.-G.; Xue, F.; Tong, J.; Guan, W.; Wang, B. (2006) J. Solution Chem. 35(3), 297-309.",CCCC[n+]1ccn(C)c1|[Cl-],174.67499999999998,-1.8832999999999969,8.809999999999999,0,0,3,1,11,0.625,1
C[N+](C)(C)CCCC#N,F[B-](F)(F)F,,,334.05,K,"Zhang, Q.; Li, Z.; Zhang, J.; Zhang, S.; Zhu, L.; Yang, J.; Zhang, X.; Deng, Y. (2007) J. Phys. Chem. B 111, 2864-2872.",C[N+](C)(C)CCCC#N|F[B-](F)(F)F,214.015,2.29638,23.79,0,1,3,0,14,0.8571428571428571,0
CC[N+]1(C)CCCC1,O=S(=O)([N-]S(=O)(=O)C(F)(F)F)C(F)(F)F,,,364.0,K,"Stolarska, O.; Rodriguez, H.; Smiglak, M. (2016) Fluid Phase Equilib. 408, 1-9.",CC[N+]1(C)CCCC1|O=S(=O)([N-]S(=O)(=O)C(F)(F)F)C(F)(F)F,394.359,2.306,82.38,0,4,3,0,23,1.0,1
C[N+](C)(C)CCCC#N,O=S(=O)([N-]S(=O)(=O)C(F)(F)F)C(F)(F)F,,,331.25,K,"Zhang, Q.; Li, Z.; Zhang, J.; Zhang, S.; Zhu, L.; Yang, J.; Zhang, X.; Deng, Y. (2007) J. Phys. Chem. B 111, 2864-2872.",C[N+](C)(C)CCCC#N|O=S(=O)([N-]S(=O)(=O)C(F)(F)F)C(F)(F)F,407.358,2.05568,106.17,0,5,5,0,24,0.8888888888888888,0
CCCC[n+]1cccc(C)c1,[Cl-],,,363.45,K,"Zhang, Q.; Li, Z.; Zhang, J.; Zhang, S.; Zhu, L.; Yang, J.; Zhang, X.; Deng, Y. (2007) J. Phys. Chem. B 111, 2864-2872.",CCCC[n+]1cccc(C)c1|[Cl-],185.698,-0.9133799999999984,3.88,0,0,3,1,12,0.5,1
CC[S+]1CCCC1,O=S(=O)([N-]S(=O)(=O)C(F)(F)F)C(F)(F)F,,,342.1,K,"Zhang, Q.; Liu, S.; Li, Z.; Li, J.; Chen, Z.; Wang, R.; Lu, L.; Deng, Y. (2009) Chem. Eur. J. 15(3), 765-778.",CC[S+]1CCCC1|O=S(=O)([N-]S(=O)(=O)C(F)(F)F)C(F)(F)F,397.384,2.4777000000000005,82.38,0,4,3,0,22,1.0,1
CCCCCCC[n+]1ccccc1,O=S(=O)([N-]S(=O)(=O)C(F)(F)F)C(F)(F)F,,,272.0,K,"Zeng, Shaojuan; Wang, Jian; Bai, Lu; Wang, Binqi; Gao, Hongshuai; Shang, Dawei; Zhang, Xiangping; Zhang, Suojiang (2015) Energy Fuels 29(9), 6039-6048.",CCCCCCC[n+]1ccccc1|O=S(=O)([N-]S(=O)(=O)C(F)(F)F)C(F)(F)F,458.4460000000001,4.003800000000004,86.25999999999999,0,4,8,1,28,0.6428571428571429,1
N#CCCC[n+]1ccccc1,[Cl-],,,342.35,K,"Zhang, Q.; Li, Z.; Zhang, J.; Zhang, S.; Zhu, L.; Yang, J.; Zhang, X.; Deng, Y. (2007) J. Phys. Chem. B 111, 2864-2872.",N#CCCC[n+]1ccccc1|[Cl-],182.654,-1.7181199999999988,27.67,0,1,3,1,12,0.3333333333333333,1
CC[S+]1CCCC1,O=S(=O)([N-]S(=O)(=O)C(F)(F)F)C(F)(F)F,,,339.35,K,"Zhang, H.; Yang, L.; Fang, S.; Peng, C.; Luo, H. (2009) Chin. Sci. Bull. 54(8), 1322-1327.",CC[S+]1CCCC1|O=S(=O)([N-]S(=O)(=O)C(F)(F)F)C(F)(F)F,397.384,2.4777000000000005,82.38,0,4,3,0,22,1.0,1
CCCCCn1cc[n+](C)c1,O=S(=O)([N-]S(=O)(=O)C(F)(F)F)C(F)(F)F,,,262.6,K,"Zheng, W.; Mohammed, A.; Hines, Jr., L. G.; Xiao, D.; Martinez, O. J.; Bartsch, R. A.; Simon, S. L.; Russina, O.; Triolo, A.; Quitevis, E. L. (2011) J. Phys. Chem. B 115(20), 6572-6584.",CCCCCn1cc[n+](C)c1|O=S(=O)([N-]S(=O)(=O)C(F)(F)F)C(F)(F)F,433.396,2.562100000000001,91.19,0,4,6,1,26,0.7272727272727273,1
CCC[S+]1CCCC1,O=S(=O)([N-]S(=O)(=O)C(F)(F)F)C(F)(F)F,,,297.1,K,"Zhang, H.; Yang, L.; Fang, S.; Peng, C.; Luo, H. (2009) Chin. Sci. Bull. 54(8), 1322-1327.",CCC[S+]1CCCC1|O=S(=O)([N-]S(=O)(=O)C(F)(F)F)C(F)(F)F,411.411,2.8678000000000017,82.38,0,4,4,0,23,1.0,1
COCC[N+](C)(C)C,F[B-](F)(F)C(F)(F)F,,,350.1,K,"Zhou, Z.-B.; Matsumoto, H.; Tatsumi, K. (2005) Chem. Eur. J. 11, 752-766.",COCC[N+](C)(C)C|F[B-](F)(F)C(F)(F)F,255.01099999999997,2.2743,9.23,0,1,3,0,16,1.0,0
N#CCCC[n+]1ccccc1,F[B-](F)(F)F,,,333.95,K,"Zhang, Q.; Li, Z.; Zhang, J.; Zhang, S.; Zhu, L.; Yang, J.; Zhang, X.; Deng, Y. (2007) J. Phys. Chem. B 111, 2864-2872.",N#CCCC[n+]1ccccc1|F[B-](F)(F)F,234.005,2.5778800000000013,27.67,0,1,3,1,16,0.3333333333333333,1
CCn1cc[n+](CC)c1,O=S(=O)([N-]S(=O)(=O)C(F)(F)F)C(F)(F)F,,,285.5,K,"Zheng, W.; Mohammed, A.; Hines, Jr., L. G.; Xiao, D.; Martinez, O. J.; Bartsch, R. A.; Simon, S. L.; Russina, O.; Triolo, A.; Quitevis, E. L. (2011) J. Phys. Chem. B 115(20), 6572-6584.",CCn1cc[n+](CC)c1|O=S(=O)([N-]S(=O)(=O)C(F)(F)F)C(F)(F)F,405.342,1.8747,91.19,0,4,4,1,24,0.6666666666666666,1
CC[N+](C)(C)CCOC,F[B-](F)(F)C(F)(F)C(F)(F)C(F)(F)C(F)(F)F,,,245.2,K,"Zhou, Z.-B.; Matsumoto, H.; Tatsumi, K. (2005) Chem. Eur. J. 11, 752-766.",CC[N+](C)(C)CCOC|F[B-](F)(F)C(F)(F)C(F)(F)C(F)(F)C(F)(F)F,419.059,4.570300000000004,9.23,0,1,7,0,26,1.0,0
CC[N+](C)(C)CCOC,F[B-](F)(F)C(F)(F)F,,,281.1,K,"Zhou, Z.-B.; Matsumoto, H.; Tatsumi, K. (2005) Chem. Eur. J. 11, 752-766.",CC[N+](C)(C)CCOC|F[B-](F)(F)C(F)(F)F,269.03799999999995,2.6644000000000005,9.23,0,1,4,0,17,1.0,0
CC[N+](CC)(CC)CCOC,O=S(=O)([N-]S(=O)(=O)C(F)(F)F)C(F)(F)F,,,293.1,K,"Zhou, Z.-B.; Matsumoto, H.; Tatsumi, K. (2005) Chem. Eur. J. 11, 752-766.",CC[N+](CC)(CC)CCOC|O=S(=O)([N-]S(=O)(=O)C(F)(F)F)C(F)(F)F,440.428,2.5686,91.61,0,5,8,0,26,1.0,0
CCCC[n+]1ccn(C)c1,O=S(=O)([N-]S(=O)(=O)C(F)(F)F)C(F)(F)F,,,270.0,K,"Zhou, Q.; Fitzgerald, K.; Boyle, P. D.; Henderson, W. A. (2010) Chem. Mater. 22(3), 1203-1208.",CCCC[n+]1ccn(C)c1|O=S(=O)([N-]S(=O)(=O)C(F)(F)F)C(F)(F)F,419.369,2.1720000000000006,91.19,0,4,5,1,25,0.7,1
CC[N+](CC)(CC)CCOC,F[B-](F)(F)C(F)(F)C(F)(F)F,,,276.1,K,"Zhou, Z.-B.; Matsumoto, H.; Tatsumi, K. (2005) Chem. Eur. J. 11, 752-766.",CC[N+](CC)(CC)CCOC|F[B-](F)(F)C(F)(F)C(F)(F)F,347.09899999999993,4.079900000000003,9.23,0,1,7,0,22,1.0,0
CCCC[N+](C)(CC)CC,F[B-](F)(F)C(F)(F)C(F)(F)C(F)(F)F,,,323.1,K,"Zhou, Z.-B.; Matsumoto, H.; Tatsumi, K. (2005) Chem. Eur. J. 11, 752-766.",CCCC[N+](C)(CC)CC|F[B-](F)(F)C(F)(F)C(F)(F)C(F)(F)F,381.107,5.478800000000005,0.0,0,0,7,0,24,1.0,0
CCC[N+](C)(CC)CC,F[B-](F)(F)C(F)(F)C(F)(F)F,,,327.1,K,"Zhou, Z.-B.; Matsumoto, H.; Tatsumi, K. (2005) Chem. Eur. J. 11, 752-766.",CCC[N+](C)(CC)CC|F[B-](F)(F)C(F)(F)C(F)(F)F,317.0729999999999,4.453400000000004,0.0,0,0,5,0,20,1.0,0
CCCC[N+](C)(CC)CC,F[B-](F)(F)C(F)(F)C(F)(F)F,,,288.1,K,"Zhou, Z.-B.; Matsumoto, H.; Tatsumi, K. (2005) Chem. Eur. J. 11, 752-766.",CCCC[N+](C)(CC)CC|F[B-](F)(F)C(F)(F)C(F)(F)F,331.1,4.843500000000005,0.0,0,0,6,0,21,1.0,0
COCC[N+](C)(C)C,F[B-](F)(F)C(F)(F)C(F)(F)C(F)(F)F,,,296.1,K,"Zhou, Z.-B.; Matsumoto, H.; Tatsumi, K. (2005) Chem. Eur. J. 11, 752-766.",COCC[N+](C)(C)C|F[B-](F)(F)C(F)(F)C(F)(F)C(F)(F)F,355.0249999999999,3.544900000000003,9.23,0,1,5,0,22,1.0,0
CC[N+](C)(CC)CCOC,F[B-](F)(F)C(F)(F)F,,,251.2,K,"Zhou, Z.-B.; Matsumoto, H.; Tatsumi, K. (2005) Chem. Eur. J. 11, 752-766.",CC[N+](C)(CC)CCOC|F[B-](F)(F)C(F)(F)F,283.06499999999994,3.0545000000000018,9.23,0,1,5,0,18,1.0,0
CC[N+](CC)(CC)CCOC,F[B-](F)(F)C(F)(F)F,,,283.1,K,"Zhou, Z.-B.; Matsumoto, H.; Tatsumi, K. (2005) Chem. Eur. J. 11, 752-766.",CC[N+](CC)(CC)CCOC|F[B-](F)(F)C(F)(F)F,297.0919999999999,3.444600000000002,9.23,0,1,6,0,19,1.0,0
CCCC[N+](C)(CC)CC,F[B-](F)(F)C(F)(F)C(F)(F)C(F)(F)C(F)(F)F,,,333.1,K,"Zhou, Z.-B.; Matsumoto, H.; Tatsumi, K. (2005) Chem. Eur. J. 11, 752-766.",CCCC[N+](C)(CC)CC|F[B-](F)(F)C(F)(F)C(F)(F)C(F)(F)C(F)(F)F,431.114,6.114100000000005,0.0,0,0,8,0,27,1.0,0
CCC[N+](C)(CC)CC,F[B-](F)(F)C(F)(F)F,,,368.1,K,"Zhou, Z.-B.; Matsumoto, H.; Tatsumi, K. (2005) Chem. Eur. J. 11, 752-766.",CCC[N+](C)(CC)CC|F[B-](F)(F)C(F)(F)F,267.0659999999999,3.818100000000003,0.0,0,0,4,0,17,1.0,0
CCCn1cc[n+](CCC)c1,O=S(=O)([N-]S(=O)(=O)C(F)(F)F)C(F)(F)F,,,283.9,K,"Zheng, W.; Mohammed, A.; Hines, Jr., L. G.; Xiao, D.; Martinez, O. J.; Bartsch, R. A.; Simon, S. L.; Russina, O.; Triolo, A.; Quitevis, E. L. (2011) J. Phys. Chem. B 115(20), 6572-6584.",CCCn1cc[n+](CCC)c1|O=S(=O)([N-]S(=O)(=O)C(F)(F)F)C(F)(F)F,433.396,2.6549000000000014,91.19,0,4,6,1,26,0.7272727272727273,1
CCC[N+](C)(CC)CC,F[B-](F)(F)C(F)(F)C(F)(F)C(F)(F)F,,,330.1,K,"Zhou, Z.-B.; Matsumoto, H.; Tatsumi, K. (2005) Chem. Eur. J. 11, 752-766.",CCC[N+](C)(CC)CC|F[B-](F)(F)C(F)(F)C(F)(F)C(F)(F)F,367.0799999999999,5.088700000000004,0.0,0,0,6,0,23,1.0,0
COCC[N+](C)(C)C,F[B-](F)(F)C(F)(F)C(F)(F)F,,,303.1,K,"Zhou, Z.-B.; Matsumoto, H.; Tatsumi, K. (2005) Chem. Eur. J. 11, 752-766.",COCC[N+](C)(C)C|F[B-](F)(F)C(F)(F)C(F)(F)F,305.0179999999999,2.909600000000001,9.23,0,1,4,0,19,1.0,0
COCC[N+](C)(C)C,F[B-](F)(F)F,,,327.1,K,"Zhou, Z.-B.; Matsumoto, H.; Tatsumi, K. (2005) Chem. Eur. J. 11, 752-766.",COCC[N+](C)(C)C|F[B-](F)(F)F,205.004,1.639,9.23,0,1,3,0,13,1.0,0
CC[N+](CC)(CC)CCOC,F[B-](F)(F)C(F)(F)C(F)(F)C(F)(F)F,,,279.1,K,"Zhou, Z.-B.; Matsumoto, H.; Tatsumi, K. (2005) Chem. Eur. J. 11, 752-766.",CC[N+](CC)(CC)CCOC|F[B-](F)(F)C(F)(F)C(F)(F)C(F)(F)F,397.106,4.715200000000005,9.23,0,1,8,0,25,1.0,0
CCC[N+](C)(CC)CC,F[B-](F)(F)C(F)(F)C(F)(F)C(F)(F)C(F)(F)F,,,327.1,K,"Zhou, Z.-B.; Matsumoto, H.; Tatsumi, K. (2005) Chem. Eur. J. 11, 752-766.",CCC[N+](C)(CC)CC|F[B-](F)(F)C(F)(F)C(F)(F)C(F)(F)C(F)(F)F,417.08699999999993,5.724000000000004,0.0,0,0,7,0,26,1.0,0
CC[n+]1ccccc1,N#C[N-]C#N,,,239.96,K,"Zheng, Ling; Pan, Yi; Ji, Hong-Xiang; Ma, Xiao-Xue; Xing, Nan-Nan; Guan, Wei (2016) Acta Phys. Chim. Sin. 32(11), 2663-2670.",CC[n+]1ccccc1|N#C[N-]C#N,174.207,1.3162600000000002,65.56,0,2,1,1,13,0.2222222222222222,1
CCCC[N+](C)(CC)CC,F[B-](F)(F)C(F)(F)F,,,270.1,K,"Zhou, Z.-B.; Matsumoto, H.; Tatsumi, K. (2005) Chem. Eur. J. 11, 752-766.",CCCC[N+](C)(CC)CC|F[B-](F)(F)C(F)(F)F,281.093,4.208200000000004,0.0,0,0,5,0,18,1.0,0
CC[N+](C)(CC)CCOC,F[B-](F)(F)F,,,281.1,K,"Zhou, Z.-B.; Matsumoto, H.; Tatsumi, K. (2005) Chem. Eur. J. 11, 752-766.",CC[N+](C)(CC)CCOC|F[B-](F)(F)F,233.058,2.4192,9.23,0,1,5,0,15,1.0,0
CC[N+](CC)(CC)CCOC,F[B-](F)(F)C(F)(F)C(F)(F)C(F)(F)C(F)(F)F,,,284.1,K,"Zhou, Z.-B.; Matsumoto, H.; Tatsumi, K. (2005) Chem. Eur. J. 11, 752-766.",CC[N+](CC)(CC)CCOC|F[B-](F)(F)C(F)(F)C(F)(F)C(F)(F)C(F)(F)F,447.113,5.350500000000005,9.23,0,1,9,0,28,1.0,0
CCCCC[N+]1(C)CCCC1,O=S(=O)([N-]S(=O)(=O)C(F)(F)F)C(F)(F)F,,,283.0,K,"Zhou, Q.; Boyle, P. D.; Malpezzi, L.; Mele, A.; Shin, J.-H.; Passerini, S.; Henderson, W. A. (2011) Chem. Mater. 23(19), 4331-4337.",CCCCC[N+]1(C)CCCC1|O=S(=O)([N-]S(=O)(=O)C(F)(F)F)C(F)(F)F,436.44,3.476300000000003,82.38,0,4,6,0,26,1.0,1
CCCC[N+]1(C)CCCC1,F[B-](F)(F)F,,,425.0,K,"Stolarska, O.; Rodriguez, H.; Smiglak, M. (2016) Fluid Phase Equilib. 408, 1-9.",CCCC[N+]1(C)CCCC1|F[B-](F)(F)F,229.06999999999996,3.326900000000002,0.0,0,0,3,0,15,1.0,1
COCC[N+](C)(C)C,F[B-](F)(F)C(F)(F)C(F)(F)C(F)(F)C(F)(F)F,,,323.1,K,"Zhou, Z.-B.; Matsumoto, H.; Tatsumi, K. (2005) Chem. Eur. J. 11, 752-766.",COCC[N+](C)(C)C|F[B-](F)(F)C(F)(F)C(F)(F)C(F)(F)C(F)(F)F,405.0319999999999,4.180200000000004,9.23,0,1,6,0,25,1.0,0
Cn1cc[n+](C)c1,O=S(=O)([N-]S(=O)(=O)C(F)(F)F)C(F)(F)F,,,297.0,K,"Zhou, Q.; Fitzgerald, K.; Boyle, P. D.; Henderson, W. A. (2010) Chem. Mater. 22(3), 1203-1208.",Cn1cc[n+](C)c1|O=S(=O)([N-]S(=O)(=O)C(F)(F)F)C(F)(F)F,377.288,0.9088999999999996,91.19,0,4,2,1,22,0.5714285714285714,1
CCCCCCCCCCCCCCCC[n+]1ccn(C)c1C,[Br-],,,371.7,K,"Zhu, J.; Bai, L.; Chen, B.; Fei, W. (2009) Chem. Eng. J. 147, 58-62.",CCCCCCCCCCCCCCCC[n+]1ccn(C)c1C|[Br-],401.477,3.10632,8.809999999999999,0,0,15,1,24,0.8571428571428571,1
CCCC[N+](C)(CC)CC,O=S(=O)([N-]S(=O)(=O)C(F)(F)F)C(F)(F)F,,,282.1,K,"Zhou, Z.-B.; Matsumoto, H.; Tatsumi, K. (2005) Chem. Eur. J. 11, 752-766.",CCCC[N+](C)(CC)CC|O=S(=O)([N-]S(=O)(=O)C(F)(F)F)C(F)(F)F,424.429,3.332200000000002,82.38,0,4,7,0,25,1.0,0
COCC[N+](C)(C)C,O=S(=O)([N-]S(=O)(=O)C(F)(F)F)C(F)(F)F,,,310.1,K,"Zhou, Z.-B.; Matsumoto, H.; Tatsumi, K. (2005) Chem. Eur. J. 11, 752-766.",COCC[N+](C)(C)C|O=S(=O)([N-]S(=O)(=O)C(F)(F)F)C(F)(F)F,398.347,1.3983,91.61,0,5,5,0,23,1.0,0
CC[N+](CC)(CC)CCOC,F[B-](F)(F)F,,,329.1,K,"Zhou, Z.-B.; Matsumoto, H.; Tatsumi, K. (2005) Chem. Eur. J. 11, 752-766.",CC[N+](CC)(CC)CCOC|F[B-](F)(F)F,247.08499999999995,2.809300000000001,9.23,0,1,6,0,16,1.0,0
CCCC[n+]1ccn(C)c1C,[Br-],,,349.66,K,"Zhu, J.; Bai, L.; Chen, B.; Fei, W. (2009) Chem. Eng. J. 147, 58-62.",CCCC[n+]1ccn(C)c1C|[Br-],233.153,-1.5748799999999976,8.809999999999999,0,0,3,1,12,0.6666666666666666,1
CCCC[n+]1ccn(C)c1C,[Cl-],,,365.89,K,"Zhu, J.; Bai, L.; Chen, B.; Fei, W. (2009) Chem. Eng. J. 147, 58-62.",CCCC[n+]1ccn(C)c1C|[Cl-],188.702,-1.5748799999999976,8.809999999999999,0,0,3,1,12,0.6666666666666666,1
CCC[N+](C)(CC)CC,O=S(=O)([N-]S(=O)(=O)C(F)(F)F)C(F)(F)F,,,287.1,K,"Zhou, Z.-B.; Matsumoto, H.; Tatsumi, K. (2005) Chem. Eur. J. 11, 752-766.",CCC[N+](C)(CC)CC|O=S(=O)([N-]S(=O)(=O)C(F)(F)F)C(F)(F)F,410.402,2.9421000000000017,82.38,0,4,6,0,24,1.0,0
CC[N+](C)(C)CCOC,F[B-](F)(F)C(F)(F)C(F)(F)F,,,240.2,K,"Zhou, Z.-B.; Matsumoto, H.; Tatsumi, K. (2005) Chem. Eur. J. 11, 752-766.",CC[N+](C)(C)CCOC|F[B-](F)(F)C(F)(F)C(F)(F)F,319.045,3.2997000000000023,9.23,0,1,5,0,20,1.0,0
CC[N+](C)(C)CCOC,F[B-](F)(F)F,,,277.1,K,"Zhou, Z.-B.; Matsumoto, H.; Tatsumi, K. (2005) Chem. Eur. J. 11, 752-766.",CC[N+](C)(C)CCOC|F[B-](F)(F)F,219.031,2.0291,9.23,0,1,4,0,14,1.0,0
CCCCCCCCCC[n+]1ccn(C)c1C,[Br-],,,341.35,K,"Zhu, J.; Bai, L.; Chen, B.; Fei, W. (2009) Chem. Eng. J. 147, 58-62.",CCCCCCCCCC[n+]1ccn(C)c1C|[Br-],317.315,0.7657200000000011,8.809999999999999,0,0,9,1,18,0.8,1
CCCCCCCCCCCCCCCC[n+]1ccn(C)c1,[Br-],,,337.06,K,"Zhu, J.; Bai, L.; Chen, B.; Fei, W. (2009) Chem. Eng. J. 147, 58-62.",CCCCCCCCCCCCCCCC[n+]1ccn(C)c1|[Br-],387.44999999999993,2.7979000000000003,8.809999999999999,0,0,15,1,23,0.85,1
C[N+]1=CN(CC)C=C1,F[B-](F)(F)F,,,288.15,K,legacy_db,C[N+]1=CN(CC)C=C1|F[B-](F)(F)F,197.97199999999995,1.6324999999999994,8.809999999999999,0,0,1,1,13,0.5,1
CC[N+]1=CC=CC=C1,[Br-],,,393.15,K,legacy_db,CC[N+]1=CC=CC=C1|[Br-],188.068,-2.001999999999998,3.88,0,0,1,1,9,0.2857142857142857,1
C[N+]1=C(C)N(CCC)C=C1,[Br-],,,393.15,K,legacy_db,C[N+]1=C(C)N(CCC)C=C1|[Br-],219.126,-1.9649799999999973,8.809999999999999,0,0,2,1,11,0.625,1
C[N+]1=CN(CC2=CC=CC=C2)C=C1,[Cl-],,,348.15,K,legacy_db,C[N+]1=CN(CC2=CC=CC=C2)C=C1|[Cl-],208.692,-1.6350999999999984,8.809999999999999,0,0,2,2,14,0.1818181818181818,2
C[N+]1=CN(CC2=CC=CC=C2)C=C1,F[P-](F)(F)(F)(F)F,,,408.15,K,legacy_db,C[N+]1=CN(CC2=CC=CC=C2)C=C1|F[P-](F)(F)(F)(F)F,318.201,4.743300000000002,8.809999999999999,0,0,2,2,20,0.1818181818181818,2
C[N+]1=CN(CC2=CC=CC=C2)C=C1,F[B-](F)(F)F,,,351.15,K,legacy_db,C[N+]1=CN(CC2=CC=CC=C2)C=C1|F[B-](F)(F)F,260.043,2.6609000000000007,8.809999999999999,0,0,2,2,18,0.1818181818181818,2
C[N+]1(CCCC)CCCCC1,[Br-],,,504.15,K,legacy_db,C[N+]1(CCCC)CCCCC1|[Br-],236.197,-0.578999999999998,0.0,0,0,3,0,12,1.0,1
C[N+]1(CCCC)CCCCC1,F[B-](F)(F)F,,,422.15,K,legacy_db,C[N+]1(CCCC)CCCCC1|F[B-](F)(F)F,243.09699999999995,3.717000000000003,0.0,0,0,3,0,16,1.0,1
C[N+]1(CCCC)CCCC1,[Br-],,,489.15,K,legacy_db,C[N+]1(CCCC)CCCC1|[Br-],222.17,-0.9690999999999976,0.0,0,0,3,0,11,1.0,1
C[N+]1(CCCC)CCCC1,[Cl-],,,471.15,K,legacy_db,C[N+]1(CCCC)CCCC1|[Cl-],177.719,-0.9690999999999976,0.0,0,0,3,0,11,1.0,1
CN1C=C[N+](CCCC)=C1C,C(F)(F)(F)S(=O)(=O)[O-],,,313.15,K,legacy_db,CN1C=C[N+](CCCC)=C1C|C(F)(F)(F)S(=O)(=O)[O-],302.31800000000004,1.4725199999999998,66.01,0,3,3,1,19,0.7,1
CC1=CC=CC=[N+]1CCCC,[Br-],,,425.15,K,legacy_db,CC1=CC=CC=[N+]1CCCC|[Br-],230.149,-0.9133799999999984,3.88,0,0,3,1,12,0.5,1
CC1=CC=CC=[N+]1CCCC,[Cl-],,,420.15,K,legacy_db,CC1=CC=CC=[N+]1CCCC|[Cl-],185.698,-0.9133799999999984,3.88,0,0,3,1,12,0.5,1
CN1C=C[N+](CCCC)=C1,[O-][N+]([O-])=O,,,308.15,K,legacy_db,CN1C=C[N+](CCCC)=C1|[O-][N+]([O-])=O,201.226,0.8735999999999996,75.00999999999999,0,3,3,1,14,0.625,1
CC1=CC=C[N+](CCCC)=C1,[Br-],,,352.15,K,legacy_db,CC1=CC=C[N+](CCCC)=C1|[Br-],230.14900000000003,-0.9133799999999984,3.88,0,0,3,1,12,0.5,1
CC1=CC=[N+](CCCC)C=C1,[Br-],,,391.15,K,legacy_db,CC1=CC=[N+](CCCC)C=C1|[Br-],230.14900000000003,-0.9133799999999984,3.88,0,0,3,1,12,0.5,1
CC1=CC=[N+](CCCC)C=C1,[Cl-],,,435.15,K,legacy_db,CC1=CC=[N+](CCCC)C=C1|[Cl-],185.69800000000004,-0.9133799999999984,3.88,0,0,3,1,12,0.5,1
CCCC[N+]1=CC=CC=C1,[Br-],,,371.15,K,legacy_db,CCCC[N+]1=CC=CC=C1|[Br-],216.122,-1.2217999999999989,3.88,0,0,3,1,11,0.4444444444444444,1
CCCC[N+]1=CC=CC=C1,[Cl-],,,404.15,K,legacy_db,CCCC[N+]1=CC=CC=C1|[Cl-],171.67099999999996,-1.2217999999999989,3.88,0,0,3,1,11,0.4444444444444444,1
CCN1C=C[N+](CCCCCCCCCCCC)=C1,[Br-],,,385.15,K,legacy_db,CCN1C=C[N+](CCCCCCCCCCCC)=C1|[Br-],345.3689999999999,1.7204,8.809999999999999,0,0,12,1,20,0.8235294117647058,1
CCN1C=C[N+](CCCCCCCCCCCC)=C1,[Cl-],,,423.15,K,legacy_db,CCN1C=C[N+](CCCCCCCCCCCC)=C1|[Cl-],300.9179999999999,1.7204,8.809999999999999,0,0,12,1,20,0.8235294117647058,1
CCN1C=C[N+](CCCCCCCCCCCC)=C1,F[P-](F)(F)(F)(F)F,,,333.15,K,legacy_db,CCN1C=C[N+](CCCCCCCCCCCC)=C1|F[P-](F)(F)(F)(F)F,410.4269999999999,8.098800000000006,8.809999999999999,0,0,12,1,26,0.8235294117647058,1
CCN1C=C[N+](CCCCCCCCCCCC)=C1,F[B-](F)(F)F,,,299.15,K,legacy_db,CCN1C=C[N+](CCCCCCCCCCCC)=C1|F[B-](F)(F)F,352.2689999999999,6.016400000000007,8.809999999999999,0,0,12,1,24,0.8235294117647058,1
CCN1C=C[N+](CCCCCCCCCCCC)=C1,C(F)(F)(F)S(=O)(=O)[O-],,,320.15,K,legacy_db,CCN1C=C[N+](CCCCCCCCCCCC)=C1|C(F)(F)(F)S(=O)(=O)[O-],414.534,4.767800000000005,66.01,0,3,12,1,27,0.8333333333333334,1
CC[N+]1(C)CCCCC1,F[B-](F)(F)F,,,565.15,K,legacy_db,CC[N+]1(C)CCCCC1|F[B-](F)(F)F,215.043,2.9368000000000016,0.0,0,0,1,0,14,1.0,1
CC[N+]1(C)CCCCC1,C(F)(F)(F)S(=O)(=O)[O-],,,380.15,K,legacy_db,CC[N+]1(C)CCCCC1|C(F)(F)(F)S(=O)(=O)[O-],277.308,1.6882,57.2,0,3,1,0,17,1.0,1
CN1C=C[N+](CC)=C1C,[Br-],,,413.15,K,legacy_db,CN1C=C[N+](CC)=C1C|[Br-],205.099,-2.3550799999999974,8.809999999999999,0,0,1,1,10,0.5714285714285714,1
CN1C=C[N+](CC)=C1C,F[P-](F)(F)(F)(F)F,,,352.15,K,legacy_db,CN1C=C[N+](CC)=C1C|F[P-](F)(F)(F)(F)F,270.1569999999999,4.023320000000003,8.809999999999999,0,0,1,1,16,0.5714285714285714,1
CN1C=C[N+](CC)=C1C,F[B-](F)(F)F,,,377.15,K,legacy_db,CN1C=C[N+](CC)=C1C|F[B-](F)(F)F,211.999,1.94092,8.809999999999999,0,0,1,1,14,0.5714285714285714,1
CN1C=C[N+](CC)=C1C,C(F)(F)(F)S(=O)(=O)[O-],,,378.15,K,legacy_db,CN1C=C[N+](CC)=C1C|C(F)(F)(F)S(=O)(=O)[O-],274.264,0.6923199999999999,66.01,0,3,1,1,17,0.625,1
CC[N+]1=C(C)C=CC=C1,[Br-],,,393.15,K,legacy_db,CC[N+]1=C(C)C=CC=C1|[Br-],202.095,-1.693579999999998,3.88,0,0,1,1,10,0.375,1
C[N+]1=CN(CC)C=C1,O=C(C)[O-],,,228.15,K,legacy_db,C[N+]1=CN(CC)C=C1|O=C(C)[O-],170.21199999999996,-0.9113,48.94,0,2,1,1,12,0.5,1
C[N+]1=CN(CC)C=C1,O=S([N-]S(=O)(C(F)(F)F)=O)(C(F)(F)F)=O,,,270.15,K,legacy_db,C[N+]1=CN(CC)C=C1|O=S([N-]S(=O)(C(F)(F)F)=O)(C(F)(F)F)=O,391.315,1.3918,91.19,0,4,3,1,23,0.625,1
C[N+]1=CN(CC)C=C1,[Br-],,,364.15,K,legacy_db,C[N+]1=CN(CC)C=C1|[Br-],191.072,-2.663499999999998,8.809999999999999,0,0,1,1,9,0.5,1
C[N+]1=CN(CC)C=C1,N#C[N-]C#N,,,252.15,K,legacy_db,C[N+]1=CN(CC)C=C1|N#C[N-]C#N,177.21099999999998,0.6547599999999993,70.49,0,2,1,1,13,0.375,1
C[N+]1=CN(CC)C=C1,[O-]P(OC)(OC)=O,,,314.15,K,legacy_db,C[N+]1=CN(CC)C=C1|[O-]P(OC)(OC)=O,236.20799999999997,0.0800999999999991,67.4,0,4,3,1,15,0.625,1
C[N+]1=CN(CC)C=C1,F[P-](F)(F)(F)(F)F,,,337.15,K,legacy_db,C[N+]1=CN(CC)C=C1|F[P-](F)(F)(F)(F)F,256.12999999999994,3.714900000000001,8.809999999999999,0,0,1,1,15,0.5,1
C[N+]1=CN(CC)C=C1,[O-][N+]([O-])=O,,,311.15,K,legacy_db,C[N+]1=CN(CC)C=C1|[O-][N+]([O-])=O,173.17199999999997,0.0933999999999994,75.00999999999999,0,3,1,1,12,0.5,1
C[N+]1=CN(CC)C=C1,[S-]C#N,,,267.15,K,legacy_db,C[N+]1=CN(CC)C=C1|[S-]C#N,169.253,0.3468799999999994,32.599999999999994,0,2,1,1,11,0.4285714285714285,1
C[N+]1=CN(CC)C=C1,[O-]S(=O)(C1=CC=C(C)C=C1)=O,,,307.15,K,legacy_db,C[N+]1=CN(CC)C=C1|[O-]S(=O)(C1=CC=C(C)C=C1)=O,282.365,1.2316199999999993,66.00999999999999,0,3,2,2,19,0.3076923076923077,2
C[N+]1=CN(CC)C=C1,C(F)(F)(F)S(=O)(=O)[O-],,,264.15,K,legacy_db,C[N+]1=CN(CC)C=C1|C(F)(F)(F)S(=O)(=O)[O-],260.237,0.3838999999999993,66.01,0,3,1,1,16,0.5714285714285714,1
C[N+]1=CN(CC)C=C1,O=C(C(F)(F)F)[O-],,,259.15,K,legacy_db,C[N+]1=CN(CC)C=C1|O=C(C(F)(F)F)[O-],224.18199999999996,-0.3689000000000009,48.94,0,2,1,1,15,0.5,1
CC1=CC=[N+](CC)C=C1,[Br-],,,413.15,K,legacy_db,CC1=CC=[N+](CC)C=C1|[Br-],202.095,-1.693579999999998,3.88,0,0,1,1,10,0.375,1
CC[N+]1=CC=CC=C1,F[P-](F)(F)(F)(F)F,,,379.15,K,legacy_db,CC[N+]1=CC=CC=C1|F[P-](F)(F)(F)(F)F,253.12599999999992,4.376400000000002,3.88,0,0,1,1,15,0.2857142857142857,1
CC[N+]1=CC=CC=C1,F[B-](F)(F)F,,,319.15,K,legacy_db,CC[N+]1=CC=CC=C1|F[B-](F)(F)F,194.968,2.2940000000000005,3.88,0,0,1,1,13,0.2857142857142857,1
CN1C=C[N+](CCCCCCCCCCCCCCCC)=C1,O=S([N-]S(=O)(C(F)(F)F)=O)(C(F)(F)F)=O,,,322.15,K,legacy_db,CN1C=C[N+](CCCCCCCCCCCCCCCC)=C1|O=S([N-]S(=O)(C(F)(F)F)=O)(C(F)(F)F)=O,587.6930000000002,6.853200000000008,91.19,0,4,17,1,37,0.8636363636363636,1
CN1C=C[N+](CCCCCCCCCCCCCCCC)=C1,[Cl-],,,483.15,K,legacy_db,CN1C=C[N+](CCCCCCCCCCCCCCCC)=C1|[Cl-],342.999,2.797900000000001,8.809999999999999,0,0,15,1,23,0.85,1
CN1C=C[N+](CCCCCCCCCCCCCCCC)=C1,F[P-](F)(F)(F)(F)F,,,398.15,K,legacy_db,CN1C=C[N+](CCCCCCCCCCCCCCCC)=C1|F[P-](F)(F)(F)(F)F,452.5079999999999,9.1763,8.809999999999999,0,0,15,1,29,0.85,1
CCCCCC[N+]1=CC=CC=C1,F[P-](F)(F)(F)(F)F,,,323.15,K,legacy_db,CCCCCC[N+]1=CC=CC=C1|F[P-](F)(F)(F)(F)F,309.234,5.936800000000003,3.88,0,0,5,1,19,0.5454545454545454,1
CCCCCC[N+]1=CC=CC=C1,C(F)(F)(F)S(=O)(=O)[O-],,,336.15,K,legacy_db,CCCCCC[N+]1=CC=CC=C1|C(F)(F)(F)S(=O)(=O)[O-],313.34100000000007,2.605800000000001,61.08,0,3,5,1,20,0.5833333333333334,1
C[N+]1(CCC)CCCCC1,[Br-],,,520.15,K,legacy_db,C[N+]1(CCC)CCCCC1|[Br-],222.17,-0.9690999999999976,0.0,0,0,2,0,11,1.0,1
C[N+]1(CCC)CCCCC1,F[B-](F)(F)F,,,378.15,K,legacy_db,C[N+]1(CCC)CCCCC1|F[B-](F)(F)F,229.07,3.326900000000002,0.0,0,0,2,0,15,1.0,1
C[N+]1(CCC)CCCCC1,C(F)(F)(F)S(=O)(=O)[O-],,,344.15,K,legacy_db,C[N+]1(CCC)CCCCC1|C(F)(F)(F)S(=O)(=O)[O-],291.33500000000004,2.0783,57.2,0,3,2,0,18,1.0,1
C[N+]1(CCC)CCCC1,[Br-],,,483.15,K,legacy_db,C[N+]1(CCC)CCCC1|[Br-],208.143,-1.3591999999999973,0.0,0,0,2,0,10,1.0,1
C[N+]1(CCC)CCCC1,F[P-](F)(F)(F)(F)F,,,385.15,K,legacy_db,C[N+]1(CCC)CCCC1|F[P-](F)(F)(F)(F)F,273.201,5.019200000000003,0.0,0,0,2,0,16,1.0,1
C[N+]1(CCC)CCCC1,F[B-](F)(F)F,,,328.15,K,legacy_db,C[N+]1(CCC)CCCC1|F[B-](F)(F)F,215.043,2.9368000000000016,0.0,0,0,2,0,14,1.0,1
C[N+]1=CN(CCCCCCCCCCCCCCCCCC)C=C1,[Cl-],,,483.15,K,legacy_db,C[N+]1=CN(CCCCCCCCCCCCCCCCCC)C=C1|[Cl-],371.053,3.578100000000002,8.809999999999999,0,0,17,1,25,0.8636363636363636,1
C[N+]1=CN(CCC)C=C1,[Br-],,,301.15,K,legacy_db,C[N+]1=CN(CCC)C=C1|[Br-],205.099,-2.273399999999998,8.809999999999999,0,0,2,1,10,0.5714285714285714,1
C[N+]1=CN(CCCCCCCCCCCCCC)C=C1,O=S([N-]S(=O)(C(F)(F)F)=O)(C(F)(F)F)=O,,,311.15,K,legacy_db,C[N+]1=CN(CCCCCCCCCCCCCC)C=C1|O=S([N-]S(=O)(C(F)(F)F)=O)(C(F)(F)F)=O,559.6390000000001,6.073000000000007,91.19,0,4,15,1,35,0.85,1
C[N+]1=CN(CCCCCCCCCCCCCC)C=C1,F[P-](F)(F)(F)(F)F,,,342.15,K,legacy_db,C[N+]1=CN(CCCCCCCCCCCCCC)C=C1|F[P-](F)(F)(F)(F)F,424.45399999999984,8.396100000000004,8.809999999999999,0,0,13,1,27,0.8333333333333334,1
C[N+]1=CN(CCCCCCCCCCCCCC)C=C1,F[B-](F)(F)F,,,310.15,K,legacy_db,C[N+]1=CN(CCCCCCCCCCCCCC)C=C1|F[B-](F)(F)F,366.2959999999999,6.313700000000007,8.809999999999999,0,0,13,1,25,0.8333333333333334,1
C[N+]1=CN([H])C=C1,[O-][N+]([O-])=O,,,339.15,K,legacy_db,C[N+]1=CN([H])C=C1|[O-][N+]([O-])=O,145.118,-0.3999000000000001,85.87,1,3,0,1,10,0.25,1
C[N+]1=CN([H])C=C1,O=S([N-]S(=O)(C(F)(F)F)=O)(C(F)(F)F)=O,,,322.15,K,legacy_db,C[N+]1=CN([H])C=C1|O=S([N-]S(=O)(C(F)(F)F)=O)(C(F)(F)F)=O,363.261,0.8985000000000001,102.04999999999998,1,4,2,1,21,0.5,1
CCC[N+]1=C(C)NC=C1,[Br-],,,379.15,K,legacy_db,CCC[N+]1=C(C)NC=C1|[Br-],205.099,-1.975379999999998,19.67,1,0,2,1,10,0.5714285714285714,1
CC1=C[N+](CCC)=CC=C1,[Br-],,,425.15,K,legacy_db,CC1=C[N+](CCC)=CC=C1|[Br-],216.122,-1.3034799999999982,3.88,0,0,2,1,11,0.4444444444444444,1
CCC[N+]1=CC=C(C)C=C1,[Br-],,,328.15,K,legacy_db,CCC[N+]1=CC=C(C)C=C1|[Br-],216.122,-1.3034799999999982,3.88,0,0,2,1,11,0.4444444444444444,1
C[N+](C)(C)CCO,[O-]P(O)(O)=O,,,463.15,K,legacy_db,C[N+](C)(C)CCO|[O-]P(O)(O)=O,201.159,-1.8756999999999988,100.82,3,3,2,0,12,1.0,0
C[NH2+]C,[O-][N+]([O-])=O,,,348.15,K,legacy_db,C[NH2+]C|[O-][N+]([O-])=O,108.097,-1.4296999999999993,82.81,1,3,0,0,7,1.0,0
[NH3+]C,[O-][N+]([O-])=O,,,374.15,K,legacy_db,[NH3+]C|[O-][N+]([O-])=O,94.07,-1.3809999999999996,93.84,1,3,0,0,6,1.0,0
CCCCCCCC[N+](CCCCCCCC)(C)CCCCCCCC,C(F)(F)(F)S(=O)(=O)[O-],,,330.15,K,legacy_db,CCCCCCCC[N+](CCCCCCCC)(C)CCCCCCCC|C(F)(F)(F)S(=O)(=O)[O-],517.7830000000002,8.565900000000006,57.2,0,3,21,0,34,1.0,0
C[P+](CCCC)(CCCC)CCCC,O=S([N-]S(=O)(C(F)(F)F)=O)(C(F)(F)F)=O,,,289.15,K,legacy_db,C[P+](CCCC)(CCCC)CCCC|O=S([N-]S(=O)(C(F)(F)F)=O)(C(F)(F)F)=O,497.504,6.093400000000006,82.38,0,4,11,0,29,1.0,0
CCCCCC[P+](CCCCCC)(CCCCCCCCCCCCCC)CCCCCC,O=S([N-]S(=O)(C(F)(F)F)=O)(C(F)(F)F)=O,,,201.15,K,legacy_db,CCCCCC[P+](CCCCCC)(CCCCCCCCCCCCCC)CCCCCC|O=S([N-]S(=O)(C(F)(F)F)=O)(C(F)(F)F)=O,764.0170000000008,13.505299999999975,82.38,0,4,30,0,48,1.0,0
