il,truth,pred,fold,n_records
CCCC[N+]1(C)CCCC1|N#C[N-]C#N,-0.6500877141952515,-2.1237196922302246,0,58
CCCC[N+]1(C)CCCC1|N#C[N-]C#N,-0.6481738090515137,-2.1237196922302246,0,58
CCCC[N+]1(C)CCCC1|N#C[N-]C#N,-0.2407984882593155,-1.3516777753829956,0,58
CCCC[N+]1(C)CCCC1|N#C[N-]C#N,0.1151128038764,-0.7840458750724792,0,58
CCCC[N+]1(C)CCCC1|N#C[N-]C#N,0.11600367724895477,-0.7840458750724792,0,58
CCCC[N+]1(C)CCCC1|N#C[N-]C#N,0.11689375340938568,-0.7840458750724792,0,58
CCCC[N+]1(C)CCCC1|N#C[N-]C#N,0.2738366723060608,-0.5442135334014893,0,58
CCCC[N+]1(C)CCCC1|N#C[N-]C#N,0.27459684014320374,-0.5442135334014893,0,58
CCCC[N+]1(C)CCCC1|N#C[N-]C#N,0.2753564119338989,-0.5442135334014893,0,58
CCCC[N+]1(C)CCCC1|N#C[N-]C#N,0.27611544728279114,-0.5442135334014893,0,58
CCCC[N+]1(C)CCCC1|N#C[N-]C#N,0.4219944179058075,-0.31767261028289795,0,58
CCCC[N+]1(C)CCCC1|N#C[N-]C#N,0.42264991998672485,-0.31767261028289795,0,58
CCCC[N+]1(C)CCCC1|N#C[N-]C#N,0.42330503463745117,-0.31767261028289795,0,58
CCCC[N+]1(C)CCCC1|N#C[N-]C#N,0.6896410584449768,0.007691502571105957,0,58
CCCC[N+]1(C)CCCC1|N#C[N-]C#N,0.6906440258026123,0.007691502571105957,0,58
CCCC[N+]1(C)CCCC1|N#C[N-]C#N,0.6911451816558838,0.007691502571105957,0,58
CCCC[N+]1(C)CCCC1|N#C[N-]C#N,0.6916460394859314,0.007691502571105957,0,58
CCCC[N+]1(C)CCCC1|N#C[N-]C#N,0.9262410402297974,0.254787802696228,0,58
CCCC[N+]1(C)CCCC1|N#C[N-]C#N,0.9266370534896851,0.254787802696228,0,58
CCCC[N+]1(C)CCCC1|N#C[N-]C#N,0.9270328283309937,0.254787802696228,0,58
CCCC[N+]1(C)CCCC1|N#C[N-]C#N,0.9274284839630127,0.254787802696228,0,58
CCCC[N+]1(C)CCCC1|N#C[N-]C#N,0.9278239607810974,0.254787802696228,0,58
CCCCCCn1cc[n+](C)c1|N#C[C-](C#N)C#N,-12.206072807312012,-9.753809928894043,0,120
CCCCCCn1cc[n+](C)c1|N#C[C-](C#N)C#N,-13.122363090515137,-9.753809928894043,0,120
CCCCCCn1cc[n+](C)c1|N#C[C-](C#N)C#N,-13.815510749816895,-9.753809928894043,0,120
CCCCCCn1cc[n+](C)c1|N#C[C-](C#N)C#N,-9.326873779296875,-8.915031433105469,0,120
CCCCCCn1cc[n+](C)c1|N#C[C-](C#N)C#N,-9.986868858337402,-8.915031433105469,0,120
CCCCCCn1cc[n+](C)c1|N#C[C-](C#N)C#N,-10.68001651763916,-8.915031433105469,0,120
CCCCCCn1cc[n+](C)c1|N#C[C-](C#N)C#N,-11.417614936828613,-8.915031433105469,0,120
CCCCCCn1cc[n+](C)c1|N#C[C-](C#N)C#N,-12.023751258850098,-8.915031433105469,0,120
CCCCCCn1cc[n+](C)c1|N#C[C-](C#N)C#N,-12.716897964477539,-8.915031433105469,0,120
CCCCCCn1cc[n+](C)c1|N#C[C-](C#N)C#N,-13.815510749816895,-8.915031433105469,0,120
CCCCCCn1cc[n+](C)c1|N#C[C-](C#N)C#N,-7.33853816986084,-7.937089443206787,0,120
CCCCCCn1cc[n+](C)c1|N#C[C-](C#N)C#N,-7.929406642913818,-7.937089443206787,0,120
CCCCCCn1cc[n+](C)c1|N#C[C-](C#N)C#N,-8.421882629394531,-7.937089443206787,0,120
CCCCCCn1cc[n+](C)c1|N#C[C-](C#N)C#N,-8.947976112365723,-7.937089443206787,0,120
CCCCCCn1cc[n+](C)c1|N#C[C-](C#N)C#N,-9.45880126953125,-7.937089443206787,0,120
CCCCCCn1cc[n+](C)c1|N#C[C-](C#N)C#N,-10.008848190307617,-7.937089443206787,0,120
CCCCCCn1cc[n+](C)c1|N#C[C-](C#N)C#N,-10.596634864807129,-7.937089443206787,0,120
CCCCCCn1cc[n+](C)c1|N#C[C-](C#N)C#N,-11.176453590393066,-7.937089443206787,0,120
CCCCCCn1cc[n+](C)c1|N#C[C-](C#N)C#N,-11.736068725585938,-7.937089443206787,0,120
CCCCCCn1cc[n+](C)c1|N#C[C-](C#N)C#N,-12.429216384887695,-7.937089443206787,0,120
CCCCCCn1cc[n+](C)c1|N#C[C-](C#N)C#N,-13.122363090515137,-7.937089443206787,0,120
CCCCCCn1cc[n+](C)c1|N#C[C-](C#N)C#N,-13.815510749816895,-7.937089443206787,0,120
CCCCCCn1cc[n+](C)c1|N#C[C-](C#N)C#N,-4.509860038757324,-5.636923789978027,0,120
CCCCCCn1cc[n+](C)c1|N#C[C-](C#N)C#N,-5.11599588394165,-5.636923789978027,0,120
CCCCCCn1cc[n+](C)c1|N#C[C-](C#N)C#N,-5.599422454833984,-5.636923789978027,0,120
CCCCCCn1cc[n+](C)c1|N#C[C-](C#N)C#N,-6.119297981262207,-5.636923789978027,0,120
CCCCCCn1cc[n+](C)c1|N#C[C-](C#N)C#N,-6.64539098739624,-5.636923789978027,0,120
CCCCCCn1cc[n+](C)c1|N#C[C-](C#N)C#N,-7.236259460449219,-5.636923789978027,0,120
CCCCCCn1cc[n+](C)c1|N#C[C-](C#N)C#N,-7.79935359954834,-5.636923789978027,0,120
CCCCCCn1cc[n+](C)c1|N#C[C-](C#N)C#N,-8.421882629394531,-5.636923789978027,0,120
CCCCCCn1cc[n+](C)c1|N#C[C-](C#N)C#N,-9.028018951416016,-5.636923789978027,0,120
CCCCCCn1cc[n+](C)c1|N#C[C-](C#N)C#N,-9.625855445861816,-5.636923789978027,0,120
CCCCCCn1cc[n+](C)c1|N#C[C-](C#N)C#N,-10.260162353515625,-5.636923789978027,0,120
CCCCCCn1cc[n+](C)c1|N#C[C-](C#N)C#N,-10.925138473510742,-5.636923789978027,0,120
CCCCCCn1cc[n+](C)c1|N#C[C-](C#N)C#N,-11.6182861328125,-5.636923789978027,0,120
CCCCCCn1cc[n+](C)c1|N#C[C-](C#N)C#N,-12.206072807312012,-5.636923789978027,0,120
CCCCCCn1cc[n+](C)c1|N#C[C-](C#N)C#N,-13.122363090515137,-5.636923789978027,0,120
CCCCCCn1cc[n+](C)c1|N#C[C-](C#N)C#N,-13.815510749816895,-5.636923789978027,0,120
CCCCCCn1cc[n+](C)c1|N#C[C-](C#N)C#N,-2.6882476806640625,-3.1882591247558594,0,120
CCCCCCn1cc[n+](C)c1|N#C[C-](C#N)C#N,-3.1700856685638428,-3.1882591247558594,0,120
CCCCCCn1cc[n+](C)c1|N#C[C-](C#N)C#N,-3.6888794898986816,-3.1882591247558594,0,120
CCCCCCn1cc[n+](C)c1|N#C[C-](C#N)C#N,-4.199705123901367,-3.1882591247558594,0,120
CCCCCCn1cc[n+](C)c1|N#C[C-](C#N)C#N,-4.74443244934082,-3.1882591247558594,0,120
CCCCCCn1cc[n+](C)c1|N#C[C-](C#N)C#N,-5.2983174324035645,-3.1882591247558594,0,120
CCCCCCn1cc[n+](C)c1|N#C[C-](C#N)C#N,-5.843044757843018,-3.1882591247558594,0,120
CCCCCCn1cc[n+](C)c1|N#C[C-](C#N)C#N,-6.377127170562744,-3.1882591247558594,0,120
CCCCCCn1cc[n+](C)c1|N#C[C-](C#N)C#N,-7.002066135406494,-3.1882591247558594,0,120
CCCCCCn1cc[n+](C)c1|N#C[C-](C#N)C#N,-7.600902557373047,-3.1882591247558594,0,120
CCCCCCn1cc[n+](C)c1|N#C[C-](C#N)C#N,-8.21708869934082,-3.1882591247558594,0,120
CCCCCCn1cc[n+](C)c1|N#C[C-](C#N)C#N,-8.873867988586426,-3.1882591247558594,0,120
CCCCCCn1cc[n+](C)c1|N#C[C-](C#N)C#N,-9.484777450561523,-3.1882591247558594,0,120
CCCCCCn1cc[n+](C)c1|N#C[C-](C#N)C#N,-10.177924156188965,-3.1882591247558594,0,120
CCCCCCn1cc[n+](C)c1|N#C[C-](C#N)C#N,-1.3862943649291992,-1.160576581954956,0,120
CCCCCCn1cc[n+](C)c1|N#C[C-](C#N)C#N,-1.7719568014144897,-1.160576581954956,0,120
CCCCCCn1cc[n+](C)c1|N#C[C-](C#N)C#N,-2.3025851249694824,-1.160576581954956,0,120
CCCCCCn1cc[n+](C)c1|N#C[C-](C#N)C#N,-2.733367919921875,-1.160576581954956,0,120
CCCCCCn1cc[n+](C)c1|N#C[C-](C#N)C#N,-3.2701690196990967,-1.160576581954956,0,120
CCCCCCn1cc[n+](C)c1|N#C[C-](C#N)C#N,-3.772261142730713,-1.160576581954956,0,120
CCCCCCn1cc[n+](C)c1|N#C[C-](C#N)C#N,-4.342805862426758,-1.160576581954956,0,120
CCCCCCn1cc[n+](C)c1|N#C[C-](C#N)C#N,-4.853631496429443,-1.160576581954956,0,120
CCCCCCn1cc[n+](C)c1|N#C[C-](C#N)C#N,-5.403677940368652,-1.160576581954956,0,120
CCCCCCn1cc[n+](C)c1|N#C[C-](C#N)C#N,-5.952243804931641,-1.160576581954956,0,120
CCCCCCn1cc[n+](C)c1|N#C[C-](C#N)C#N,-6.571282863616943,-1.160576581954956,0,120
CCCCCCn1cc[n+](C)c1|N#C[C-](C#N)C#N,-7.143477439880371,-1.160576581954956,0,120
CCCCCCn1cc[n+](C)c1|N#C[C-](C#N)C#N,-7.751725196838379,-1.160576581954956,0,120
CCCCCCn1cc[n+](C)c1|N#C[C-](C#N)C#N,-0.21072103083133698,-0.0339207649230957,0,120
CCCCCCn1cc[n+](C)c1|N#C[C-](C#N)C#N,-0.5108256340026855,-0.0339207649230957,0,120
CCCCCCn1cc[n+](C)c1|N#C[C-](C#N)C#N,-0.8209805488586426,-0.0339207649230957,0,120
CCCCCCn1cc[n+](C)c1|N#C[C-](C#N)C#N,-1.1711829900741577,-0.0339207649230957,0,120
CCCCCCn1cc[n+](C)c1|N#C[C-](C#N)C#N,-1.56064772605896,-0.0339207649230957,0,120
CCCCCCn1cc[n+](C)c1|N#C[C-](C#N)C#N,-1.9661128520965576,-0.0339207649230957,0,120
CCCCCCn1cc[n+](C)c1|N#C[C-](C#N)C#N,-2.3227877616882324,-0.0339207649230957,0,120
CCCCCCn1cc[n+](C)c1|N#C[C-](C#N)C#N,-2.7181005477905273,-0.0339207649230957,0,120
CCCCCCn1cc[n+](C)c1|N#C[C-](C#N)C#N,-3.146555185317993,-0.0339207649230957,0,120
CCCCCCn1cc[n+](C)c1|N#C[C-](C#N)C#N,-3.5755507946014404,-0.0339207649230957,0,120
CCCCCCn1cc[n+](C)c1|N#C[C-](C#N)C#N,0.40546509623527527,0.5772470235824585,0,120
CCCCCCn1cc[n+](C)c1|N#C[C-](C#N)C#N,0.09531018137931824,0.5772470235824585,0,120
CCCCCCn1cc[n+](C)c1|N#C[C-](C#N)C#N,-0.13926206529140472,0.5772470235824585,0,120
CCCCCCn1cc[n+](C)c1|N#C[C-](C#N)C#N,-0.3856624662876129,0.5772470235824585,0,120
CCCCCCn1cc[n+](C)c1|N#C[C-](C#N)C#N,-0.6931471824645996,0.5772470235824585,0,120
CCCCCCn1cc[n+](C)c1|N#C[C-](C#N)C#N,-1.021651268005371,0.5772470235824585,0,120
CCCCCCn1cc[n+](C)c1|N#C[C-](C#N)C#N,-1.3470736742019653,0.5772470235824585,0,120
CCCCCCn1cc[n+](C)c1|N#C[C-](C#N)C#N,-1.7147984504699707,0.5772470235824585,0,120
CCCCCCn1cc[n+](C)c1|N#C[C-](C#N)C#N,-2.1202635765075684,0.5772470235824585,0,120
CCCC[n+]1ccn(C)c1|O=S(=O)([N-]S(=O)(=O)C(F)(F)F)C(F)(F)F,-0.9120497107505798,-1.0933789014816284,0,337
CCCC[n+]1ccn(C)c1|O=S(=O)([N-]S(=O)(=O)C(F)(F)F)C(F)(F)F,-0.8734707236289978,-1.0475945472717285,0,337
CCCC[n+]1ccn(C)c1|O=S(=O)([N-]S(=O)(=O)C(F)(F)F)C(F)(F)F,-0.8333292007446289,-1.0005476474761963,0,337
CCCC[n+]1ccn(C)c1|O=S(=O)([N-]S(=O)(=O)C(F)(F)F)C(F)(F)F,-0.7929674983024597,-0.9538975358009338,0,337
CCCC[n+]1ccn(C)c1|O=S(=O)([N-]S(=O)(=O)C(F)(F)F)C(F)(F)F,-0.7558740377426147,-0.9072473049163818,0,337
CCCC[n+]1ccn(C)c1|O=S(=O)([N-]S(=O)(=O)C(F)(F)F)C(F)(F)F,-0.718259871006012,-0.8607776165008545,0,337
CCCC[n+]1ccn(C)c1|O=S(=O)([N-]S(=O)(=O)C(F)(F)F)C(F)(F)F,-0.6816139221191406,-0.816521167755127,0,337
CCCC[n+]1ccn(C)c1|O=S(=O)([N-]S(=O)(=O)C(F)(F)F)C(F)(F)F,-0.6455005407333374,-0.7724350094795227,0,337
CCCC[n+]1ccn(C)c1|O=S(=O)([N-]S(=O)(=O)C(F)(F)F)C(F)(F)F,-0.6104618310928345,-0.7284550070762634,0,337
CCCC[n+]1ccn(C)c1|O=S(=O)([N-]S(=O)(=O)C(F)(F)F)C(F)(F)F,-0.5762534141540527,-0.6868947744369507,0,337
CCCC[n+]1ccn(C)c1|O=S(=O)([N-]S(=O)(=O)C(F)(F)F)C(F)(F)F,-0.5426603555679321,-0.6480737924575806,0,337
CCCC[n+]1ccn(C)c1|O=S(=O)([N-]S(=O)(=O)C(F)(F)F)C(F)(F)F,-0.5083287358283997,-0.6102334260940552,0,337
CCCC[n+]1ccn(C)c1|O=S(=O)([N-]S(=O)(=O)C(F)(F)F)C(F)(F)F,-0.47497597336769104,-0.5723930597305298,0,337
CCCC[n+]1ccn(C)c1|O=S(=O)([N-]S(=O)(=O)C(F)(F)F)C(F)(F)F,-0.44176608324050903,-0.5352509021759033,0,337
CCCC[n+]1ccn(C)c1|O=S(=O)([N-]S(=O)(=O)C(F)(F)F)C(F)(F)F,-0.40992504358291626,-0.5000962018966675,0,337
CCCC[n+]1ccn(C)c1|O=S(=O)([N-]S(=O)(=O)C(F)(F)F)C(F)(F)F,-0.3799435794353485,-0.4666541814804077,0,337
CCCC[n+]1ccn(C)c1|O=S(=O)([N-]S(=O)(=O)C(F)(F)F)C(F)(F)F,-0.34870678186416626,-0.43547654151916504,0,337
CCCC[n+]1ccn(C)c1|O=S(=O)([N-]S(=O)(=O)C(F)(F)F)C(F)(F)F,-0.31608155369758606,-0.4045068025588989,0,337
CCCC[n+]1ccn(C)c1|O=S(=O)([N-]S(=O)(=O)C(F)(F)F)C(F)(F)F,-0.28568407893180847,-0.3750135898590088,0,337
CCCC[n+]1ccn(C)c1|O=S(=O)([N-]S(=O)(=O)C(F)(F)F)C(F)(F)F,-0.25786441564559937,-0.3457263708114624,0,337
CCCC[n+]1ccn(C)c1|O=S(=O)([N-]S(=O)(=O)C(F)(F)F)C(F)(F)F,-0.22878442704677582,-0.3164396286010742,0,337
CCCC[n+]1ccn(C)c1|O=S(=O)([N-]S(=O)(=O)C(F)(F)F)C(F)(F)F,-0.19893886148929596,-0.28715240955352783,0,337
CCCC[n+]1ccn(C)c1|O=S(=O)([N-]S(=O)(=O)C(F)(F)F)C(F)(F)F,-0.1719752699136734,-0.25786542892456055,0,337
CCCC[n+]1ccn(C)c1|O=S(=O)([N-]S(=O)(=O)C(F)(F)F)C(F)(F)F,-0.14398585259914398,-0.2285783290863037,0,337
CCCC[n+]1ccn(C)c1|O=S(=O)([N-]S(=O)(=O)C(F)(F)F)C(F)(F)F,-0.11541084945201874,-0.1994340419769287,0,337
CCCC[n+]1ccn(C)c1|O=S(=O)([N-]S(=O)(=O)C(F)(F)F)C(F)(F)F,-0.0822952464222908,-0.17406392097473145,0,337
CCCC[n+]1ccn(C)c1|O=S(=O)([N-]S(=O)(=O)C(F)(F)F)C(F)(F)F,-0.05234647914767265,-0.15082740783691406,0,337
CCCC[n+]1ccn(C)c1|O=S(=O)([N-]S(=O)(=O)C(F)(F)F)C(F)(F)F,-0.01714615896344185,-0.12846648693084717,0,337
CCCC[n+]1ccn(C)c1|O=S(=O)([N-]S(=O)(=O)C(F)(F)F)C(F)(F)F,0.007968169637024403,-0.10715687274932861,0,337
CCCC[n+]1ccn(C)c1|O=S(=O)([N-]S(=O)(=O)C(F)(F)F)C(F)(F)F,0.03922071307897568,-0.08622908592224121,0,337
CCCC[n+]1ccn(C)c1|O=S(=O)([N-]S(=O)(=O)C(F)(F)F)C(F)(F)F,0.07232066243886948,-0.06699275970458984,0,337
CCCC[n+]1ccn(C)c1|O=S(=O)([N-]S(=O)(=O)C(F)(F)F)C(F)(F)F,0.09984533488750458,-0.04844772815704346,0,337
CCCC[n+]1ccn(C)c1|O=S(=O)([N-]S(=O)(=O)C(F)(F)F)C(F)(F)F,0.12663264572620392,-0.030634403228759766,0,337
CCCC[n+]1ccn(C)c1|O=S(=O)([N-]S(=O)(=O)C(F)(F)F)C(F)(F)F,0.1595645695924759,-0.013610482215881348,0,337
CCCC[n+]1ccn(C)c1|O=S(=O)([N-]S(=O)(=O)C(F)(F)F)C(F)(F)F,0.19062036275863647,0.003414154052734375,0,337
CCCC[n+]1ccn(C)c1|O=S(=O)([N-]S(=O)(=O)C(F)(F)F)C(F)(F)F,0.2167229801416397,0.020438432693481445,0,337
CCCC[n+]1ccn(C)c1|O=S(=O)([N-]S(=O)(=O)C(F)(F)F)C(F)(F)F,0.24294617772102356,0.037462711334228516,0,337
CCCC[n+]1ccn(C)c1|O=S(=O)([N-]S(=O)(=O)C(F)(F)F)C(F)(F)F,0.27002713084220886,0.05382049083709717,0,337
CCCC[n+]1ccn(C)c1|O=S(=O)([N-]S(=O)(=O)C(F)(F)F)C(F)(F)F,0.2956502437591553,0.07014274597167969,0,337
CCCC[n+]1ccn(C)c1|O=S(=O)([N-]S(=O)(=O)C(F)(F)F)C(F)(F)F,0.3213585913181305,0.08676207065582275,0,337
CCCC[n+]1ccn(C)c1|O=S(=O)([N-]S(=O)(=O)C(F)(F)F)C(F)(F)F,0.34571510553359985,0.10338151454925537,0,337
CCCC[n+]1ccn(C)c1|O=S(=O)([N-]S(=O)(=O)C(F)(F)F)C(F)(F)F,0.3701832890510559,0.12000107765197754,0,337
CCCC[n+]1ccn(C)c1|O=S(=O)([N-]S(=O)(=O)C(F)(F)F)C(F)(F)F,0.39474114775657654,0.13573265075683594,0,337
CCCC[n+]1ccn(C)c1|O=S(=O)([N-]S(=O)(=O)C(F)(F)F)C(F)(F)F,0.418710321187973,0.1510159969329834,0,337
CCCC[n+]1ccn(C)c1|O=S(=O)([N-]S(=O)(=O)C(F)(F)F)C(F)(F)F,0.4414755403995514,0.16629910469055176,0,337
CCCC[n+]1ccn(C)c1|O=S(=O)([N-]S(=O)(=O)C(F)(F)F)C(F)(F)F,0.46499109268188477,0.18158257007598877,0,337
CCCC[n+]1ccn(C)c1|O=S(=O)([N-]S(=O)(=O)C(F)(F)F)C(F)(F)F,0.48858001828193665,0.19686591625213623,0,337
CCCC[n+]1ccn(C)c1|O=S(=O)([N-]S(=O)(=O)C(F)(F)F)C(F)(F)F,0.511025607585907,0.2121492624282837,0,337
CCCC[n+]1ccn(C)c1|O=S(=O)([N-]S(=O)(=O)C(F)(F)F)C(F)(F)F,0.533565104007721,0.22735881805419922,0,337
CCCC[n+]1ccn(C)c1|O=S(=O)([N-]S(=O)(=O)C(F)(F)F)C(F)(F)F,0.5561813116073608,0.2421431541442871,0,337
CCCC[n+]1ccn(C)c1|O=S(=O)([N-]S(=O)(=O)C(F)(F)F)C(F)(F)F,0.5788580179214478,0.25692784786224365,0,337
CCCC[n+]1ccn(C)c1|O=S(=O)([N-]S(=O)(=O)C(F)(F)F)C(F)(F)F,0.5982869267463684,0.27171218395233154,0,337
CCCC[n+]1ccn(C)c1|O=S(=O)([N-]S(=O)(=O)C(F)(F)F)C(F)(F)F,0.6205765008926392,0.286496639251709,0,337
CCCC[n+]1ccn(C)c1|O=S(=O)([N-]S(=O)(=O)C(F)(F)F)C(F)(F)F,0.641327440738678,0.3016284704208374,0,337
CCCC[n+]1ccn(C)c1|O=S(=O)([N-]S(=O)(=O)C(F)(F)F)C(F)(F)F,0.6611403822898865,0.31710171699523926,0,337
CCCC[n+]1ccn(C)c1|O=S(=O)([N-]S(=O)(=O)C(F)(F)F)C(F)(F)F,0.6815805435180664,0.33184731006622314,0,337
CCCC[n+]1ccn(C)c1|N#C[C-](C#N)C#N,-10.925138473510742,-9.523751258850098,0,86
CCCC[n+]1ccn(C)c1|N#C[C-](C#N)C#N,-11.736068725585938,-9.523751258850098,0,86
CCCC[n+]1ccn(C)c1|N#C[C-](C#N)C#N,-12.716897964477539,-9.523751258850098,0,86
CCCC[n+]1ccn(C)c1|N#C[C-](C#N)C#N,-13.815510749816895,-9.523751258850098,0,86
CCCC[n+]1ccn(C)c1|N#C[C-](C#N)C#N,-10.177924156188965,-8.526937484741211,0,86
CCCC[n+]1ccn(C)c1|N#C[C-](C#N)C#N,-10.98229694366455,-8.526937484741211,0,86
CCCC[n+]1ccn(C)c1|N#C[C-](C#N)C#N,-11.6182861328125,-8.526937484741211,0,86
CCCC[n+]1ccn(C)c1|N#C[C-](C#N)C#N,-12.429216384887695,-8.526937484741211,0,86
CCCC[n+]1ccn(C)c1|N#C[C-](C#N)C#N,-13.122363090515137,-8.526937484741211,0,86
CCCC[n+]1ccn(C)c1|N#C[C-](C#N)C#N,-13.815510749816895,-8.526937484741211,0,86
CCCC[n+]1ccn(C)c1|N#C[C-](C#N)C#N,-7.875339508056641,-7.329955577850342,0,86
CCCC[n+]1ccn(C)c1|N#C[C-](C#N)C#N,-8.622553825378418,-7.329955577850342,0,86
CCCC[n+]1ccn(C)c1|N#C[C-](C#N)C#N,-9.421061515808105,-7.329955577850342,0,86
CCCC[n+]1ccn(C)c1|N#C[C-](C#N)C#N,-10.349774360656738,-7.329955577850342,0,86
CCCC[n+]1ccn(C)c1|N#C[C-](C#N)C#N,-11.33060359954834,-7.329955577850342,0,86
CCCC[n+]1ccn(C)c1|N#C[C-](C#N)C#N,-12.429216384887695,-7.329955577850342,0,86
CCCC[n+]1ccn(C)c1|N#C[C-](C#N)C#N,-13.815510749816895,-7.329955577850342,0,86
CCCC[n+]1ccn(C)c1|N#C[C-](C#N)C#N,-3.411247730255127,-4.8299560546875,0,86
CCCC[n+]1ccn(C)c1|N#C[C-](C#N)C#N,-4.422848701477051,-4.8299560546875,0,86
CCCC[n+]1ccn(C)c1|N#C[C-](C#N)C#N,-5.02068567276001,-4.8299560546875,0,86
CCCC[n+]1ccn(C)c1|N#C[C-](C#N)C#N,-5.599422454833984,-4.8299560546875,0,86
CCCC[n+]1ccn(C)c1|N#C[C-](C#N)C#N,-6.165817737579346,-4.8299560546875,0,86
CCCC[n+]1ccn(C)c1|N#C[C-](C#N)C#N,-6.812445163726807,-4.8299560546875,0,86
CCCC[n+]1ccn(C)c1|N#C[C-](C#N)C#N,-7.452482223510742,-4.8299560546875,0,86
CCCC[n+]1ccn(C)c1|N#C[C-](C#N)C#N,-8.254828453063965,-4.8299560546875,0,86
CCCC[n+]1ccn(C)c1|N#C[C-](C#N)C#N,-8.947976112365723,-4.8299560546875,0,86
CCCC[n+]1ccn(C)c1|N#C[C-](C#N)C#N,-9.641122817993164,-4.8299560546875,0,86
CCCC[n+]1ccn(C)c1|N#C[C-](C#N)C#N,-10.381523132324219,-4.8299560546875,0,86
CCCC[n+]1ccn(C)c1|N#C[C-](C#N)C#N,-11.176453590393066,-4.8299560546875,0,86
CCCC[n+]1ccn(C)c1|N#C[C-](C#N)C#N,-12.023751258850098,-4.8299560546875,0,86
CCCC[n+]1ccn(C)c1|N#C[C-](C#N)C#N,-12.716897964477539,-4.8299560546875,0,86
CCCC[n+]1ccn(C)c1|N#C[C-](C#N)C#N,-13.815510749816895,-4.8299560546875,0,86
CCCC[n+]1ccn(C)c1|N#C[C-](C#N)C#N,-1.6094379425048828,-2.378596782684326,0,86
CCCC[n+]1ccn(C)c1|N#C[C-](C#N)C#N,-2.0402207374572754,-2.378596782684326,0,86
CCCC[n+]1ccn(C)c1|N#C[C-](C#N)C#N,-2.488914728164673,-2.378596782684326,0,86
CCCC[n+]1ccn(C)c1|N#C[C-](C#N)C#N,-2.9759297370910645,-2.378596782684326,0,86
CCCC[n+]1ccn(C)c1|N#C[C-](C#N)C#N,-3.4737679958343506,-2.378596782684326,0,86
CCCC[n+]1ccn(C)c1|N#C[C-](C#N)C#N,-4.017383575439453,-2.378596782684326,0,86
CCCC[n+]1ccn(C)c1|N#C[C-](C#N)C#N,-4.605170249938965,-2.378596782684326,0,86
CCCC[n+]1ccn(C)c1|N#C[C-](C#N)C#N,-5.203007221221924,-2.378596782684326,0,86
CCCC[n+]1ccn(C)c1|N#C[C-](C#N)C#N,-5.843044757843018,-2.378596782684326,0,86
CCCC[n+]1ccn(C)c1|N#C[C-](C#N)C#N,-6.571282863616943,-2.378596782684326,0,86
CCCC[n+]1ccn(C)c1|N#C[C-](C#N)C#N,-7.236259460449219,-2.378596782684326,0,86
CCCC[n+]1ccn(C)c1|N#C[C-](C#N)C#N,-7.986565113067627,-2.378596782684326,0,86
CCCC[n+]1ccn(C)c1|O=S(=O)([N-]S(=O)(=O)C(F)(F)F)C(F)(F)F,-2.137070655822754,-2.6360487937927246,0,337
CCCC[n+]1ccn(C)c1|O=S(=O)([N-]S(=O)(=O)C(F)(F)F)C(F)(F)F,-2.128631830215454,-2.6360487937927246,0,337
CCCC[n+]1ccn(C)c1|O=S(=O)([N-]S(=O)(=O)C(F)(F)F)C(F)(F)F,-2.1202635765075684,-2.6178078651428223,0,337
CCCC[n+]1ccn(C)c1|O=S(=O)([N-]S(=O)(=O)C(F)(F)F)C(F)(F)F,-1.8451602458953857,-2.23944091796875,0,337
CCCC[n+]1ccn(C)c1|O=S(=O)([N-]S(=O)(=O)C(F)(F)F)C(F)(F)F,-1.8388510942459106,-2.23944091796875,0,337
CCCC[n+]1ccn(C)c1|O=S(=O)([N-]S(=O)(=O)C(F)(F)F)C(F)(F)F,-1.8451602458953857,-2.238680362701416,0,337
CCCC[n+]1ccn(C)c1|O=S(=O)([N-]S(=O)(=O)C(F)(F)F)C(F)(F)F,-1.5896352529525757,-1.8826234340667725,0,337
CCCC[n+]1ccn(C)c1|O=S(=O)([N-]S(=O)(=O)C(F)(F)F)C(F)(F)F,-1.5847452878952026,-1.8826234340667725,0,337
CCCC[n+]1ccn(C)c1|O=S(=O)([N-]S(=O)(=O)C(F)(F)F)C(F)(F)F,-1.5750365257263184,-1.8826234340667725,0,337
CCCC[n+]1ccn(C)c1|O=S(=O)([N-]S(=O)(=O)C(F)(F)F)C(F)(F)F,-1.3470736742019653,-1.5895806550979614,0,337
CCCC[n+]1ccn(C)c1|O=S(=O)([N-]S(=O)(=O)C(F)(F)F)C(F)(F)F,-1.3318061828613281,-1.5895806550979614,0,337
CCCC[n+]1ccn(C)c1|O=S(=O)([N-]S(=O)(=O)C(F)(F)F)C(F)(F)F,-1.3509272336959839,-1.5890116691589355,0,337
CCCC[n+]1ccn(C)c1|O=S(=O)([N-]S(=O)(=O)C(F)(F)F)C(F)(F)F,-1.1301029920578003,-1.3320037126541138,0,337
CCCC[n+]1ccn(C)c1|O=S(=O)([N-]S(=O)(=O)C(F)(F)F)C(F)(F)F,-1.1116975545883179,-1.3320037126541138,0,337
CCCC[n+]1ccn(C)c1|O=S(=O)([N-]S(=O)(=O)C(F)(F)F)C(F)(F)F,-0.9314043521881104,-1.0933789014816284,0,337
CCCC[n+]1ccn(C)c1|O=S(=O)([N-]S(=O)(=O)C(F)(F)F)C(F)(F)F,-0.9288694858551025,-1.0933789014816284,0,337
CCCC[n+]1ccn(C)c1|O=S(=O)([N-]S(=O)(=O)C(F)(F)F)C(F)(F)F,-0.9063404202461243,-1.0933789014816284,0,337
CCCC[n+]1ccn(C)c1|O=S(=O)([N-]S(=O)(=O)C(F)(F)F)C(F)(F)F,-0.7486599087715149,-0.8607776165008545,0,337
CCCC[n+]1ccn(C)c1|O=S(=O)([N-]S(=O)(=O)C(F)(F)F)C(F)(F)F,-0.744440495967865,-0.8607776165008545,0,337
CCCC[n+]1ccn(C)c1|O=S(=O)([N-]S(=O)(=O)C(F)(F)F)C(F)(F)F,-0.7174398899078369,-0.8607776165008545,0,337
CCCC[n+]1ccn(C)c1|O=S(=O)([N-]S(=O)(=O)C(F)(F)F)C(F)(F)F,-0.583396315574646,-0.6480737924575806,0,337
CCCC[n+]1ccn(C)c1|O=S(=O)([N-]S(=O)(=O)C(F)(F)F)C(F)(F)F,-0.5727010369300842,-0.6480737924575806,0,337
CCCC[n+]1ccn(C)c1|O=S(=O)([N-]S(=O)(=O)C(F)(F)F)C(F)(F)F,-0.5430045127868652,-0.6480737924575806,0,337
CCCC[n+]1ccn(C)c1|O=S(=O)([N-]S(=O)(=O)C(F)(F)F)C(F)(F)F,-0.4200712740421295,-0.4666541814804077,0,337
CCCC[n+]1ccn(C)c1|O=S(=O)([N-]S(=O)(=O)C(F)(F)F)C(F)(F)F,-0.4155154526233673,-0.4666541814804077,0,337
CCCC[n+]1ccn(C)c1|O=S(=O)([N-]S(=O)(=O)C(F)(F)F)C(F)(F)F,-0.3812604248523712,-0.4666541814804077,0,337
CCCC[n+]1ccn(C)c1|O=S(=O)([N-]S(=O)(=O)C(F)(F)F)C(F)(F)F,-0.2757534980773926,-0.3164396286010742,0,337
CCCC[n+]1ccn(C)c1|O=S(=O)([N-]S(=O)(=O)C(F)(F)F)C(F)(F)F,-0.26918748021125793,-0.3164396286010742,0,337
CCCC[n+]1ccn(C)c1|O=S(=O)([N-]S(=O)(=O)C(F)(F)F)C(F)(F)F,-0.23193205893039703,-0.3164396286010742,0,337
CCCC[n+]1ccn(C)c1|O=S(=O)([N-]S(=O)(=O)C(F)(F)F)C(F)(F)F,-0.133531391620636,-0.17507457733154297,0,337
CCCC[n+]1ccn(C)c1|O=S(=O)([N-]S(=O)(=O)C(F)(F)F)C(F)(F)F,-0.1415635645389557,-0.17406392097473145,0,337
CCCC[n+]1ccn(C)c1|O=S(=O)([N-]S(=O)(=O)C(F)(F)F)C(F)(F)F,-0.08664780855178833,-0.17406392097473145,0,337
CCCC[n+]1ccn(C)c1|O=S(=O)([N-]S(=O)(=O)C(F)(F)F)C(F)(F)F,-0.008032171986997128,-0.06829094886779785,0,337
CCCC[n+]1ccn(C)c1|O=S(=O)([N-]S(=O)(=O)C(F)(F)F)C(F)(F)F,-0.035627178847789764,-0.06680715084075928,0,337
CCCC[n+]1ccn(C)c1|O=S(=O)([N-]S(=O)(=O)C(F)(F)F)C(F)(F)F,0.046883586794137955,-0.06680715084075928,0,337
CCCC[n+]1ccn(C)c1|O=S(=O)([N-]S(=O)(=O)C(F)(F)F)C(F)(F)F,0.09984533488750458,0.020438432693481445,0,337
CCCC[n+]1ccn(C)c1|O=S(=O)([N-]S(=O)(=O)C(F)(F)F)C(F)(F)F,0.11243543028831482,0.020438432693481445,0,337
CCCC[n+]1ccn(C)c1|O=S(=O)([N-]S(=O)(=O)C(F)(F)F)C(F)(F)F,0.17058630287647247,0.020438432693481445,0,337
CCCC[n+]1ccn(C)c1|O=S(=O)([N-]S(=O)(=O)C(F)(F)F)C(F)(F)F,0.22234323620796204,0.1030493974685669,0,337
CCCC[n+]1ccn(C)c1|O=S(=O)([N-]S(=O)(=O)C(F)(F)F)C(F)(F)F,0.19309662282466888,0.10338151454925537,0,337
CCCC[n+]1ccn(C)c1|O=S(=O)([N-]S(=O)(=O)C(F)(F)F)C(F)(F)F,0.28668156266212463,0.10338151454925537,0,337
CCCC[n+]1ccn(C)c1|O=S(=O)([N-]S(=O)(=O)C(F)(F)F)C(F)(F)F,0.32353171706199646,0.18097126483917236,0,337
CCCC[n+]1ccn(C)c1|O=S(=O)([N-]S(=O)(=O)C(F)(F)F)C(F)(F)F,0.30453920364379883,0.18158257007598877,0,337
CCCC[n+]1ccn(C)c1|O=S(=O)([N-]S(=O)(=O)C(F)(F)F)C(F)(F)F,0.3893357217311859,0.18158257007598877,0,337
CCCC[n+]1ccn(C)c1|O=S(=O)([N-]S(=O)(=O)C(F)(F)F)C(F)(F)F,0.3994470238685608,0.25692784786224365,0,337
CCCC[n+]1ccn(C)c1|O=S(=O)([N-]S(=O)(=O)C(F)(F)F)C(F)(F)F,0.49774038791656494,0.25692784786224365,0,337
CCCC[n+]1ccn(C)c1|O=S(=O)([N-]S(=O)(=O)C(F)(F)F)C(F)(F)F,0.4213384687900543,0.2575192451477051,0,337
CCCC[n+]1ccn(C)c1|O=S(=O)([N-]S(=O)(=O)C(F)(F)F)C(F)(F)F,0.48858001828193665,0.33184731006622314,0,337
CCCC[n+]1ccn(C)c1|O=S(=O)([N-]S(=O)(=O)C(F)(F)F)C(F)(F)F,0.585561990737915,0.33184731006622314,0,337
CCCC[n+]1ccn(C)c1|O=S(=O)([N-]S(=O)(=O)C(F)(F)F)C(F)(F)F,0.5086231827735901,0.33214056491851807,0,337
CCCCCCn1cc[n+](C)c1|N#C[C-](C#N)C#N,-13.815510749816895,-10.069160461425781,0,120
CCCCCCn1cc[n+](C)c1|N#C[C-](C#N)C#N,-12.716897964477539,-9.9125394821167,0,120
CCCCCCn1cc[n+](C)c1|N#C[C-](C#N)C#N,-11.512925148010254,-9.593432426452637,0,120
CCCCCCn1cc[n+](C)c1|N#C[C-](C#N)C#N,-10.925138473510742,-9.429198265075684,0,120
CCCCCCn1cc[n+](C)c1|N#C[C-](C#N)C#N,-10.414313316345215,-9.262810707092285,0,120
CCCCCCn1cc[n+](C)c1|N#C[C-](C#N)C#N,-9.883685111999512,-9.091556549072266,0,120
CCCCCCn1cc[n+](C)c1|N#C[C-](C#N)C#N,-8.21708869934082,-8.442028999328613,0,120
CCCCCCn1cc[n+](C)c1|N#C[C-](C#N)C#N,-7.323270797729492,-7.937089443206787,0,120
CCCCCCn1cc[n+](C)c1|N#C[C-](C#N)C#N,-6.437751770019531,-7.39024019241333,0,120
CCCCCCn1cc[n+](C)c1|N#C[C-](C#N)C#N,-5.744604587554932,-6.826338291168213,0,120
CCCCCCn1cc[n+](C)c1|N#C[C-](C#N)C#N,-5.067205429077148,-6.235807418823242,0,120
CCCCCCn1cc[n+](C)c1|N#C[C-](C#N)C#N,-3.9633162021636963,-5.016810417175293,0,120
CCCCCCn1cc[n+](C)c1|N#C[C-](C#N)C#N,-3.5065579414367676,-4.403121471405029,0,120
CCCCCCn1cc[n+](C)c1|N#C[C-](C#N)C#N,-3.057607650756836,-3.7956900596618652,0,120
CCCCCCn1cc[n+](C)c1|N#C[C-](C#N)C#N,-2.6736488342285156,-3.1882591247558594,0,120
CCCCCCn1cc[n+](C)c1|N#C[C-](C#N)C#N,-2.3025851249694824,-2.5977375507354736,0,120
CCCCCCn1cc[n+](C)c1|N#C[C-](C#N)C#N,-1.9661128520965576,-2.029589891433716,0,120
CCCCCCn1cc[n+](C)c1|N#C[C-](C#N)C#N,-1.6607311964035034,-1.571580410003662,0,120
CCCCCCn1cc[n+](C)c1|N#C[C-](C#N)C#N,-1.3470736742019653,-1.160576581954956,0,120
CCCCCCn1cc[n+](C)c1|N#C[C-](C#N)C#N,-1.0498220920562744,-0.8000273704528809,0,120
CCCCCCn1cc[n+](C)c1|N#C[C-](C#N)C#N,-0.7765287756919861,-0.5119057893753052,0,120
CCCCCCn1cc[n+](C)c1|N#C[C-](C#N)C#N,-0.5108256340026855,-0.2546294927597046,0,120
CCCCCCn1cc[n+](C)c1|N#C[C-](C#N)C#N,-0.3011050820350647,-0.0339207649230957,0,120
CCCCCCn1cc[n+](C)c1|N#C[C-](C#N)C#N,-0.11653381586074829,0.13735651969909668,0,120
CCCCCCn1cc[n+](C)c1|N#C[C-](C#N)C#N,0.09531018137931824,0.292519211769104,0,120
CCCCCCn1cc[n+](C)c1|N#C[C-](C#N)C#N,0.2623642683029175,0.44250214099884033,0,120
CCCCCC[N+]1(C)CCCC1|O=S(=O)([N-]S(=O)(=O)C(F)(F)F)C(F)(F)F,-1.8325815200805664,-2.2927637100219727,0,49
CCCCCC[N+]1(C)CCCC1|O=S(=O)([N-]S(=O)(=O)C(F)(F)F)C(F)(F)F,-1.6607311964035034,-1.9787237644195557,0,49
CCCCCC[N+]1(C)CCCC1|O=S(=O)([N-]S(=O)(=O)C(F)(F)F)C(F)(F)F,-1.3862943649291992,-1.4277870655059814,0,49
CCCCCC[N+]1(C)CCCC1|O=S(=O)([N-]S(=O)(=O)C(F)(F)F)C(F)(F)F,-1.1711829900741577,-1.210246205329895,0,49
CCCCCC[N+]1(C)CCCC1|O=S(=O)([N-]S(=O)(=O)C(F)(F)F)C(F)(F)F,-0.9416085481643677,-1.0030536651611328,0,49
CCCCCC[N+]1(C)CCCC1|O=S(=O)([N-]S(=O)(=O)C(F)(F)F)C(F)(F)F,-0.7985076904296875,-0.8428767919540405,0,49
CCCCCC[N+]1(C)CCCC1|O=S(=O)([N-]S(=O)(=O)C(F)(F)F)C(F)(F)F,-0.6348782777786255,-0.6852641105651855,0,49
CCCCCC[N+]1(C)CCCC1|O=S(=O)([N-]S(=O)(=O)C(F)(F)F)C(F)(F)F,-0.4942963123321533,-0.5705845355987549,0,49
CCCCCC[N+]1(C)CCCC1|O=S(=O)([N-]S(=O)(=O)C(F)(F)F)C(F)(F)F,-0.3856624662876129,-0.4730391502380371,0,49
CCCCCC[N+]1(C)CCCC1|O=S(=O)([N-]S(=O)(=O)C(F)(F)F)C(F)(F)F,-0.24846136569976807,-0.3736525774002075,0,49
CCCCCC[N+]1(C)CCCC1|O=S(=O)([N-]S(=O)(=O)C(F)(F)F)C(F)(F)F,-0.12783336639404297,-0.2987558841705322,0,49
CCCCCC[N+]1(C)CCCC1|O=S(=O)([N-]S(=O)(=O)C(F)(F)F)C(F)(F)F,-0.02020270749926567,-0.211578369140625,0,49
CCCCCC[N+]1(C)CCCC1|O=S(=O)([N-]S(=O)(=O)C(F)(F)F)C(F)(F)F,0.09531018137931824,-0.1394721269607544,0,49
CCCCCC[N+]1(C)CCCC1|O=S(=O)([N-]S(=O)(=O)C(F)(F)F)C(F)(F)F,0.08617769926786423,-0.13872313499450684,0,49
CCCCCC[N+]1(C)CCCC1|O=S(=O)([N-]S(=O)(=O)C(F)(F)F)C(F)(F)F,0.17395330965518951,-0.057116150856018066,0,49
CCCCCC[N+]1(C)CCCC1|O=S(=O)([N-]S(=O)(=O)C(F)(F)F)C(F)(F)F,0.2926696240901947,0.014540672302246094,0,49
CCCCCC[N+]1(C)CCCC1|O=S(=O)([N-]S(=O)(=O)C(F)(F)F)C(F)(F)F,0.28517892956733704,0.02136528491973877,0,49
CCCCCC[N+]1(C)CCCC1|O=S(=O)([N-]S(=O)(=O)C(F)(F)F)C(F)(F)F,0.3852623999118805,0.09477317333221436,0,49
CCCCCC[N+]1(C)CCCC1|O=S(=O)([N-]S(=O)(=O)C(F)(F)F)C(F)(F)F,0.4700036346912384,0.1582648754119873,0,49
CCCCCC[N+]1(C)CCCC1|O=S(=O)([N-]S(=O)(=O)C(F)(F)F)C(F)(F)F,0.4637340307235718,0.16168642044067383,0,49
CCCCCC[N+]1(C)CCCC1|O=S(=O)([N-]S(=O)(=O)C(F)(F)F)C(F)(F)F,0.5481213927268982,0.22600805759429932,0,49
CCCCCC[N+]1(C)CCCC1|O=S(=O)([N-]S(=O)(=O)C(F)(F)F)C(F)(F)F,0.6312717795372009,0.2951200008392334,0,49
CCCCCC[N+]1(C)CCCC1|O=S(=O)([N-]S(=O)(=O)C(F)(F)F)C(F)(F)F,0.6259384155273438,0.3012782335281372,0,49
CCCCCC[N+]1(C)CCCC1|O=S(=O)([N-]S(=O)(=O)C(F)(F)F)C(F)(F)F,0.7030975222587585,0.3656003475189209,0,49
CCCCCC[N+]1(C)CCCC1|O=S(=O)([N-]S(=O)(=O)C(F)(F)F)C(F)(F)F,0.7793248891830444,0.43197524547576904,0,49
CCCCCC[N+]1(C)CCCC1|O=S(=O)([N-]S(=O)(=O)C(F)(F)F)C(F)(F)F,0.7747271656990051,0.43676531314849854,0,49
CCCCCC[N+]1(C)CCCC1|O=S(=O)([N-]S(=O)(=O)C(F)(F)F)C(F)(F)F,0.8628899455070496,0.5038241147994995,0,49
CCCCCC[N+]1(C)CCCC1|O=S(=O)([N-]S(=O)(=O)C(F)(F)F)C(F)(F)F,0.9282193183898926,0.5671385526657104,0,49
CCCCCC[N+]1(C)CCCC1|O=S(=O)([N-]S(=O)(=O)C(F)(F)F)C(F)(F)F,0.9360933303833008,0.5704706907272339,0,49
CC[n+]1ccn(C)c1|[Cl-],-5.991464614868164,-3.9079647064208984,0,44
CC[n+]1ccn(C)c1|[Cl-],-3.692887544631958,-3.1245265007019043,0,44
CC[n+]1ccn(C)c1|[Cl-],-2.047942876815796,-2.3667030334472656,0,44
CC[n+]1ccn(C)c1|[Cl-],-1.639897108078003,-1.8606120347976685,0,44
CC[n+]1ccn(C)c1|[Cl-],-1.3625777959823608,-1.5535944700241089,0,44
CC[n+]1ccn(C)c1|[Cl-],-1.0671136379241943,-1.2077664136886597,0,44
CC[n+]1ccn(C)c1|[Cl-],-0.719491183757782,-0.8383976221084595,0,44
CC[n+]1ccn(C)c1|[Cl-],-0.46521511673927307,-0.579041600227356,0,44
CC[n+]1ccn(C)c1|[Cl-],-0.2206466645002365,-0.33063554763793945,0,44
CC[n+]1ccn(C)c1|[Cl-],-0.025317808613181114,-0.1433960199356079,0,44
CC[n+]1ccn(C)c1|[Cl-],0.11332868784666061,-0.0064411163330078125,0,44
CC[n+]1ccn(C)c1|[Cl-],0.28517892956733704,0.13461768627166748,0,44
CC[n+]1ccn(C)c1|[Cl-],0.45107561349868774,0.2566032409667969,0,44
CC[n+]1ccn(C)c1|[Cl-],0.6259384155273438,0.37209975719451904,0,44
CC[n+]1ccn(C)c1|[Cl-],0.7654678225517273,0.4795931577682495,0,44
CC[n+]1ccn(C)c1|[Cl-],0.982078492641449,0.5862737894058228,0,44
CC[n+]1ccn(C)c1|[Cl-],1.0986123085021973,0.6785918474197388,0,44
CC[n+]1ccn(C)c1|[Cl-],1.220829963684082,0.749325156211853,0,44
CC[n+]1ccn(C)c1|[Cl-],1.3270750045776367,0.8125532865524292,0,44
CC[n+]1ccn(C)c1|[Cl-],1.4279160499572754,0.8747915029525757,0,44
CC[n+]1ccn(C)c1|[Cl-],1.5216989517211914,0.9355255365371704,0,44
CC[n+]1ccn(C)c1|[Cl-],1.611435890197754,0.9962266683578491,0,44
CC[n+]1ccn(C)c1|[Cl-],1.6900957822799683,1.056928038597107,0,44
CC[n+]1ccn(C)c1|[Cl-],1.7664417028427124,1.1182054281234741,0,44
CC[n+]1ccn(C)c1|[Cl-],1.834180235862732,1.1810745000839233,0,44
CC[n+]1ccn(C)c1|[Cl-],1.896119475364685,1.244235634803772,0,44
CC[n+]1ccn(C)c1|[Cl-],1.9501867294311523,1.3073962926864624,0,44
CC[n+]1ccn(C)c1|[Cl-],1.9987736940383911,1.3703335523605347,0,44
CC[n+]1ccn(C)c1|[Cl-],2.042518138885498,1.4319506883621216,0,44
CCCC[n+]1ccn(C)c1|O=S(=O)([N-]S(=O)(=O)C(F)(F)F)C(F)(F)F,-1.5896352529525757,-1.8832298517227173,0,337
CCCC[n+]1ccn(C)c1|O=S(=O)([N-]S(=O)(=O)C(F)(F)F)C(F)(F)F,-1.6094379425048828,-1.8832298517227173,0,337
CCCC[n+]1ccn(C)c1|O=S(=O)([N-]S(=O)(=O)C(F)(F)F)C(F)(F)F,-1.6296405792236328,-1.8826234340667725,0,337
CCCC[n+]1ccn(C)c1|O=S(=O)([N-]S(=O)(=O)C(F)(F)F)C(F)(F)F,-1.6928194761276245,-1.8826234340667725,0,337
CCCC[n+]1ccn(C)c1|O=S(=O)([N-]S(=O)(=O)C(F)(F)F)C(F)(F)F,-1.7544636726379395,-1.8826234340667725,0,337
CCCC[n+]1ccn(C)c1|O=S(=O)([N-]S(=O)(=O)C(F)(F)F)C(F)(F)F,-1.8140051364898682,-1.8826234340667725,0,337
CCCC[n+]1ccn(C)c1|O=S(=O)([N-]S(=O)(=O)C(F)(F)F)C(F)(F)F,-1.870802640914917,-1.8826234340667725,0,337
CCCC[n+]1ccn(C)c1|O=S(=O)([N-]S(=O)(=O)C(F)(F)F)C(F)(F)F,-1.9310215711593628,-1.8826234340667725,0,337
CCCC[n+]1ccn(C)c1|O=S(=O)([N-]S(=O)(=O)C(F)(F)F)C(F)(F)F,-2.047942876815796,-1.8826234340667725,0,337
CCCC[n+]1ccn(C)c1|O=S(=O)([N-]S(=O)(=O)C(F)(F)F)C(F)(F)F,-2.16282320022583,-1.8826234340667725,0,337
CCCC[n+]1ccn(C)c1|O=S(=O)([N-]S(=O)(=O)C(F)(F)F)C(F)(F)F,-2.441847085952759,-1.8826234340667725,0,337
CCCC[n+]1ccn(C)c1|O=S(=O)([N-]S(=O)(=O)C(F)(F)F)C(F)(F)F,-2.734907627105713,-1.8826234340667725,0,337
CCCC[n+]1ccn(C)c1|O=S(=O)([N-]S(=O)(=O)C(F)(F)F)C(F)(F)F,-3.288761854171753,-1.8826234340667725,0,337
CCCC[n+]1ccn(C)c1|O=S(=O)([N-]S(=O)(=O)C(F)(F)F)C(F)(F)F,-3.5719857215881348,-1.8826234340667725,0,337
CCCC[n+]1ccn(C)c1|O=S(=O)([N-]S(=O)(=O)C(F)(F)F)C(F)(F)F,-3.8680062294006348,-1.8826234340667725,0,337
CCCC[n+]1ccn(C)c1|O=S(=O)([N-]S(=O)(=O)C(F)(F)F)C(F)(F)F,-3.0179779529571533,-1.8820152282714844,0,337
CCCC[n+]1ccn(C)c1|O=S(=O)([N-]S(=O)(=O)C(F)(F)F)C(F)(F)F,-1.1940224170684814,-1.0942890644073486,0,337
CCCC[n+]1ccn(C)c1|O=S(=O)([N-]S(=O)(=O)C(F)(F)F)C(F)(F)F,-1.4271163940429688,-1.0942890644073486,0,337
CCCC[n+]1ccn(C)c1|O=S(=O)([N-]S(=O)(=O)C(F)(F)F)C(F)(F)F,-0.9088187217712402,-1.0933789014816284,0,337
CCCC[n+]1ccn(C)c1|O=S(=O)([N-]S(=O)(=O)C(F)(F)F)C(F)(F)F,-0.9187938570976257,-1.0933789014816284,0,337
CCCC[n+]1ccn(C)c1|O=S(=O)([N-]S(=O)(=O)C(F)(F)F)C(F)(F)F,-0.9390476942062378,-1.0933789014816284,0,337
CCCC[n+]1ccn(C)c1|O=S(=O)([N-]S(=O)(=O)C(F)(F)F)C(F)(F)F,-0.9545119404792786,-1.0933789014816284,0,337
CCCC[n+]1ccn(C)c1|O=S(=O)([N-]S(=O)(=O)C(F)(F)F)C(F)(F)F,-1.0106014013290405,-1.0933789014816284,0,337
CCCC[n+]1ccn(C)c1|O=S(=O)([N-]S(=O)(=O)C(F)(F)F)C(F)(F)F,-1.0642108917236328,-1.0933789014816284,0,337
CCCC[n+]1ccn(C)c1|O=S(=O)([N-]S(=O)(=O)C(F)(F)F)C(F)(F)F,-1.1147416830062866,-1.0933789014816284,0,337
CCCC[n+]1ccn(C)c1|O=S(=O)([N-]S(=O)(=O)C(F)(F)F)C(F)(F)F,-1.16155207157135,-1.0933789014816284,0,337
CCCC[n+]1ccn(C)c1|O=S(=O)([N-]S(=O)(=O)C(F)(F)F)C(F)(F)F,-1.2039728164672852,-1.0933789014816284,0,337
CCCC[n+]1ccn(C)c1|O=S(=O)([N-]S(=O)(=O)C(F)(F)F)C(F)(F)F,-1.3167682886123657,-1.0933789014816284,0,337
CCCC[n+]1ccn(C)c1|O=S(=O)([N-]S(=O)(=O)C(F)(F)F)C(F)(F)F,-1.4064971208572388,-1.0933789014816284,0,337
CCCC[n+]1ccn(C)c1|O=S(=O)([N-]S(=O)(=O)C(F)(F)F)C(F)(F)F,-1.414693832397461,-1.0933789014816284,0,337
CCCC[n+]1ccn(C)c1|O=S(=O)([N-]S(=O)(=O)C(F)(F)F)C(F)(F)F,-1.6094379425048828,-1.0933789014816284,0,337
CCCC[n+]1ccn(C)c1|O=S(=O)([N-]S(=O)(=O)C(F)(F)F)C(F)(F)F,-1.6347557306289673,-1.0933789014816284,0,337
CCCC[n+]1ccn(C)c1|O=S(=O)([N-]S(=O)(=O)C(F)(F)F)C(F)(F)F,-1.7147984504699707,-1.0933789014816284,0,337
CCCC[n+]1ccn(C)c1|O=S(=O)([N-]S(=O)(=O)C(F)(F)F)C(F)(F)F,-1.8263509273529053,-1.0933789014816284,0,337
CCCC[n+]1ccn(C)c1|O=S(=O)([N-]S(=O)(=O)C(F)(F)F)C(F)(F)F,-1.8773173093795776,-1.0933789014816284,0,337
CCCC[n+]1ccn(C)c1|O=S(=O)([N-]S(=O)(=O)C(F)(F)F)C(F)(F)F,-1.8971199989318848,-1.0933789014816284,0,337
CCCC[n+]1ccn(C)c1|O=S(=O)([N-]S(=O)(=O)C(F)(F)F)C(F)(F)F,-2.128631830215454,-1.0933789014816284,0,337
CCCC[n+]1ccn(C)c1|O=S(=O)([N-]S(=O)(=O)C(F)(F)F)C(F)(F)F,-2.1455812454223633,-1.0933789014816284,0,337
CCCC[n+]1ccn(C)c1|O=S(=O)([N-]S(=O)(=O)C(F)(F)F)C(F)(F)F,-2.3859667778015137,-1.0933789014816284,0,337
CCCC[n+]1ccn(C)c1|O=S(=O)([N-]S(=O)(=O)C(F)(F)F)C(F)(F)F,-2.617295742034912,-1.0933789014816284,0,337
CCCC[n+]1ccn(C)c1|O=S(=O)([N-]S(=O)(=O)C(F)(F)F)C(F)(F)F,-2.8084232807159424,-1.0933789014816284,0,337
CCCC[n+]1ccn(C)c1|O=S(=O)([N-]S(=O)(=O)C(F)(F)F)C(F)(F)F,-2.861201286315918,-1.0933789014816284,0,337
CCCC[n+]1ccn(C)c1|O=S(=O)([N-]S(=O)(=O)C(F)(F)F)C(F)(F)F,-2.5796570777893066,-1.0929231643676758,0,337
CCCC[n+]1ccn(C)c1|O=S(=O)([N-]S(=O)(=O)C(F)(F)F)C(F)(F)F,-0.9493305683135986,-1.0924675464630127,0,337
CCCC[n+]1ccn(C)c1|O=S(=O)([N-]S(=O)(=O)C(F)(F)F)C(F)(F)F,-2.343407154083252,-1.0924675464630127,0,337
CCCC[n+]1ccn(C)c1|O=S(=O)([N-]S(=O)(=O)C(F)(F)F)C(F)(F)F,-1.6607311964035034,-1.0920131206512451,0,337
CCCC[n+]1ccn(C)c1|O=S(=O)([N-]S(=O)(=O)C(F)(F)F)C(F)(F)F,-0.37833642959594727,-0.17456889152526855,0,337
CCCC[n+]1ccn(C)c1|O=S(=O)([N-]S(=O)(=O)C(F)(F)F)C(F)(F)F,-1.2694005966186523,-0.17456889152526855,0,337
CCCC[n+]1ccn(C)c1|O=S(=O)([N-]S(=O)(=O)C(F)(F)F)C(F)(F)F,-0.21072103083133698,-0.17431581020355225,0,337
CCCC[n+]1ccn(C)c1|O=S(=O)([N-]S(=O)(=O)C(F)(F)F)C(F)(F)F,-0.5499129891395569,-0.17431581020355225,0,337
CCCC[n+]1ccn(C)c1|O=S(=O)([N-]S(=O)(=O)C(F)(F)F)C(F)(F)F,-0.7339691519737244,-0.17431581020355225,0,337
CCCC[n+]1ccn(C)c1|O=S(=O)([N-]S(=O)(=O)C(F)(F)F)C(F)(F)F,-1.4439234733581543,-0.17431581020355225,0,337
CCCC[n+]1ccn(C)c1|O=S(=O)([N-]S(=O)(=O)C(F)(F)F)C(F)(F)F,-0.09431067854166031,-0.17406392097473145,0,337
CCCC[n+]1ccn(C)c1|O=S(=O)([N-]S(=O)(=O)C(F)(F)F)C(F)(F)F,-0.10536051541566849,-0.17406392097473145,0,337
CCCC[n+]1ccn(C)c1|O=S(=O)([N-]S(=O)(=O)C(F)(F)F)C(F)(F)F,-0.11653381586074829,-0.17406392097473145,0,337
CCCC[n+]1ccn(C)c1|O=S(=O)([N-]S(=O)(=O)C(F)(F)F)C(F)(F)F,-0.13926206529140472,-0.17406392097473145,0,337
CCCC[n+]1ccn(C)c1|O=S(=O)([N-]S(=O)(=O)C(F)(F)F)C(F)(F)F,-0.18632957339286804,-0.17406392097473145,0,337
CCCC[n+]1ccn(C)c1|O=S(=O)([N-]S(=O)(=O)C(F)(F)F)C(F)(F)F,-0.2231435477733612,-0.17406392097473145,0,337
CCCC[n+]1ccn(C)c1|O=S(=O)([N-]S(=O)(=O)C(F)(F)F)C(F)(F)F,-0.2626643180847168,-0.17406392097473145,0,337
CCCC[n+]1ccn(C)c1|O=S(=O)([N-]S(=O)(=O)C(F)(F)F)C(F)(F)F,-0.30245736241340637,-0.17406392097473145,0,337
CCCC[n+]1ccn(C)c1|O=S(=O)([N-]S(=O)(=O)C(F)(F)F)C(F)(F)F,-0.34389975666999817,-0.17406392097473145,0,337
CCCC[n+]1ccn(C)c1|O=S(=O)([N-]S(=O)(=O)C(F)(F)F)C(F)(F)F,-0.4261781573295593,-0.17406392097473145,0,337
CCCC[n+]1ccn(C)c1|O=S(=O)([N-]S(=O)(=O)C(F)(F)F)C(F)(F)F,-0.5041810870170593,-0.17406392097473145,0,337
CCCC[n+]1ccn(C)c1|O=S(=O)([N-]S(=O)(=O)C(F)(F)F)C(F)(F)F,-0.6991652250289917,-0.17406392097473145,0,337
CCCC[n+]1ccn(C)c1|O=S(=O)([N-]S(=O)(=O)C(F)(F)F)C(F)(F)F,-0.891598105430603,-0.17406392097473145,0,337
CCCC[n+]1ccn(C)c1|O=S(=O)([N-]S(=O)(=O)C(F)(F)F)C(F)(F)F,-1.0817551612854004,-0.17406392097473145,0,337
CCCC[n+]1ccn(C)c1|O=S(=O)([N-]S(=O)(=O)C(F)(F)F)C(F)(F)F,-1.2765434980392456,-0.17406392097473145,0,337
CCCC[n+]1ccn(C)c1|O=S(=O)([N-]S(=O)(=O)C(F)(F)F)C(F)(F)F,-1.456716775894165,-0.17406392097473145,0,337
CCCC[n+]1ccn(C)c1|O=S(=O)([N-]S(=O)(=O)C(F)(F)F)C(F)(F)F,-1.6502598524093628,-0.17406392097473145,0,337
CCCC[n+]1ccn(C)c1|O=S(=O)([N-]S(=O)(=O)C(F)(F)F)C(F)(F)F,-1.8263509273529053,-0.17406392097473145,0,337
CCCC[n+]1ccn(C)c1|O=S(=O)([N-]S(=O)(=O)C(F)(F)F)C(F)(F)F,-2.0174062252044678,-0.17406392097473145,0,337
CCCC[n+]1ccn(C)c1|O=S(=O)([N-]S(=O)(=O)C(F)(F)F)C(F)(F)F,-0.9113031625747681,-0.1738111972808838,0,337
CCCC[n+]1ccn(C)c1|O=S(=O)([N-]S(=O)(=O)C(F)(F)F)C(F)(F)F,-1.61948823928833,-0.1738111972808838,0,337
CCCC[n+]1ccn(C)c1|O=S(=O)([N-]S(=O)(=O)C(F)(F)F)C(F)(F)F,-1.0936247110366821,-0.17355835437774658,0,337
CCCC[n+]1ccn(C)c1|O=S(=O)([N-]S(=O)(=O)C(F)(F)F)C(F)(F)F,0.037295784801244736,0.2566322088241577,0,337
CCCC[n+]1ccn(C)c1|O=S(=O)([N-]S(=O)(=O)C(F)(F)F)C(F)(F)F,0.327143132686615,0.2567802667617798,0,337
CCCC[n+]1ccn(C)c1|O=S(=O)([N-]S(=O)(=O)C(F)(F)F)C(F)(F)F,-0.10536051541566849,0.2567802667617798,0,337
CCCC[n+]1ccn(C)c1|O=S(=O)([N-]S(=O)(=O)C(F)(F)F)C(F)(F)F,-0.5276327133178711,0.2567802667617798,0,337
CCCC[n+]1ccn(C)c1|O=S(=O)([N-]S(=O)(=O)C(F)(F)F)C(F)(F)F,-0.5025268197059631,0.2567802667617798,0,337
CCCC[n+]1ccn(C)c1|O=S(=O)([N-]S(=O)(=O)C(F)(F)F)C(F)(F)F,0.48242613673210144,0.25692784786224365,0,337
CCCC[n+]1ccn(C)c1|O=S(=O)([N-]S(=O)(=O)C(F)(F)F)C(F)(F)F,0.46937844157218933,0.25692784786224365,0,337
CCCC[n+]1ccn(C)c1|O=S(=O)([N-]S(=O)(=O)C(F)(F)F)C(F)(F)F,0.4605844020843506,0.25692784786224365,0,337
CCCC[n+]1ccn(C)c1|O=S(=O)([N-]S(=O)(=O)C(F)(F)F)C(F)(F)F,0.44724664092063904,0.25692784786224365,0,337
CCCC[n+]1ccn(C)c1|O=S(=O)([N-]S(=O)(=O)C(F)(F)F)C(F)(F)F,0.4134332835674286,0.25692784786224365,0,337
CCCC[n+]1ccn(C)c1|O=S(=O)([N-]S(=O)(=O)C(F)(F)F)C(F)(F)F,0.37843644618988037,0.25692784786224365,0,337
CCCC[n+]1ccn(C)c1|O=S(=O)([N-]S(=O)(=O)C(F)(F)F)C(F)(F)F,0.34429866075515747,0.25692784786224365,0,337
CCCC[n+]1ccn(C)c1|O=S(=O)([N-]S(=O)(=O)C(F)(F)F)C(F)(F)F,0.3060130178928375,0.25692784786224365,0,337
CCCC[n+]1ccn(C)c1|O=S(=O)([N-]S(=O)(=O)C(F)(F)F)C(F)(F)F,0.2730759084224701,0.25692784786224365,0,337
CCCC[n+]1ccn(C)c1|O=S(=O)([N-]S(=O)(=O)C(F)(F)F)C(F)(F)F,0.20945023000240326,0.25692784786224365,0,337
CCCC[n+]1ccn(C)c1|O=S(=O)([N-]S(=O)(=O)C(F)(F)F)C(F)(F)F,0.1414995640516281,0.25692784786224365,0,337
CCCC[n+]1ccn(C)c1|O=S(=O)([N-]S(=O)(=O)C(F)(F)F)C(F)(F)F,-0.02020270749926567,0.25692784786224365,0,337
CCCC[n+]1ccn(C)c1|O=S(=O)([N-]S(=O)(=O)C(F)(F)F)C(F)(F)F,-0.24846136569976807,0.25692784786224365,0,337
CCCC[n+]1ccn(C)c1|O=S(=O)([N-]S(=O)(=O)C(F)(F)F)C(F)(F)F,-0.18632957339286804,0.25692784786224365,0,337
CCCC[n+]1ccn(C)c1|O=S(=O)([N-]S(=O)(=O)C(F)(F)F)C(F)(F)F,-0.3424903154373169,0.25692784786224365,0,337
CCCC[n+]1ccn(C)c1|O=S(=O)([N-]S(=O)(=O)C(F)(F)F)C(F)(F)F,-0.6481738090515137,0.25692784786224365,0,337
CCCC[n+]1ccn(C)c1|O=S(=O)([N-]S(=O)(=O)C(F)(F)F)C(F)(F)F,-0.8007323741912842,0.25692784786224365,0,337
CCCC[n+]1ccn(C)c1|O=S(=O)([N-]S(=O)(=O)C(F)(F)F)C(F)(F)F,-0.9493305683135986,0.25692784786224365,0,337
CCCC[n+]1ccn(C)c1|O=S(=O)([N-]S(=O)(=O)C(F)(F)F)C(F)(F)F,-1.0966142416000366,0.25692784786224365,0,337
CCCC[n+]1ccn(C)c1|O=S(=O)([N-]S(=O)(=O)C(F)(F)F)C(F)(F)F,0.4768550992012024,0.25707578659057617,0,337
CCCC[n+]1ccn(C)c1|O=S(=O)([N-]S(=O)(=O)C(F)(F)F)C(F)(F)F,0.17647114396095276,0.25707578659057617,0,337
CCCC[n+]1ccn(C)c1|O=S(=O)([N-]S(=O)(=O)C(F)(F)F)C(F)(F)F,-0.39304259419441223,0.25707578659057617,0,337
CCCC[n+]1ccn(C)c1|O=S(=O)([N-]S(=O)(=O)C(F)(F)F)C(F)(F)F,-0.6674794554710388,0.25722360610961914,0,337
CCCC[n+]1ccn(C)c1|O=S(=O)([N-]S(=O)(=O)C(F)(F)F)C(F)(F)F,-0.8096809983253479,0.25722360610961914,0,337
CCCC[n+]1ccn(C)c1|N#C[C-](C#N)C#N,-13.815510749816895,-10.227059364318848,0,86
CCCC[n+]1ccn(C)c1|N#C[C-](C#N)C#N,-13.122363090515137,-10.057928085327148,0,86
CCCC[n+]1ccn(C)c1|N#C[C-](C#N)C#N,-12.206072807312012,-9.882159233093262,0,86
CCCC[n+]1ccn(C)c1|N#C[C-](C#N)C#N,-11.512925148010254,-9.704816818237305,0,86
CCCC[n+]1ccn(C)c1|N#C[C-](C#N)C#N,-10.871071815490723,-9.523751258850098,0,86
CCCC[n+]1ccn(C)c1|N#C[C-](C#N)C#N,-10.260162353515625,-9.335142135620117,0,86
CCCC[n+]1ccn(C)c1|N#C[C-](C#N)C#N,-9.688376426696777,-9.142865180969238,0,86
CCCC[n+]1ccn(C)c1|N#C[C-](C#N)C#N,-9.21034049987793,-8.945475578308105,0,86
CCCC[n+]1ccn(C)c1|N#C[C-](C#N)C#N,-8.679712295532227,-8.740340232849121,0,86
CCCC[n+]1ccn(C)c1|N#C[C-](C#N)C#N,-8.180721282958984,-8.526937484741211,0,86
CCCC[n+]1ccn(C)c1|N#C[C-](C#N)C#N,-7.118476390838623,-7.941563606262207,0,86
CCCC[n+]1ccn(C)c1|N#C[C-](C#N)C#N,-6.119297981262207,-7.329955577850342,0,86
CCCC[n+]1ccn(C)c1|N#C[C-](C#N)C#N,-5.3185200691223145,-6.708006858825684,0,86
CCCC[n+]1ccn(C)c1|N#C[C-](C#N)C#N,-4.605170249938965,-6.084173679351807,0,86
CCCC[n+]1ccn(C)c1|N#C[C-](C#N)C#N,-3.9633162021636963,-5.457064628601074,0,86
CCCC[n+]1ccn(C)c1|N#C[C-](C#N)C#N,-2.9004220962524414,-4.209522247314453,0,86
CCCC[n+]1ccn(C)c1|N#C[C-](C#N)C#N,-2.441847085952759,-3.596930503845215,0,86
CCCC[n+]1ccn(C)c1|N#C[C-](C#N)C#N,-2.0402207374572754,-2.98433780670166,0,86
CCCC[n+]1ccn(C)c1|N#C[C-](C#N)C#N,-1.6607311964035034,-2.378596782684326,0,86
CCCC[n+]1ccn(C)c1|N#C[C-](C#N)C#N,-1.021651268005371,-1.34348464012146,0,86
CCCC[n+]1ccn(C)c1|N#C[C-](C#N)C#N,-0.43078291416168213,-0.5402599573135376,0,86
CCCC[n+]1ccn(C)c1|N#C[C-](C#N)C#N,0.09531018137931824,0.021048545837402344,0,86
CCCC[n+]1ccn(C)c1|N#C[C-](C#N)C#N,0.5306282639503479,0.45946204662323,0,86
CCC[N+]1(C)CCCC1|O=S(=O)([N-]S(=O)(=O)C(F)(F)F)C(F)(F)F,-1.272965669631958,-1.7268407344818115,0,99
CCC[N+]1(C)CCCC1|O=S(=O)([N-]S(=O)(=O)C(F)(F)F)C(F)(F)F,-1.0788096189498901,-1.4162746667861938,0,99
CCC[N+]1(C)CCCC1|O=S(=O)([N-]S(=O)(=O)C(F)(F)F)C(F)(F)F,-0.891598105430603,-1.1570367813110352,0,99
CCC[N+]1(C)CCCC1|O=S(=O)([N-]S(=O)(=O)C(F)(F)F)C(F)(F)F,-0.6539264917373657,-0.945526659488678,0,99
CCC[N+]1(C)CCCC1|O=S(=O)([N-]S(=O)(=O)C(F)(F)F)C(F)(F)F,-0.4780358076095581,-0.7385767102241516,0,99
CCC[N+]1(C)CCCC1|O=S(=O)([N-]S(=O)(=O)C(F)(F)F)C(F)(F)F,-0.3566749393939972,-0.5451498031616211,0,99
CCC[N+]1(C)CCCC1|O=S(=O)([N-]S(=O)(=O)C(F)(F)F)C(F)(F)F,-0.1984509378671646,-0.3968161344528198,0,99
CCC[N+]1(C)CCCC1|O=S(=O)([N-]S(=O)(=O)C(F)(F)F)C(F)(F)F,-0.06187540292739868,-0.27807605266571045,0,99
CCC[N+]1(C)CCCC1|O=S(=O)([N-]S(=O)(=O)C(F)(F)F)C(F)(F)F,0.07696104049682617,-0.1779613494873047,0,99
CCC[N+]1(C)CCCC1|O=S(=O)([N-]S(=O)(=O)C(F)(F)F)C(F)(F)F,0.17395330965518951,-0.08924877643585205,0,99
CCC[N+]1(C)CCCC1|O=S(=O)([N-]S(=O)(=O)C(F)(F)F)C(F)(F)F,0.3001045882701874,-0.006411194801330566,0,99
CCC[N+]1(C)CCCC1|O=S(=O)([N-]S(=O)(=O)C(F)(F)F)C(F)(F)F,0.4121096432209015,0.06965017318725586,0,99
CCC[N+]1(C)CCCC1|O=S(=O)([N-]S(=O)(=O)C(F)(F)F)C(F)(F)F,0.524728536605835,0.15178275108337402,0,99
CCC[N+]1(C)CCCC1|O=S(=O)([N-]S(=O)(=O)C(F)(F)F)C(F)(F)F,0.6205765008926392,0.22064363956451416,0,99
CCC[N+]1(C)CCCC1|O=S(=O)([N-]S(=O)(=O)C(F)(F)F)C(F)(F)F,0.7080357670783997,0.2859700918197632,0,99
CCC[N+]1(C)CCCC1|O=S(=O)([N-]S(=O)(=O)C(F)(F)F)C(F)(F)F,0.8020015954971313,0.35215210914611816,0,99
CCC[N+]1(C)CCCC1|O=S(=O)([N-]S(=O)(=O)C(F)(F)F)C(F)(F)F,0.7929925322532654,0.3555690050125122,0,99
CCC[N+]1(C)CCCC1|O=S(=O)([N-]S(=O)(=O)C(F)(F)F)C(F)(F)F,0.9001613259315491,0.42399418354034424,0,99
CCC[N+]1(C)CCCC1|O=S(=O)([N-]S(=O)(=O)C(F)(F)F)C(F)(F)F,0.9745596647262573,0.4880868196487427,0,99
CCC[N+]1(C)CCCC1|O=S(=O)([N-]S(=O)(=O)C(F)(F)F)C(F)(F)F,0.9745596647262573,0.49145185947418213,0,99
CCC[N+]1(C)CCCC1|O=S(=O)([N-]S(=O)(=O)C(F)(F)F)C(F)(F)F,1.047318935394287,0.5614432096481323,0,99
CCC[N+]1(C)CCCC1|O=S(=O)([N-]S(=O)(=O)C(F)(F)F)C(F)(F)F,1.1216775178909302,0.6231211423873901,0,99
CCC[N+]1(C)CCCC1|O=S(=O)([N-]S(=O)(=O)C(F)(F)F)C(F)(F)F,1.1184148788452148,0.6264055967330933,0,99
CCC[N+]1(C)CCCC1|O=S(=O)([N-]S(=O)(=O)C(F)(F)F)C(F)(F)F,1.1908875703811646,0.6871126890182495,0,99
CCC[N+]1(C)CCCC1|O=S(=O)([N-]S(=O)(=O)C(F)(F)F)C(F)(F)F,1.2584609985351562,0.7519420385360718,0,99
CCC[N+]1(C)CCCC1|O=S(=O)([N-]S(=O)(=O)C(F)(F)F)C(F)(F)F,1.2556160688400269,0.753867506980896,0,99
CCC[N+]1(C)CCCC1|O=S(=O)([N-]S(=O)(=O)C(F)(F)F)C(F)(F)F,1.3164082765579224,0.8180550336837769,0,99
CCC[N+]1(C)CCCC1|O=S(=O)([N-]S(=O)(=O)C(F)(F)F)C(F)(F)F,1.3787660598754883,0.8803168535232544,0,99
CCC[N+]1(C)CCCC1|O=S(=O)([N-]S(=O)(=O)C(F)(F)F)C(F)(F)F,1.383791208267212,0.8848100900650024,0,99
CCC[N+]1(C)CCCC1|O=S(=O)([N-]S(=O)(=O)C(F)(F)F)C(F)(F)F,1.4398350715637207,0.9451459646224976,0,99
CCC[N+]1(C)CCCC1|O=S(=O)([N-]S(=O)(=O)C(F)(F)F)C(F)(F)F,1.4929040670394897,1.0086921453475952,0,99
CCC[N+]1(C)CCCC1|O=S(=O)([N-]S(=O)(=O)C(F)(F)F)C(F)(F)F,1.4906543493270874,1.014468789100647,0,99
CCC[n+]1ccccc1C|O=S(=O)([N-]S(=O)(=O)C(F)(F)F)C(F)(F)F,-2.4721879959106445,-2.1816227436065674,0,25
CCC[n+]1ccccc1C|O=S(=O)([N-]S(=O)(=O)C(F)(F)F)C(F)(F)F,-2.2837634086608887,-2.006601333618164,0,25
CCC[n+]1ccccc1C|O=S(=O)([N-]S(=O)(=O)C(F)(F)F)C(F)(F)F,-2.118598222732544,-1.8543859720230103,0,25
CCC[n+]1ccccc1C|O=S(=O)([N-]S(=O)(=O)C(F)(F)F)C(F)(F)F,-1.9575779438018799,-1.7158453464508057,0,25
CCC[n+]1ccccc1C|O=S(=O)([N-]S(=O)(=O)C(F)(F)F)C(F)(F)F,-1.8097198009490967,-1.578391432762146,0,25
CCC[n+]1ccccc1C|O=S(=O)([N-]S(=O)(=O)C(F)(F)F)C(F)(F)F,-1.6686573028564453,-1.4476760625839233,0,25
CCC[n+]1ccccc1C|O=S(=O)([N-]S(=O)(=O)C(F)(F)F)C(F)(F)F,-1.5324769020080566,-1.3280894756317139,0,25
CCC[n+]1ccccc1C|O=S(=O)([N-]S(=O)(=O)C(F)(F)F)C(F)(F)F,-1.398366928100586,-1.213796854019165,0,25
CCC[n+]1ccccc1C|O=S(=O)([N-]S(=O)(=O)C(F)(F)F)C(F)(F)F,-1.272965669631958,-1.1101168394088745,0,25
CCC[n+]1ccccc1C|O=S(=O)([N-]S(=O)(=O)C(F)(F)F)C(F)(F)F,-1.1551826000213623,-1.0135815143585205,0,25
CCC[n+]1ccccc1C|O=S(=O)([N-]S(=O)(=O)C(F)(F)F)C(F)(F)F,-1.0412871837615967,-0.9176943302154541,0,25
CCC[n+]1ccccc1C|O=S(=O)([N-]S(=O)(=O)C(F)(F)F)C(F)(F)F,-0.9314043521881104,-0.8210272192955017,0,25
CCC[n+]1ccccc1C|O=S(=O)([N-]S(=O)(=O)C(F)(F)F)C(F)(F)F,-0.8324092626571655,-0.7293567061424255,0,25
CCC[n+]1ccccc1C|O=S(=O)([N-]S(=O)(=O)C(F)(F)F)C(F)(F)F,-0.7318879961967468,-0.6379483938217163,0,25
CCC[n+]1ccccc1C|O=S(=O)([N-]S(=O)(=O)C(F)(F)F)C(F)(F)F,-0.646263599395752,-0.5566595792770386,0,25
CCC[n+]1ccccc1C|O=S(=O)([N-]S(=O)(=O)C(F)(F)F)C(F)(F)F,-0.5499129891395569,-0.4811462163925171,0,25
CCC[n+]1ccccc1C|O=S(=O)([N-]S(=O)(=O)C(F)(F)F)C(F)(F)F,-0.4636240303516388,-0.4098778963088989,0,25
CCC[n+]1ccccc1C|O=S(=O)([N-]S(=O)(=O)C(F)(F)F)C(F)(F)F,-0.37833642959594727,-0.3407841920852661,0,25
CCC[n+]1ccccc1C|O=S(=O)([N-]S(=O)(=O)C(F)(F)F)C(F)(F)F,-0.29840603470802307,-0.27105283737182617,0,25
CCC[n+]1ccccc1C|O=S(=O)([N-]S(=O)(=O)C(F)(F)F)C(F)(F)F,-0.2194005697965622,-0.20426976680755615,0,25
CCC[n+]1ccccc1C|O=S(=O)([N-]S(=O)(=O)C(F)(F)F)C(F)(F)F,-0.14387036859989166,-0.14765000343322754,0,25
CCC[n+]1ccccc1C|O=S(=O)([N-]S(=O)(=O)C(F)(F)F)C(F)(F)F,-0.07149600237607956,-0.09665977954864502,0,25
CCC[n+]1ccccc1C|O=S(=O)([N-]S(=O)(=O)C(F)(F)F)C(F)(F)F,0.0,-0.045867919921875,0,25
CCC[n+]1ccccc1C|O=S(=O)([N-]S(=O)(=O)C(F)(F)F)C(F)(F)F,0.06391332298517227,-0.004045248031616211,0,25
CCC[n+]1ccccc1C|O=S(=O)([N-]S(=O)(=O)C(F)(F)F)C(F)(F)F,0.13190506398677826,0.03750348091125488,0,25
CCCC[n+]1ccn(C)c1|O=S(=O)([N-]S(=O)(=O)C(F)(F)F)C(F)(F)F,-1.0876723527908325,-1.3320037126541138,0,337
CCCC[n+]1ccn(C)c1|O=S(=O)([N-]S(=O)(=O)C(F)(F)F)C(F)(F)F,-0.9162907600402832,-1.0933789014816284,0,337
CCCC[n+]1ccn(C)c1|O=S(=O)([N-]S(=O)(=O)C(F)(F)F)C(F)(F)F,-0.7507762908935547,-0.8607776165008545,0,337
CCCC[n+]1ccn(C)c1|O=S(=O)([N-]S(=O)(=O)C(F)(F)F)C(F)(F)F,-0.594207227230072,-0.6480737924575806,0,337
CCCC[n+]1ccn(C)c1|O=S(=O)([N-]S(=O)(=O)C(F)(F)F)C(F)(F)F,-0.4462870955467224,-0.4666541814804077,0,337
CCCC[n+]1ccn(C)c1|O=S(=O)([N-]S(=O)(=O)C(F)(F)F)C(F)(F)F,-0.3106095790863037,-0.3164396286010742,0,337
CCCC[n+]1ccn(C)c1|O=S(=O)([N-]S(=O)(=O)C(F)(F)F)C(F)(F)F,-0.1803235560655594,-0.17406392097473145,0,337
CCCC[n+]1ccccc1|F[B-](F)(F)F,-2.828524351119995,-3.318544387817383,0,37
CCCC[n+]1ccccc1|F[B-](F)(F)F,-2.61592698097229,-3.0158140659332275,0,37
CCCC[n+]1ccccc1|F[B-](F)(F)F,-2.419118881225586,-2.719214677810669,0,37
CCCC[n+]1ccccc1|F[B-](F)(F)F,-2.23026442527771,-2.4350998401641846,0,37
CCCC[n+]1ccccc1|F[B-](F)(F)F,-2.054163694381714,-2.1644530296325684,0,37
CCCC[n+]1ccccc1|F[B-](F)(F)F,-1.8805906772613525,-1.9110668897628784,0,37
CCCC[n+]1ccccc1|F[B-](F)(F)F,-1.7109171152114868,-1.690158486366272,0,37
CCCC[n+]1ccccc1|F[B-](F)(F)F,-1.56064772605896,-1.499655842781067,0,37
CCCC[n+]1ccccc1|F[B-](F)(F)F,-1.4188175201416016,-1.324770450592041,0,37
CCCC[n+]1ccccc1|F[B-](F)(F)F,-1.272965669631958,-1.161643147468567,0,37
CCCC[n+]1ccccc1|F[B-](F)(F)F,-1.1363141536712646,-1.0131332874298096,0,37
CCCC[n+]1ccccc1|F[B-](F)(F)F,-1.0106014013290405,-0.8732932209968567,0,37
CCCC[n+]1ccccc1|F[B-](F)(F)F,-0.8867319226264954,-0.7433491945266724,0,37
CCCC[n+]1ccccc1|F[B-](F)(F)F,-0.7678707242012024,-0.6196718215942383,0,37
CCCC[n+]1ccccc1|F[B-](F)(F)F,-0.655851423740387,-0.5037151575088501,0,37
CCCC[n+]1ccccc1|F[B-](F)(F)F,-0.5464528203010559,-0.39171886444091797,0,37
CCCC[n+]1ccccc1|F[B-](F)(F)F,-0.44161054491996765,-0.2893627882003784,0,37
CCCC[n+]1ccccc1|F[B-](F)(F)F,-0.3396773636341095,-0.19602155685424805,0,37
CCCC[n+]1ccccc1|F[B-](F)(F)F,-0.24207155406475067,-0.10337018966674805,0,37
CCCC[n+]1ccccc1|F[B-](F)(F)F,-0.1485000103712082,-0.0137939453125,0,37
CCCC[n+]1ccccc1|F[B-](F)(F)F,-0.058688994497060776,0.07300198078155518,0,37
CCCC[n+]1ccccc1|F[B-](F)(F)F,0.028587456792593002,0.15069496631622314,0,37
CCCC[n+]1ccccc1|F[B-](F)(F)F,0.11332868784666061,0.21914780139923096,0,37
CCCC[n+]1ccccc1|F[B-](F)(F)F,0.19309662282466888,0.28243088722229004,0,37
CCCC[n+]1ccccc1|F[B-](F)(F)F,0.2707902193069458,0.337493896484375,0,37
CC[n+]1ccn(C)c1|N#C[C-](C#N)C#N,-13.815510749816895,-10.516922950744629,0,29
CC[n+]1ccn(C)c1|N#C[C-](C#N)C#N,-3.5065579414367676,-6.054046630859375,0,29
CC[n+]1ccn(C)c1|N#C[C-](C#N)C#N,-2.8473122119903564,-5.426936149597168,0,29
CC[n+]1ccn(C)c1|N#C[C-](C#N)C#N,-2.3751556873321533,-4.7998270988464355,0,29
CC[n+]1ccn(C)c1|N#C[C-](C#N)C#N,-1.8971199989318848,-4.172718524932861,0,29
CC[n+]1ccn(C)c1|N#C[C-](C#N)C#N,-1.5141277313232422,-3.5563459396362305,0,29
CC[n+]1ccn(C)c1|N#C[C-](C#N)C#N,-1.1394343376159668,-2.9517130851745605,0,29
CC[n+]1ccn(C)c1|N#C[C-](C#N)C#N,-0.7985076904296875,-2.349123477935791,0,29
CC[n+]1ccn(C)c1|N#C[C-](C#N)C#N,-0.5108256340026855,-1.7847744226455688,0,29
CC[n+]1ccn(C)c1|N#C[C-](C#N)C#N,-0.21072103083133698,-1.3206181526184082,0,29
CC[n+]1ccn(C)c1|N#C[C-](C#N)C#N,0.0,-0.8800979852676392,0,29
CC[n+]1ccn(C)c1|N#C[C-](C#N)C#N,0.2623642683029175,-0.4733870029449463,0,29
CC[n+]1ccn(C)c1|N#C[C-](C#N)C#N,0.4700036346912384,-0.1466134786605835,0,29
CC[n+]1ccn(C)c1|N#C[C-](C#N)C#N,0.7419373393058777,0.14559292793273926,0,29
CCCC[n+]1ccn(C)c1|O=S(=O)([N-]S(=O)(=O)C(F)(F)F)C(F)(F)F,-12.716897964477539,-7.830416202545166,0,337
CCCC[n+]1ccn(C)c1|O=S(=O)([N-]S(=O)(=O)C(F)(F)F)C(F)(F)F,-11.250560760498047,-7.498202800750732,0,337
CCCC[n+]1ccn(C)c1|O=S(=O)([N-]S(=O)(=O)C(F)(F)F)C(F)(F)F,-9.845218658447266,-7.1611127853393555,0,337
CCCC[n+]1ccn(C)c1|O=S(=O)([N-]S(=O)(=O)C(F)(F)F)C(F)(F)F,-8.542510986328125,-6.812857627868652,0,337
CCCC[n+]1ccn(C)c1|O=S(=O)([N-]S(=O)(=O)C(F)(F)F)C(F)(F)F,-7.473389148712158,-6.45780086517334,0,337
CCCC[n+]1ccn(C)c1|O=S(=O)([N-]S(=O)(=O)C(F)(F)F)C(F)(F)F,-6.5224928855896,-6.088841438293457,0,337
CCCC[n+]1ccn(C)c1|O=S(=O)([N-]S(=O)(=O)C(F)(F)F)C(F)(F)F,-5.8024983406066895,-5.69807767868042,0,337
CCCC[n+]1ccn(C)c1|O=S(=O)([N-]S(=O)(=O)C(F)(F)F)C(F)(F)F,-5.09130334854126,-5.288280010223389,0,337
CCCC[n+]1ccn(C)c1|O=S(=O)([N-]S(=O)(=O)C(F)(F)F)C(F)(F)F,-4.500810146331787,-4.894074440002441,0,337
CCCC[n+]1ccn(C)c1|O=S(=O)([N-]S(=O)(=O)C(F)(F)F)C(F)(F)F,-3.958066940307617,-4.502780437469482,0,337
CCCC[n+]1ccn(C)c1|O=S(=O)([N-]S(=O)(=O)C(F)(F)F)C(F)(F)F,-3.48675537109375,-4.101943016052246,0,337
CCCC[n+]1ccn(C)c1|O=S(=O)([N-]S(=O)(=O)C(F)(F)F)C(F)(F)F,-3.066154718399048,-3.7287416458129883,0,337
CCCC[n+]1ccn(C)c1|O=S(=O)([N-]S(=O)(=O)C(F)(F)F)C(F)(F)F,-2.7105534076690674,-3.3684499263763428,0,337
CCCC[n+]1ccn(C)c1|O=S(=O)([N-]S(=O)(=O)C(F)(F)F)C(F)(F)F,-2.3538784980773926,-3.0177814960479736,0,337
CCCC[n+]1ccn(C)c1|O=S(=O)([N-]S(=O)(=O)C(F)(F)F)C(F)(F)F,-1.9951003789901733,-2.647944450378418,0,337
CCCC[n+]1ccn(C)c1|O=S(=O)([N-]S(=O)(=O)C(F)(F)F)C(F)(F)F,-1.760260820388794,-2.2501137256622314,0,337
CCCC[n+]1ccn(C)c1|O=S(=O)([N-]S(=O)(=O)C(F)(F)F)C(F)(F)F,-1.4610179662704468,-1.8917369842529297,0,337
CCCC[n+]1ccn(C)c1|O=S(=O)([N-]S(=O)(=O)C(F)(F)F)C(F)(F)F,-1.2873544692993164,-1.5975650548934937,0,337
CCCC[n+]1ccn(C)c1|O=S(=O)([N-]S(=O)(=O)C(F)(F)F)C(F)(F)F,-1.0498220920562744,-1.3392176628112793,0,337
CCCC[n+]1ccn(C)c1|O=S(=O)([N-]S(=O)(=O)C(F)(F)F)C(F)(F)F,-0.8675005435943604,-1.100207805633545,0,337
CCCC[n+]1ccn(C)c1|O=S(=O)([N-]S(=O)(=O)C(F)(F)F)C(F)(F)F,-0.6931471824645996,-0.8675943613052368,0,337
CCCCCC[n+]1ccccc1|F[B-](F)(F)F,-4.509860038757324,-4.0471978187561035,0,25
CCCCCC[n+]1ccccc1|F[B-](F)(F)F,-4.199705123901367,-3.773776054382324,0,25
CCCCCC[n+]1ccccc1|F[B-](F)(F)F,-3.9633162021636963,-3.501645565032959,0,25
CCCCCC[n+]1ccccc1|F[B-](F)(F)F,-3.772261142730713,-3.2548460960388184,0,25
CCCCCC[n+]1ccccc1|F[B-](F)(F)F,-3.540459394454956,-3.015721082687378,0,25
CCCCCC[n+]1ccccc1|F[B-](F)(F)F,-3.352407217025757,-2.7990736961364746,0,25
CCCCCC[n+]1ccccc1|F[B-](F)(F)F,-3.146555185317993,-2.5836567878723145,0,25
CCCCCC[n+]1ccccc1|F[B-](F)(F)F,-2.9565114974975586,-2.363895893096924,0,25
CCCCCC[n+]1ccccc1|F[B-](F)(F)F,-2.780620813369751,-2.1440322399139404,0,25
CCCCCC[n+]1ccccc1|F[B-](F)(F)F,-2.6036901473999023,-1.9338561296463013,0,25
CCCCCC[n+]1ccccc1|F[B-](F)(F)F,-2.441847085952759,-1.733512043952942,0,25
CCCCCC[n+]1ccccc1|F[B-](F)(F)F,-2.282782554626465,-1.5614525079727173,0,25
CCCCCC[n+]1ccccc1|F[B-](F)(F)F,-2.1455812454223633,-1.395673155784607,0,25
CCCCCC[n+]1ccccc1|F[B-](F)(F)F,-1.9951003789901733,-1.2437996864318848,0,25
CCCCCC[n+]1ccccc1|F[B-](F)(F)F,-1.85150945186615,-1.1134871244430542,0,25
CCCCCC[n+]1ccccc1|F[B-](F)(F)F,-1.7147984504699707,-0.9977453947067261,0,25
CCCCCC[n+]1ccccc1|F[B-](F)(F)F,-1.5847452878952026,-0.8855345845222473,0,25
CCCCCC[n+]1ccccc1|F[B-](F)(F)F,-1.456716775894165,-0.7753382921218872,0,25
CCCCCC[n+]1ccccc1|F[B-](F)(F)F,-1.328025460243225,-0.6644201874732971,0,25
CCCCCC[n+]1ccccc1|F[B-](F)(F)F,-1.1973282098770142,-0.5518640279769897,0,25
CCCCCC[n+]1ccccc1|F[B-](F)(F)F,-1.0788096189498901,-0.45166146755218506,0,25
CCCCCC[n+]1ccccc1|F[B-](F)(F)F,-0.9675840139389038,-0.3584023714065552,0,25
CCCCCC[n+]1ccccc1|F[B-](F)(F)F,-0.8651224374771118,-0.2651430368423462,0,25
CCCCCC[n+]1ccccc1|F[B-](F)(F)F,-0.7657178640365601,-0.17188405990600586,0,25
CCCCCC[n+]1ccccc1|F[B-](F)(F)F,-0.669430673122406,-0.0823901891708374,0,25
CCC[N+]1(C)CCCC1|O=S(=O)(F)[N-]S(=O)(=O)F,-1.0498220920562744,-2.551034450531006,0,31
CCC[N+]1(C)CCCC1|O=S(=O)(F)[N-]S(=O)(=O)F,-0.8439700603485107,-2.159923553466797,0,31
CCC[N+]1(C)CCCC1|O=S(=O)(F)[N-]S(=O)(=O)F,-0.6539264917373657,-1.8279261589050293,0,31
CCC[N+]1(C)CCCC1|O=S(=O)(F)[N-]S(=O)(=O)F,-0.4780358076095581,-1.5126794576644897,0,31
CCC[N+]1(C)CCCC1|O=S(=O)(F)[N-]S(=O)(=O)F,-0.3285040557384491,-1.2231054306030273,0,31
CCC[N+]1(C)CCCC1|O=S(=O)(F)[N-]S(=O)(=O)F,-0.17435339093208313,-0.9890962839126587,0,31
CCC[N+]1(C)CCCC1|O=S(=O)(F)[N-]S(=O)(=O)F,-0.03045920841395855,-0.7608509659767151,0,31
CCC[N+]1(C)CCCC1|O=S(=O)(F)[N-]S(=O)(=O)F,0.09531018137931824,-0.5734288692474365,0,31
CCC[N+]1(C)CCCC1|O=S(=O)(F)[N-]S(=O)(=O)F,0.2231435477733612,-0.4252978563308716,0,31
CCC[N+]1(C)CCCC1|O=S(=O)(F)[N-]S(=O)(=O)F,0.3364722430706024,-0.30571627616882324,0,31
CCC[N+]1(C)CCCC1|O=S(=O)(F)[N-]S(=O)(=O)F,0.44468581676483154,-0.21136462688446045,0,31
CCC[N+]1(C)CCCC1|O=S(=O)(F)[N-]S(=O)(=O)F,0.5538851022720337,-0.12136650085449219,0,31
CCC[N+]1(C)CCCC1|O=S(=O)(F)[N-]S(=O)(=O)F,0.6523252129554749,-0.04136621952056885,0,31
CCC[N+]1(C)CCCC1|O=S(=O)(F)[N-]S(=O)(=O)F,0.7514160871505737,0.025981903076171875,0,31
CCC[N+]1(C)CCCC1|O=S(=O)(F)[N-]S(=O)(=O)F,0.8415671586990356,0.09110474586486816,0,31
CCC[N+]1(C)CCCC1|O=S(=O)(F)[N-]S(=O)(=O)F,0.9282193183898926,0.156227707862854,0,31
CCC[N+]1(C)CCCC1|O=S(=O)(F)[N-]S(=O)(=O)F,1.0116009712219238,0.2195899486541748,0,31
CCC[N+]1(C)CCCC1|O=S(=O)(F)[N-]S(=O)(=O)F,1.0919233560562134,0.27680110931396484,0,31
CCC[N+]1(C)CCCC1|O=S(=O)(F)[N-]S(=O)(=O)F,1.1693813800811768,0.3399921655654907,0,31
CCC[N+]1(C)CCCC1|O=S(=O)(F)[N-]S(=O)(=O)F,1.2441545724868774,0.4043205976486206,0,31
CCC[N+]1(C)CCCC1|O=S(=O)(F)[N-]S(=O)(=O)F,1.3190855979919434,0.47105538845062256,0,31
CCC[N+]1(C)CCCC1|O=S(=O)(F)[N-]S(=O)(=O)F,1.3887912034988403,0.5366095304489136,0,31
CCC[N+]1(C)CCCC1|O=S(=O)(F)[N-]S(=O)(=O)F,1.4586150646209717,0.6011084318161011,0,31
CCC[N+]1(C)CCCC1|O=S(=O)(F)[N-]S(=O)(=O)F,1.5282278060913086,0.6650928258895874,0,31
CCC[N+]1(C)CCCC1|O=S(=O)(F)[N-]S(=O)(=O)F,1.599387526512146,0.7290774583816528,0,31
CC[n+]1ccn(C)c1|N#C[S-],-13.815510749816895,-10.186312675476074,0,34
CC[n+]1ccn(C)c1|N#C[S-],-13.122363090515137,-10.035743713378906,0,34
CC[n+]1ccn(C)c1|N#C[S-],-12.023751258850098,-9.708841323852539,0,34
CC[n+]1ccn(C)c1|N#C[S-],-11.6182861328125,-9.546246528625488,0,34
CC[n+]1ccn(C)c1|N#C[S-],-10.28915023803711,-9.12325382232666,0,34
CCCCCC[n+]1ccn(C)c1|[I-],-4.268697738647461,-4.414553165435791,0,16
CCCCCC[n+]1ccn(C)c1|[I-],-3.0365543365478516,-2.7218194007873535,0,16
CCCCCC[n+]1ccn(C)c1|[I-],-2.6450753211975098,-2.2353782653808594,0,16
CCCCCC[n+]1ccn(C)c1|[I-],-2.216407299041748,-1.783908486366272,0,16
CCCCCC[n+]1ccn(C)c1|[I-],-1.7837913036346436,-1.353938341140747,0,16
CCCCCC[n+]1ccn(C)c1|[I-],-1.2982834577560425,-0.8926094174385071,0,16
CCCCCC[n+]1ccn(C)c1|[I-],-0.9162907600402832,-0.6033142805099487,0,16
CCCCCC[n+]1ccn(C)c1|[I-],-0.8324092626571655,-0.36078810691833496,0,16
CCCCCC[n+]1ccn(C)c1|[I-],-0.5780344009399414,-0.15958845615386963,0,16
CCCCCC[n+]1ccn(C)c1|[I-],-0.3856624662876129,-0.014270424842834473,0,16
CCCCCC[n+]1ccn(C)c1|[I-],-0.23572233319282532,0.10765600204467773,0,16
CCCCCC[n+]1ccn(C)c1|[I-],0.07696104049682617,0.24086153507232666,0,16
CCCCCC[n+]1ccn(C)c1|[I-],0.23901690542697906,0.37686192989349365,0,16
CCCCCC[n+]1ccn(C)c1|[I-],0.4637340307235718,0.49397337436676025,0,16
CCCCCC[n+]1ccn(C)c1|[I-],0.6097655892372131,0.578147292137146,0,16
CC[n+]1ccn(C)c1|CS(=O)(=O)[O-],-3.185924768447876,-3.8652572631835938,0,51
CC[n+]1ccn(C)c1|CS(=O)(=O)[O-],-2.72417950630188,-3.331378936767578,0,51
CC[n+]1ccn(C)c1|CS(=O)(=O)[O-],-2.314657688140869,-2.8143527507781982,0,51
CC[n+]1ccn(C)c1|CS(=O)(=O)[O-],-1.9519282579421997,-2.3236472606658936,0,51
CC[n+]1ccn(C)c1|CS(=O)(=O)[O-],-1.6235368251800537,-1.923736572265625,0,51
CC[n+]1ccn(C)c1|CS(=O)(=O)[O-],-1.3493839502334595,-1.5475144386291504,0,51
CC[n+]1ccn(C)c1|CS(=O)(=O)[O-],-1.3284028768539429,-1.5475144386291504,0,51
CC[n+]1ccn(C)c1|CS(=O)(=O)[O-],-1.328025460243225,-1.5475144386291504,0,51
CC[n+]1ccn(C)c1|CS(=O)(=O)[O-],-1.2103263139724731,-1.3666330575942993,0,51
CC[n+]1ccn(C)c1|CS(=O)(=O)[O-],-1.0782215595245361,-1.2025372982025146,0,51
CC[n+]1ccn(C)c1|CS(=O)(=O)[O-],-1.0601611137390137,-1.2025372982025146,0,51
CC[n+]1ccn(C)c1|CS(=O)(=O)[O-],-0.9513999223709106,-1.057107925415039,0,51
CC[n+]1ccn(C)c1|CS(=O)(=O)[O-],-0.8321793675422668,-0.9223467111587524,0,51
CC[n+]1ccn(C)c1|CS(=O)(=O)[O-],-0.7170301079750061,-0.7979530096054077,0,51
CC[n+]1ccn(C)c1|CS(=O)(=O)[O-],-0.5923972725868225,-0.6808125972747803,0,51
CC[n+]1ccn(C)c1|CS(=O)(=O)[O-],-0.1972321718931198,-0.2956390380859375,0,51
CC[n+]1ccn(C)c1|CS(=O)(=O)[O-],0.14063112437725067,-0.01850426197052002,0,51
CC[n+]1ccn(C)c1|CS(=O)(=O)[O-],0.4356709420681,0.1930704116821289,0,51
CC[n+]1ccn(C)c1|CS(=O)(=O)[O-],0.6901426911354065,0.3709254264831543,0,51
CC[n+]1ccccc1|O=S(=O)([O-])C(F)(F)F,-0.8989421129226685,-1.0303291082382202,0,19
CC[n+]1ccccc1|O=S(=O)([O-])C(F)(F)F,-0.7852624654769897,-0.8963965773582458,0,19
CC[n+]1ccccc1|O=S(=O)([O-])C(F)(F)F,-0.6891551613807678,-0.7742364406585693,0,19
CC[n+]1ccccc1|O=S(=O)([O-])C(F)(F)F,-0.5869869589805603,-0.6520761251449585,0,19
CC[n+]1ccccc1|O=S(=O)([O-])C(F)(F)F,-0.4893903434276581,-0.5367363691329956,0,19
CC[n+]1ccccc1|O=S(=O)([O-])C(F)(F)F,-0.39156219363212585,-0.4370638132095337,0,19
CC[n+]1ccccc1|O=S(=O)([O-])C(F)(F)F,-0.29571422934532166,-0.3515740633010864,0,19
CC[n+]1ccccc1|O=S(=O)([O-])C(F)(F)F,-0.21319322288036346,-0.26695847511291504,0,19
CC[n+]1ccccc1|O=S(=O)([O-])C(F)(F)F,-0.13696585595607758,-0.19152545928955078,0,19
CC[n+]1ccccc1|O=S(=O)([O-])C(F)(F)F,-0.048140376806259155,-0.1272878646850586,0,19
CC[n+]1ccccc1|O=S(=O)([O-])C(F)(F)F,0.024692611768841743,-0.06440472602844238,0,19
CC[n+]1ccccc1|O=S(=O)([O-])C(F)(F)F,0.11867152899503708,-0.007566690444946289,0,19
CC[n+]1ccccc1|O=S(=O)([O-])C(F)(F)F,0.19062036275863647,0.044457077980041504,0,19
CC[n+]1ccccc1|O=S(=O)([O-])C(F)(F)F,0.2646692991256714,0.09154438972473145,0,19
CC[n+]1ccccc1|O=S(=O)([O-])C(F)(F)F,0.3300229012966156,0.1400846242904663,0,19
CC[n+]1ccccc1|O=S(=O)([O-])C(F)(F)F,0.38458189368247986,0.18862485885620117,0,19
CC[n+]1ccccc1|O=S(=O)([O-])C(F)(F)F,0.4637340307235718,0.2325584888458252,0,19
CC[n+]1ccccc1|O=S(=O)([O-])C(F)(F)F,0.5158131718635559,0.2702181339263916,0,19
CC[n+]1ccccc1|O=S(=O)([O-])C(F)(F)F,0.5788580179214478,0.3061833381652832,0,19
CCCn1cc[n+](C)c1|[I-],-2.128631830215454,-3.975325107574463,0,17
CCCn1cc[n+](C)c1|[I-],-2.079441547393799,-3.5150160789489746,0,17
CCCn1cc[n+](C)c1|[I-],-2.0024805068969727,-2.8457436561584473,0,17
CCCn1cc[n+](C)c1|[I-],-1.5278578996658325,-2.0458600521087646,0,17
CCCn1cc[n+](C)c1|[I-],-0.37687766551971436,-0.6713226437568665,0,17
CCCn1cc[n+](C)c1|[I-],-0.009040744975209236,-0.15925216674804688,0,17
CCCn1cc[n+](C)c1|[I-],0.2623642683029175,0.10005509853363037,0,17
CCCn1cc[n+](C)c1|[I-],0.31481075286865234,0.16685807704925537,0,17
CCCn1cc[n+](C)c1|[I-],0.4637340307235718,0.25245702266693115,0,17
CCCn1cc[n+](C)c1|[I-],0.6575199961662292,0.39124906063079834,0,17
CCCn1cc[n+](C)c1|[I-],0.7323678731918335,0.4267345666885376,0,17
CCCn1cc[n+](C)c1|[I-],0.9162907600402832,0.5363136529922485,0,17
CCCn1cc[n+](C)c1|[I-],0.9477893710136414,0.5507372617721558,0,17
CCCn1cc[n+](C)c1|[I-],1.193922519683838,0.7047120332717896,0,17
CCCn1cc[n+](C)c1|[I-],1.355835199356079,0.8017829656600952,0,17
CC[n+]1ccn(C)c1|[Cl-],-6.303439140319824,-2.8626229763031006,0,44
CC[n+]1ccn(C)c1|[Cl-],-5.97559118270874,-2.3467140197753906,0,44
CC[n+]1ccn(C)c1|[Cl-],-5.632392406463623,-1.9093457460403442,0,44
CC[n+]1ccn(C)c1|[Cl-],-5.306349754333496,-1.5319759845733643,0,44
CC[n+]1ccn(C)c1|[Cl-],-4.9049248695373535,-1.181360125541687,0,44
CC[n+]1ccn(C)c1|[Cl-],-4.5189924240112305,-0.8720293045043945,0,44
CC[n+]1ccn(C)c1|[Cl-],-4.104394912719727,-0.5953676700592041,0,44
CC[n+]1ccn(C)c1|[Cl-],-3.8167128562927246,-0.3495861291885376,0,44
CC[n+]1ccn(C)c1|[Cl-],-3.396209955215454,-0.13051986694335938,0,44
CC[n+]1ccn(C)c1|[Cl-],-2.9917402267456055,0.058568477630615234,0,44
CC[n+]1ccn(C)c1|[Cl-],-2.4406983852386475,0.20436370372772217,0,44
CC[n+]1ccn(C)c1|[Cl-],-1.4481697082519531,0.328593373298645,0,44
CC[n+]1ccn(C)c1|[Cl-],-0.3552473783493042,0.43574559688568115,0,44
CC[n+]1ccn(C)c1|[Cl-],0.832909107208252,0.531051516532898,0,44
CC[n+]1ccn(C)c1|[Cl-],0.9631743431091309,0.6064683198928833,0,44
CCCCC[P+](CC)(CC)CC|O=S(=O)(F)[N-]S(=O)(=O)F,-1.4653375148773193,-2.328969717025757,0,23
CCCCC[P+](CC)(CC)CC|O=S(=O)(F)[N-]S(=O)(=O)F,-1.3743658065795898,-2.0946884155273438,0,23
CCCCC[P+](CC)(CC)CC|O=S(=O)(F)[N-]S(=O)(=O)F,-1.2378743886947632,-1.873793125152588,0,23
CCCCC[P+](CC)(CC)CC|O=S(=O)(F)[N-]S(=O)(=O)F,-1.099612832069397,-1.6822222471237183,0,23
CCCCC[P+](CC)(CC)CC|O=S(=O)(F)[N-]S(=O)(=O)F,-1.0051219463348389,-1.5166904926300049,0,23
CCCCC[P+](CC)(CC)CC|O=S(=O)(F)[N-]S(=O)(=O)F,-0.9263410568237305,-1.3742345571517944,0,23
CCCCC[P+](CC)(CC)CC|O=S(=O)(F)[N-]S(=O)(=O)F,-0.8439700603485107,-1.2348127365112305,0,23
CCCCC[P+](CC)(CC)CC|O=S(=O)(F)[N-]S(=O)(=O)F,-0.7721903920173645,-1.1252896785736084,0,23
CCCCC[P+](CC)(CC)CC|O=S(=O)(F)[N-]S(=O)(=O)F,-0.7052197456359863,-1.0314215421676636,0,23
CCCCC[P+](CC)(CC)CC|O=S(=O)(F)[N-]S(=O)(=O)F,-0.6405547261238098,-0.938857913017273,0,23
CCCCC[P+](CC)(CC)CC|O=S(=O)(F)[N-]S(=O)(=O)F,-0.5762534141540527,-0.8494396209716797,0,23
CCCCC[P+](CC)(CC)CC|O=S(=O)(F)[N-]S(=O)(=O)F,-0.5191938877105713,-0.7751591801643372,0,23
CCCCC[P+](CC)(CC)CC|O=S(=O)(F)[N-]S(=O)(=O)F,-0.4636240303516388,-0.7047139406204224,0,23
CCC[N+]1(C)CCCC1|O=S(=O)([N-]S(=O)(=O)C(F)(F)F)C(F)(F)F,-1.3356012105941772,-1.7208250761032104,0,99
CCC[N+]1(C)CCCC1|O=S(=O)([N-]S(=O)(=O)C(F)(F)F)C(F)(F)F,-1.1147416830062866,-1.4220447540283203,0,99
CCC[N+]1(C)CCCC1|O=S(=O)([N-]S(=O)(=O)C(F)(F)F)C(F)(F)F,-0.9137938618659973,-1.170828938484192,0,99
CCC[N+]1(C)CCCC1|O=S(=O)([N-]S(=O)(=O)C(F)(F)F)C(F)(F)F,-0.727738618850708,-0.945526659488678,0,99
CCC[N+]1(C)CCCC1|O=S(=O)([N-]S(=O)(=O)C(F)(F)F)C(F)(F)F,-0.5516476035118103,-0.7345049977302551,0,99
CCC[N+]1(C)CCCC1|O=S(=O)([N-]S(=O)(=O)C(F)(F)F)C(F)(F)F,-0.39304259419441223,-0.5484832525253296,0,99
CCC[N+]1(C)CCCC1|O=S(=O)([N-]S(=O)(=O)C(F)(F)F)C(F)(F)F,-0.23193205893039703,-0.391815185546875,0,99
CCC[N+]1(C)CCCC1|O=S(=O)([N-]S(=O)(=O)C(F)(F)F)C(F)(F)F,-0.08446915447711945,-0.27807605266571045,0,99
CCC[N+]1(C)CCCC1|O=S(=O)([N-]S(=O)(=O)C(F)(F)F)C(F)(F)F,0.04879016429185867,-0.1779613494873047,0,99
CCC[N+]1(C)CCCC1|O=S(=O)([N-]S(=O)(=O)C(F)(F)F)C(F)(F)F,0.17395330965518951,-0.08760809898376465,0,99
CCC[N+]1(C)CCCC1|O=S(=O)([N-]S(=O)(=O)C(F)(F)F)C(F)(F)F,0.28517892956733704,-0.007893681526184082,0,99
CCC[N+]1(C)CCCC1|O=S(=O)([N-]S(=O)(=O)C(F)(F)F)C(F)(F)F,0.4121096432209015,0.06809079647064209,0,99
CCC[N+]1(C)CCCC1|O=S(=O)([N-]S(=O)(=O)C(F)(F)F)C(F)(F)F,0.5128236413002014,0.1443159580230713,0,99
CCCCCCCCCCCCCC[P+](CCCCCC)(CCCCCC)CCCCCC|O=C([O-])C(F)(F)C(F)(F)C(F)(F)C(F)(F)C(F)(F)C(F)(F)C(F)(F)C(F)(F)F,-6.377127170562744,-4.596070766448975,0,14
CCCCCCCCCCCCCC[P+](CCCCCC)(CCCCCC)CCCCCC|O=C([O-])C(F)(F)C(F)(F)C(F)(F)C(F)(F)C(F)(F)C(F)(F)C(F)(F)C(F)(F)F,-6.074846267700195,-4.3690690994262695,0,14
CCCCCCCCCCCCCC[P+](CCCCCC)(CCCCCC)CCCCCC|O=C([O-])C(F)(F)C(F)(F)C(F)(F)C(F)(F)C(F)(F)C(F)(F)C(F)(F)C(F)(F)F,-5.843044757843018,-4.158067226409912,0,14
CCCCCCCCCCCCCC[P+](CCCCCC)(CCCCCC)CCCCCC|O=C([O-])C(F)(F)C(F)(F)C(F)(F)C(F)(F)C(F)(F)C(F)(F)C(F)(F)C(F)(F)F,-5.599422454833984,-3.958779811859131,0,14
CCCCCCCCCCCCCC[P+](CCCCCC)(CCCCCC)CCCCCC|O=C([O-])C(F)(F)C(F)(F)C(F)(F)C(F)(F)C(F)(F)C(F)(F)C(F)(F)C(F)(F)F,-5.2983174324035645,-3.73659610748291,0,14
CCCCCCCCCCCCCC[P+](CCCCCC)(CCCCCC)CCCCCC|O=C([O-])C(F)(F)C(F)(F)C(F)(F)C(F)(F)C(F)(F)C(F)(F)C(F)(F)C(F)(F)F,-5.0832061767578125,-3.516552448272705,0,14
CCCCCCCCCCCCCC[P+](CCCCCC)(CCCCCC)CCCCCC|O=C([O-])C(F)(F)C(F)(F)C(F)(F)C(F)(F)C(F)(F)C(F)(F)C(F)(F)C(F)(F)F,-4.892852306365967,-3.3346152305603027,0,14
CCCCCCCCCCCCCC[P+](CCCCCC)(CCCCCC)CCCCCC|O=C([O-])C(F)(F)C(F)(F)C(F)(F)C(F)(F)C(F)(F)C(F)(F)C(F)(F)C(F)(F)F,-4.667045593261719,-3.170978546142578,0,14
CCCCCCCCCCCCCC[P+](CCCCCC)(CCCCCC)CCCCCC|O=C([O-])C(F)(F)C(F)(F)C(F)(F)C(F)(F)C(F)(F)C(F)(F)C(F)(F)C(F)(F)F,-4.528209209442139,-3.0247154235839844,0,14
CCCCCCCCCCCCCC[P+](CCCCCC)(CCCCCC)CCCCCC|O=C([O-])C(F)(F)C(F)(F)C(F)(F)C(F)(F)C(F)(F)C(F)(F)C(F)(F)C(F)(F)F,-4.283086776733398,-2.858067035675049,0,14
CCCCCCCCCCCCCC[P+](CCCCCC)(CCCCCC)CCCCCC|O=C([O-])C(F)(F)C(F)(F)C(F)(F)C(F)(F)C(F)(F)C(F)(F)C(F)(F)C(F)(F)F,-4.135166645050049,-2.7027034759521484,0,14
CCCCCCCCCCCCCC[P+](CCCCCC)(CCCCCC)CCCCCC|O=C([O-])C(F)(F)C(F)(F)C(F)(F)C(F)(F)C(F)(F)C(F)(F)C(F)(F)C(F)(F)F,-3.93734073638916,-2.545881509780884,0,14
CCCCCCCCCCCCCC[P+](CCCCCC)(CCCCCC)CCCCCC|O=C([O-])C(F)(F)C(F)(F)C(F)(F)C(F)(F)C(F)(F)C(F)(F)C(F)(F)C(F)(F)F,-3.8443644046783447,-2.4452064037323,0,14
CCCCCCCCCCCCCC[P+](CCCCCC)(CCCCCC)CCCCCC|O=C([O-])C(F)(F)C(F)(F)C(F)(F)C(F)(F)C(F)(F)C(F)(F)C(F)(F)C(F)(F)F,-3.645819902420044,-2.3447561264038086,0,14
Cn1cc[n+](CCCN)c1|F[B-](F)(F)F,-4.509860038757324,-2.1839702129364014,0,14
Cn1cc[n+](CCCN)c1|F[B-](F)(F)F,-4.017383575439453,-1.6560276746749878,0,14
Cn1cc[n+](CCCN)c1|F[B-](F)(F)F,-3.649658679962158,-1.2701704502105713,0,14
Cn1cc[n+](CCCN)c1|F[B-](F)(F)F,-3.2188758850097656,-0.9561685919761658,0,14
Cn1cc[n+](CCCN)c1|F[B-](F)(F)F,-2.9004220962524414,-0.6977489590644836,0,14
Cn1cc[n+](CCCN)c1|F[B-](F)(F)F,-2.631089210510254,-0.4517817497253418,0,14
Cn1cc[n+](CCCN)c1|F[B-](F)(F)F,-2.3644604682922363,-0.22344541549682617,0,14
Cn1cc[n+](CCCN)c1|F[B-](F)(F)F,-2.0874736309051514,-0.034839510917663574,0,14
Cn1cc[n+](CCCN)c1|F[B-](F)(F)F,-1.8388510942459106,0.14221954345703125,0,14
Cn1cc[n+](CCCN)c1|F[B-](F)(F)F,-1.594549298286438,0.2988651990890503,0,14
Cn1cc[n+](CCCN)c1|F[B-](F)(F)F,-1.3743658065795898,0.4302119016647339,0,14
Cn1cc[n+](CCCN)c1|F[B-](F)(F)F,-1.1776554584503174,0.5330682992935181,0,14
Cn1cc[n+](CCCN)c1|F[B-](F)(F)F,-0.9834994673728943,0.6314541101455688,0,14
Cn1cc[n+](CCCN)c1|F[B-](F)(F)F,-0.7830718755722046,0.7127436399459839,0,14
CCCCCC[N+]1(C)CCOCC1|CCCCCCO[PH](=O)[O-],-4.199705123901367,-3.4282283782958984,0,13
CCCCCC[N+]1(C)CCOCC1|CCCCCCO[PH](=O)[O-],-4.135166645050049,-3.3278965950012207,0,13
CCCCCC[N+]1(C)CCOCC1|CCCCCCO[PH](=O)[O-],-4.074542045593262,-3.225517749786377,0,13
CCCCCC[N+]1(C)CCOCC1|CCCCCCO[PH](=O)[O-],-3.9633162021636963,-3.1228623390197754,0,13
CCCCCC[N+]1(C)CCOCC1|CCCCCCO[PH](=O)[O-],-3.9120230674743652,-3.0189552307128906,0,13
CCCCCC[N+]1(C)CCOCC1|CCCCCCO[PH](=O)[O-],-3.8167128562927246,-2.9193081855773926,0,13
CCCCCC[N+]1(C)CCOCC1|CCCCCCO[PH](=O)[O-],-3.729701519012451,-2.8261961936950684,0,13
CCCCCC[N+]1(C)CCOCC1|CCCCCCO[PH](=O)[O-],-3.649658679962158,-2.7367632389068604,0,13
CCCCCC[N+]1(C)CCOCC1|CCCCCCO[PH](=O)[O-],-3.5755507946014404,-2.647787570953369,0,13
CCCCCC[N+]1(C)CCOCC1|CCCCCCO[PH](=O)[O-],-3.5065579414367676,-2.558380603790283,0,13
CCCCCC[N+]1(C)CCOCC1|CCCCCCO[PH](=O)[O-],-3.442019462585449,-2.474825620651245,0,13
CCCCCC[N+]1(C)CCOCC1|CCCCCCO[PH](=O)[O-],-3.352407217025757,-2.3919053077697754,0,13
CCCCCC[N+]1(C)CCOCC1|CCCCCCO[PH](=O)[O-],-3.2701690196990967,-2.3124914169311523,0,13
CCCC[n+]1ccn(C)c1|O=S(=O)([N-]S(=O)(=O)C(F)(F)F)C(F)(F)F,-5.11599588394165,-5.69807767868042,0,337
CCCC[n+]1ccn(C)c1|O=S(=O)([N-]S(=O)(=O)C(F)(F)F)C(F)(F)F,-4.135166645050049,-4.814764022827148,0,337
CCCC[n+]1ccn(C)c1|O=S(=O)([N-]S(=O)(=O)C(F)(F)F)C(F)(F)F,-3.2701690196990967,-4.101943016052246,0,337
CCCC[n+]1ccn(C)c1|O=S(=O)([N-]S(=O)(=O)C(F)(F)F)C(F)(F)F,-2.525728702545166,-3.3684499263763428,0,337
CCCC[n+]1ccn(C)c1|O=S(=O)([N-]S(=O)(=O)C(F)(F)F)C(F)(F)F,-1.9310215711593628,-2.647944450378418,0,337
CCCC[n+]1ccn(C)c1|O=S(=O)([N-]S(=O)(=O)C(F)(F)F)C(F)(F)F,-1.3356012105941772,-1.830976963043213,0,337
CCCC[n+]1ccn(C)c1|O=S(=O)([N-]S(=O)(=O)C(F)(F)F)C(F)(F)F,-0.9675840139389038,-1.3392176628112793,0,337
CCCC[n+]1ccn(C)c1|O=S(=O)([N-]S(=O)(=O)C(F)(F)F)C(F)(F)F,-0.597836971282959,-0.8675943613052368,0,337
CCCC[n+]1ccn(C)c1|O=S(=O)([N-]S(=O)(=O)C(F)(F)F)C(F)(F)F,-0.22941316664218903,-0.4714599847793579,0,337
CCCC[n+]1ccn(C)c1|O=S(=O)([N-]S(=O)(=O)C(F)(F)F)C(F)(F)F,-0.0010005002841353416,-0.17785274982452393,0,337
CCCC[n+]1ccn(C)c1|O=S(=O)([N-]S(=O)(=O)C(F)(F)F)C(F)(F)F,0.22474227845668793,0.01788473129272461,0,337
CCCC[n+]1ccn(C)c1|O=S(=O)([N-]S(=O)(=O)C(F)(F)F)C(F)(F)F,0.4818086624145508,0.17929017543792725,0,337
CCCC[n+]1ccn(C)c1|O=S(=O)([N-]S(=O)(=O)C(F)(F)F)C(F)(F)F,0.6528458595275879,0.32964885234832764,0,337
CCCC[n+]1ccccc1C|F[B-](F)(F)F,-3.07045578956604,-2.4282732009887695,0,21
CCCC[n+]1ccccc1C|F[B-](F)(F)F,-2.8455896377563477,-2.1578385829925537,0,21
CCCC[n+]1ccccc1C|F[B-](F)(F)F,-2.6549835205078125,-1.9147300720214844,0,21
CCCC[n+]1ccccc1C|F[B-](F)(F)F,-2.468639612197876,-1.7199156284332275,0,21
CCCC[n+]1ccccc1C|F[B-](F)(F)F,-2.290656566619873,-1.541744589805603,0,21
CCCC[n+]1ccccc1C|F[B-](F)(F)F,-2.1169357299804688,-1.3852146863937378,0,21
CCCC[n+]1ccccc1C|F[B-](F)(F)F,-1.9519282579421997,-1.2417056560516357,0,21
CCCC[n+]1ccccc1C|F[B-](F)(F)F,-1.7957675457000732,-1.1109517812728882,0,21
CCCC[n+]1ccccc1C|F[B-](F)(F)F,-1.6471397876739502,-0.9870296716690063,0,21
CCCC[n+]1ccccc1C|F[B-](F)(F)F,-1.505077838897705,-0.8717507123947144,0,21
CCCC[n+]1ccccc1C|F[B-](F)(F)F,-1.370421051979065,-0.7571657299995422,0,21
CCCC[n+]1ccccc1C|F[B-](F)(F)F,-1.2310014963150024,-0.6446712613105774,0,21
CCCC[n+]1ccccc1C|F[B-](F)(F)F,-1.1056369543075562,-0.5321767330169678,0,21
CCCC[n+]1ccccc1C|F[B-](F)(F)F,-0.9808292388916016,-0.42347705364227295,0,21
CCCC[n+]1ccccc1C|F[B-](F)(F)F,-0.8698843717575073,-0.32099199295043945,0,21
CCCC[n+]1ccccc1C|F[B-](F)(F)F,-0.7507762908935547,-0.22272014617919922,0,21
CCCC[n+]1ccccc1C|F[B-](F)(F)F,-0.6424540877342224,-0.13498413562774658,0,21
CCCC[n+]1ccccc1C|F[B-](F)(F)F,-0.5430045127868652,-0.047247886657714844,0,21
CCCC[n+]1ccccc1C|F[B-](F)(F)F,-0.4462870955467224,0.03812611103057861,0,21
CCCC[n+]1ccccc1C|F[B-](F)(F)F,-0.3509769141674042,0.12064731121063232,0,21
CCCC[n+]1ccccc1C|F[B-](F)(F)F,-0.26136475801467896,0.19281327724456787,0,21
CCC[N+]1(C)CCCC1|O=S(=O)([N-]S(=O)(=O)C(F)(F)F)C(F)(F)F,-0.8347107172012329,-1.0782244205474854,0,99
CCC[N+]1(C)CCCC1|O=S(=O)([N-]S(=O)(=O)C(F)(F)F)C(F)(F)F,-0.7874578833580017,-0.9705991744995117,0,99
CCC[N+]1(C)CCCC1|O=S(=O)([N-]S(=O)(=O)C(F)(F)F)C(F)(F)F,-0.6329932808876038,-0.7365261316299438,0,99
CCC[N+]1(C)CCCC1|O=S(=O)([N-]S(=O)(=O)C(F)(F)F)C(F)(F)F,-0.4478508234024048,-0.5300701856613159,0,99
CCC[N+]1(C)CCCC1|O=S(=O)([N-]S(=O)(=O)C(F)(F)F)C(F)(F)F,-0.29169008135795593,-0.3812640905380249,0,99
CCC[N+]1(C)CCCC1|O=S(=O)([N-]S(=O)(=O)C(F)(F)F)C(F)(F)F,-0.15198636054992676,-0.287652850151062,0,99
CCC[N+]1(C)CCCC1|O=S(=O)([N-]S(=O)(=O)C(F)(F)F)C(F)(F)F,0.019802628085017204,-0.18080222606658936,0,99
CCC[N+]1(C)CCCC1|O=S(=O)([N-]S(=O)(=O)C(F)(F)F)C(F)(F)F,0.11332868784666061,-0.07858490943908691,0,99
CCC[N+]1(C)CCCC1|O=S(=O)([N-]S(=O)(=O)C(F)(F)F)C(F)(F)F,0.2231435477733612,-0.020494818687438965,0,99
CCC[N+]1(C)CCCC1|O=S(=O)([N-]S(=O)(=O)C(F)(F)F)C(F)(F)F,0.3074846863746643,0.05171835422515869,0,99
CCC[N+]1(C)CCCC1|O=S(=O)([N-]S(=O)(=O)C(F)(F)F)C(F)(F)F,0.4121096432209015,0.12863576412200928,0,99
CCC[N+]1(C)CCCC1|O=S(=O)([N-]S(=O)(=O)C(F)(F)F)C(F)(F)F,0.6205765008926392,0.23214995861053467,0,99
CCC[N+]1(C)CCCC1|O=S(=O)([N-]S(=O)(=O)C(F)(F)F)C(F)(F)F,0.7466879487037659,0.34121930599212646,0,99
CCC[N+]1(C)CCCC1|O=S(=O)([N-]S(=O)(=O)C(F)(F)F)C(F)(F)F,0.8501509428024292,0.44905340671539307,0,99
CCC[N+]1(C)CCCC1|O=S(=O)([N-]S(=O)(=O)C(F)(F)F)C(F)(F)F,0.9555114507675171,0.515006422996521,0,99
CCCC[N+]1(C)CCCC1|N#C[N-]C#N,-2.287696361541748,-4.73024320602417,0,58
CCCC[N+]1(C)CCCC1|N#C[N-]C#N,-1.6074398756027222,-3.6550049781799316,0,58
CCCC[N+]1(C)CCCC1|N#C[N-]C#N,-1.0438400506973267,-2.605705738067627,0,58
CCCC[N+]1(C)CCCC1|N#C[N-]C#N,-0.5688078999519348,-1.7078139781951904,0,58
CCCC[N+]1(C)CCCC1|N#C[N-]C#N,-0.16960278153419495,-1.058289647102356,0,58
CCCC[N+]1(C)CCCC1|N#C[N-]C#N,0.17395330965518951,-0.5442135334014893,0,58
CCCC[N+]1(C)CCCC1|N#C[N-]C#N,0.47499117255210876,-0.13405251502990723,0,58
CCCC[N+]1(C)CCCC1|N#C[N-]C#N,0.7347688674926758,0.13576841354370117,0,58
CCCC[N+]1(C)CCCC1|N#C[N-]C#N,0.965461790561676,0.36233317852020264,0,58
CCCC[N+]1(C)CCCC1|N#C[N-]C#N,1.1715528964996338,0.5333434343338013,0,58
CCCC[N+]1(C)CCCC1|N#C[N-]C#N,1.3553194999694824,0.68590247631073,0,58
CCCC[N+]1(C)CCCC1|N#C[N-]C#N,1.5212621688842773,0.8118463754653931,0,58
CCCC[N+]1(C)CCCC1|N#C[N-]C#N,1.6722248792648315,0.9348369836807251,0,58
CCCC[N+]1(C)CCCC1|N#C[N-]C#N,1.8102540969848633,1.0554665327072144,0,58
CCCC[N+]1(C)CCCC1|N#C[N-]C#N,1.9362926483154297,1.1810811758041382,0,58
CCCC[N+]1(C)CCCC1|N#C[N-]C#N,2.052070379257202,1.3084155321121216,0,58
CCCC[N+]1(C)CCCC1|N#C[N-]C#N,2.159407377243042,1.4386574029922485,0,58
CCCC[N+]1(C)CCCC1|N#C[N-]C#N,2.258319616317749,1.5688432455062866,0,58
CCCC[N+]1(C)CCCC1|N#C[N-]C#N,2.34946870803833,1.6977797746658325,0,58
CCCC[N+]1(C)CCCC1|N#C[N-]C#N,2.4336133003234863,1.8267163038253784,0,58
CCCC[N+]1(C)CCCC1|N#C[N-]C#N,2.507157325744629,1.9564577341079712,0,58
CCCCCCCC[N+]1(C)CCCC1|CCCCCCCCO[PH](=O)[O-],-3.4737679958343506,-3.849493980407715,0,13
CCCCCCCC[N+]1(C)CCCC1|CCCCCCCCO[PH](=O)[O-],-3.442019462585449,-3.742255687713623,0,13
CCCCCCCC[N+]1(C)CCCC1|CCCCCCCCO[PH](=O)[O-],-3.381394863128662,-3.634030818939209,0,13
CCCCCCCC[N+]1(C)CCCC1|CCCCCCCCO[PH](=O)[O-],-3.3242363929748535,-3.525805950164795,0,13
CCCCCCCC[N+]1(C)CCCC1|CCCCCCCCO[PH](=O)[O-],-3.2701690196990967,-3.417619228363037,0,13
CCCCCCCC[N+]1(C)CCCC1|CCCCCCCCO[PH](=O)[O-],-3.2188758850097656,-3.3198013305664062,0,13
CCCCCCCC[N+]1(C)CCCC1|CCCCCCCCO[PH](=O)[O-],-3.1700856685638428,-3.2242684364318848,0,13
CCCCCCCC[N+]1(C)CCCC1|CCCCCCCCO[PH](=O)[O-],-3.123565673828125,-3.1288766860961914,0,13
CCCCCCCC[N+]1(C)CCCC1|CCCCCCCCO[PH](=O)[O-],-3.0791139602661133,-3.0332279205322266,0,13
CCCCCCCC[N+]1(C)CCCC1|CCCCCCCCO[PH](=O)[O-],-3.0365543365478516,-2.937103748321533,0,13
CCCCCCCC[N+]1(C)CCCC1|CCCCCCCCO[PH](=O)[O-],-2.9759297370910645,-2.83734130859375,0,13
CCCCCCCC[N+]1(C)CCCC1|CCCCCCCCO[PH](=O)[O-],-2.9374632835388184,-2.735912322998047,0,13
CCCCCCCC[N+]1(C)CCCC1|CCCCCCCCO[PH](=O)[O-],-2.882403612136841,-2.6362311840057373,0,13
CCCn1cc[n+](C)c1|N#C[N-]C#N,0.3960879445075989,0.07893836498260498,0,13
CCCn1cc[n+](C)c1|N#C[N-]C#N,0.5573274493217468,0.26041650772094727,0,13
CCCn1cc[n+](C)c1|N#C[N-]C#N,0.7065568566322327,0.3947407007217407,0,13
CCCn1cc[n+](C)c1|N#C[N-]C#N,0.8450095057487488,0.511614203453064,0,13
CCCn1cc[n+](C)c1|N#C[N-]C#N,0.9749369025230408,0.6047405004501343,0,13
CCCn1cc[n+](C)c1|N#C[N-]C#N,1.0962762832641602,0.6833814382553101,0,13
CCCn1cc[n+](C)c1|N#C[N-]C#N,1.2071677446365356,0.7544118165969849,0,13
CCCn1cc[n+](C)c1|N#C[N-]C#N,1.3139925003051758,0.8228968381881714,0,13
CCCn1cc[n+](C)c1|N#C[N-]C#N,1.4126927852630615,0.8885966539382935,0,13
CCCn1cc[n+](C)c1|N#C[N-]C#N,1.505631685256958,0.9525302648544312,0,13
CCCn1cc[n+](C)c1|N#C[N-]C#N,1.594730257987976,1.0140327215194702,0,13
CCCn1cc[n+](C)c1|N#C[N-]C#N,1.6769096851348877,1.073567271232605,0,13
CCCn1cc[n+](C)c1|N#C[N-]C#N,1.7552683353424072,1.1349531412124634,0,13
CCC[n+]1cn(C)cn1|Cc1ccc(S(=O)(=O)[O-])cc1,-5.20119047164917,-7.469397068023682,0,12
CCC[n+]1cn(C)cn1|Cc1ccc(S(=O)(=O)[O-])cc1,-4.702783107757568,-7.018728733062744,0,12
CCC[n+]1cn(C)cn1|Cc1ccc(S(=O)(=O)[O-])cc1,-4.283086776733398,-6.557208061218262,0,12
CCC[n+]1cn(C)cn1|Cc1ccc(S(=O)(=O)[O-])cc1,-3.877621650695801,-6.055831432342529,0,12
CCC[n+]1cn(C)cn1|Cc1ccc(S(=O)(=O)[O-])cc1,-3.509896755218506,-5.542694568634033,0,12
CCC[n+]1cn(C)cn1|Cc1ccc(S(=O)(=O)[O-])cc1,-3.189316987991333,-5.044682502746582,0,12
CCC[n+]1cn(C)cn1|Cc1ccc(S(=O)(=O)[O-])cc1,-2.878838539123535,-4.517344951629639,0,12
CCC[n+]1cn(C)cn1|Cc1ccc(S(=O)(=O)[O-])cc1,-2.598299264907837,-3.9975128173828125,0,12
CCC[n+]1cn(C)cn1|Cc1ccc(S(=O)(=O)[O-])cc1,-2.3423659801483154,-3.4799857139587402,0,12
CCC[n+]1cn(C)cn1|Cc1ccc(S(=O)(=O)[O-])cc1,-2.1236023902893066,-3.018124580383301,0,12
CCC[n+]1cn(C)cn1|Cc1ccc(S(=O)(=O)[O-])cc1,-1.8937921524047852,-2.502467155456543,0,12
CCC[n+]1cn(C)cn1|Cc1ccc(S(=O)(=O)[O-])cc1,-1.7021015882492065,-2.1174960136413574,0,12
CCCCCC[n+]1ccn(C)c1|N#C[N-]C#N,-0.8675005435943604,-0.8126193284988403,0,14
CCCCCC[n+]1ccn(C)c1|N#C[N-]C#N,-0.6597124338150024,-0.5752257108688354,0,14
CCCCCC[n+]1ccn(C)c1|N#C[N-]C#N,-0.4684049189090729,-0.34917891025543213,0,14
CCCCCC[n+]1ccn(C)c1|N#C[N-]C#N,-0.29571422934532166,-0.15721380710601807,0,14
CCCCCC[n+]1ccn(C)c1|N#C[N-]C#N,-0.13467490673065186,0.008727788925170898,0,14
CCCCCC[n+]1ccn(C)c1|N#C[N-]C#N,0.011928570456802845,0.15761256217956543,0,14
CCCCCC[n+]1ccn(C)c1|N#C[N-]C#N,0.1466943770647049,0.2707864046096802,0,14
CCCCCC[n+]1ccn(C)c1|N#C[N-]C#N,0.2753564119338989,0.36660122871398926,0,14
CCCCCC[n+]1ccn(C)c1|N#C[N-]C#N,0.391366183757782,0.4577094316482544,0,14
CCCCCC[n+]1ccn(C)c1|N#C[N-]C#N,0.49956244230270386,0.5337129831314087,0,14
CCCCCC[n+]1ccn(C)c1|N#C[N-]C#N,0.604315996170044,0.6060680150985718,0,14
CCCCCC[n+]1ccn(C)c1|N#C[N-]C#N,0.7001227736473083,0.6759089231491089,0,14
CCCCCC[n+]1ccn(C)c1|N#C[N-]C#N,0.7893660664558411,0.7420002222061157,0,14
CCCn1c[n+](C)cn1|O=S(=O)([N-]S(=O)(=O)C(F)(F)F)C(F)(F)F,-1.7092581987380981,-1.3075511455535889,0,24
CCCn1c[n+](C)cn1|O=S(=O)([N-]S(=O)(=O)C(F)(F)F)C(F)(F)F,-1.4696760177612305,-1.0804736614227295,0,24
CCCn1c[n+](C)cn1|O=S(=O)([N-]S(=O)(=O)C(F)(F)F)C(F)(F)F,-1.2482730150222778,-0.8666487336158752,0,24
CCCn1c[n+](C)cn1|O=S(=O)([N-]S(=O)(=O)C(F)(F)F)C(F)(F)F,-1.0441241264343262,-0.6622179746627808,0,24
CCCn1c[n+](C)cn1|O=S(=O)([N-]S(=O)(=O)C(F)(F)F)C(F)(F)F,-0.8556661009788513,-0.479516863822937,0,24
CCCn1c[n+](C)cn1|O=S(=O)([N-]S(=O)(=O)C(F)(F)F)C(F)(F)F,-0.6812186241149902,-0.33832991123199463,0,24
CCCn1c[n+](C)cn1|O=S(=O)([N-]S(=O)(=O)C(F)(F)F)C(F)(F)F,-0.5191938877105713,-0.21145915985107422,0,24
CCCn1c[n+](C)cn1|O=S(=O)([N-]S(=O)(=O)C(F)(F)F)C(F)(F)F,-0.36961546540260315,-0.0987701416015625,0,24
CCCn1c[n+](C)cn1|O=S(=O)([N-]S(=O)(=O)C(F)(F)F)C(F)(F)F,-0.22815608978271484,-0.008789896965026855,0,24
CCCn1c[n+](C)cn1|O=S(=O)([N-]S(=O)(=O)C(F)(F)F)C(F)(F)F,-0.09651090204715729,0.07287001609802246,0,24
CCCn1c[n+](C)cn1|O=S(=O)([N-]S(=O)(=O)C(F)(F)F)C(F)(F)F,0.026641931384801865,0.14860272407531738,0,24
CCCn1c[n+](C)cn1|O=S(=O)([N-]S(=O)(=O)C(F)(F)F)C(F)(F)F,0.14236724376678467,0.22252488136291504,0,24
CCCn1c[n+](C)cn1|O=S(=O)([N-]S(=O)(=O)C(F)(F)F)C(F)(F)F,-1.6949957609176636,-1.2932939529418945,0,24
CCCn1c[n+](C)cn1|O=S(=O)([N-]S(=O)(=O)C(F)(F)F)C(F)(F)F,-1.456716775894165,-1.0720099210739136,0,24
CCCn1c[n+](C)cn1|O=S(=O)([N-]S(=O)(=O)C(F)(F)F)C(F)(F)F,-1.2413285970687866,-0.8579263091087341,0,24
CCCn1c[n+](C)cn1|O=S(=O)([N-]S(=O)(=O)C(F)(F)F)C(F)(F)F,-1.0384583473205566,-0.6581816673278809,0,24
CCCn1c[n+](C)cn1|O=S(=O)([N-]S(=O)(=O)C(F)(F)F)C(F)(F)F,-0.8509712815284729,-0.47328460216522217,0,24
CCCn1c[n+](C)cn1|O=S(=O)([N-]S(=O)(=O)C(F)(F)F)C(F)(F)F,-0.6772738099098206,-0.33563029766082764,0,24
CCCn1c[n+](C)cn1|O=S(=O)([N-]S(=O)(=O)C(F)(F)F)C(F)(F)F,-0.5124936699867249,-0.20650041103363037,0,24
CCCn1c[n+](C)cn1|O=S(=O)([N-]S(=O)(=O)C(F)(F)F)C(F)(F)F,-0.3754209876060486,-0.10278594493865967,0,24
CCCn1c[n+](C)cn1|O=S(=O)([N-]S(=O)(=O)C(F)(F)F)C(F)(F)F,-0.22189433872699738,-0.005539536476135254,0,24
CCCn1c[n+](C)cn1|O=S(=O)([N-]S(=O)(=O)C(F)(F)F)C(F)(F)F,-0.09761282801628113,0.07287001609802246,0,24
CCCn1c[n+](C)cn1|O=S(=O)([N-]S(=O)(=O)C(F)(F)F)C(F)(F)F,0.03140176460146904,0.15303778648376465,0,24
CCCn1c[n+](C)cn1|O=S(=O)([N-]S(=O)(=O)C(F)(F)F)C(F)(F)F,0.14375396072864532,0.22548210620880127,0,24
CCCCn1c[n+](C)cn1|O=S(=O)([N-]S(=O)(=O)C(F)(F)F)C(F)(F)F,-2.103734254837036,-1.5810755491256714,0,12
CCCCn1c[n+](C)cn1|O=S(=O)([N-]S(=O)(=O)C(F)(F)F)C(F)(F)F,-1.85150945186615,-1.3441810607910156,0,12
CCCCn1c[n+](C)cn1|O=S(=O)([N-]S(=O)(=O)C(F)(F)F)C(F)(F)F,-1.61948823928833,-1.1316691637039185,0,12
CCCCn1c[n+](C)cn1|O=S(=O)([N-]S(=O)(=O)C(F)(F)F)C(F)(F)F,-1.4064971208572388,-0.9215090870857239,0,12
CCCCn1c[n+](C)cn1|O=S(=O)([N-]S(=O)(=O)C(F)(F)F)C(F)(F)F,-1.2140231132507324,-0.7336091995239258,0,12
CCCCn1c[n+](C)cn1|O=S(=O)([N-]S(=O)(=O)C(F)(F)F)C(F)(F)F,-1.0300195217132568,-0.564671516418457,0,12
CCCCn1c[n+](C)cn1|O=S(=O)([N-]S(=O)(=O)C(F)(F)F)C(F)(F)F,-0.8651224374771118,-0.4181797504425049,0,12
CCCCn1c[n+](C)cn1|O=S(=O)([N-]S(=O)(=O)C(F)(F)F)C(F)(F)F,-0.7072461247444153,-0.2877699136734009,0,12
CCCCn1c[n+](C)cn1|O=S(=O)([N-]S(=O)(=O)C(F)(F)F)C(F)(F)F,-0.5621189475059509,-0.1715373992919922,0,12
CCCCn1c[n+](C)cn1|O=S(=O)([N-]S(=O)(=O)C(F)(F)F)C(F)(F)F,-0.42771071195602417,-0.07925212383270264,0,12
CCCCn1c[n+](C)cn1|O=S(=O)([N-]S(=O)(=O)C(F)(F)F)C(F)(F)F,-0.29975464940071106,0.003697991371154785,0,12
CCCCn1c[n+](C)cn1|O=S(=O)([N-]S(=O)(=O)C(F)(F)F)C(F)(F)F,-0.1803235560655594,0.07845783233642578,0,12
COC[N+]1(C)CCCC1|O=S(=O)(F)[N-]S(=O)(=O)F,-0.7765287756919861,-1.8664145469665527,0,12
COC[N+]1(C)CCCC1|O=S(=O)(F)[N-]S(=O)(=O)F,-0.5905905961990356,-1.633595585823059,0,12
COC[N+]1(C)CCCC1|O=S(=O)(F)[N-]S(=O)(=O)F,-0.41703173518180847,-1.4140545129776,0,12
COC[N+]1(C)CCCC1|O=S(=O)(F)[N-]S(=O)(=O)F,-0.25877073407173157,-1.2233879566192627,0,12
COC[N+]1(C)CCCC1|O=S(=O)(F)[N-]S(=O)(=O)F,-0.10758521407842636,-1.0618691444396973,0,12
COC[N+]1(C)CCCC1|O=S(=O)(F)[N-]S(=O)(=O)F,0.03246719017624855,-0.9038271307945251,0,12
COC[N+]1(C)CCCC1|O=S(=O)(F)[N-]S(=O)(=O)F,0.1638180911540985,-0.7625911235809326,0,12
COC[N+]1(C)CCCC1|O=S(=O)(F)[N-]S(=O)(=O)F,0.40011751651763916,-0.554438591003418,0,12
COC[N+]1(C)CCCC1|O=S(=O)(F)[N-]S(=O)(=O)F,0.6103088855743408,-0.4148523807525635,0,12
COC[N+]1(C)CCCC1|O=S(=O)(F)[N-]S(=O)(=O)F,0.7984076738357544,-0.27351319789886475,0,12
COC[N+]1(C)CCCC1|O=S(=O)(F)[N-]S(=O)(=O)F,0.9692625999450684,-0.14030861854553223,0,12
COC[N+]1(C)CCCC1|O=S(=O)(F)[N-]S(=O)(=O)F,1.1210259199142456,-0.011298179626464844,0,12
C=CC[N+](C)(C)CC|O=C([O-])C(F)(F)F,-1.0300195217132568,-1.200595736503601,0,12
C=CC[N+](C)(C)CC|O=C([O-])C(F)(F)F,-0.8051967024803162,-0.9808615446090698,0,12
C=CC[N+](C)(C)CC|O=C([O-])C(F)(F)F,-0.5923972725868225,-0.7874985933303833,0,12
C=CC[N+](C)(C)CC|O=C([O-])C(F)(F)F,-0.4079682528972626,-0.615792989730835,0,12
C=CC[N+](C)(C)CC|O=C([O-])C(F)(F)F,-0.23445731401443481,-0.4580700397491455,0,12
C=CC[N+](C)(C)CC|O=C([O-])C(F)(F)F,-0.06613980233669281,-0.3299351930618286,0,12
C=CC[N+](C)(C)CC|O=C([O-])C(F)(F)F,0.08525984734296799,-0.22314667701721191,0,12
C=CC[N+](C)(C)CC|O=C([O-])C(F)(F)F,0.2326977699995041,-0.1339564323425293,0,12
C=CC[N+](C)(C)CC|O=C([O-])C(F)(F)F,0.37706562876701355,-0.05201601982116699,0,12
C=CC[N+](C)(C)CC|O=C([O-])C(F)(F)F,0.5038009881973267,0.01864778995513916,0,12
C=CC[N+](C)(C)CC|O=C([O-])C(F)(F)F,0.6254035234451294,0.08816075325012207,0,12
C=CC[N+](C)(C)CC|O=C([O-])C(F)(F)F,0.7428892850875854,0.1543973684310913,0,12
CCCC[n+]1ccccc1|F[B-](F)(F)F,-4.586348533630371,-5.163557529449463,0,37
CCCC[n+]1ccccc1|F[B-](F)(F)F,-3.496607542037964,-3.9515438079833984,0,37
CCCC[n+]1ccccc1|F[B-](F)(F)F,-2.6422624588012695,-2.7370095252990723,0,37
CCCC[n+]1ccccc1|F[B-](F)(F)F,-1.9519282579421997,-1.7018985748291016,0,37
CCCC[n+]1ccccc1|F[B-](F)(F)F,-1.3862943649291992,-1.0216784477233887,0,37
CCCC[n+]1ccccc1|F[B-](F)(F)F,-0.9113031625747681,-0.5104726552963257,0,37
CCCC[n+]1ccccc1|F[B-](F)(F)F,-0.5074978470802307,-0.1087641716003418,0,37
CCCC[n+]1ccccc1|F[B-](F)(F)F,-0.16134315729141235,0.21535086631774902,0,37
CCCC[n+]1ccccc1|F[B-](F)(F)F,0.14063112437725067,0.43189680576324463,0,37
CCCC[n+]1ccccc1|F[B-](F)(F)F,0.40546509623527527,0.5884066820144653,0,37
CCCC[n+]1ccccc1|F[B-](F)(F)F,0.6392188668251038,0.7207344770431519,0,37
CCCC[n+]1ccccc1|F[B-](F)(F)F,0.847583532333374,0.845152735710144,0,37
CCCC[n+]1ccn(C)c1|O=S(=O)([N-]S(=O)(=O)C(F)(F)F)C(F)(F)F,-2.8735146522521973,-3.3579697608947754,0,337
CCCC[n+]1ccn(C)c1|O=S(=O)([N-]S(=O)(=O)C(F)(F)F)C(F)(F)F,-2.1768338680267334,-2.6360487937927246,0,337
CCCC[n+]1ccn(C)c1|O=S(=O)([N-]S(=O)(=O)C(F)(F)F)C(F)(F)F,-1.6119410991668701,-1.8826234340667725,0,337
CCCC[n+]1ccn(C)c1|O=S(=O)([N-]S(=O)(=O)C(F)(F)F)C(F)(F)F,-1.145703911781311,-1.3320037126541138,0,337
CCCC[n+]1ccn(C)c1|O=S(=O)([N-]S(=O)(=O)C(F)(F)F)C(F)(F)F,-0.7528972029685974,-0.8607776165008545,0,337
CCCC[n+]1ccn(C)c1|O=S(=O)([N-]S(=O)(=O)C(F)(F)F)C(F)(F)F,-0.13124828040599823,-0.17406392097473145,0,337
CCCC[n+]1ccn(C)c1|O=S(=O)([N-]S(=O)(=O)C(F)(F)F)C(F)(F)F,0.11955923587083817,0.020438432693481445,0,337
CCCC[n+]1ccn(C)c1|O=S(=O)([N-]S(=O)(=O)C(F)(F)F)C(F)(F)F,0.3400373160839081,0.18158257007598877,0,337
CCCC[n+]1ccn(C)c1|O=S(=O)([N-]S(=O)(=O)C(F)(F)F)C(F)(F)F,0.5353230834007263,0.33184731006622314,0,337
CCCC[n+]1ccn(C)c1|O=S(=O)([N-]S(=O)(=O)C(F)(F)F)C(F)(F)F,0.7095125317573547,0.4643968343734741,0,337
CCCC[n+]1ccn(C)c1|O=S(=O)([N-]S(=O)(=O)C(F)(F)F)C(F)(F)F,0.8658391833305359,0.5948284864425659,0,337
CC[N+](C)(C)CCOCCOC|O=S(=O)([N-]S(=O)(=O)C(F)(F)F)C(F)(F)F,-2.6867780685424805,-2.1824445724487305,0,12
CC[N+](C)(C)CCOCCOC|O=S(=O)([N-]S(=O)(=O)C(F)(F)F)C(F)(F)F,-2.368724822998047,-2.000779151916504,0,12
CC[N+](C)(C)CCOCCOC|O=S(=O)([N-]S(=O)(=O)C(F)(F)F)C(F)(F)F,-2.0802419185638428,-1.8257468938827515,0,12
CC[N+](C)(C)CCOCCOC|O=S(=O)([N-]S(=O)(=O)C(F)(F)F)C(F)(F)F,-1.818925142288208,-1.6594218015670776,0,12
CC[N+](C)(C)CCOCCOC|O=S(=O)([N-]S(=O)(=O)C(F)(F)F)C(F)(F)F,-1.579393744468689,-1.5123660564422607,0,12
CC[N+](C)(C)CCOCCOC|O=S(=O)([N-]S(=O)(=O)C(F)(F)F)C(F)(F)F,-1.358679175376892,-1.3808774948120117,0,12
CC[N+](C)(C)CCOCCOC|O=S(=O)([N-]S(=O)(=O)C(F)(F)F)C(F)(F)F,-1.1551826000213623,-1.286465048789978,0,12
CC[N+](C)(C)CCOCCOC|O=S(=O)([N-]S(=O)(=O)C(F)(F)F)C(F)(F)F,-0.7962879538536072,-1.1510915756225586,0,12
CC[N+](C)(C)CCOCCOC|O=S(=O)([N-]S(=O)(=O)C(F)(F)F)C(F)(F)F,-0.48450830578804016,-1.0425300598144531,0,12
CC[N+](C)(C)CCOCCOC|O=S(=O)([N-]S(=O)(=O)C(F)(F)F)C(F)(F)F,-0.21072103083133698,-0.9286163449287415,0,12
CC[N+](C)(C)CCOCCOC|O=S(=O)([N-]S(=O)(=O)C(F)(F)F)C(F)(F)F,0.024692611768841743,-0.8076539635658264,0,12
CC[N+](C)(C)CCOCCOC|O=S(=O)([N-]S(=O)(=O)C(F)(F)F)C(F)(F)F,0.2382291853427887,-0.6998955607414246,0,12
CCCCCCC[N+](C)(C)CC|O=S(=O)([N-]S(=O)(=O)C(F)(F)F)C(F)(F)F,-4.154094696044922,-3.987600326538086,0,12
CCCCCCC[N+](C)(C)CC|O=S(=O)([N-]S(=O)(=O)C(F)(F)F)C(F)(F)F,-3.7713918685913086,-3.7060189247131348,0,12
CCCCCCC[N+](C)(C)CC|O=S(=O)([N-]S(=O)(=O)C(F)(F)F)C(F)(F)F,-3.4173266887664795,-3.413501501083374,0,12
CCCCCCC[N+](C)(C)CC|O=S(=O)([N-]S(=O)(=O)C(F)(F)F)C(F)(F)F,-3.092243194580078,-3.1289329528808594,0,12
CCCCCCC[N+](C)(C)CC|O=S(=O)([N-]S(=O)(=O)C(F)(F)F)C(F)(F)F,-2.7903454303741455,-2.846799612045288,0,12
CCCCCCC[N+](C)(C)CC|O=S(=O)([N-]S(=O)(=O)C(F)(F)F)C(F)(F)F,-2.513306140899658,-2.5590434074401855,0,12
CCCCCCC[N+](C)(C)CC|O=S(=O)([N-]S(=O)(=O)C(F)(F)F)C(F)(F)F,-2.2547478675842285,-2.2906744480133057,0,12
CCCCCCC[N+](C)(C)CC|O=S(=O)([N-]S(=O)(=O)C(F)(F)F)C(F)(F)F,-1.7909598350524902,-1.83699369430542,0,12
CCCCCCC[N+](C)(C)CC|O=S(=O)([N-]S(=O)(=O)C(F)(F)F)C(F)(F)F,-1.3903024196624756,-1.452916145324707,0,12
CCCCCCC[N+](C)(C)CC|O=S(=O)([N-]S(=O)(=O)C(F)(F)F)C(F)(F)F,-1.0412871837615967,-1.1556578874588013,0,12
CCCCCCC[N+](C)(C)CC|O=S(=O)([N-]S(=O)(=O)C(F)(F)F)C(F)(F)F,-0.7339691519737244,-0.8910126686096191,0,12
CCCCCCC[N+](C)(C)CC|O=S(=O)([N-]S(=O)(=O)C(F)(F)F)C(F)(F)F,-0.4604494273662567,-0.6386801600456238,0,12
C[n+]1ccn(CCCCCn2cc[n+](C)c2)c1|O=S(=O)([N-]S(=O)(=O)C(F)(F)F)C(F)(F)F.O=S(=O)([N-]S(=O)(=O)C(F)(F)F)C(F)(F)F,-2.813410758972168,-2.0333261489868164,0,12
C[n+]1ccn(CCCCCn2cc[n+](C)c2)c1|O=S(=O)([N-]S(=O)(=O)C(F)(F)F)C(F)(F)F.O=S(=O)([N-]S(=O)(=O)C(F)(F)F)C(F)(F)F,-2.5010359287261963,-1.8176472187042236,0,12
C[n+]1ccn(CCCCCn2cc[n+](C)c2)c1|O=S(=O)([N-]S(=O)(=O)C(F)(F)F)C(F)(F)F.O=S(=O)([N-]S(=O)(=O)C(F)(F)F)C(F)(F)F,-2.2256240844726562,-1.620174765586853,0,12
C[n+]1ccn(CCCCCn2cc[n+](C)c2)c1|O=S(=O)([N-]S(=O)(=O)C(F)(F)F)C(F)(F)F.O=S(=O)([N-]S(=O)(=O)C(F)(F)F)C(F)(F)F,-1.9589953422546387,-1.4442949295043945,0,12
C[n+]1ccn(CCCCCn2cc[n+](C)c2)c1|O=S(=O)([N-]S(=O)(=O)C(F)(F)F)C(F)(F)F.O=S(=O)([N-]S(=O)(=O)C(F)(F)F)C(F)(F)F,-1.760260820388794,-1.277874231338501,0,12
C[n+]1ccn(CCCCCn2cc[n+](C)c2)c1|O=S(=O)([N-]S(=O)(=O)C(F)(F)F)C(F)(F)F.O=S(=O)([N-]S(=O)(=O)C(F)(F)F)C(F)(F)F,-1.56064772605896,-1.1060805320739746,0,12
C[n+]1ccn(CCCCCn2cc[n+](C)c2)c1|O=S(=O)([N-]S(=O)(=O)C(F)(F)F)C(F)(F)F.O=S(=O)([N-]S(=O)(=O)C(F)(F)F)C(F)(F)F,-1.358679175376892,-0.9273254871368408,0,12
C[n+]1ccn(CCCCCn2cc[n+](C)c2)c1|O=S(=O)([N-]S(=O)(=O)C(F)(F)F)C(F)(F)F.O=S(=O)([N-]S(=O)(=O)C(F)(F)F)C(F)(F)F,-1.1907275915145874,-0.751543402671814,0,12
C[n+]1ccn(CCCCCn2cc[n+](C)c2)c1|O=S(=O)([N-]S(=O)(=O)C(F)(F)F)C(F)(F)F.O=S(=O)([N-]S(=O)(=O)C(F)(F)F)C(F)(F)F,-0.9137938618659973,-0.5862048864364624,0,12
C[n+]1ccn(CCCCCn2cc[n+](C)c2)c1|O=S(=O)([N-]S(=O)(=O)C(F)(F)F)C(F)(F)F.O=S(=O)([N-]S(=O)(=O)C(F)(F)F)C(F)(F)F,-0.7113111615180969,-0.4233359098434448,0,12
C[n+]1ccn(CCCCCn2cc[n+](C)c2)c1|O=S(=O)([N-]S(=O)(=O)C(F)(F)F)C(F)(F)F.O=S(=O)([N-]S(=O)(=O)C(F)(F)F)C(F)(F)F,-0.5996568202972412,-0.28430211544036865,0,12
C[n+]1ccn(CCCCCn2cc[n+](C)c2)c1|O=S(=O)([N-]S(=O)(=O)C(F)(F)F)C(F)(F)F.O=S(=O)([N-]S(=O)(=O)C(F)(F)F)C(F)(F)F,-0.5225608944892883,-0.14973771572113037,0,12
CCCC[n+]1ccn(C)c1|O=S(=O)([N-]S(=O)(=O)C(F)(F)F)C(F)(F)F,-2.882403612136841,-3.361462354660034,0,337
CCCC[n+]1ccn(C)c1|O=S(=O)([N-]S(=O)(=O)C(F)(F)F)C(F)(F)F,-2.1803674697875977,-2.6400132179260254,0,337
CCCC[n+]1ccn(C)c1|O=S(=O)([N-]S(=O)(=O)C(F)(F)F)C(F)(F)F,-1.614450454711914,-1.8856606483459473,0,337
CCCC[n+]1ccn(C)c1|O=S(=O)([N-]S(=O)(=O)C(F)(F)F)C(F)(F)F,-1.145703911781311,-1.334407925605774,0,337
CCCC[n+]1ccn(C)c1|O=S(=O)([N-]S(=O)(=O)C(F)(F)F)C(F)(F)F,-0.7528972029685974,-0.8630318641662598,0,337
CCCC[n+]1ccn(C)c1|O=S(=O)([N-]S(=O)(=O)C(F)(F)F)C(F)(F)F,-0.4200712740421295,-0.46825575828552246,0,337
CCCC[n+]1ccn(C)c1|O=S(=O)([N-]S(=O)(=O)C(F)(F)F)C(F)(F)F,-0.13124828040599823,-0.17532670497894287,0,337
CCCC[n+]1ccn(C)c1|O=S(=O)([N-]S(=O)(=O)C(F)(F)F)C(F)(F)F,0.11955923587083817,0.019587278366088867,0,337
CCCC[n+]1ccn(C)c1|O=S(=O)([N-]S(=O)(=O)C(F)(F)F)C(F)(F)F,0.3400373160839081,0.18081867694854736,0,337
CCCC[n+]1ccn(C)c1|O=S(=O)([N-]S(=O)(=O)C(F)(F)F)C(F)(F)F,0.5353230834007263,0.3311145305633545,0,337
CCCC[n+]1ccn(C)c1|O=S(=O)([N-]S(=O)(=O)C(F)(F)F)C(F)(F)F,0.7095125317573547,0.46374571323394775,0,337
CCCC[n+]1ccn(C)c1|O=S(=O)([N-]S(=O)(=O)C(F)(F)F)C(F)(F)F,0.8658391833305359,0.5941764116287231,0,337
C[n+]1ccn(CCCC#N)c1|O=S(=O)([N-]S(=O)(=O)C(F)(F)F)C(F)(F)F,-2.7968814373016357,-2.9899044036865234,0,27
C[n+]1ccn(CCCC#N)c1|O=S(=O)([N-]S(=O)(=O)C(F)(F)F)C(F)(F)F,-2.488914728164673,-2.6894359588623047,0,27
C[n+]1ccn(CCCC#N)c1|O=S(=O)([N-]S(=O)(=O)C(F)(F)F)C(F)(F)F,-2.189256429672241,-2.4052577018737793,0,27
C[n+]1ccn(CCCC#N)c1|O=S(=O)([N-]S(=O)(=O)C(F)(F)F)C(F)(F)F,-1.924148678779602,-2.1423959732055664,0,27
C[n+]1ccn(CCCC#N)c1|O=S(=O)([N-]S(=O)(=O)C(F)(F)F)C(F)(F)F,-1.6873995065689087,-1.9006510972976685,0,27
C[n+]1ccn(CCCC#N)c1|O=S(=O)([N-]S(=O)(=O)C(F)(F)F)C(F)(F)F,-1.4653375148773193,-1.6801772117614746,0,27
C[n+]1ccn(CCCC#N)c1|O=S(=O)([N-]S(=O)(=O)C(F)(F)F)C(F)(F)F,-1.2552660703659058,-1.4767647981643677,0,27
C[n+]1ccn(CCCC#N)c1|O=S(=O)([N-]S(=O)(=O)C(F)(F)F)C(F)(F)F,-1.0613164901733398,-1.2751044034957886,0,27
C[n+]1ccn(CCCC#N)c1|O=S(=O)([N-]S(=O)(=O)C(F)(F)F)C(F)(F)F,-0.881889283657074,-1.0927256345748901,0,27
C[n+]1ccn(CCCC#N)c1|O=S(=O)([N-]S(=O)(=O)C(F)(F)F)C(F)(F)F,-0.7113111615180969,-0.9247010946273804,0,27
C[n+]1ccn(CCCC#N)c1|O=S(=O)([N-]S(=O)(=O)C(F)(F)F)C(F)(F)F,-0.5533852577209473,-0.7760183811187744,0,27
C[n+]1ccn(CCCC#N)c1|O=S(=O)([N-]S(=O)(=O)C(F)(F)F)C(F)(F)F,-0.4019712209701538,-0.6378231644630432,0,27
CCCCCn1cc[n+](C)c1|O=P([O-])(O)O,-1.8078888654708862,-2.4899332523345947,0,12
CCCCCn1cc[n+](C)c1|O=P([O-])(O)O,-1.6044503450393677,-2.1330699920654297,0,12
CCCCCn1cc[n+](C)c1|O=P([O-])(O)O,-1.414693832397461,-1.8455979824066162,0,12
CCCCCn1cc[n+](C)c1|O=P([O-])(O)O,-1.2378743886947632,-1.5689496994018555,0,12
CCCCCn1cc[n+](C)c1|O=P([O-])(O)O,-1.075872778892517,-1.343632698059082,0,12
CCCCCn1cc[n+](C)c1|O=P([O-])(O)O,-0.9213032722473145,-1.1377143859863281,0,12
CCCCCn1cc[n+](C)c1|O=P([O-])(O)O,-0.7830718755722046,-0.9477173089981079,0,12
CCCCCn1cc[n+](C)c1|O=P([O-])(O)O,-0.6481738090515137,-0.7788471579551697,0,12
CCCCCn1cc[n+](C)c1|O=P([O-])(O)O,-0.5310283303260803,-0.6127035617828369,0,12
CCCCCn1cc[n+](C)c1|O=P([O-])(O)O,-0.4079682528972626,-0.4598846435546875,0,12
CCCCCn1cc[n+](C)c1|O=P([O-])(O)O,-0.29571422934532166,-0.32394087314605713,0,12
CCCCCn1cc[n+](C)c1|O=P([O-])(O)O,-0.1923718899488449,-0.2009410858154297,0,12
CCCCn1cc[n+](C)c1|c1cc(OC)ccc1[B-](F)(F)F,-2.631089210510254,-2.157233238220215,0,11
CCCCn1cc[n+](C)c1|c1cc(OC)ccc1[B-](F)(F)F,-2.3025851249694824,-1.754670262336731,0,11
CCCCn1cc[n+](C)c1|c1cc(OC)ccc1[B-](F)(F)F,-2.0024805068969727,-1.4222838878631592,0,11
CCCCn1cc[n+](C)c1|c1cc(OC)ccc1[B-](F)(F)F,-1.742969274520874,-1.1182215213775635,0,11
CCCCn1cc[n+](C)c1|c1cc(OC)ccc1[B-](F)(F)F,-1.4784096479415894,-0.8756136894226074,0,11
CCCCn1cc[n+](C)c1|c1cc(OC)ccc1[B-](F)(F)F,-1.2344319820404053,-0.6781304478645325,0,11
CCCCn1cc[n+](C)c1|c1cc(OC)ccc1[B-](F)(F)F,-1.0106014013290405,-0.43759870529174805,0,11
CCCCn1cc[n+](C)c1|c1cc(OC)ccc1[B-](F)(F)F,-0.7678707242012024,-0.27713048458099365,0,11
CCCCn1cc[n+](C)c1|c1cc(OC)ccc1[B-](F)(F)F,-0.6198967099189758,-0.10601973533630371,0,11
CCCCn1cc[n+](C)c1|c1cc(OC)ccc1[B-](F)(F)F,-0.3960099518299103,0.03754091262817383,0,11
CCCCn1cc[n+](C)c1|c1cc(OC)ccc1[B-](F)(F)F,-0.2446225881576538,0.1759047508239746,0,11
CCCCn1cc[n+](C)c1|COc1ccccc1[B-](F)(F)F,-3.8167128562927246,-2.143325090408325,0,11
CCCCn1cc[n+](C)c1|COc1ccccc1[B-](F)(F)F,-3.381394863128662,-1.7265650033950806,0,11
CCCCn1cc[n+](C)c1|COc1ccccc1[B-](F)(F)F,-2.9759297370910645,-1.399033546447754,0,11
CCCCn1cc[n+](C)c1|COc1ccccc1[B-](F)(F)F,-2.6036901473999023,-1.1036232709884644,0,11
CCCCn1cc[n+](C)c1|COc1ccccc1[B-](F)(F)F,-2.282782554626465,-0.8507689237594604,0,11
CCCCn1cc[n+](C)c1|COc1ccccc1[B-](F)(F)F,-1.9661128520965576,-0.6543965339660645,0,11
CCCCn1cc[n+](C)c1|COc1ccccc1[B-](F)(F)F,-1.6873995065689087,-0.4374382495880127,0,11
CCCCn1cc[n+](C)c1|COc1ccccc1[B-](F)(F)F,-1.4064971208572388,-0.2711244821548462,0,11
CCCCn1cc[n+](C)c1|COc1ccccc1[B-](F)(F)F,-1.16155207157135,-0.09498286247253418,0,11
CCCCn1cc[n+](C)c1|COc1ccccc1[B-](F)(F)F,-0.87947678565979,0.05773723125457764,0,11
CCCCn1cc[n+](C)c1|COc1ccccc1[B-](F)(F)F,-0.6198967099189758,0.19927895069122314,0,11
CCCCn1cc[n+](C)c1|Fc1cccc([B-](F)(F)F)c1,-1.309333324432373,-2.455279588699341,0,11
CCCCn1cc[n+](C)c1|Fc1cccc([B-](F)(F)F)c1,-1.1239300966262817,-1.9524693489074707,0,11
CCCCn1cc[n+](C)c1|Fc1cccc([B-](F)(F)F)c1,-0.87947678565979,-1.5096346139907837,0,11
CCCCn1cc[n+](C)c1|Fc1cccc([B-](F)(F)F)c1,-0.655851423740387,-1.1629153490066528,0,11
CCCCn1cc[n+](C)c1|Fc1cccc([B-](F)(F)F)c1,-0.5058380961418152,-0.8353140354156494,0,11
CCCCn1cc[n+](C)c1|Fc1cccc([B-](F)(F)F)c1,-0.3202052712440491,-0.5970016717910767,0,11
CCCCn1cc[n+](C)c1|Fc1cccc([B-](F)(F)F)c1,-0.16960278153419495,-0.3454018831253052,0,11
CCCCn1cc[n+](C)c1|Fc1cccc([B-](F)(F)F)c1,0.015873348340392113,-0.14013254642486572,0,11
CCCCn1cc[n+](C)c1|Fc1cccc([B-](F)(F)F)c1,0.12927234172821045,0.014952898025512695,0,11
CCCCn1cc[n+](C)c1|Fc1cccc([B-](F)(F)F)c1,0.24137632548809052,0.16739022731781006,0,11
CCCCn1cc[n+](C)c1|Fc1cccc([B-](F)(F)F)c1,0.4087929129600525,0.3152124881744385,0,11
CCC[N+]1(C)CCCC1|O=S(=O)([N-]S(=O)(=O)C(F)(F)F)C(F)(F)F,-1.8438951969146729,-2.3739490509033203,0,99
CCC[N+]1(C)CCCC1|O=S(=O)([N-]S(=O)(=O)C(F)(F)F)C(F)(F)F,-1.581336498260498,-2.034099578857422,0,99
CCC[N+]1(C)CCCC1|O=S(=O)([N-]S(=O)(=O)C(F)(F)F)C(F)(F)F,-1.3394107818603516,-1.7208250761032104,0,99
CCC[N+]1(C)CCCC1|O=S(=O)([N-]S(=O)(=O)C(F)(F)F)C(F)(F)F,-1.1177951097488403,-1.4220447540283203,0,99
CCC[N+]1(C)CCCC1|O=S(=O)([N-]S(=O)(=O)C(F)(F)F)C(F)(F)F,-0.9162907600402832,-1.170828938484192,0,99
CCC[N+]1(C)CCCC1|O=S(=O)([N-]S(=O)(=O)C(F)(F)F)C(F)(F)F,-0.10314075648784637,-0.27807605266571045,0,99
CCC[N+]1(C)CCCC1|O=S(=O)([N-]S(=O)(=O)C(F)(F)F)C(F)(F)F,0.15186235308647156,-0.08760809898376465,0,99
CCC[N+]1(C)CCCC1|O=S(=O)([N-]S(=O)(=O)C(F)(F)F)C(F)(F)F,0.37843644618988037,0.06809079647064209,0,99
CCC[N+]1(C)CCCC1|O=S(=O)([N-]S(=O)(=O)C(F)(F)F)C(F)(F)F,0.5777363181114197,0.21793639659881592,0,99
CCCCCn1cc[n+](C)c1|O=S(=O)([N-]S(=O)(=O)C(F)(F)F)C(F)(F)F,-1.9449106454849243,-2.239926338195801,0,11
CCCCCn1cc[n+](C)c1|O=S(=O)([N-]S(=O)(=O)C(F)(F)F)C(F)(F)F,-1.6873995065689087,-1.9230072498321533,0,11
CCCCCn1cc[n+](C)c1|O=S(=O)([N-]S(=O)(=O)C(F)(F)F)C(F)(F)F,-1.4502997398376465,-1.6545709371566772,0,11
CCCCCn1cc[n+](C)c1|O=S(=O)([N-]S(=O)(=O)C(F)(F)F)C(F)(F)F,-1.2316865921020508,-1.4038459062576294,0,11
CCCCCn1cc[n+](C)c1|O=S(=O)([N-]S(=O)(=O)C(F)(F)F)C(F)(F)F,-1.0300195217132568,-1.170443058013916,0,11
CCCCCn1cc[n+](C)c1|O=S(=O)([N-]S(=O)(=O)C(F)(F)F)C(F)(F)F,-0.841647207736969,-0.9553234577178955,0,11
CCCCCn1cc[n+](C)c1|O=S(=O)([N-]S(=O)(=O)C(F)(F)F)C(F)(F)F,-0.6674794554710388,-0.7536245584487915,0,11
CCCCCn1cc[n+](C)c1|O=S(=O)([N-]S(=O)(=O)C(F)(F)F)C(F)(F)F,-0.5041810870170593,-0.5753003358840942,0,11
CCCCCn1cc[n+](C)c1|O=S(=O)([N-]S(=O)(=O)C(F)(F)F)C(F)(F)F,-0.3523983955383301,-0.4207984209060669,0,11
CCCCCn1cc[n+](C)c1|O=S(=O)([N-]S(=O)(=O)C(F)(F)F)C(F)(F)F,-0.21072103083133698,-0.28703534603118896,0,11
CCCCCn1cc[n+](C)c1|O=S(=O)([N-]S(=O)(=O)C(F)(F)F)C(F)(F)F,-0.07904320955276489,-0.17773127555847168,0,11
CCCCCC[N+]1(C)CCCC1|O=S(=O)([N-]S(=O)(=O)C(F)(F)F)C(F)(F)F,-2.7120583057403564,-3.2404096126556396,0,49
CCCCCC[N+]1(C)CCCC1|O=S(=O)([N-]S(=O)(=O)C(F)(F)F)C(F)(F)F,-2.4281482696533203,-2.915727138519287,0,49
CCCCCC[N+]1(C)CCCC1|O=S(=O)([N-]S(=O)(=O)C(F)(F)F)C(F)(F)F,-2.1663074493408203,-2.6080162525177,0,49
CCCCCC[N+]1(C)CCCC1|O=S(=O)([N-]S(=O)(=O)C(F)(F)F)C(F)(F)F,-1.924148678779602,-2.303140163421631,0,49
CCCCCC[N+]1(C)CCCC1|O=S(=O)([N-]S(=O)(=O)C(F)(F)F)C(F)(F)F,-1.6982691287994385,-2.001330614089966,0,49
CCCCCC[N+]1(C)CCCC1|O=S(=O)([N-]S(=O)(=O)C(F)(F)F)C(F)(F)F,-1.4885486364364624,-1.7108575105667114,0,49
CCCCCC[N+]1(C)CCCC1|O=S(=O)([N-]S(=O)(=O)C(F)(F)F)C(F)(F)F,-1.2938975095748901,-1.4540936946868896,0,49
CCCCCC[N+]1(C)CCCC1|O=S(=O)([N-]S(=O)(=O)C(F)(F)F)C(F)(F)F,-1.1123056411743164,-1.2452542781829834,0,49
CCCCCC[N+]1(C)CCCC1|O=S(=O)([N-]S(=O)(=O)C(F)(F)F)C(F)(F)F,-0.9416085481643677,-1.0356075763702393,0,49
CCCCCC[N+]1(C)CCCC1|O=S(=O)([N-]S(=O)(=O)C(F)(F)F)C(F)(F)F,-0.7830718755722046,-0.8613858819007874,0,49
CCCCCC[N+]1(C)CCCC1|O=S(=O)([N-]S(=O)(=O)C(F)(F)F)C(F)(F)F,-0.6348782777786255,-0.7068208456039429,0,49
CCCCCCCCC[n+]1ccn(C)c1|F[B-](F)(F)F,-4.074542045593262,-4.479309558868408,0,11
CCCCCCCCC[n+]1ccn(C)c1|F[B-](F)(F)F,-3.7172789573669434,-4.037245273590088,0,11
CCCCCCCCC[n+]1ccn(C)c1|F[B-](F)(F)F,-3.381394863128662,-3.62184476852417,0,11
CCCCCCCCC[n+]1ccn(C)c1|F[B-](F)(F)F,-3.07045578956604,-3.2214393615722656,0,11
CCCCCCCCC[n+]1ccn(C)c1|F[B-](F)(F)F,-2.7790093421936035,-2.827244758605957,0,11
CCCCCCCCC[n+]1ccn(C)c1|F[B-](F)(F)F,-2.5071523189544678,-2.4385268688201904,0,11
CCCCCCCCC[n+]1ccn(C)c1|F[B-](F)(F)F,-2.252842903137207,-2.0847413539886475,0,11
CCCCCCCCC[n+]1ccn(C)c1|F[B-](F)(F)F,-2.0136537551879883,-1.7637052536010742,0,11
CCCCCCCCC[n+]1ccn(C)c1|F[B-](F)(F)F,-1.7873691320419312,-1.5021840333938599,0,11
CCCCCCCCC[n+]1ccn(C)c1|F[B-](F)(F)F,-1.5740708112716675,-1.2831201553344727,0,11
CCCCCCCCC[n+]1ccn(C)c1|F[B-](F)(F)F,-1.3751566410064697,-1.063532829284668,0,11
CCCC[N+]1(C)CCCC1|N#C[N-]C#N,-3.3902573585510254,-5.815060615539551,0,58
CCCC[N+]1(C)CCCC1|N#C[N-]C#N,-2.513306140899658,-4.73024320602417,0,58
CCCC[N+]1(C)CCCC1|N#C[N-]C#N,-1.7969729900360107,-3.6550049781799316,0,58
CCCC[N+]1(C)CCCC1|N#C[N-]C#N,-1.206642985343933,-2.605705738067627,0,58
CCCC[N+]1(C)CCCC1|N#C[N-]C#N,-0.7123299837112427,-1.7078139781951904,0,58
CCCC[N+]1(C)CCCC1|N#C[N-]C#N,-0.29302966594696045,-1.058289647102356,0,58
CCCC[N+]1(C)CCCC1|N#C[N-]C#N,0.06672362983226776,-0.5442135334014893,0,58
CCCC[N+]1(C)CCCC1|N#C[N-]C#N,0.37843644618988037,-0.13405251502990723,0,58
CCCC[N+]1(C)CCCC1|N#C[N-]C#N,0.6507614850997925,0.13576841354370117,0,58
CCCC[N+]1(C)CCCC1|N#C[N-]C#N,0.8919980525970459,0.36233317852020264,0,58
CCCC[N+]1(C)CCCC1|N#C[N-]C#N,1.1059188842773438,0.5333434343338013,0,58
CCCC[n+]1ccn(C)c1|O=S(=O)([N-]S(=O)(=O)C(F)(F)F)C(F)(F)F,-1.5436501502990723,-1.8492043018341064,0,337
CCCC[n+]1ccn(C)c1|O=S(=O)([N-]S(=O)(=O)C(F)(F)F)C(F)(F)F,-1.3045300245285034,-1.565631628036499,0,337
CCCC[n+]1ccn(C)c1|O=S(=O)([N-]S(=O)(=O)C(F)(F)F)C(F)(F)F,-1.0847094058990479,-1.3180556297302246,0,337
CCCC[n+]1ccn(C)c1|O=S(=O)([N-]S(=O)(=O)C(F)(F)F)C(F)(F)F,-0.881889283657074,-1.0856385231018066,0,337
CCCC[n+]1ccn(C)c1|O=S(=O)([N-]S(=O)(=O)C(F)(F)F)C(F)(F)F,-0.6931471824645996,-0.8580721020698547,0,337
CCCC[n+]1ccn(C)c1|O=S(=O)([N-]S(=O)(=O)C(F)(F)F)C(F)(F)F,-0.5191938877105713,-0.6495878100395203,0,337
CCCC[n+]1ccn(C)c1|O=S(=O)([N-]S(=O)(=O)C(F)(F)F)C(F)(F)F,-0.35810452699661255,-0.4708195924758911,0,337
CCCC[n+]1ccn(C)c1|O=S(=O)([N-]S(=O)(=O)C(F)(F)F)C(F)(F)F,-0.20702417194843292,-0.32346808910369873,0,337
CCCC[n+]1ccn(C)c1|O=S(=O)([N-]S(=O)(=O)C(F)(F)F)C(F)(F)F,-0.06613980233669281,-0.18290495872497559,0,337
CCCC[n+]1ccn(C)c1|O=S(=O)([N-]S(=O)(=O)C(F)(F)F)C(F)(F)F,0.06578774005174637,-0.07552313804626465,0,337
CCCC[n+]1ccn(C)c1|O=S(=O)([N-]S(=O)(=O)C(F)(F)F)C(F)(F)F,0.1892971694469452,0.010394096374511719,0,337
CCC[N+]1(C)CCCC1|O=S(=O)([N-]S(=O)(=O)C(F)(F)F)C(F)(F)F,-1.5540032386779785,-2.002870798110962,0,99
CCC[N+]1(C)CCCC1|O=S(=O)([N-]S(=O)(=O)C(F)(F)F)C(F)(F)F,-1.3149043321609497,-1.6991685628890991,0,99
CCC[N+]1(C)CCCC1|O=S(=O)([N-]S(=O)(=O)C(F)(F)F)C(F)(F)F,-1.0966142416000366,-1.408196210861206,0,99
CCC[N+]1(C)CCCC1|O=S(=O)([N-]S(=O)(=O)C(F)(F)F)C(F)(F)F,-0.8940401077270508,-1.165312647819519,0,99
CCC[N+]1(C)CCCC1|O=S(=O)([N-]S(=O)(=O)C(F)(F)F)C(F)(F)F,-0.7072461247444153,-0.9446141123771667,0,99
CCC[N+]1(C)CCCC1|O=S(=O)([N-]S(=O)(=O)C(F)(F)F)C(F)(F)F,-0.5327304601669312,-0.7385767102241516,0,99
CCC[N+]1(C)CCCC1|O=S(=O)([N-]S(=O)(=O)C(F)(F)F)C(F)(F)F,-0.372514009475708,-0.5554450750350952,0,99
CCC[N+]1(C)CCCC1|O=S(=O)([N-]S(=O)(=O)C(F)(F)F)C(F)(F)F,-0.22189433872699738,-0.3978755474090576,0,99
CCC[N+]1(C)CCCC1|O=S(=O)([N-]S(=O)(=O)C(F)(F)F)C(F)(F)F,-0.0822952464222908,-0.2874404191970825,0,99
CCC[N+]1(C)CCCC1|O=S(=O)([N-]S(=O)(=O)C(F)(F)F)C(F)(F)F,0.049171045422554016,-0.1883779764175415,0,99
CCC[N+]1(C)CCCC1|O=S(=O)([N-]S(=O)(=O)C(F)(F)F)C(F)(F)F,0.11154137551784515,-0.09843587875366211,0,99
CCCCCCCCCCCCCC[P+](CCCCCC)(CCCCCC)CCCCCC|CCCCCCCC(=O)[O-],-5.9874725341796875,-4.285597801208496,0,11
CCCCCCCCCCCCCC[P+](CCCCCC)(CCCCCC)CCCCCC|CCCCCCCC(=O)[O-],-5.669381141662598,-4.155697822570801,0,11
CCCCCCCCCCCCCC[P+](CCCCCC)(CCCCCC)CCCCCC|CCCCCCCC(=O)[O-],-5.453802108764648,-3.9820609092712402,0,11
CCCCCCCCCCCCCC[P+](CCCCCC)(CCCCCC)CCCCCC|CCCCCCCC(=O)[O-],-5.1672892570495605,-3.7857136726379395,0,11
CCCCCCCCCCCCCC[P+](CCCCCC)(CCCCCC)CCCCCC|CCCCCCCC(=O)[O-],-4.9198808670043945,-3.5901575088500977,0,11
CCCCCCCCCCCCCC[P+](CCCCCC)(CCCCCC)CCCCCC|CCCCCCCC(=O)[O-],-4.699481010437012,-3.4330008029937744,0,11
CCCCCCCCCCCCCC[P+](CCCCCC)(CCCCCC)CCCCCC|CCCCCCCC(=O)[O-],-4.509860038757324,-3.288949489593506,0,11
CCCCCCCCCCCCCC[P+](CCCCCC)(CCCCCC)CCCCCC|CCCCCCCC(=O)[O-],-4.2910895347595215,-3.1476588249206543,0,11
CCCCCCCCCCCCCC[P+](CCCCCC)(CCCCCC)CCCCCC|CCCCCCCC(=O)[O-],-4.076897621154785,-2.997650623321533,0,11
CCCCCCCCCCCCCC[P+](CCCCCC)(CCCCCC)CCCCCC|CCCCCCCC(=O)[O-],-3.9235897064208984,-2.875743865966797,0,11
CCCCCCCCCCCCCC[P+](CCCCCC)(CCCCCC)CCCCCC|CCCCCCCC(=O)[O-],-3.7009520530700684,-2.698967933654785,0,11
CCCCCCC[n+]1ccn(C)c1|O=S(=O)([N-]S(=O)(=O)C(F)(F)F)C(F)(F)F,-2.533257007598877,-2.9010324478149414,0,11
CCCCCCC[n+]1ccn(C)c1|O=S(=O)([N-]S(=O)(=O)C(F)(F)F)C(F)(F)F,-2.2576117515563965,-2.577545166015625,0,11
CCCCCCC[n+]1ccn(C)c1|O=S(=O)([N-]S(=O)(=O)C(F)(F)F)C(F)(F)F,-2.003962993621826,-2.264913320541382,0,11
CCCCCCC[n+]1ccn(C)c1|O=S(=O)([N-]S(=O)(=O)C(F)(F)F)C(F)(F)F,-1.7690199613571167,-1.9746601581573486,0,11
CCCCCCC[n+]1ccn(C)c1|O=S(=O)([N-]S(=O)(=O)C(F)(F)F)C(F)(F)F,-1.550226092338562,-1.727856159210205,0,11
CCCCCCC[n+]1ccn(C)c1|O=S(=O)([N-]S(=O)(=O)C(F)(F)F)C(F)(F)F,-1.3470736742019653,-1.5003466606140137,0,11
CCCCCCC[n+]1ccn(C)c1|O=S(=O)([N-]S(=O)(=O)C(F)(F)F)C(F)(F)F,-1.1580438613891602,-1.308187484741211,0,11
CCCCCCC[n+]1ccn(C)c1|O=S(=O)([N-]S(=O)(=O)C(F)(F)F)C(F)(F)F,-0.9808292388916016,-1.137113094329834,0,11
CCCCCCC[n+]1ccn(C)c1|O=S(=O)([N-]S(=O)(=O)C(F)(F)F)C(F)(F)F,-0.8187103867530823,-0.9671269059181213,0,11
CCCCCCC[n+]1ccn(C)c1|O=S(=O)([N-]S(=O)(=O)C(F)(F)F)C(F)(F)F,-0.6635884046554565,-0.7961456775665283,0,11
CCCCCCC[n+]1ccn(C)c1|O=S(=O)([N-]S(=O)(=O)C(F)(F)F)C(F)(F)F,-0.5191938877105713,-0.6346337795257568,0,11
CC[n+]1ccn(C)c1|N#C[S-],0.4574248492717743,-0.4195336103439331,0,34
CC[n+]1ccn(C)c1|N#C[S-],0.5607579946517944,-0.13754558563232422,0,34
CC[n+]1ccn(C)c1|N#C[S-],0.6698785424232483,0.13501429557800293,0,34
CC[n+]1ccn(C)c1|N#C[S-],0.774266242980957,0.3270583152770996,0,34
CC[n+]1ccn(C)c1|N#C[S-],0.8721298575401306,0.481106162071228,0,34
CC[n+]1ccn(C)c1|N#C[S-],0.9700210690498352,0.5884555578231812,0,34
CC[n+]1ccn(C)c1|N#C[S-],1.0616024732589722,0.6843451261520386,0,34
CC[n+]1ccn(C)c1|N#C[S-],1.1486715078353882,0.7645379304885864,0,34
CC[n+]1ccn(C)c1|N#C[S-],1.2319769859313965,0.8313935995101929,0,34
CC[n+]1ccn(C)c1|N#C[S-],1.312647819519043,0.898058295249939,0,34
CC[n+]1ccn(C)c1|N#C[S-],1.389539122581482,0.9643291234970093,0,34
C=Cn1cc[n+](CCCC)c1|[Br-],-4.976233959197998,-2.3160512447357178,0,11
C=Cn1cc[n+](CCCC)c1|[Br-],-4.268697738647461,-1.9259018898010254,0,11
C=Cn1cc[n+](CCCC)c1|[Br-],-3.7338767051696777,-1.585243821144104,0,11
C=Cn1cc[n+](CCCC)c1|[Br-],-3.208925485610962,-1.257997989654541,0,11
C=Cn1cc[n+](CCCC)c1|[Br-],-2.7150747776031494,-0.9809916019439697,0,11
C=Cn1cc[n+](CCCC)c1|[Br-],-2.2537949085235596,-0.7513502836227417,0,11
C=Cn1cc[n+](CCCC)c1|[Br-],-1.8238694667816162,-0.5233412981033325,0,11
C=Cn1cc[n+](CCCC)c1|[Br-],-1.4271163940429688,-0.32595908641815186,0,11
C=Cn1cc[n+](CCCC)c1|[Br-],-1.0613164901733398,-0.17176544666290283,0,11
C=Cn1cc[n+](CCCC)c1|[Br-],-0.7215466499328613,-0.03367745876312256,0,11
C=Cn1cc[n+](CCCC)c1|[Br-],-0.31471073627471924,0.08140206336975098,0,11
CCn1cc[n+](C)c1|COCCOCCOS(=O)(=O)[O-],-2.207274913787842,-2.098801374435425,0,11
CCn1cc[n+](C)c1|COCCOCCOS(=O)(=O)[O-],-1.9173226356506348,-1.8689143657684326,0,11
CCn1cc[n+](C)c1|COCCOCCOS(=O)(=O)[O-],-1.639897108078003,-1.6512356996536255,0,11
CCn1cc[n+](C)c1|COCCOCCOS(=O)(=O)[O-],-1.4105870723724365,-1.451220989227295,0,11
CCn1cc[n+](C)c1|COCCOCCOS(=O)(=O)[O-],-1.1809074878692627,-1.2743556499481201,0,11
CCn1cc[n+](C)c1|COCCOCCOS(=O)(=O)[O-],-0.972861111164093,-1.110154390335083,0,11
CCn1cc[n+](C)c1|COCCOCCOS(=O)(=O)[O-],-0.7787050604820251,-0.942389190196991,0,11
CCn1cc[n+](C)c1|COCCOCCOS(=O)(=O)[O-],-0.6069694757461548,-0.799474835395813,0,11
CCn1cc[n+](C)c1|COCCOCCOS(=O)(=O)[O-],-0.44472581148147583,-0.6753288507461548,0,11
CCn1cc[n+](C)c1|COCCOCCOS(=O)(=O)[O-],-0.15198636054992676,-0.47957515716552734,0,11
CCn1cc[n+](C)c1|COCCOCCOS(=O)(=O)[O-],0.11689375340938568,-0.33102643489837646,0,11
CCCCn1cc[n+](C)c1.CCCCn1cc[n+](C)c1.CCCCn1cc[n+](C)c1|S=C=N[Fe-3](N=C=S)(N=C=S)(N=C=S)(N=C=S)N=C=S,-4.8587727546691895,-4.495363712310791,0,10
CCCCn1cc[n+](C)c1.CCCCn1cc[n+](C)c1.CCCCn1cc[n+](C)c1|S=C=N[Fe-3](N=C=S)(N=C=S)(N=C=S)(N=C=S)N=C=S,-3.8212685585021973,-3.685795307159424,0,10
CCCCn1cc[n+](C)c1.CCCCn1cc[n+](C)c1.CCCCn1cc[n+](C)c1|S=C=N[Fe-3](N=C=S)(N=C=S)(N=C=S)(N=C=S)N=C=S,-2.9584364891052246,-2.905285358428955,0,10
CCCCn1cc[n+](C)c1.CCCCn1cc[n+](C)c1.CCCCn1cc[n+](C)c1|S=C=N[Fe-3](N=C=S)(N=C=S)(N=C=S)(N=C=S)N=C=S,-2.249992609024048,-2.311744213104248,0,10
CCCCn1cc[n+](C)c1.CCCCn1cc[n+](C)c1.CCCCn1cc[n+](C)c1|S=C=N[Fe-3](N=C=S)(N=C=S)(N=C=S)(N=C=S)N=C=S,-1.6660082340240479,-1.8658338785171509,0,10
CCCCn1cc[n+](C)c1.CCCCn1cc[n+](C)c1.CCCCn1cc[n+](C)c1|S=C=N[Fe-3](N=C=S)(N=C=S)(N=C=S)(N=C=S)N=C=S,-1.1711829900741577,-1.477545976638794,0,10
CCCCn1cc[n+](C)c1.CCCCn1cc[n+](C)c1.CCCCn1cc[n+](C)c1|S=C=N[Fe-3](N=C=S)(N=C=S)(N=C=S)(N=C=S)N=C=S,-0.7318879961967468,-1.083525538444519,0,10
CCCCn1cc[n+](C)c1.CCCCn1cc[n+](C)c1.CCCCn1cc[n+](C)c1|S=C=N[Fe-3](N=C=S)(N=C=S)(N=C=S)(N=C=S)N=C=S,-0.4246479272842407,-0.731343150138855,0,10
CCCCn1cc[n+](C)c1.CCCCn1cc[n+](C)c1.CCCCn1cc[n+](C)c1|S=C=N[Fe-3](N=C=S)(N=C=S)(N=C=S)(N=C=S)N=C=S,-0.08773891627788544,-0.44578230381011963,0,10
CCCCn1cc[n+](C)c1.CCCCn1cc[n+](C)c1.CCCCn1cc[n+](C)c1|S=C=N[Fe-3](N=C=S)(N=C=S)(N=C=S)(N=C=S)N=C=S,0.1972101628780365,-0.20271587371826172,0,10
C(CCC)OC(CN1C=[N+](C=C1)C=C)=O|FC(S(=O)(=O)[N-]S(=O)(=O)C(F)(F)F)(F)F,-3.223888397216797,-1.9730069637298584,0,10
C(CCC)OC(CN1C=[N+](C=C1)C=C)=O|FC(S(=O)(=O)[N-]S(=O)(=O)C(F)(F)F)(F)F,-3.009831190109253,-1.8187798261642456,0,10
C(CCC)OC(CN1C=[N+](C=C1)C=C)=O|FC(S(=O)(=O)[N-]S(=O)(=O)C(F)(F)F)(F)F,-2.8200995922088623,-1.6636326313018799,0,10
C(CCC)OC(CN1C=[N+](C=C1)C=C)=O|FC(S(=O)(=O)[N-]S(=O)(=O)C(F)(F)F)(F)F,-2.666428565979004,-1.5149025917053223,0,10
C(CCC)OC(CN1C=[N+](C=C1)C=C)=O|FC(S(=O)(=O)[N-]S(=O)(=O)C(F)(F)F)(F)F,-2.476938486099243,-1.381899118423462,0,10
C(CCC)OC(CN1C=[N+](C=C1)C=C)=O|FC(S(=O)(=O)[N-]S(=O)(=O)C(F)(F)F)(F)F,-2.3697938919067383,-1.2548214197158813,0,10
C(CCC)OC(CN1C=[N+](C=C1)C=C)=O|FC(S(=O)(=O)[N-]S(=O)(=O)C(F)(F)F)(F)F,-2.214574098587036,-1.13205087184906,0,10
C(CCC)OC(CN1C=[N+](C=C1)C=C)=O|FC(S(=O)(=O)[N-]S(=O)(=O)C(F)(F)F)(F)F,-2.082646608352661,-1.0162246227264404,0,10
C(CCC)OC(CN1C=[N+](C=C1)C=C)=O|FC(S(=O)(=O)[N-]S(=O)(=O)C(F)(F)F)(F)F,-1.9589953422546387,-0.9081943035125732,0,10
C(CCC)OC(CN1C=[N+](C=C1)C=C)=O|FC(S(=O)(=O)[N-]S(=O)(=O)C(F)(F)F)(F)F,-1.8496004343032837,-0.8038676977157593,0,10
CC[n+]1ccn(C)c1|N#C[S-],0.5104255676269531,-0.4195336103439331,0,34
CC[n+]1ccn(C)c1|N#C[S-],0.6280751824378967,-0.13754558563232422,0,34
CC[n+]1ccn(C)c1|N#C[S-],0.7338091731071472,0.13501429557800293,0,34
CC[n+]1ccn(C)c1|N#C[S-],0.8311684727668762,0.3270583152770996,0,34
CC[n+]1ccn(C)c1|N#C[S-],0.9364854097366333,0.481106162071228,0,34
CC[n+]1ccn(C)c1|N#C[S-],1.031046986579895,0.5884555578231812,0,34
CC[n+]1ccn(C)c1|N#C[S-],1.1236300468444824,0.6843451261520386,0,34
CC[n+]1ccn(C)c1|N#C[S-],1.2047724723815918,0.7645379304885864,0,34
CC[n+]1ccn(C)c1|N#C[S-],1.2842615842819214,0.8313935995101929,0,34
CC[n+]1ccn(C)c1|N#C[S-],1.362513780593872,0.898058295249939,0,34
CC[n+]1ccn(C)c1|N#C[S-],1.4295933246612549,0.9643291234970093,0,34
CCCC[n+]1ccn(C)c1|N#C[C-](C#N)C#N,0.026641931384801865,-0.5371135473251343,0,86
CCCC[n+]1ccn(C)c1|N#C[C-](C#N)C#N,0.2646692991256714,-0.1305391788482666,0,86
CCCC[n+]1ccn(C)c1|N#C[C-](C#N)C#N,0.48858001828193665,0.32043612003326416,0,86
CCCC[n+]1ccn(C)c1|N#C[C-](C#N)C#N,0.6097655892372131,0.5685499906539917,0,86
CCCC[n+]1ccn(C)c1|N#C[C-](C#N)C#N,0.7884573340415955,0.8281866312026978,0,86
CCCC[n+]1ccn(C)c1|N#C[C-](C#N)C#N,0.9439058899879456,0.9707533121109009,0,86
CCCC[n+]1ccn(C)c1|N#C[C-](C#N)C#N,1.0577902793884277,1.109150767326355,0,86
CCCC[n+]1ccn(C)c1|N#C[C-](C#N)C#N,1.1537315845489502,1.2006577253341675,0,86
CCCC[n+]1ccn(C)c1|N#C[C-](C#N)C#N,1.2837077379226685,1.365120768547058,0,86
CCCC[n+]1ccn(C)c1|N#C[C-](C#N)C#N,1.376244068145752,1.4586092233657837,0,86
CCCC[n+]1ccn(C)c1|N#C[C-](C#N)C#N,1.5173226594924927,1.6033662557601929,0,86
CCCC[N+]1(C)CCCC1|N#C[N-]C#N,-0.4385049641132355,-1.7078139781951904,0,58
CCCC[N+]1(C)CCCC1|N#C[N-]C#N,-0.058688994497060776,-1.058289647102356,0,58
CCCC[N+]1(C)CCCC1|N#C[N-]C#N,0.5618988871574402,-0.13405251502990723,0,58
CCCC[N+]1(C)CCCC1|N#C[N-]C#N,0.8127064108848572,0.13576841354370117,0,58
CCCCC[P+](CC)(CC)CC|O=S(=O)(F)[N-]S(=O)(=O)F,-0.7700282335281372,-2.08811616897583,0,23
CCCCC[P+](CC)(CC)CC|O=S(=O)(F)[N-]S(=O)(=O)F,-0.7031975388526917,-2.0008320808410645,0,23
CCCCC[P+](CC)(CC)CC|O=S(=O)(F)[N-]S(=O)(=O)F,-0.5074978470802307,-1.7481471300125122,0,23
CCCCC[P+](CC)(CC)CC|O=S(=O)(F)[N-]S(=O)(=O)F,-0.32434606552124023,-1.5427262783050537,0,23
CCCCC[P+](CC)(CC)CC|O=S(=O)(F)[N-]S(=O)(=O)F,-0.15082289278507233,-1.3701081275939941,0,23
CCCCC[P+](CC)(CC)CC|O=S(=O)(F)[N-]S(=O)(=O)F,0.019802628085017204,-1.2079460620880127,0,23
CCCCC[P+](CC)(CC)CC|O=S(=O)(F)[N-]S(=O)(=O)F,0.17395330965518951,-1.0844999551773071,0,23
CCCCC[P+](CC)(CC)CC|O=S(=O)(F)[N-]S(=O)(=O)F,0.31481075286865234,-0.9734450578689575,0,23
CCCCC[P+](CC)(CC)CC|O=S(=O)(F)[N-]S(=O)(=O)F,0.5653138160705566,-0.7729994058609009,0,23
CCCCC[P+](CC)(CC)CC|O=S(=O)(F)[N-]S(=O)(=O)F,0.8020015954971313,-0.584284782409668,0,23
CCCC[n+]1ccn(C)c1|O=S(=O)([N-]S(=O)(=O)C(F)(F)F)C(F)(F)F,-2.864703893661499,-3.3684499263763428,0,337
CCCC[n+]1ccn(C)c1|O=S(=O)([N-]S(=O)(=O)C(F)(F)F)C(F)(F)F,-2.207274913787842,-2.647944450378418,0,337
CCCC[n+]1ccn(C)c1|O=S(=O)([N-]S(=O)(=O)C(F)(F)F)C(F)(F)F,-1.6607311964035034,-1.8917369842529297,0,337
CCCC[n+]1ccn(C)c1|O=S(=O)([N-]S(=O)(=O)C(F)(F)F)C(F)(F)F,-1.1711829900741577,-1.3320037126541138,0,337
CCCC[n+]1ccn(C)c1|O=S(=O)([N-]S(=O)(=O)C(F)(F)F)C(F)(F)F,-0.9675840139389038,-1.0933789014816284,0,337
CCCC[n+]1ccn(C)c1|O=S(=O)([N-]S(=O)(=O)C(F)(F)F)C(F)(F)F,-0.7765287756919861,-0.8607776165008545,0,337
CCCC[n+]1ccn(C)c1|O=S(=O)([N-]S(=O)(=O)C(F)(F)F)C(F)(F)F,-0.43078291416168213,-0.4666541814804077,0,337
CCCC[n+]1ccn(C)c1|O=S(=O)([N-]S(=O)(=O)C(F)(F)F)C(F)(F)F,0.09531018137931824,0.020438432693481445,0,337
CCCC[n+]1ccn(C)c1|O=S(=O)([N-]S(=O)(=O)C(F)(F)F)C(F)(F)F,0.5306282639503479,0.33184731006622314,0,337
CCCC[n+]1ccn(C)c1|O=S(=O)([N-]S(=O)(=O)C(F)(F)F)C(F)(F)F,0.832909107208252,0.5928715467453003,0,337
CCCC[n+]1cccc(C)c1C|O=S(=O)([N-]S(=O)(=O)C(F)(F)F)C(F)(F)F,-3.5791285037994385,-2.99171781539917,0,10
CCCC[n+]1cccc(C)c1C|O=S(=O)([N-]S(=O)(=O)C(F)(F)F)C(F)(F)F,-2.7968814373016357,-2.353559970855713,0,10
CCCC[n+]1cccc(C)c1C|O=S(=O)([N-]S(=O)(=O)C(F)(F)F)C(F)(F)F,-2.1515822410583496,-1.8382551670074463,0,10
CCCC[n+]1cccc(C)c1C|O=S(=O)([N-]S(=O)(=O)C(F)(F)F)C(F)(F)F,-1.870153546333313,-1.6210156679153442,0,10
CCCC[n+]1cccc(C)c1C|O=S(=O)([N-]S(=O)(=O)C(F)(F)F)C(F)(F)F,-1.6124423742294312,-1.4257277250289917,0,10
CCCC[n+]1cccc(C)c1C|O=S(=O)([N-]S(=O)(=O)C(F)(F)F)C(F)(F)F,-1.1583622694015503,-1.0466654300689697,0,10
CCCC[n+]1cccc(C)c1C|O=S(=O)([N-]S(=O)(=O)C(F)(F)F)C(F)(F)F,-0.7678707242012024,-0.6704015135765076,0,10
CCCC[n+]1cccc(C)c1C|O=S(=O)([N-]S(=O)(=O)C(F)(F)F)C(F)(F)F,-0.43232256174087524,-0.371341347694397,0,10
CCCC[n+]1cccc(C)c1C|O=S(=O)([N-]S(=O)(=O)C(F)(F)F)C(F)(F)F,-0.18392284214496613,-0.13486528396606445,0,10
CCCC[n+]1cccc(C)c1C|O=S(=O)([N-]S(=O)(=O)C(F)(F)F)C(F)(F)F,0.1151128038764,0.04874241352081299,0,10
CC[N+](CC)(CC)CC|O=C(O[B-](F)(F)OC(=O)C(F)(F)F)C(F)(F)F,-2.331602096557617,-2.7089781761169434,0,10
CC[N+](CC)(CC)CC|O=C(O[B-](F)(F)OC(=O)C(F)(F)F)C(F)(F)F,-1.7395466566085815,-2.1473984718322754,0,10
CC[N+](CC)(CC)CC|O=C(O[B-](F)(F)OC(=O)C(F)(F)F)C(F)(F)F,-1.250016689300537,-1.6830618381500244,0,10
CC[N+](CC)(CC)CC|O=C(O[B-](F)(F)OC(=O)C(F)(F)F)C(F)(F)F,-0.834480345249176,-1.2785532474517822,0,10
CC[N+](CC)(CC)CC|O=C(O[B-](F)(F)OC(=O)C(F)(F)F)C(F)(F)F,-0.6495131254196167,-1.0898687839508057,0,10
CC[N+](CC)(CC)CC|O=C(O[B-](F)(F)OC(=O)C(F)(F)F)C(F)(F)F,-0.3175916075706482,-0.7643564939498901,0,10
CC[N+](CC)(CC)CC|O=C(O[B-](F)(F)OC(=O)C(F)(F)F)C(F)(F)F,-0.028090879321098328,-0.4771078824996948,0,10
CC[N+](CC)(CC)CC|O=C(O[B-](F)(F)OC(=O)C(F)(F)F)C(F)(F)F,0.22593963146209717,-0.2529425621032715,0,10
CC[N+](CC)(CC)CC|O=C(O[B-](F)(F)OC(=O)C(F)(F)F)C(F)(F)F,0.45088452100753784,-0.08848083019256592,0,10
CC[N+](CC)(CC)CC|O=C(O[B-](F)(F)OC(=O)C(F)(F)F)C(F)(F)F,0.6495609283447266,0.06843304634094238,0,10
C[n+]1ccn(CCCC#N)c1|O=S(=O)([N-]S(=O)(=O)C(F)(F)F)C(F)(F)F,-6.907755374908447,-4.241633415222168,0,27
C[n+]1ccn(CCCC#N)c1|O=S(=O)([N-]S(=O)(=O)C(F)(F)F)C(F)(F)F,-5.521461009979248,-3.94461727142334,0,27
C[n+]1ccn(CCCC#N)c1|O=S(=O)([N-]S(=O)(=O)C(F)(F)F)C(F)(F)F,-3.772261142730713,-3.3316667079925537,0,27
C[n+]1ccn(CCCC#N)c1|O=S(=O)([N-]S(=O)(=O)C(F)(F)F)C(F)(F)F,-2.3751556873321533,-2.698338031768799,0,27
C[n+]1ccn(CCCC#N)c1|O=S(=O)([N-]S(=O)(=O)C(F)(F)F)C(F)(F)F,-1.5141277313232422,-2.1495070457458496,0,27
C[n+]1ccn(CCCC#N)c1|O=S(=O)([N-]S(=O)(=O)C(F)(F)F)C(F)(F)F,-0.9649559259414673,-1.6866950988769531,0,27
C[n+]1ccn(CCCC#N)c1|O=S(=O)([N-]S(=O)(=O)C(F)(F)F)C(F)(F)F,-0.48288625478744507,-1.2770484685897827,0,27
C[n+]1ccn(CCCC#N)c1|O=S(=O)([N-]S(=O)(=O)C(F)(F)F)C(F)(F)F,-0.14387036859989166,-0.9293497204780579,0,27
C[n+]1ccn(CCCC#N)c1|O=S(=O)([N-]S(=O)(=O)C(F)(F)F)C(F)(F)F,0.20701417326927185,-0.6418339014053345,0,27
C[n+]1ccn(CCCC#N)c1|O=S(=O)([N-]S(=O)(=O)C(F)(F)F)C(F)(F)F,0.5128236413002014,-0.4122580289840698,0,27
CCCCCCCC[P+](CCCC)(CCCC)CCCC|CC(=O)C=C(C)[O-],-5.621281147003174,-3.693490982055664,0,10
CCCCCCCC[P+](CCCC)(CCCC)CCCC|CC(=O)C=C(C)[O-],-5.3948283195495605,-3.4846410751342773,0,10
CCCCCCCC[P+](CCCC)(CCCC)CCCC|CC(=O)C=C(C)[O-],-5.141313552856445,-3.283266067504883,0,10
CCCCCCCC[P+](CCCC)(CCCC)CCCC|CC(=O)C=C(C)[O-],-4.9049248695373535,-3.0898358821868896,0,10
CCCCCCCC[P+](CCCC)(CCCC)CCCC|CC(=O)C=C(C)[O-],-4.683131694793701,-2.9162135124206543,0,10
CCCCCCCC[P+](CCCC)(CCCC)CCCC|CC(=O)C=C(C)[O-],-4.475019454956055,-2.747593402862549,0,10
CCCCCCCC[P+](CCCC)(CCCC)CCCC|CC(=O)C=C(C)[O-],-4.2816386222839355,-2.5917980670928955,0,10
CCCCCCCC[P+](CCCC)(CCCC)CCCC|CC(=O)C=C(C)[O-],-4.105000972747803,-2.4353041648864746,0,10
CCCCCCCC[P+](CCCC)(CCCC)CCCC|CC(=O)C=C(C)[O-],-3.9445462226867676,-2.2671315670013428,0,10
CCCCCCCC[P+](CCCC)(CCCC)CCCC|CC(=O)C=C(C)[O-],-3.7705235481262207,-2.118687152862549,0,10
CC[n+]1ccn(C)c1|N#C[C-](C#N)C#N,0.8628899455070496,-0.14966809749603271,0,29
CC[n+]1ccn(C)c1|N#C[C-](C#N)C#N,1.1052567958831787,0.24630451202392578,0,29
CC[n+]1ccn(C)c1|N#C[C-](C#N)C#N,1.2237753868103027,0.6855393648147583,0,29
CC[n+]1ccn(C)c1|N#C[C-](C#N)C#N,1.3270750045776367,0.9044893980026245,0,29
CC[n+]1ccn(C)c1|N#C[C-](C#N)C#N,1.4516137838363647,1.0982803106307983,0,29
CC[n+]1ccn(C)c1|N#C[C-](C#N)C#N,1.5602476596832275,1.2639564275741577,0,29
CC[n+]1ccn(C)c1|N#C[C-](C#N)C#N,1.6601309776306152,1.3741058111190796,0,29
CC[n+]1ccn(C)c1|N#C[C-](C#N)C#N,1.7404661178588867,1.4668954610824585,0,29
CC[n+]1ccn(C)c1|N#C[C-](C#N)C#N,1.8325815200805664,1.6218453645706177,0,29
CC[n+]1ccn(C)c1|N#C[C-](C#N)C#N,1.8900953531265259,1.70789635181427,0,29
COC[n+]1ccccc1|O=S(=O)([N-]S(=O)(=O)C(F)(F)F)C(F)(F)F,-1.2413285970687866,-1.4395562410354614,0,9
COC[n+]1ccccc1|O=S(=O)([N-]S(=O)(=O)C(F)(F)F)C(F)(F)F,-0.8964881300926208,-1.1237049102783203,0,9
COC[n+]1ccccc1|O=S(=O)([N-]S(=O)(=O)C(F)(F)F)C(F)(F)F,-0.7808861136436462,-0.9815595746040344,0,9
COC[n+]1ccccc1|O=S(=O)([N-]S(=O)(=O)C(F)(F)F)C(F)(F)F,-0.6577800512313843,-0.8350511789321899,0,9
COC[n+]1ccccc1|O=S(=O)([N-]S(=O)(=O)C(F)(F)F)C(F)(F)F,-0.44941699504852295,-0.6023255586624146,0,9
COC[n+]1ccccc1|O=S(=O)([N-]S(=O)(=O)C(F)(F)F)C(F)(F)F,-0.2744368314743042,-0.40330231189727783,0,9
COC[n+]1ccccc1|O=S(=O)([N-]S(=O)(=O)C(F)(F)F)C(F)(F)F,-0.11991029977798462,-0.24004006385803223,0,9
COC[n+]1ccccc1|O=S(=O)([N-]S(=O)(=O)C(F)(F)F)C(F)(F)F,0.017839917913079262,-0.08548891544342041,0,9
COC[n+]1ccccc1|O=S(=O)([N-]S(=O)(=O)C(F)(F)F)C(F)(F)F,0.13102826476097107,0.056439757347106934,0,9
CCCOCCn1cc[n+](C)c1|O=S(=O)([N-]S(=O)(=O)C(F)(F)F)C(F)(F)F,-1.5896352529525757,-1.8004674911499023,0,9
CCCOCCn1cc[n+](C)c1|O=S(=O)([N-]S(=O)(=O)C(F)(F)F)C(F)(F)F,-1.2623083591461182,-1.4493223428726196,0,9
CCCOCCn1cc[n+](C)c1|O=S(=O)([N-]S(=O)(=O)C(F)(F)F)C(F)(F)F,-1.145703911781311,-1.3050551414489746,0,9
CCCOCCn1cc[n+](C)c1|O=S(=O)([N-]S(=O)(=O)C(F)(F)F)C(F)(F)F,-1.024432897567749,-1.1652555465698242,0,9
CCCOCCn1cc[n+](C)c1|O=S(=O)([N-]S(=O)(=O)C(F)(F)F)C(F)(F)F,-0.8051967024803162,-0.9194263815879822,0,9
CCCOCCn1cc[n+](C)c1|O=S(=O)([N-]S(=O)(=O)C(F)(F)F)C(F)(F)F,-0.6348782777786255,-0.7095451354980469,0,9
CCCOCCn1cc[n+](C)c1|O=S(=O)([N-]S(=O)(=O)C(F)(F)F)C(F)(F)F,-0.5008752942085266,-0.5370998382568359,0,9
CCCOCCn1cc[n+](C)c1|O=S(=O)([N-]S(=O)(=O)C(F)(F)F)C(F)(F)F,-0.3710636794567108,-0.37813258171081543,0,9
CCCOCCn1cc[n+](C)c1|O=S(=O)([N-]S(=O)(=O)C(F)(F)F)C(F)(F)F,-0.2561834156513214,-0.2182995080947876,0,9
CCOCC[n+]1ccn(C)c1|O=S(=O)([N-]S(=O)(=O)C(F)(F)F)C(F)(F)F,-1.3056364059448242,-1.637727975845337,0,9
CCOCC[n+]1ccn(C)c1|O=S(=O)([N-]S(=O)(=O)C(F)(F)F)C(F)(F)F,-1.0412871837615967,-1.3037962913513184,0,9
CCOCC[n+]1ccn(C)c1|O=S(=O)([N-]S(=O)(=O)C(F)(F)F)C(F)(F)F,-0.9113031625747681,-1.1592211723327637,0,9
CCOCC[n+]1ccn(C)c1|O=S(=O)([N-]S(=O)(=O)C(F)(F)F)C(F)(F)F,-0.774357259273529,-1.0243446826934814,0,9
CCOCC[n+]1ccn(C)c1|O=S(=O)([N-]S(=O)(=O)C(F)(F)F)C(F)(F)F,-0.5960204601287842,-0.7889680862426758,0,9
CCOCC[n+]1ccn(C)c1|O=S(=O)([N-]S(=O)(=O)C(F)(F)F)C(F)(F)F,-0.4509856104850769,-0.5756510496139526,0,9
CCOCC[n+]1ccn(C)c1|O=S(=O)([N-]S(=O)(=O)C(F)(F)F)C(F)(F)F,-0.3174542188644409,-0.39564645290374756,0,9
CCOCC[n+]1ccn(C)c1|O=S(=O)([N-]S(=O)(=O)C(F)(F)F)C(F)(F)F,-0.21072103083133698,-0.23467552661895752,0,9
CCOCC[n+]1ccn(C)c1|O=S(=O)([N-]S(=O)(=O)C(F)(F)F)C(F)(F)F,-0.09431067854166031,-0.0854576826095581,0,9
CCCCCCn1cc[n+](C)c1|N#C[C-](C#N)C#N,-0.6753072738647461,-1.1644272804260254,0,120
CCCCCCn1cc[n+](C)c1|N#C[C-](C#N)C#N,-0.372514009475708,-0.6497386693954468,0,120
CCCCCCn1cc[n+](C)c1|N#C[C-](C#N)C#N,-0.08446915447711945,-0.1612762212753296,0,120
CCCCCCn1cc[n+](C)c1|N#C[C-](C#N)C#N,0.12044615298509598,0.07998192310333252,0,120
CCCCCCn1cc[n+](C)c1|N#C[C-](C#N)C#N,0.2949059307575226,0.33301377296447754,0,120
CCCCCCn1cc[n+](C)c1|N#C[C-](C#N)C#N,0.49774038791656494,0.5879164934158325,0,120
CCCCCCn1cc[n+](C)c1|N#C[C-](C#N)C#N,0.588897168636322,0.7415136098861694,0,120
CCCCCCn1cc[n+](C)c1|N#C[C-](C#N)C#N,0.7514160871505737,0.8606783151626587,0,120
CCCCCCn1cc[n+](C)c1|N#C[C-](C#N)C#N,0.9082585573196411,1.056416392326355,0,120
CCCCCCn1cc[n+](C)c1|N#C[C-](C#N)C#N,1.0188473463058472,1.1733874082565308,0,120
CC[N+](C)(CCO)CCO|O=S(=O)([N-]S(=O)(=O)C(F)(F)F)C(F)(F)F,-3.6119184494018555,-3.7221460342407227,0,9
CC[N+](C)(CCO)CCO|O=S(=O)([N-]S(=O)(=O)C(F)(F)F)C(F)(F)F,-3.2188758850097656,-3.4236156940460205,0,9
CC[N+](C)(CCO)CCO|O=S(=O)([N-]S(=O)(=O)C(F)(F)F)C(F)(F)F,-2.882403612136841,-3.1245741844177246,0,9
CC[N+](C)(CCO)CCO|O=S(=O)([N-]S(=O)(=O)C(F)(F)F)C(F)(F)F,-2.577021837234497,-2.850515365600586,0,9
CC[N+](C)(CCO)CCO|O=S(=O)([N-]S(=O)(=O)C(F)(F)F)C(F)(F)F,-2.2926347255706787,-2.5942623615264893,0,9
CC[N+](C)(CCO)CCO|O=S(=O)([N-]S(=O)(=O)C(F)(F)F)C(F)(F)F,-2.0402207374572754,-2.3385558128356934,0,9
CC[N+](C)(CCO)CCO|O=S(=O)([N-]S(=O)(=O)C(F)(F)F)C(F)(F)F,-1.8018097877502441,-2.0923614501953125,0,9
CC[N+](C)(CCO)CCO|O=S(=O)([N-]S(=O)(=O)C(F)(F)F)C(F)(F)F,-1.5798791646957397,-1.874969244003296,0,9
CC[N+](C)(CCO)CCO|O=S(=O)([N-]S(=O)(=O)C(F)(F)F)C(F)(F)F,-1.3743658065795898,-1.6707063913345337,0,9
C(CCC)[N+]1=CSC=C1C|F[B-]1(F)OC(=O)C(=O)O1,-2.7968814373016357,-2.6228160858154297,0,9
C(CCC)[N+]1=CSC=C1C|F[B-]1(F)OC(=O)C(=O)O1,-2.3751556873321533,-2.046657085418701,0,9
C(CCC)[N+]1=CSC=C1C|F[B-]1(F)OC(=O)C(=O)O1,-2.207274913787842,-1.8063055276870728,0,9
C(CCC)[N+]1=CSC=C1C|F[B-]1(F)OC(=O)C(=O)O1,-2.0174062252044678,-1.5563700199127197,0,9
C(CCC)[N+]1=CSC=C1C|F[B-]1(F)OC(=O)C(=O)O1,-1.505077838897705,-1.1372630596160889,0,9
C(CCC)[N+]1=CSC=C1C|F[B-]1(F)OC(=O)C(=O)O1,-0.9519178867340088,-0.7708724141120911,0,9
C(CCC)[N+]1=CSC=C1C|F[B-]1(F)OC(=O)C(=O)O1,-0.5656338334083557,-0.4512108564376831,0,9
C(CCC)[N+]1=CSC=C1C|F[B-]1(F)OC(=O)C(=O)O1,-0.26136475801467896,-0.1978597640991211,0,9
C(CCC)[N+]1=CSC=C1C|F[B-]1(F)OC(=O)C(=O)O1,0.00498754158616066,-0.013308405876159668,0,9
CCCCCC[n+]1ccn(C)c1|[Br-],2.008213996887207,-3.5949201583862305,0,8
CCCCCC[n+]1ccn(C)c1|[Br-],2.489894151687622,-3.0517640113830566,0,8
CCCCCC[n+]1ccn(C)c1|[Br-],2.938103199005127,-2.5838403701782227,0,8
CCCCCC[n+]1ccn(C)c1|[Br-],3.3568971157073975,-2.1707935333251953,0,8
CCCCCC[n+]1ccn(C)c1|[Br-],3.732896327972412,-1.8220990896224976,0,8
CCCCCC[n+]1ccn(C)c1|[Br-],4.1026434898376465,-1.5125857591629028,0,8
CCCCCC[n+]1ccn(C)c1|[Br-],4.420044898986816,-1.2414684295654297,0,8
CCn1cc[n+](CCOC)c1|O=[Re](=O)(=O)[O-],-2.1803674697875977,-1.6385868787765503,0,10
CCn1cc[n+](CCOC)c1|O=[Re](=O)(=O)[O-],-1.9519282579421997,-1.4759441614151,0,10
CCn1cc[n+](CCOC)c1|O=[Re](=O)(=O)[O-],-1.742969274520874,-1.3296152353286743,0,10
CCn1cc[n+](CCOC)c1|O=[Re](=O)(=O)[O-],-1.570217251777649,-1.1956881284713745,0,10
CCn1cc[n+](CCOC)c1|O=[Re](=O)(=O)[O-],-1.414693832397461,-1.0653294324874878,0,10
CCn1cc[n+](CCOC)c1|O=[Re](=O)(=O)[O-],-1.2447948455810547,-0.9451196789741516,0,10
CCn1cc[n+](CCOC)c1|O=[Re](=O)(=O)[O-],-1.127011775970459,-0.8316375017166138,0,10
CCn1cc[n+](CCOC)c1|O=[Re](=O)(=O)[O-],-0.9942522644996643,-0.7260301113128662,0,10
CCn1cc[n+](CCOC)c1|O=[Re](=O)(=O)[O-],-0.8989421129226685,-0.6287278532981873,0,10
CCn1cc[n+](CCOC)c1|O=[Re](=O)(=O)[O-],-0.7940731048583984,-0.5414457321166992,0,10
CCCCCCCCC[n+]1ccn(C)c1|F[P-](F)(F)(F)(F)F,-4.312500476837158,-4.232130527496338,0,9
CCCCCCCCC[n+]1ccn(C)c1|F[P-](F)(F)(F)(F)F,-3.9528450965881348,-3.8537044525146484,0,9
CCCCCCCCC[n+]1ccn(C)c1|F[P-](F)(F)(F)(F)F,-3.615628957748413,-3.460841655731201,0,9
CCCCCCCCC[n+]1ccn(C)c1|F[P-](F)(F)(F)(F)F,-3.302257537841797,-3.0829319953918457,0,9
CCCCCCCCC[n+]1ccn(C)c1|F[P-](F)(F)(F)(F)F,-3.009831190109253,-2.741807460784912,0,9
CCCCCCCCC[n+]1ccn(C)c1|F[P-](F)(F)(F)(F)F,-2.733367919921875,-2.443350315093994,0,9
CCCCCCCCC[n+]1ccn(C)c1|F[P-](F)(F)(F)(F)F,-2.4733734130859375,-2.1669039726257324,0,9
CCCCCCCCC[n+]1ccn(C)c1|F[P-](F)(F)(F)(F)F,-2.228405714035034,-1.9140516519546509,0,9
CCCCCCCCC[n+]1ccn(C)c1|F[P-](F)(F)(F)(F)F,-2.001000165939331,-1.6995913982391357,0,9
CCCC[N+](CCO)(CCO)CCO|O=S(=O)([N-]S(=O)(=O)C(F)(F)F)C(F)(F)F,-5.521461009979248,-4.11034631729126,0,9
CCCC[N+](CCO)(CCO)CCO|O=S(=O)([N-]S(=O)(=O)C(F)(F)F)C(F)(F)F,-4.9618449211120605,-3.876911163330078,0,9
CCCC[N+](CCO)(CCO)CCO|O=S(=O)([N-]S(=O)(=O)C(F)(F)F)C(F)(F)F,-4.509860038757324,-3.640517234802246,0,9
CCCC[N+](CCO)(CCO)CCO|O=S(=O)([N-]S(=O)(=O)C(F)(F)F)C(F)(F)F,-4.135166645050049,-3.4183974266052246,0,9
CCCC[N+](CCO)(CCO)CCO|O=S(=O)([N-]S(=O)(=O)C(F)(F)F)C(F)(F)F,-3.729701519012451,-3.2145347595214844,0,9
CCCC[N+](CCO)(CCO)CCO|O=S(=O)([N-]S(=O)(=O)C(F)(F)F)C(F)(F)F,-3.381394863128662,-2.986173152923584,0,9
CCCC[N+](CCO)(CCO)CCO|O=S(=O)([N-]S(=O)(=O)C(F)(F)F)C(F)(F)F,-3.0791139602661133,-2.7415242195129395,0,9
CCCC[N+](CCO)(CCO)CCO|O=S(=O)([N-]S(=O)(=O)C(F)(F)F)C(F)(F)F,-2.780620813369751,-2.5048303604125977,0,9
CCCC[N+](CCO)(CCO)CCO|O=S(=O)([N-]S(=O)(=O)C(F)(F)F)C(F)(F)F,-2.5010359287261963,-2.292022228240967,0,9
CCCCn1cc[n+](C)c1|CCC(=O)[O-],-2.6552679538726807,-2.22189998626709,0,9
CCCCn1cc[n+](C)c1|CCC(=O)[O-],-2.405393362045288,-1.8837809562683105,0,9
CCCCn1cc[n+](C)c1|CCC(=O)[O-],-2.1194305419921875,-1.5930418968200684,0,9
CCCCn1cc[n+](C)c1|CCC(=O)[O-],-1.8598241806030273,-1.3223177194595337,0,9
CCCCn1cc[n+](C)c1|CCC(=O)[O-],-1.6174700260162354,-1.0943973064422607,0,9
CCCCn1cc[n+](C)c1|CCC(=O)[O-],-1.3935203552246094,-0.9101483821868896,0,9
CCCCn1cc[n+](C)c1|CCC(=O)[O-],-1.1851511001586914,-0.734189510345459,0,9
CCCCn1cc[n+](C)c1|CCC(=O)[O-],-0.9899372458457947,-0.573854923248291,0,9
CCCCn1cc[n+](C)c1|CCC(=O)[O-],-0.8049730062484741,-0.42489075660705566,0,9
CC[n+]1ccn(C)c1|CS(=O)(=O)[O-],-1.6044503450393677,-1.923736572265625,0,51
CC[n+]1ccn(C)c1|CS(=O)(=O)[O-],-1.0469690561294556,-1.2006959915161133,0,51
CC[n+]1ccn(C)c1|CS(=O)(=O)[O-],-0.583396315574646,-0.6785987019538879,0,51
CC[n+]1ccn(C)c1|CS(=O)(=O)[O-],-0.1899505853652954,-0.2932724952697754,0,51
CC[n+]1ccn(C)c1|CS(=O)(=O)[O-],0.1475575715303421,-0.016444921493530273,0,51
CC[n+]1ccn(C)c1|CS(=O)(=O)[O-],0.44018855690956116,0.19502103328704834,0,51
CC[n+]1ccn(C)c1|CS(=O)(=O)[O-],0.6956440806388855,0.37219226360321045,0,51
CC[n+]1ccn(C)c1|CS(=O)(=O)[O-],0.9532011151313782,0.526797890663147,0,51
CC[n+]1ccn(C)c1|CS(=O)(=O)[O-],-2.813410758972168,-3.3055272102355957,0,51
CC[n+]1ccn(C)c1|CS(=O)(=O)[O-],-2.3025851249694824,-2.783329486846924,0,51
CC[n+]1ccn(C)c1|CS(=O)(=O)[O-],-1.9661128520965576,-2.299043655395508,0,51
CC[n+]1ccn(C)c1|CS(=O)(=O)[O-],-1.309333324432373,-1.52580726146698,0,51
CC[n+]1ccn(C)c1|CS(=O)(=O)[O-],-0.597836971282959,-0.671959400177002,0,51
CC[n+]1ccn(C)c1|CS(=O)(=O)[O-],-0.03045920841395855,-0.14810824394226074,0,51
CC[n+]1ccn(C)c1|CS(=O)(=O)[O-],0.17395330965518951,0.0020897388458251953,0,51
CC[n+]1ccn(C)c1|CS(=O)(=O)[O-],0.5709795355796814,0.28533053398132324,0,51
CCCC[n+]1ccn(C)c1|O=S(=O)([N-]S(=O)(=O)C(F)(F)F)C(F)(F)F,-2.3644604682922363,-2.6400132179260254,0,337
CCCC[n+]1ccn(C)c1|O=S(=O)([N-]S(=O)(=O)C(F)(F)F)C(F)(F)F,-1.8904753923416138,-1.903889775276184,0,337
CCCC[n+]1ccn(C)c1|O=S(=O)([N-]S(=O)(=O)C(F)(F)F)C(F)(F)F,-1.2982834577560425,-1.2237892150878906,0,337
CCCC[n+]1ccn(C)c1|O=S(=O)([N-]S(=O)(=O)C(F)(F)F)C(F)(F)F,-0.9888614416122437,-0.8722596764564514,0,337
CCCC[n+]1ccn(C)c1|O=S(=O)([N-]S(=O)(=O)C(F)(F)F)C(F)(F)F,-0.6851789951324463,-0.47466421127319336,0,337
CCCC[n+]1ccn(C)c1|O=S(=O)([N-]S(=O)(=O)C(F)(F)F)C(F)(F)F,-0.3552473783493042,-0.18290495872497559,0,337
CCCC[n+]1ccn(C)c1|O=S(=O)([N-]S(=O)(=O)C(F)(F)F)C(F)(F)F,-0.10092591494321823,0.021289706230163574,0,337
CCCC[n+]1ccn(C)c1|O=S(=O)([N-]S(=O)(=O)C(F)(F)F)C(F)(F)F,0.24998021125793457,0.2547100782394409,0,337
C=C[n+]1ccn(CC(N)=O)c1|O=S(=O)([N-]S(=O)(=O)C(F)(F)F)C(F)(F)F,-4.605170249938965,-1.9213110208511353,0,8
C=C[n+]1ccn(CC(N)=O)c1|O=S(=O)([N-]S(=O)(=O)C(F)(F)F)C(F)(F)F,-3.9120230674743652,-1.6648696660995483,0,8
C=C[n+]1ccn(CC(N)=O)c1|O=S(=O)([N-]S(=O)(=O)C(F)(F)F)C(F)(F)F,-3.5065579414367676,-1.4024732112884521,0,8
C=C[n+]1ccn(CC(N)=O)c1|O=S(=O)([N-]S(=O)(=O)C(F)(F)F)C(F)(F)F,-2.995732307434082,-1.1906204223632812,0,8
C=C[n+]1ccn(CC(N)=O)c1|O=S(=O)([N-]S(=O)(=O)C(F)(F)F)C(F)(F)F,-2.6592600345611572,-0.999708890914917,0,8
C=C[n+]1ccn(CC(N)=O)c1|O=S(=O)([N-]S(=O)(=O)C(F)(F)F)C(F)(F)F,-2.3025851249694824,-0.8254111409187317,0,8
C=C[n+]1ccn(CC(N)=O)c1|O=S(=O)([N-]S(=O)(=O)C(F)(F)F)C(F)(F)F,-1.9661128520965576,-0.6538628339767456,0,8
C=C[n+]1ccn(CC(N)=O)c1|O=S(=O)([N-]S(=O)(=O)C(F)(F)F)C(F)(F)F,-1.6094379425048828,-0.5000406503677368,0,8
c(N(CC)CC)1c(N(CC)CC)[c+]1N(CCCC)C|[N-](C#N)C#N,-1.0495364665985107,-1.1021146774291992,0,8
c(N(CC)CC)1c(N(CC)CC)[c+]1N(CCCC)C|[N-](C#N)C#N,-0.669430673122406,-0.8576302528381348,0,8
c(N(CC)CC)1c(N(CC)CC)[c+]1N(CCCC)C|[N-](C#N)C#N,-0.3382738530635834,-0.6334912776947021,0,8
c(N(CC)CC)1c(N(CC)CC)[c+]1N(CCCC)C|[N-](C#N)C#N,-0.05129329487681389,-0.4256293773651123,0,8
c(N(CC)CC)1c(N(CC)CC)[c+]1N(CCCC)C|[N-](C#N)C#N,0.1988508552312851,-0.2525060176849365,0,8
c(N(CC)CC)1c(N(CC)CC)[c+]1N(CCCC)C|[N-](C#N)C#N,0.4213384687900543,-0.10278880596160889,0,8
c(N(CC)CC)1c(N(CC)CC)[c+]1N(CCCC)C|[N-](C#N)C#N,0.6205765008926392,0.04799473285675049,0,8
c(N(CC)CC)1c(N(CC)CC)[c+]1N(CCCC)C|[N-](C#N)C#N,0.7957037687301636,0.1945401430130005,0,8
CC[n+]1ccn(C)c1|CS(=O)(=O)[O-],-2.7030627727508545,-3.3572306632995605,0,51
CC[n+]1ccn(C)c1|CS(=O)(=O)[O-],-2.3126354217529297,-2.829862594604492,0,51
CC[n+]1ccn(C)c1|CS(=O)(=O)[O-],-1.9449106454849243,-2.3195455074310303,0,51
CC[n+]1ccn(C)c1|CS(=O)(=O)[O-],-1.3356012105941772,-1.5511308908462524,0,51
CC[n+]1ccn(C)c1|CS(=O)(=O)[O-],-0.5798184871673584,-0.6830253601074219,0,51
CC[n+]1ccn(C)c1|CS(=O)(=O)[O-],-0.02020270749926567,-0.14152002334594727,0,51
CC[n+]1ccn(C)c1|CS(=O)(=O)[O-],0.17395330965518951,0.005522727966308594,0,51
CC[n+]1ccn(C)c1|CS(=O)(=O)[O-],0.5596157908439636,0.2879204750061035,0,51
CCCC[n+]1ccn(C)c1|N#C[C-](C#N)C#N,-0.9675840139389038,-1.8511862754821777,0,86
CCCC[n+]1ccn(C)c1|N#C[C-](C#N)C#N,-0.5798184871673584,-1.1239672899246216,0,86
CCCC[n+]1ccn(C)c1|N#C[C-](C#N)C#N,-0.24846136569976807,-0.5158905982971191,0,86
CCCC[n+]1ccn(C)c1|N#C[C-](C#N)C#N,-0.06187540292739868,-0.2536252737045288,0,86
CCCC[n+]1ccn(C)c1|N#C[C-](C#N)C#N,0.14842000603675842,0.05543959140777588,0,86
CCCC[n+]1ccn(C)c1|N#C[C-](C#N)C#N,0.43178242444992065,0.4667571783065796,0,86
CCCC[n+]1ccn(C)c1|N#C[C-](C#N)C#N,0.6575199961662292,0.7650207281112671,0,86
CCCC[n+]1ccn(C)c1|N#C[C-](C#N)C#N,0.9162907600402832,0.9734750986099243,0,86
CCCCCCCC[n+]1cccc(C)c1C|O=S(=O)([N-]S(=O)(=O)C(F)(F)F)C(F)(F)F,-4.754830837249756,-3.9488468170166016,0,10
CCCCCCCC[n+]1cccc(C)c1C|O=S(=O)([N-]S(=O)(=O)C(F)(F)F)C(F)(F)F,-3.9070353507995605,-3.365152359008789,0,10
CCCCCCCC[n+]1cccc(C)c1C|O=S(=O)([N-]S(=O)(=O)C(F)(F)F)C(F)(F)F,-3.196625232696533,-2.7817623615264893,0,10
CCCCCCCC[n+]1cccc(C)c1C|O=S(=O)([N-]S(=O)(=O)C(F)(F)F)C(F)(F)F,-2.884190797805786,-2.518203020095825,0,10
CCCCCCCC[n+]1cccc(C)c1C|O=S(=O)([N-]S(=O)(=O)C(F)(F)F)C(F)(F)F,-2.5956146717071533,-2.2880771160125732,0,10
CCCCCCCC[n+]1cccc(C)c1C|O=S(=O)([N-]S(=O)(=O)C(F)(F)F)C(F)(F)F,-2.082646608352661,-1.8943729400634766,0,10
CCCCCCCC[n+]1cccc(C)c1C|O=S(=O)([N-]S(=O)(=O)C(F)(F)F)C(F)(F)F,-1.6414446830749512,-1.5491153001785278,0,10
CCCCCCCC[n+]1cccc(C)c1C|O=S(=O)([N-]S(=O)(=O)C(F)(F)F)C(F)(F)F,-1.2587810754776,-1.2372877597808838,0,10
CCCCCCCC[n+]1cccc(C)c1C|O=S(=O)([N-]S(=O)(=O)C(F)(F)F)C(F)(F)F,-0.881889283657074,-0.9405299425125122,0,10
CCCCCCCC[n+]1cccc(C)c1C|O=S(=O)([N-]S(=O)(=O)C(F)(F)F)C(F)(F)F,-0.6292338371276855,-0.6845635175704956,0,10
c(N(CCCCCC)CCCCCC)1c(N(CCCCCC)CCCCCC)[c+]1N(CCCCCC)CCCCCC|[N-](C#N)C#N,-4.128935813903809,-2.633509874343872,0,8
c(N(CCCCCC)CCCCCC)1c(N(CCCCCC)CCCCCC)[c+]1N(CCCCCC)CCCCCC|[N-](C#N)C#N,-3.649658679962158,-2.4161558151245117,0,8
c(N(CCCCCC)CCCCCC)1c(N(CCCCCC)CCCCCC)[c+]1N(CCCCCC)CCCCCC|[N-](C#N)C#N,-3.184474468231201,-2.214139699935913,0,8
c(N(CCCCCC)CCCCCC)1c(N(CCCCCC)CCCCCC)[c+]1N(CCCCCC)CCCCCC|[N-](C#N)C#N,-2.780620813369751,-2.0467286109924316,0,8
c(N(CCCCCC)CCCCCC)1c(N(CCCCCC)CCCCCC)[c+]1N(CCCCCC)CCCCCC|[N-](C#N)C#N,-2.4179959297180176,-1.877529501914978,0,8
c(N(CCCCCC)CCCCCC)1c(N(CCCCCC)CCCCCC)[c+]1N(CCCCCC)CCCCCC|[N-](C#N)C#N,-2.097198247909546,-1.7122182846069336,0,8
c(N(CCCCCC)CCCCCC)1c(N(CCCCCC)CCCCCC)[c+]1N(CCCCCC)CCCCCC|[N-](C#N)C#N,-1.805452823638916,-1.5632941722869873,0,8
c(N(CCCCCC)CCCCCC)1c(N(CCCCCC)CCCCCC)[c+]1N(CCCCCC)CCCCCC|[N-](C#N)C#N,-1.5469326972961426,-1.4484179019927979,0,8
CCCC[n+]1ccn(C)c1|O=S(=O)([N-]S(=O)(=O)C(F)(F)F)C(F)(F)F,-0.05762911215424538,-0.06699275970458984,0,337
CCCC[n+]1ccn(C)c1|O=C([O-])c1ccccc1O,-3.2441935539245605,-4.518030643463135,0,15
CCCC[n+]1ccn(C)c1|O=C([O-])c1ccccc1O,-2.882403612136841,-4.026322841644287,0,15
CCCC[n+]1ccn(C)c1|O=C([O-])c1ccccc1O,-2.5383074283599854,-3.5351781845092773,0,15
CCCC[n+]1ccn(C)c1|O=C([O-])c1ccccc1O,-2.2926347255706787,-3.0305936336517334,0,15
CCCC[n+]1ccn(C)c1|O=C([O-])c1ccccc1O,-2.0955710411071777,-2.5267980098724365,0,15
CCCC[n+]1ccn(C)c1|O=C([O-])c1ccccc1O,-1.9038089513778687,-2.0551412105560303,0,15
CCCC[n+]1ccn(C)c1|O=C([O-])c1ccccc1O,-1.7259716987609863,-1.6687928438186646,0,15
CCCC[n+]1ccn(C)c1|O=C([O-])c1ccccc1O,-1.56064772605896,-1.3057153224945068,0,15
CCCC[n+]1ccn(C)c1C|N#C[S-],-2.2443161010742188,-1.6924811601638794,0,8
CCCC[n+]1ccn(C)c1C|N#C[S-],-1.8773173093795776,-1.3173829317092896,0,8
CCCC[n+]1ccn(C)c1C|N#C[S-],-1.5278578996658325,-0.9780048131942749,0,8
CCCC[n+]1ccn(C)c1C|N#C[S-],-1.2275826930999756,-0.7025271058082581,0,8
CCCC[n+]1ccn(C)c1C|N#C[S-],-0.9519178867340088,-0.47428810596466064,0,8
CCCC[n+]1ccn(C)c1C|N#C[S-],-0.7011793255805969,-0.25643789768218994,0,8
CCCC[n+]1ccn(C)c1C|N#C[S-],-0.4668087363243103,-0.07549452781677246,0,8
CCCC[n+]1ccn(C)c1C|N#C[S-],-0.2561834156513214,0.0641477108001709,0,8
c(N(C)C)1c(N(C)C)[c+]1N(CCCCCC)CCCCCC|[N-](S(=O)(=O)C(F)(F)F)S(=O)(=O)C(F)(F)F,-3.540459394454956,-2.2517964839935303,0,8
c(N(C)C)1c(N(C)C)[c+]1N(CCCCCC)CCCCCC|[N-](S(=O)(=O)C(F)(F)F)S(=O)(=O)C(F)(F)F,-2.9374632835388184,-1.9876118898391724,0,8
c(N(C)C)1c(N(C)C)[c+]1N(CCCCCC)CCCCCC|[N-](S(=O)(=O)C(F)(F)F)S(=O)(=O)C(F)(F)F,-2.419118881225586,-1.717933177947998,0,8
c(N(C)C)1c(N(C)C)[c+]1N(CCCCCC)CCCCCC|[N-](S(=O)(=O)C(F)(F)F)S(=O)(=O)C(F)(F)F,-1.9589953422546387,-1.4472063779830933,0,8
c(N(C)C)1c(N(C)C)[c+]1N(CCCCCC)CCCCCC|[N-](S(=O)(=O)C(F)(F)F)S(=O)(=O)C(F)(F)F,-1.5511690378189087,-1.2433521747589111,0,8
c(N(C)C)1c(N(C)C)[c+]1N(CCCCCC)CCCCCC|[N-](S(=O)(=O)C(F)(F)F)S(=O)(=O)C(F)(F)F,-1.1940224170684814,-1.0673165321350098,0,8
c(N(C)C)1c(N(C)C)[c+]1N(CCCCCC)CCCCCC|[N-](S(=O)(=O)C(F)(F)F)S(=O)(=O)C(F)(F)F,-0.87947678565979,-0.9197443723678589,0,8
c(N(C)C)1c(N(C)C)[c+]1N(CCCCCC)CCCCCC|[N-](S(=O)(=O)C(F)(F)F)S(=O)(=O)C(F)(F)F,-0.594207227230072,-0.7979124784469604,0,8
C[n+]1ccn(CCCC#N)c1|O=S(=O)(F)[N-]S(=O)(=O)F,-2.2443161010742188,-2.7964096069335938,0,8
C[n+]1ccn(CCCC#N)c1|O=S(=O)(F)[N-]S(=O)(=O)F,-2.009915590286255,-2.443101406097412,0,8
C[n+]1ccn(CCCC#N)c1|O=S(=O)(F)[N-]S(=O)(=O)F,-1.7037485837936401,-2.1560349464416504,0,8
C[n+]1ccn(CCCC#N)c1|O=S(=O)(F)[N-]S(=O)(=O)F,-1.4524341821670532,-1.9305145740509033,0,8
C[n+]1ccn(CCCC#N)c1|O=S(=O)(F)[N-]S(=O)(=O)F,-1.207311749458313,-1.7124170064926147,0,8
C[n+]1ccn(CCCC#N)c1|O=S(=O)(F)[N-]S(=O)(=O)F,-0.9755101203918457,-1.5095652341842651,0,8
C[n+]1ccn(CCCC#N)c1|O=S(=O)(F)[N-]S(=O)(=O)F,-0.7550225853919983,-1.3350051641464233,0,8
C[n+]1ccn(CCCC#N)c1|O=S(=O)(F)[N-]S(=O)(=O)F,-0.5378543138504028,-1.1853975057601929,0,8
c(N(CCCC)C)1c(N(CCCC)C)[c+]1N(CCCC)C|[N-](S(=O)(=O)C(F)(F)F)S(=O)(=O)C(F)(F)F,-2.365525007247925,-2.1775379180908203,0,8
c(N(CCCC)C)1c(N(CCCC)C)[c+]1N(CCCC)C|[N-](S(=O)(=O)C(F)(F)F)S(=O)(=O)C(F)(F)F,-1.930332064628601,-1.9265737533569336,0,8
c(N(CCCC)C)1c(N(CCCC)C)[c+]1N(CCCC)C|[N-](S(=O)(=O)C(F)(F)F)S(=O)(=O)C(F)(F)F,-1.5731059312820435,-1.6456338167190552,0,8
c(N(CCCC)C)1c(N(CCCC)C)[c+]1N(CCCC)C|[N-](S(=O)(=O)C(F)(F)F)S(=O)(=O)C(F)(F)F,-1.2640767097473145,-1.3794903755187988,0,8
c(N(CCCC)C)1c(N(CCCC)C)[c+]1N(CCCC)C|[N-](S(=O)(=O)C(F)(F)F)S(=O)(=O)C(F)(F)F,-0.9912837147712708,-1.1703389883041382,0,8
c(N(CCCC)C)1c(N(CCCC)C)[c+]1N(CCCC)C|[N-](S(=O)(=O)C(F)(F)F)S(=O)(=O)C(F)(F)F,-0.750140905380249,-1.0011403560638428,0,8
c(N(CCCC)C)1c(N(CCCC)C)[c+]1N(CCCC)C|[N-](S(=O)(=O)C(F)(F)F)S(=O)(=O)C(F)(F)F,-0.5327304601669312,-0.846148669719696,0,8
c(N(CCCC)C)1c(N(CCCC)C)[c+]1N(CCCC)C|[N-](S(=O)(=O)C(F)(F)F)S(=O)(=O)C(F)(F)F,-0.3396773636341095,-0.7172250151634216,0,8
CCC[N+](C)(C)CC|O=S(=O)([N-]S(=O)(=O)C(F)(F)F)C(F)(F)F,-1.3943265676498413,-1.416670799255371,0,14
CCC[N+](C)(C)CC|O=S(=O)([N-]S(=O)(=O)C(F)(F)F)C(F)(F)F,-1.2694005966186523,-1.193816900253296,0,14
CCC[N+](C)(C)CC|O=S(=O)([N-]S(=O)(=O)C(F)(F)F)C(F)(F)F,-1.1239300966262817,-0.8308237195014954,0,14
CCC[N+](C)(C)CC|O=S(=O)([N-]S(=O)(=O)C(F)(F)F)C(F)(F)F,-1.0272222757339478,-0.5428361892700195,0,14
CCC[N+](C)(C)CC|O=S(=O)([N-]S(=O)(=O)C(F)(F)F)C(F)(F)F,-0.881889283657074,-0.29720377922058105,0,14
CCC[N+](C)(C)CC|O=S(=O)([N-]S(=O)(=O)C(F)(F)F)C(F)(F)F,-0.655851423740387,-0.13305878639221191,0,14
CCC[N+](C)(C)CC|O=S(=O)([N-]S(=O)(=O)C(F)(F)F)C(F)(F)F,-0.45570632815361023,0.009792804718017578,0,14
CC[n+]1ccn(C)c1|CS(=O)(=O)[O-],-1.0469690561294556,-1.2025372982025146,0,51
CC[n+]1ccn(C)c1|CS(=O)(=O)[O-],-0.583396315574646,-0.6808125972747803,0,51
CC[n+]1ccn(C)c1|CS(=O)(=O)[O-],-0.19116050004959106,-0.2956390380859375,0,51
CC[n+]1ccn(C)c1|CS(=O)(=O)[O-],0.1449657678604126,-0.01850426197052002,0,51
CC[n+]1ccn(C)c1|CS(=O)(=O)[O-],0.43760955333709717,0.1930704116821289,0,51
CC[n+]1ccn(C)c1|CS(=O)(=O)[O-],0.6941466927528381,0.3709254264831543,0,51
CCn1cc[n+](C)c1|N[C@@H](CO)C(=O)[O-],-2.4326937198638916,-3.1549057960510254,0,9
CCn1cc[n+](C)c1|N[C@@H](CO)C(=O)[O-],-2.111964702606201,-2.6773781776428223,0,9
CCn1cc[n+](C)c1|N[C@@H](CO)C(=O)[O-],-1.8451602458953857,-2.2571611404418945,0,9
CCn1cc[n+](C)c1|N[C@@H](CO)C(=O)[O-],-1.5896352529525757,-1.9063358306884766,0,9
CCn1cc[n+](C)c1|N[C@@H](CO)C(=O)[O-],-1.3547956943511963,-1.5710610151290894,0,9
CCn1cc[n+](C)c1|N[C@@H](CO)C(=O)[O-],-1.1116975545883179,-1.2617896795272827,0,9
CCn1cc[n+](C)c1|N[C@@H](CO)C(=O)[O-],-0.8867319226264954,-1.0029377937316895,0,9
CCn1cc[n+](C)c1|N[C@@H](CO)C(=O)[O-],-0.6971551775932312,-0.7663748264312744,0,9
CCCC[n+]1ccn(CC)c1|[Br-],-3.2914464473724365,-3.108927011489868,0,7
CCCC[n+]1ccn(CC)c1|[Br-],-2.9917402267456055,-2.637594699859619,0,7
CCCC[n+]1ccn(CC)c1|[Br-],-2.6649906635284424,-2.222836494445801,0,7
CCCC[n+]1ccn(CC)c1|[Br-],-2.2566561698913574,-1.85439133644104,0,7
CCCC[n+]1ccn(CC)c1|[Br-],-1.9248337745666504,-1.500590443611145,0,7
CCCC[n+]1ccn(CC)c1|[Br-],-1.6342430114746094,-1.1860356330871582,0,7
CCCC[n+]1ccn(CC)c1|[Br-],-1.3337019681930542,-0.9125584363937378,0,7
COCC[N+]1(C)CCOCC1|O=S(=O)([N-]S(=O)(=O)C(F)(F)F)C(F)(F)F,-2.733367919921875,-1.5429697036743164,0,7
COCC[N+]1(C)CCOCC1|O=S(=O)([N-]S(=O)(=O)C(F)(F)F)C(F)(F)F,-2.5383074283599854,-1.4095041751861572,0,7
COCC[N+]1(C)CCOCC1|O=S(=O)([N-]S(=O)(=O)C(F)(F)F)C(F)(F)F,-2.2256240844726562,-1.174591302871704,0,7
COCC[N+]1(C)CCOCC1|O=S(=O)([N-]S(=O)(=O)C(F)(F)F)C(F)(F)F,-1.9951003789901733,-0.9729558229446411,0,7
COCC[N+]1(C)CCOCC1|O=S(=O)([N-]S(=O)(=O)C(F)(F)F)C(F)(F)F,-1.7719568014144897,-0.8019495010375977,0,7
COCC[N+]1(C)CCOCC1|O=S(=O)([N-]S(=O)(=O)C(F)(F)F)C(F)(F)F,-1.358679175376892,-0.6512146592140198,0,7
COCC[N+]1(C)CCOCC1|O=S(=O)([N-]S(=O)(=O)C(F)(F)F)C(F)(F)F,-1.0966142416000366,-0.5226870775222778,0,7
CCCCCC[n+]1ccn(CO[C@@H]2C[C@H](C)CC[C@H]2C(C)C)c1|O=S(=O)([N-]S(=O)(=O)C(F)(F)F)C(F)(F)F,-5.511510372161865,-4.1709794998168945,0,7
CCCCCC[n+]1ccn(CO[C@@H]2C[C@H](C)CC[C@H]2C(C)C)c1|O=S(=O)([N-]S(=O)(=O)C(F)(F)F)C(F)(F)F,-5.025241374969482,-3.9275989532470703,0,7
CCCCCC[n+]1ccn(CO[C@@H]2C[C@H](C)CC[C@H]2C(C)C)c1|O=S(=O)([N-]S(=O)(=O)C(F)(F)F)C(F)(F)F,-4.579502582550049,-3.692183017730713,0,7
CCCCCC[n+]1ccn(CO[C@@H]2C[C@H](C)CC[C@H]2C(C)C)c1|O=S(=O)([N-]S(=O)(=O)C(F)(F)F)C(F)(F)F,-4.170793533325195,-3.4476661682128906,0,7
CCCCCC[n+]1ccn(CO[C@@H]2C[C@H](C)CC[C@H]2C(C)C)c1|O=S(=O)([N-]S(=O)(=O)C(F)(F)F)C(F)(F)F,-3.796910285949707,-3.1983861923217773,0,7
CCCCCC[n+]1ccn(CO[C@@H]2C[C@H](C)CC[C@H]2C(C)C)c1|O=S(=O)([N-]S(=O)(=O)C(F)(F)F)C(F)(F)F,-3.4545981884002686,-2.9752984046936035,0,7
CCCCCC[n+]1ccn(CO[C@@H]2C[C@H](C)CC[C@H]2C(C)C)c1|O=S(=O)([N-]S(=O)(=O)C(F)(F)F)C(F)(F)F,-3.1419148445129395,-2.742492914199829,0,7
CCCCCCCCCC[n+]1ccn(CO[C@@H]2C[C@H](C)CC[C@H]2C(C)C)c1|O=S(=O)([N-]S(=O)(=O)C(F)(F)F)C(F)(F)F,-5.726027965545654,-4.802731037139893,0,7
CCCCCCCCCC[n+]1ccn(CO[C@@H]2C[C@H](C)CC[C@H]2C(C)C)c1|O=S(=O)([N-]S(=O)(=O)C(F)(F)F)C(F)(F)F,-5.270702362060547,-4.558099746704102,0,7
CCCCCCCCCC[n+]1ccn(CO[C@@H]2C[C@H](C)CC[C@H]2C(C)C)c1|O=S(=O)([N-]S(=O)(=O)C(F)(F)F)C(F)(F)F,-4.861353397369385,-4.3145647048950195,0,7
CCCCCCCCCC[n+]1ccn(CO[C@@H]2C[C@H](C)CC[C@H]2C(C)C)c1|O=S(=O)([N-]S(=O)(=O)C(F)(F)F)C(F)(F)F,-4.4918413162231445,-4.075800895690918,0,7
CCCCCCCCCC[n+]1ccn(CO[C@@H]2C[C@H](C)CC[C@H]2C(C)C)c1|O=S(=O)([N-]S(=O)(=O)C(F)(F)F)C(F)(F)F,-4.160484313964844,-3.8485755920410156,0,7
CCCCCCCCCC[n+]1ccn(CO[C@@H]2C[C@H](C)CC[C@H]2C(C)C)c1|O=S(=O)([N-]S(=O)(=O)C(F)(F)F)C(F)(F)F,-3.8632328510284424,-3.6268577575683594,0,7
CCCCCCCCCC[n+]1ccn(CO[C@@H]2C[C@H](C)CC[C@H]2C(C)C)c1|O=S(=O)([N-]S(=O)(=O)C(F)(F)F)C(F)(F)F,-3.59903883934021,-3.4118828773498535,0,7
CC[n+]1ccn(C)c1C|O=S(=O)([N-]S(=O)(=O)C(F)(F)F)C(F)(F)F,-1.174414038658142,-1.170100450515747,0,15
CC[n+]1ccn(C)c1C|O=S(=O)([N-]S(=O)(=O)C(F)(F)F)C(F)(F)F,-0.9597203135490417,-0.9434420466423035,0,15
CC[n+]1ccn(C)c1C|O=S(=O)([N-]S(=O)(=O)C(F)(F)F)C(F)(F)F,-0.7592869997024536,-0.7413504123687744,0,15
CC[n+]1ccn(C)c1C|O=S(=O)([N-]S(=O)(=O)C(F)(F)F)C(F)(F)F,-0.5673959851264954,-0.564007043838501,0,15
CC[n+]1ccn(C)c1C|O=S(=O)([N-]S(=O)(=O)C(F)(F)F)C(F)(F)F,-0.4004775583744049,-0.40629565715789795,0,15
CC[n+]1ccn(C)c1C|O=S(=O)([N-]S(=O)(=O)C(F)(F)F)C(F)(F)F,-0.2446225881576538,-0.2514472007751465,0,15
CC[n+]1ccn(C)c1C|O=S(=O)([N-]S(=O)(=O)C(F)(F)F)C(F)(F)F,-0.08338160812854767,-0.11373162269592285,0,15
c(N(CC)CC)1c(N(CC)CC)[c+]1N(CCCC)CCCC|[N-](C#N)C#N,-1.0717756748199463,-1.2055256366729736,0,7
c(N(CC)CC)1c(N(CC)CC)[c+]1N(CCCC)CCCC|[N-](C#N)C#N,-0.7109038829803467,-0.9916546940803528,0,7
c(N(CC)CC)1c(N(CC)CC)[c+]1N(CCCC)CCCC|[N-](C#N)C#N,-0.4004775583744049,-0.7971900701522827,0,7
c(N(CC)CC)1c(N(CC)CC)[c+]1N(CCCC)CCCC|[N-](C#N)C#N,-0.12897038459777832,-0.6235978603363037,0,7
c(N(CC)CC)1c(N(CC)CC)[c+]1N(CCCC)CCCC|[N-](C#N)C#N,0.10975086688995361,-0.4605599641799927,0,7
c(N(CC)CC)1c(N(CC)CC)[c+]1N(CCCC)CCCC|[N-](C#N)C#N,0.32353171706199646,-0.31126868724823,0,7
c(N(CC)CC)1c(N(CC)CC)[c+]1N(CCCC)CCCC|[N-](C#N)C#N,0.5134222507476807,-0.16075396537780762,0,7
CCCC[n+]1ccn(C)c1|O=C([O-])c1ccccc1O,-4.006333827972412,-5.011906623840332,0,15
CCCC[n+]1ccn(C)c1|O=C([O-])c1ccccc1O,-3.5719857215881348,-4.518030643463135,0,15
CCCC[n+]1ccn(C)c1|O=C([O-])c1ccccc1O,-3.1077818870544434,-4.026322841644287,0,15
CCCC[n+]1ccn(C)c1|O=C([O-])c1ccccc1O,-2.6707544326782227,-3.5351781845092773,0,15
CCCC[n+]1ccn(C)c1|O=C([O-])c1ccccc1O,-2.338212251663208,-3.0305936336517334,0,15
CCCC[n+]1ccn(C)c1|O=C([O-])c1ccccc1O,-1.8578993082046509,-2.5267980098724365,0,15
CCCC[n+]1ccn(C)c1|O=C([O-])c1ccccc1O,-1.515037178993225,-2.0551412105560303,0,15
CCCCCCCC[N+]1(C)CCOCC1|N#C[N-]C#N,-3.8167128562927246,-2.897514581680298,0,8
CCCCCCCC[N+]1(C)CCOCC1|N#C[N-]C#N,-3.296837329864502,-2.35166072845459,0,8
CCCCCCCC[N+]1(C)CCOCC1|N#C[N-]C#N,-2.882403612136841,-1.8400627374649048,0,8
CCCCCCCC[N+]1(C)CCOCC1|N#C[N-]C#N,-2.551046371459961,-1.4236583709716797,0,8
CCCCCCCC[N+]1(C)CCOCC1|N#C[N-]C#N,-2.282782554626465,-1.042924165725708,0,8
CCCCCCCC[N+]1(C)CCOCC1|N#C[N-]C#N,-2.063568115234375,-0.715541422367096,0,8
CCCCCCCC[N+]1(C)CCOCC1|N#C[N-]C#N,-1.8773173093795776,-0.4474300146102905,0,8
CCCC[n+]1ccn(C)c1|O=S(=O)([N-]S(=O)(=O)C(F)(F)F)C(F)(F)F,-1.0776338577270508,-1.3320037126541138,0,337
CCCC[n+]1ccn(C)c1|O=S(=O)([N-]S(=O)(=O)C(F)(F)F)C(F)(F)F,-0.6871650815010071,-0.8607776165008545,0,337
CCCC[n+]1ccn(C)c1|O=S(=O)([N-]S(=O)(=O)C(F)(F)F)C(F)(F)F,-0.5208759307861328,-0.6480737924575806,0,337
CCCC[n+]1ccn(C)c1|O=S(=O)([N-]S(=O)(=O)C(F)(F)F)C(F)(F)F,-0.3624056279659271,-0.4666541814804077,0,337
CCCC[n+]1ccn(C)c1|O=S(=O)([N-]S(=O)(=O)C(F)(F)F)C(F)(F)F,-0.21319322288036346,-0.3164396286010742,0,337
CCCC[n+]1ccn(C)c1|O=S(=O)([N-]S(=O)(=O)C(F)(F)F)C(F)(F)F,-0.07580171525478363,-0.17406392097473145,0,337
CC[n+]1cccc(C)c1|O=C([O-])C(F)(F)C(F)(F)C(F)(F)C(F)(F)F,-2.391416311264038,-1.2461347579956055,0,7
CC[n+]1cccc(C)c1|O=C([O-])C(F)(F)C(F)(F)C(F)(F)C(F)(F)F,-2.1202635765075684,-0.9957770705223083,0,7
CC[n+]1cccc(C)c1|O=C([O-])C(F)(F)C(F)(F)C(F)(F)C(F)(F)F,-1.8643301725387573,-0.7805701494216919,0,7
CC[n+]1cccc(C)c1|O=C([O-])C(F)(F)C(F)(F)C(F)(F)C(F)(F)F,-1.639897108078003,-0.581456184387207,0,7
CC[n+]1cccc(C)c1|O=C([O-])C(F)(F)C(F)(F)C(F)(F)C(F)(F)F,-1.4312916994094849,-0.41187238693237305,0,7
CC[n+]1cccc(C)c1|O=C([O-])C(F)(F)C(F)(F)C(F)(F)C(F)(F)F,-1.2413285970687866,-0.26368844509124756,0,7
CC[n+]1cccc(C)c1|O=C([O-])C(F)(F)C(F)(F)C(F)(F)C(F)(F)F,-1.0356374979019165,-0.12513363361358643,0,7
CC[n+]1ccn(C)c1|N#C[S-],0.49225422739982605,-0.4195336103439331,0,34
CC[n+]1ccn(C)c1|N#C[S-],0.6064993739128113,-0.13754558563232422,0,34
CC[n+]1ccn(C)c1|N#C[S-],0.715886652469635,0.13501429557800293,0,34
CC[n+]1ccn(C)c1|N#C[S-],0.8202202916145325,0.3270583152770996,0,34
CC[n+]1ccn(C)c1|N#C[S-],0.9250522255897522,0.481106162071228,0,34
CC[n+]1ccn(C)c1|N#C[S-],1.0246068239212036,0.5884555578231812,0,34
CC[n+]1ccn(C)c1|N#C[S-],1.1144856214523315,0.6843451261520386,0,34
CC[n+]1ccn(C)c1C|O=S(=O)([N-]S(=O)(=O)C(F)(F)F)C(F)(F)F,-1.1332037448883057,-1.170100450515747,0,15
CC[n+]1ccn(C)c1C|O=S(=O)([N-]S(=O)(=O)C(F)(F)F)C(F)(F)F,-0.9283633232116699,-0.9434420466423035,0,15
CC[n+]1ccn(C)c1C|O=S(=O)([N-]S(=O)(=O)C(F)(F)F)C(F)(F)F,-0.7248442769050598,-0.7413504123687744,0,15
CC[n+]1ccn(C)c1C|O=S(=O)([N-]S(=O)(=O)C(F)(F)F)C(F)(F)F,-0.5430045127868652,-0.564007043838501,0,15
CC[n+]1ccn(C)c1C|O=S(=O)([N-]S(=O)(=O)C(F)(F)F)C(F)(F)F,-0.3754209876060486,-0.40629565715789795,0,15
CC[n+]1ccn(C)c1C|O=S(=O)([N-]S(=O)(=O)C(F)(F)F)C(F)(F)F,-0.21691299974918365,-0.2514472007751465,0,15
CC[n+]1ccn(C)c1C|O=S(=O)([N-]S(=O)(=O)C(F)(F)F)C(F)(F)F,-0.07042246311903,-0.11373162269592285,0,15
CCC[N+]1(C)CCCC1|O=S(=O)([N-]S(=O)(=O)C(F)(F)F)C(F)(F)F,-0.7765287756919861,-1.170828938484192,0,99
CCC[N+]1(C)CCCC1|O=S(=O)([N-]S(=O)(=O)C(F)(F)F)C(F)(F)F,-0.4780358076095581,-0.7345049977302551,0,99
CCC[N+]1(C)CCCC1|O=S(=O)([N-]S(=O)(=O)C(F)(F)F)C(F)(F)F,-0.3856624662876129,-0.5484832525253296,0,99
CCC[N+]1(C)CCCC1|O=S(=O)([N-]S(=O)(=O)C(F)(F)F)C(F)(F)F,-0.2231435477733612,-0.391815185546875,0,99
CCC[N+]1(C)CCCC1|O=S(=O)([N-]S(=O)(=O)C(F)(F)F)C(F)(F)F,-0.09431067854166031,-0.27807605266571045,0,99
CCCC[N+]1(C)CCCC1|FC(F)(F)C(F)(F)[P-](F)(F)(F)(C(F)(F)C(F)(F)F)C(F)(F)C(F)(F)F,-2.1803674697875977,-1.9000244140625,0,6
CCCC[N+]1(C)CCCC1|FC(F)(F)C(F)(F)[P-](F)(F)(F)(C(F)(F)C(F)(F)F)C(F)(F)C(F)(F)F,-1.924148678779602,-1.6644765138626099,0,6
CCCC[N+]1(C)CCCC1|FC(F)(F)C(F)(F)[P-](F)(F)(F)(C(F)(F)C(F)(F)F)C(F)(F)C(F)(F)F,-1.6820086240768433,-1.4350955486297607,0,6
CCCC[N+]1(C)CCCC1|FC(F)(F)C(F)(F)[P-](F)(F)(F)(C(F)(F)C(F)(F)F)C(F)(F)C(F)(F)F,-1.4696760177612305,-1.2154130935668945,0,6
CCCC[N+]1(C)CCCC1|FC(F)(F)C(F)(F)[P-](F)(F)(F)(C(F)(F)C(F)(F)F)C(F)(F)C(F)(F)F,-1.2982834577560425,-0.9961740374565125,0,6
CCCC[N+]1(C)CCCC1|FC(F)(F)C(F)(F)[P-](F)(F)(F)(C(F)(F)C(F)(F)F)C(F)(F)C(F)(F)F,-1.1026203632354736,-0.808896005153656,0,6
CCC[N+](C)(C)CC|O=S(=O)([N-]S(=O)(=O)C(F)(F)F)C(F)(F)F,-1.2039728164672852,-1.2001181840896606,0,14
CCC[N+](C)(C)CC|O=S(=O)([N-]S(=O)(=O)C(F)(F)F)C(F)(F)F,-1.1086626052856445,-1.0073038339614868,0,14
CCC[N+](C)(C)CC|O=S(=O)([N-]S(=O)(=O)C(F)(F)F)C(F)(F)F,-1.2039728164672852,-1.0019104480743408,0,14
CCC[N+](C)(C)CC|O=S(=O)([N-]S(=O)(=O)C(F)(F)F)C(F)(F)F,-1.0498220920562744,-0.8682113289833069,0,14
CCC[N+](C)(C)CC|O=S(=O)([N-]S(=O)(=O)C(F)(F)F)C(F)(F)F,-0.891598105430603,-0.7166236042976379,0,14
CCC[N+](C)(C)CC|O=S(=O)([N-]S(=O)(=O)C(F)(F)F)C(F)(F)F,-0.6348782777786255,-0.5755670070648193,0,14
CCCCn1cc[n+](CCOCCOCC[n+]2ccn(CCCC)c2)c1|N#C[N-]C#N.N#C[N-]C#N,-1.870802640914917,-1.3199845552444458,0,6
CCCCn1cc[n+](CCOCCOCC[n+]2ccn(CCCC)c2)c1|N#C[N-]C#N.N#C[N-]C#N,-1.6928194761276245,-1.189000129699707,0,6
CCCCn1cc[n+](CCOCCOCC[n+]2ccn(CCCC)c2)c1|N#C[N-]C#N.N#C[N-]C#N,-1.2173957824707031,-0.9502852559089661,0,6
CCCCn1cc[n+](CCOCCOCC[n+]2ccn(CCCC)c2)c1|N#C[N-]C#N.N#C[N-]C#N,-0.7852624654769897,-0.7463465929031372,0,6
CCCCn1cc[n+](CCOCCOCC[n+]2ccn(CCCC)c2)c1|N#C[N-]C#N.N#C[N-]C#N,-0.3509769141674042,-0.5538283586502075,0,6
CCCCn1cc[n+](CCOCCOCC[n+]2ccn(CCCC)c2)c1|N#C[N-]C#N.N#C[N-]C#N,0.014888612553477287,-0.3559539318084717,0,6
C[N+]1(CCOCCOCCOCC[N+]2(C)CCCC2)CCCC1|O=S(=O)([N-]S(=O)(=O)C(F)(F)F)C(F)(F)F.O=S(=O)([N-]S(=O)(=O)C(F)(F)F)C(F)(F)F,-2.3126354217529297,-2.0239944458007812,0,6
C[N+]1(CCOCCOCCOCC[N+]2(C)CCCC2)CCCC1|O=S(=O)([N-]S(=O)(=O)C(F)(F)F)C(F)(F)F.O=S(=O)([N-]S(=O)(=O)C(F)(F)F)C(F)(F)F,-2.111964702606201,-1.856955885887146,0,6
C[N+]1(CCOCCOCCOCC[N+]2(C)CCCC2)CCCC1|O=S(=O)([N-]S(=O)(=O)C(F)(F)F)C(F)(F)F.O=S(=O)([N-]S(=O)(=O)C(F)(F)F)C(F)(F)F,-1.7316055297851562,-1.5898483991622925,0,6
C[N+]1(CCOCCOCCOCC[N+]2(C)CCCC2)CCCC1|O=S(=O)([N-]S(=O)(=O)C(F)(F)F)C(F)(F)F.O=S(=O)([N-]S(=O)(=O)C(F)(F)F)C(F)(F)F,-1.3318061828613281,-1.3974354267120361,0,6
C[N+]1(CCOCCOCCOCC[N+]2(C)CCCC2)CCCC1|O=S(=O)([N-]S(=O)(=O)C(F)(F)F)C(F)(F)F.O=S(=O)([N-]S(=O)(=O)C(F)(F)F)C(F)(F)F,-1.024432897567749,-1.2756627798080444,0,6
C[N+]1(CCOCCOCCOCC[N+]2(C)CCCC2)CCCC1|O=S(=O)([N-]S(=O)(=O)C(F)(F)F)C(F)(F)F.O=S(=O)([N-]S(=O)(=O)C(F)(F)F)C(F)(F)F,-0.7486599087715149,-1.1785328388214111,0,6
C[n+]1ccccc1|COS(=O)(=O)[O-],-1.2482730150222778,-1.1697138547897339,0,6
C[n+]1ccccc1|COS(=O)(=O)[O-],-0.7985076904296875,-0.7324966788291931,0,6
C[n+]1ccccc1|COS(=O)(=O)[O-],-0.3812604248523712,-0.40909457206726074,0,6
C[n+]1ccccc1|COS(=O)(=O)[O-],-0.014098924584686756,-0.18462276458740234,0,6
C[n+]1ccccc1|COS(=O)(=O)[O-],0.30527639389038086,0.007853507995605469,0,6
C[n+]1ccccc1|COS(=O)(=O)[O-],0.5596157908439636,0.15949702262878418,0,6
CC[S+](CC)CCOCCOCCOCCOCC[S+](CC)CC|O=S(=O)([N-]S(=O)(=O)C(F)(F)F)C(F)(F)F.O=S(=O)([N-]S(=O)(=O)C(F)(F)F)C(F)(F)F,-1.4354846477508545,-1.4299894571304321,0,6
CC[S+](CC)CCOCCOCCOCCOCC[S+](CC)CC|O=S(=O)([N-]S(=O)(=O)C(F)(F)F)C(F)(F)F.O=S(=O)([N-]S(=O)(=O)C(F)(F)F)C(F)(F)F,-1.2207798957824707,-1.3748395442962646,0,6
CC[S+](CC)CCOCCOCCOCCOCC[S+](CC)CC|O=S(=O)([N-]S(=O)(=O)C(F)(F)F)C(F)(F)F.O=S(=O)([N-]S(=O)(=O)C(F)(F)F)C(F)(F)F,-0.87947678565979,-1.2683632373809814,0,6
CC[S+](CC)CCOCCOCCOCCOCC[S+](CC)CC|O=S(=O)([N-]S(=O)(=O)C(F)(F)F)C(F)(F)F.O=S(=O)([N-]S(=O)(=O)C(F)(F)F)C(F)(F)F,-0.4385049641132355,-1.1752185821533203,0,6
CC[S+](CC)CCOCCOCCOCCOCC[S+](CC)CC|O=S(=O)([N-]S(=O)(=O)C(F)(F)F)C(F)(F)F.O=S(=O)([N-]S(=O)(=O)C(F)(F)F)C(F)(F)F,-0.16134315729141235,-1.0992056131362915,0,6
CC[S+](CC)CCOCCOCCOCCOCC[S+](CC)CC|O=S(=O)([N-]S(=O)(=O)C(F)(F)F)C(F)(F)F.O=S(=O)([N-]S(=O)(=O)C(F)(F)F)C(F)(F)F,0.1301506906747818,-1.0370724201202393,0,6
CCCC[n+]1ccn(C)c1|O=S(=O)([N-]S(=O)(=O)C(F)(F)F)C(F)(F)F,-1.1147416830062866,-1.3320037126541138,0,337
CCCC[n+]1ccn(C)c1|O=S(=O)([N-]S(=O)(=O)C(F)(F)F)C(F)(F)F,-0.9137938618659973,-1.0933789014816284,0,337
CCCC[n+]1ccn(C)c1|O=S(=O)([N-]S(=O)(=O)C(F)(F)F)C(F)(F)F,-0.7256703972816467,-0.8607776165008545,0,337
CCCC[n+]1ccn(C)c1|O=S(=O)([N-]S(=O)(=O)C(F)(F)F)C(F)(F)F,-0.39008399844169617,-0.4666541814804077,0,337
CCCC[n+]1ccn(C)c1|O=S(=O)([N-]S(=O)(=O)C(F)(F)F)C(F)(F)F,-0.09651090204715729,-0.17406392097473145,0,337
CCCC[n+]1ccn(C)c1|O=S(=O)([N-]S(=O)(=O)C(F)(F)F)C(F)(F)F,0.15529288351535797,0.020438432693481445,0,337
C(CCC)[P+](CCCCCCCC)(CCCC)CCCC|[N-](S(=O)(=O)C(F)(F)F)S(=O)(=O)C(F)(F)F,-3.483492612838745,-3.2867369651794434,0,6
C(CCC)[P+](CCCCCCCC)(CCCC)CCCC|[N-](S(=O)(=O)C(F)(F)F)S(=O)(=O)C(F)(F)F,-3.0365543365478516,-2.910247802734375,0,6
C(CCC)[P+](CCCCCCCC)(CCCC)CCCC|[N-](S(=O)(=O)C(F)(F)F)S(=O)(=O)C(F)(F)F,-2.6009910106658936,-2.604494571685791,0,6
C(CCC)[P+](CCCCCCCC)(CCCC)CCCC|[N-](S(=O)(=O)C(F)(F)F)S(=O)(=O)C(F)(F)F,-2.216407299041748,-2.30267596244812,0,6
C(CCC)[P+](CCCCCCCC)(CCCC)CCCC|[N-](S(=O)(=O)C(F)(F)F)S(=O)(=O)C(F)(F)F,-1.8643301725387573,-2.010300397872925,0,6
C(CCC)[P+](CCCCCCCC)(CCCC)CCCC|[N-](S(=O)(=O)C(F)(F)F)S(=O)(=O)C(F)(F)F,-1.5324769020080566,-1.7768988609313965,0,6
C(C)OCC[P+](CCCC)(CCCC)CCCC|FC(S(=O)(=O)[O-])(F)F,-3.593569278717041,-2.3944640159606934,0,6
C(C)OCC[P+](CCCC)(CCCC)CCCC|FC(S(=O)(=O)[O-])(F)F,-3.02207612991333,-2.107085704803467,0,6
C(C)OCC[P+](CCCC)(CCCC)CCCC|FC(S(=O)(=O)[O-])(F)F,-2.5157783031463623,-1.866739273071289,0,6
C(C)OCC[P+](CCCC)(CCCC)CCCC|FC(S(=O)(=O)[O-])(F)F,-2.0874736309051514,-1.675627589225769,0,6
C(C)OCC[P+](CCCC)(CCCC)CCCC|FC(S(=O)(=O)[O-])(F)F,-1.6982691287994385,-1.5246723890304565,0,6
C(C)OCC[P+](CCCC)(CCCC)CCCC|FC(S(=O)(=O)[O-])(F)F,-1.3547956943511963,-1.3925217390060425,0,6
C1C[C@@H]2[N+](CCCC)(C)[C@H]1C[C@H](O)C2.C(CC(=O)[O-])[C@@H](C(=O)[O-])[NH3+]|C(CC(=O)[O-])[C@@H](C(=O)[O-])[NH3+],-12.023751258850098,-9.66751766204834,0,7
C1C[C@@H]2[N+](CCCC)(C)[C@H]1C[C@H](O)C2.C(CC(=O)[O-])[C@@H](C(=O)[O-])[NH3+]|C(CC(=O)[O-])[C@@H](C(=O)[O-])[NH3+],-11.417614936828613,-9.319924354553223,0,7
C1C[C@@H]2[N+](CCCC)(C)[C@H]1C[C@H](O)C2.C(CC(=O)[O-])[C@@H](C(=O)[O-])[NH3+]|C(CC(=O)[O-])[C@@H](C(=O)[O-])[NH3+],-10.819778442382812,-8.9800443649292,0,7
C1C[C@@H]2[N+](CCCC)(C)[C@H]1C[C@H](O)C2.C(CC(=O)[O-])[C@@H](C(=O)[O-])[NH3+]|C(CC(=O)[O-])[C@@H](C(=O)[O-])[NH3+],-10.28915023803711,-8.630051612854004,0,7
C1C[C@@H]2[N+](CCCC)(C)[C@H]1C[C@H](O)C2.C(CC(=O)[O-])[C@@H](C(=O)[O-])[NH3+]|C(CC(=O)[O-])[C@@H](C(=O)[O-])[NH3+],-9.826526641845703,-8.289250373840332,0,7
C1C[C@@H]2[N+](CCCC)(C)[C@H]1C[C@H](O)C2.C(CC(=O)[O-])[C@@H](C(=O)[O-])[NH3+]|C(CC(=O)[O-])[C@@H](C(=O)[O-])[NH3+],-9.372859001159668,-7.960609436035156,0,7
CC[S+](CC)CCOCC[S+](CC)CC|N#C[N-]C#N.N#C[N-]C#N,-1.6766467094421387,-0.8861729502677917,0,6
CC[S+](CC)CCOCC[S+](CC)CC|N#C[N-]C#N.N#C[N-]C#N,-1.3862943649291992,-0.7702000141143799,0,6
CC[S+](CC)CCOCC[S+](CC)CC|N#C[N-]C#N.N#C[N-]C#N,-0.87947678565979,-0.5470967292785645,0,6
CC[S+](CC)CCOCC[S+](CC)CC|N#C[N-]C#N.N#C[N-]C#N,-0.33687230944633484,-0.36570847034454346,0,6
CC[S+](CC)CCOCC[S+](CC)CC|N#C[N-]C#N.N#C[N-]C#N,-0.0100503358989954,-0.18754100799560547,0,6
CC[S+](CC)CCOCC[S+](CC)CC|N#C[N-]C#N.N#C[N-]C#N,0.2684992551803589,-0.02297496795654297,0,6
CCCC[P+](CCCC)(CCCC)CCCN|CC(C)[C@H](N)C(=O)[O-],-4.809737205505371,-4.407389163970947,0,12
CCCC[P+](CCCC)(CCCC)CCCN|CC(C)[C@H](N)C(=O)[O-],-4.5125908851623535,-4.15422248840332,0,12
CCCC[P+](CCCC)(CCCC)CCCN|CC(C)[C@H](N)C(=O)[O-],-3.974430561065674,-3.647104263305664,0,12
CCCC[P+](CCCC)(CCCC)CCCN|CC(C)[C@H](N)C(=O)[O-],-3.52608060836792,-3.178575038909912,0,12
CCCC[P+](CCCC)(CCCC)CCCN|CC(C)[C@H](N)C(=O)[O-],-3.108229398727417,-2.7362823486328125,0,12
CCCC[P+](CCCC)(CCCC)CCCN|CC(C)[C@H](N)C(=O)[O-],-2.733367919921875,-2.3121161460876465,0,12
CCCC[P+](CCCC)(CCCC)CCCN|CC(C)C[C@H](N)C(=O)[O-],-4.828313827514648,-4.43592643737793,0,6
CCCC[P+](CCCC)(CCCC)CCCN|CC(C)C[C@H](N)C(=O)[O-],-4.52451229095459,-4.174581050872803,0,6
CCCC[P+](CCCC)(CCCC)CCCN|CC(C)C[C@H](N)C(=O)[O-],-3.9910662174224854,-3.6628823280334473,0,6
CCCC[P+](CCCC)(CCCC)CCCN|CC(C)C[C@H](N)C(=O)[O-],-3.538048505783081,-3.196908473968506,0,6
CCCC[P+](CCCC)(CCCC)CCCN|CC(C)C[C@H](N)C(=O)[O-],-3.185682773590088,-2.76662540435791,0,6
CCCC[P+](CCCC)(CCCC)CCCN|CC(C)C[C@H](N)C(=O)[O-],-2.805111885070801,-2.3559489250183105,0,6
CCC[N+]1(C)CCCC1|O=S(=O)(F)[N-]S(=O)(=O)F,0.06203538924455643,-0.7608509659767151,0,31
CCC[N+]1(C)CCCC1|O=S(=O)(F)[N-]S(=O)(=O)F,0.19062036275863647,-0.5734288692474365,0,31
CCC[N+]1(C)CCCC1|O=S(=O)(F)[N-]S(=O)(=O)F,0.31408053636550903,-0.4252978563308716,0,31
CCC[N+]1(C)CCCC1|O=S(=O)(F)[N-]S(=O)(=O)F,0.42068207263946533,-0.30571627616882324,0,31
CCC[N+]1(C)CCCC1|O=S(=O)(F)[N-]S(=O)(=O)F,0.5211719274520874,-0.21136462688446045,0,31
C(CCC)N1C=[N+](C=C1)C=C|N[C@@H](CO)C(=O)[O-],-5.11599588394165,-2.777251958847046,0,5
C(CCC)N1C=[N+](C=C1)C=C|N[C@@H](CO)C(=O)[O-],-4.9618449211120605,-2.4230804443359375,0,5
C(CCC)N1C=[N+](C=C1)C=C|N[C@@H](CO)C(=O)[O-],-4.605170249938965,-2.09965181350708,0,5
C(CCC)N1C=[N+](C=C1)C=C|N[C@@H](CO)C(=O)[O-],-4.342805862426758,-1.8140969276428223,0,5
C(CCC)N1C=[N+](C=C1)C=C|N[C@@H](CO)C(=O)[O-],-4.074542045593262,-1.545069932937622,0,5
CCCC[n+]1ccn(C)c1|O=S(=O)([N-]S(=O)(=O)C(F)(F)F)C(F)(F)F,-0.9137938618659973,-1.1024836301803589,0,337
CCCC[n+]1ccn(C)c1|O=S(=O)([N-]S(=O)(=O)C(F)(F)F)C(F)(F)F,-0.3638434410095215,-0.47889137268066406,0,337
CCCC[n+]1ccn(C)c1|O=S(=O)([N-]S(=O)(=O)C(F)(F)F)C(F)(F)F,0.2167229801416397,0.010394096374511719,0,337
CCCC[n+]1ccn(C)c1|O=S(=O)([N-]S(=O)(=O)C(F)(F)F)C(F)(F)F,0.6734545230865479,0.3239327669143677,0,337
CCCC[n+]1ccn(C)c1|O=S(=O)([N-]S(=O)(=O)C(F)(F)F)C(F)(F)F,1.0409832000732422,0.5854352712631226,0,337
c(N(CCC)CCC)1c(N(CCC)CCC)[c+]1N(CCC)CCC|[N-](S(=O)(=O)C(F)(F)F)S(=O)(=O)C(F)(F)F,-2.0226831436157227,-1.6789270639419556,0,6
c(N(CCC)CCC)1c(N(CCC)CCC)[c+]1N(CCC)CCC|[N-](S(=O)(=O)C(F)(F)F)S(=O)(=O)C(F)(F)F,-1.6586281061172485,-1.4684200286865234,0,6
c(N(CCC)CCC)1c(N(CCC)CCC)[c+]1N(CCC)CCC|[N-](S(=O)(=O)C(F)(F)F)S(=O)(=O)C(F)(F)F,-1.3359814882278442,-1.2926356792449951,0,6
c(N(CCC)CCC)1c(N(CCC)CCC)[c+]1N(CCC)CCC|[N-](S(=O)(=O)C(F)(F)F)S(=O)(=O)C(F)(F)F,-1.0523968935012817,-1.143695592880249,0,6
c(N(CCC)CCC)1c(N(CCC)CCC)[c+]1N(CCC)CCC|[N-](S(=O)(=O)C(F)(F)F)S(=O)(=O)C(F)(F)F,-0.7989522218704224,-1.018634557723999,0,6
c(N(CCC)CCC)1c(N(CCC)CCC)[c+]1N(CCC)CCC|[N-](S(=O)(=O)C(F)(F)F)S(=O)(=O)C(F)(F)F,-0.5727010369300842,-0.8942135572433472,0,6
CCC[N+]1(C)CCCC1|O=S(=O)([N-]S(=O)(=O)C(F)(F)F)C(F)(F)F,-0.6831968426704407,-0.9523645639419556,0,99
CCC[N+]1(C)CCCC1|O=S(=O)([N-]S(=O)(=O)C(F)(F)F)C(F)(F)F,-0.5208759307861328,-0.7406261563301086,0,99
CCC[N+]1(C)CCCC1|O=S(=O)([N-]S(=O)(=O)C(F)(F)F)C(F)(F)F,-0.35953617095947266,-0.5534559488296509,0,99
CCC[N+]1(C)CCCC1|O=S(=O)([N-]S(=O)(=O)C(F)(F)F)C(F)(F)F,-0.21691299974918365,-0.3955552577972412,0,99
CCC[N+]1(C)CCCC1|O=S(=O)([N-]S(=O)(=O)C(F)(F)F)C(F)(F)F,-0.08664780855178833,-0.28126823902130127,0,99
CC[n+]1ccn(C)c1|N#C[C-](C#N)C#N,-0.2744368314743042,0.13470447063446045,0,29
CC[n+]1ccn(C)c1|N#C[C-](C#N)C#N,-0.07257069647312164,0.3960059881210327,0,29
CC[n+]1ccn(C)c1|N#C[C-](C#N)C#N,0.2231435477733612,0.7987526655197144,0,29
CC[n+]1ccn(C)c1|N#C[C-](C#N)C#N,0.5481213927268982,1.0698734521865845,0,29
CC[n+]1ccn(C)c1|N#C[C-](C#N)C#N,0.7514160871505737,1.2507199048995972,0,29
CCCC[P+](CCCC)(CCCC)CCCN|CC(C)[C@H](N)C(=O)[O-],-4.24372673034668,-4.407389163970947,0,12
CCCC[P+](CCCC)(CCCC)CCCN|CC(C)[C@H](N)C(=O)[O-],-3.909625768661499,-4.15422248840332,0,12
CCCC[P+](CCCC)(CCCC)CCCN|CC(C)[C@H](N)C(=O)[O-],-3.441488265991211,-3.647104263305664,0,12
CCCC[P+](CCCC)(CCCC)CCCN|CC(C)[C@H](N)C(=O)[O-],-3.0696372985839844,-3.178575038909912,0,12
CCCC[P+](CCCC)(CCCC)CCCN|CC(C)[C@H](N)C(=O)[O-],-2.7350616455078125,-2.7362823486328125,0,12
CCCC[P+](CCCC)(CCCC)CCCN|CC(C)[C@H](N)C(=O)[O-],-2.4257702827453613,-2.3121161460876465,0,12
CCCn1cc[n+](C)c1|F[P-](F)(F)(F)(F)F,-0.8209805488586426,-1.0377166271209717,0,5
CCCn1cc[n+](C)c1|F[P-](F)(F)(F)(F)F,-0.6088060140609741,-0.799813985824585,0,5
CCCn1cc[n+](C)c1|F[P-](F)(F)(F)(F)F,-0.4109802842140198,-0.5640019178390503,0,5
CCCn1cc[n+](C)c1|F[P-](F)(F)(F)(F)F,-0.2269006073474884,-0.36404240131378174,0,5
CCCn1cc[n+](C)c1|F[P-](F)(F)(F)(F)F,-0.054456185549497604,-0.1963965892791748,0,5
C[n+]1ccn(CCCC#N)c1|O=S(=O)([N-]S(=O)(=O)C(F)(F)F)C(F)(F)F,-2.079441547393799,-2.3918216228485107,0,27
C[n+]1ccn(CCCC#N)c1|O=S(=O)([N-]S(=O)(=O)C(F)(F)F)C(F)(F)F,-1.3356012105941772,-1.693212866783142,0,27
C[n+]1ccn(CCCC#N)c1|O=S(=O)([N-]S(=O)(=O)C(F)(F)F)C(F)(F)F,-0.5378543138504028,-0.9343087077140808,0,27
C[n+]1ccn(CCCC#N)c1|O=S(=O)([N-]S(=O)(=O)C(F)(F)F)C(F)(F)F,0.07417939603328705,-0.420047402381897,0,27
C[n+]1ccn(CCCC#N)c1|O=S(=O)([N-]S(=O)(=O)C(F)(F)F)C(F)(F)F,0.560187041759491,-0.046394944190979004,0,27
CCCC[n+]1ccn(C)c1|O=S(=O)([N-]S(=O)(=O)C(F)(F)F)C(F)(F)F,-1.328025460243225,-1.5890116691589355,0,337
CCCC[n+]1ccn(C)c1|O=S(=O)([N-]S(=O)(=O)C(F)(F)F)C(F)(F)F,-1.1056369543075562,-1.3320037126541138,0,337
CCCC[n+]1ccn(C)c1|O=S(=O)([N-]S(=O)(=O)C(F)(F)F)C(F)(F)F,-0.9014021158218384,-1.0933789014816284,0,337
CCCC[n+]1ccn(C)c1|O=S(=O)([N-]S(=O)(=O)C(F)(F)F)C(F)(F)F,-0.53614342212677,-0.6480737924575806,0,337
CCCC[n+]1ccn(C)c1|O=S(=O)([N-]S(=O)(=O)C(F)(F)F)C(F)(F)F,-0.07904320955276489,-0.17406392097473145,0,337
c(N(C)C)1c(N(C)C)[c+]1N(CC)CC|[N-](S(=O)(=O)C(F)(F)F)S(=O)(=O)C(F)(F)F,-0.6635884046554565,-0.6557610630989075,0,5
c(N(C)C)1c(N(C)C)[c+]1N(CC)CC|[N-](S(=O)(=O)C(F)(F)F)S(=O)(=O)C(F)(F)F,-0.3382738530635834,-0.43153059482574463,0,5
c(N(C)C)1c(N(C)C)[c+]1N(CC)CC|[N-](S(=O)(=O)C(F)(F)F)S(=O)(=O)C(F)(F)F,-0.058688994497060776,-0.2519092559814453,0,5
c(N(C)C)1c(N(C)C)[c+]1N(CC)CC|[N-](S(=O)(=O)C(F)(F)F)S(=O)(=O)C(F)(F)F,0.1996701955795288,-0.09004509449005127,0,5
c(N(C)C)1c(N(C)C)[c+]1N(CC)CC|[N-](S(=O)(=O)C(F)(F)F)S(=O)(=O)C(F)(F)F,0.43178242444992065,0.05950498580932617,0,5
CCCCCC[N+]1(C)CCCC1|O=S(=O)([N-]S(=O)(=O)C(F)(F)F)C(F)(F)F,-2.216407299041748,-2.6243817806243896,0,49
CCCCCC[N+]1(C)CCCC1|O=S(=O)([N-]S(=O)(=O)C(F)(F)F)C(F)(F)F,-1.9696906805038452,-2.3121860027313232,0,49
CCCCCC[N+]1(C)CCCC1|O=S(=O)([N-]S(=O)(=O)C(F)(F)F)C(F)(F)F,-1.5287799835205078,-1.7056894302368164,0,49
CCCCCC[N+]1(C)CCCC1|O=S(=O)([N-]S(=O)(=O)C(F)(F)F)C(F)(F)F,-0.974449634552002,-1.0208512544631958,0,49
CCn1cc[n+](Cc2ccc(C)cc2)c1|O=S(=O)([N-]S(=O)(=O)C(F)(F)F)C(F)(F)F,-2.5047013759613037,-1.3841670751571655,0,4
CCn1cc[n+](Cc2ccc(C)cc2)c1|O=S(=O)([N-]S(=O)(=O)C(F)(F)F)C(F)(F)F,-2.2063663005828857,-1.1797595024108887,0,4
CCn1cc[n+](Cc2ccc(C)cc2)c1|O=S(=O)([N-]S(=O)(=O)C(F)(F)F)C(F)(F)F,-1.6879401206970215,-0.7921077013015747,0,4
CCn1cc[n+](Cc2ccc(C)cc2)c1|O=S(=O)([N-]S(=O)(=O)C(F)(F)F)C(F)(F)F,-1.063631296157837,-0.2937123775482178,0,4
CCC[N+]1(C)CCCC1|O=S(=O)([N-]S(=O)(=O)C(F)(F)F)C(F)(F)F,-1.1174893379211426,-1.4220447540283203,0,99
CCC[N+]1(C)CCCC1|O=S(=O)([N-]S(=O)(=O)C(F)(F)F)C(F)(F)F,-0.9167908430099487,-1.170828938484192,0,99
CCC[N+]1(C)CCCC1|O=S(=O)([N-]S(=O)(=O)C(F)(F)F)C(F)(F)F,-0.09541018307209015,-0.27807605266571045,0,99
CCC[N+]1(C)CCCC1|O=S(=O)([N-]S(=O)(=O)C(F)(F)F)C(F)(F)F,-1.1394343376159668,-1.4220447540283203,0,99
CCC[N+]1(C)CCCC1|O=S(=O)([N-]S(=O)(=O)C(F)(F)F)C(F)(F)F,-0.3886079788208008,-0.5484832525253296,0,99
CCC[N+]1(C)CCCC1|O=S(=O)([N-]S(=O)(=O)C(F)(F)F)C(F)(F)F,0.16551443934440613,-0.08760809898376465,0,99
CCC[N+]1(C)CCCC1|O=S(=O)([N-]S(=O)(=O)C(F)(F)F)C(F)(F)F,0.5653138160705566,0.21793639659881592,0,99
CCCCCC[N+]1(C)CCCC1|O=S(=O)([N-]S(=O)(=O)C(F)(F)F)C(F)(F)F,-2.137070655822754,-2.6243817806243896,0,49
CCCCCC[N+]1(C)CCCC1|O=S(=O)([N-]S(=O)(=O)C(F)(F)F)C(F)(F)F,-1.3019531965255737,-1.4456219673156738,0,49
CCCCCC[N+]1(C)CCCC1|O=S(=O)([N-]S(=O)(=O)C(F)(F)F)C(F)(F)F,-0.6443570256233215,-0.6900748610496521,0,49
CCCCCC[N+]1(C)CCCC1|O=S(=O)([N-]S(=O)(=O)C(F)(F)F)C(F)(F)F,-0.15082289278507233,-0.2987558841705322,0,49
CCCC[n+]1ccn(C)c1|O=S(=O)([N-]S(=O)(=O)C(F)(F)F)C(F)(F)F,-1.573588252067566,-1.8826234340667725,0,337
CCCC[n+]1ccn(C)c1|O=S(=O)([N-]S(=O)(=O)C(F)(F)F)C(F)(F)F,0.16636154055595398,0.020438432693481445,0,337
CCCCCCCCn1cc[n+](Cc2ccc(C)cc2)c1|O=S(=O)([N-]S(=O)(=O)C(F)(F)F)C(F)(F)F,-3.939394235610962,-2.884922504425049,0,4
CCCCCCCCn1cc[n+](Cc2ccc(C)cc2)c1|O=S(=O)([N-]S(=O)(=O)C(F)(F)F)C(F)(F)F,-3.6074838638305664,-2.5913891792297363,0,4
CCCCCCCCn1cc[n+](Cc2ccc(C)cc2)c1|O=S(=O)([N-]S(=O)(=O)C(F)(F)F)C(F)(F)F,-3.0057826042175293,-2.0919482707977295,0,4
CCCCCCCCn1cc[n+](Cc2ccc(C)cc2)c1|O=S(=O)([N-]S(=O)(=O)C(F)(F)F)C(F)(F)F,-2.2624032497406006,-1.4726803302764893,0,4
CCCn1cc[n+](C)c1|[I-],0.23111172020435333,0.31013238430023193,0,17
CCCn1cc[n+](C)c1|[I-],0.37843644618988037,0.394628643989563,0,17
CCCC[n+]1ccn(C)c1|O=S(=O)([N-]S(=O)(=O)C(F)(F)F)C(F)(F)F,-1.0077975988388062,-1.334407925605774,0,337
CCCC[n+]1ccn(C)c1|O=C([O-])C(F)(F)C(F)(F)C(F)(F)F,-2.3025851249694824,-1.5756028890609741,0,1
CCCC[n+]1ccn(C)c1|O=S(=O)([N-]S(=O)(=O)C(F)(F)F)C(F)(F)F,-0.9416085481643677,-1.0933789014816284,0,337
CC[n+]1ccn(C)c1C|O=S(=O)([N-]S(=O)(=O)C(F)(F)F)C(F)(F)F,-1.1394343376159668,-1.1770182847976685,0,15
CCCC[n+]1ccn(C)c1|O=S(=O)([N-]S(=O)(=O)C(F)(F)F)C(F)(F)F,-0.9416085481643677,-1.3392176628112793,0,337
CC[n+]1ccn(C)c1|O=C([O-])C(F)(F)C(F)(F)C(F)(F)F,-1.309333324432373,-0.950692355632782,0,1
CC[n+]1ccn(C)c1|CS(=O)(=O)[O-],-1.3205065727233887,-1.5511308908462524,0,51
CCCC[n+]1ccn(CC)c1|O=S(=O)([N-]S(=O)(=O)C(F)(F)F)C(F)(F)F,-0.891598105430603,-1.5986263751983643,0,1
C[N+](C)(C)CCO|O=C([O-])CO,-3.2914464473724365,-4.031457901000977,0,1
CCn1cc[n+](CC)c1|O=S(=O)([N-]S(=O)(=O)C(F)(F)F)C(F)(F)F,-0.1625189334154129,-1.0549416542053223,0,1
CCCCn1cc[n+](CC)c1|O=S(=O)([O-])C(F)(F)F,-1.309333324432373,-1.4268869161605835,0,2
CC[n+]1ccn(C)c1|C[C@@H](O)[C@H](N)C(=O)[O-],-4.605170249938965,-4.121027946472168,0,1
CCCCn1cc[n+](CC)c1|O=S(=O)([O-])C(F)(F)F,-1.309333324432373,-1.4518425464630127,0,2
CCn1cc[n+](C)c1|CC(C)C[C@H](N)C(=O)[O-],-4.815891265869141,-5.319698333740234,0,1
CCn1cc[n+](C)c1|N[C@@H](CO)C(=O)[O-],-2.733367919921875,-3.6517114639282227,0,9
CC[n+]1ccn(C)c1|N[C@@H](CCC(=O)O)C(=O)[O-],-9.903487205505371,-4.074497699737549,0,1
CCCCCCCCCCCCCC[P+](CCCC)(CCCC)CCCC|O=S(=O)([N-]S(=O)(=O)C(F)(F)F)C(F)(F)F,-6.76106071472168,-3.603938579559326,0,1
CCCC[N+](C)(C)C(C)C|O=S(=O)([N-]S(=O)(=O)C(F)(F)F)C(F)(F)F,-1.7719568014144897,-2.4255173206329346,0,1
CCC[N+]1(C)CCCC1|O=S(=O)([N-]S(=O)(=O)C(F)(F)F)C(F)(F)F,-0.5798184871673584,-1.3169384002685547,0,99
CCCCCC[N+]1(C)CCCC1|O=S(=O)([N-]S(=O)(=O)C(F)(F)F)C(F)(F)F,-1.7147984504699707,-2.508674144744873,0,49
CCC[N+](C)(C)CC|O=S(=O)([N-]S(=O)(=O)C(F)(F)F)C(F)(F)F,-1.1086626052856445,-1.0037078857421875,0,14
CCC[N+]1(C)CCCC1|O=S(=O)([N-]S(=O)(=O)C(F)(F)F)C(F)(F)F,-1.8325815200805664,-1.1731268167495728,0,99
CCCC[n+]1ccn(C)c1|O=S(=O)([N-]S(=O)(=O)C(F)(F)F)C(F)(F)F,-1.2873544692993164,-1.0933789014816284,0,337
CCCn1cc[n+](C)c1C|F[P-](F)(F)(F)(F)F,-2.995732307434082,-1.7312192916870117,0,1
CCCC[N+](C)(CCCC)CCCC|O=S(=O)([O-])C(F)(F)F,-0.48776036500930786,-0.2975277900695801,0,1
CC[n+]1ccn(C)c1|CS(=O)(=O)[O-],-0.7993969917297363,-1.5475144386291504,0,51
CCCCC[N+](C)(CC)CC|O=S(=O)([N-]S(=O)(=O)C(F)(F)F)C(F)(F)F,-1.7147984504699707,-1.6816786527633667,0,1
CCCCCC[n+]1ccn(C)c1|[Br-],-3.026191473007202,-3.0517640113830566,0,8
CCCC[n+]1ccn(C)c1|O=S(=O)([N-]S(=O)(=O)C(F)(F)F)C(F)(F)F,-1.1086626052856445,-1.0956547260284424,0,337
C1C[C@@H]2[N+](CCCC)(C)[C@H]1C[C@H](O)C2.C(CC(=O)[O-])[C@@H](C(=O)[O-])[NH3+]|C(CC(=O)[O-])[C@@H](C(=O)[O-])[NH3+],-10.349774360656738,-8.634225845336914,0,7
CCCC[n+]1ccn(C)c1|O=S(=O)([N-]S(=O)(=O)C(F)(F)F)C(F)(F)F,-0.8615658283233643,-1.0956547260284424,0,337
CCCCOC[N+](C)(C)CCO|O=S(=O)([N-]S(=O)(=O)C(F)(F)F)C(F)(F)F,-1.8325815200805664,-2.1567368507385254,0,1
CCCOC[N+](C)(C)CCO|O=S(=O)([N-]S(=O)(=O)C(F)(F)F)C(F)(F)F,-1.7778565883636475,-1.9901646375656128,0,1
CCCCCCCCCCCOC[N+](C)(C)CCO|O=S(=O)([N-]S(=O)(=O)C(F)(F)F)C(F)(F)F,-2.9374632835388184,-2.9710049629211426,0,1
CCCC[n+]1ccn(C)c1|O=S(=O)([N-]S(=O)(=O)C(F)(F)F)C(F)(F)F,-0.9781661629676819,-1.3392176628112793,0,337
CCCCCCCC[N+]1(C)CCOCC1|N#C[N-]C#N,-3.8680062294006348,-2.8888614177703857,0,8
CCC[N+]1(C)CCCC1|O=S(=O)(F)[N-]S(=O)(=O)F,-0.2548922598361969,-0.9821034073829651,0,31
CC[P+](CC)(CC)CCSC|O=S(=O)([N-]S(=O)(=O)C(F)(F)F)C(F)(F)F,-1.9732813835144043,-1.8118319511413574,0,1
CCCCCC[n+]1ccn(C)c1|[I-],-3.984593629837036,-3.958423137664795,0,16
CCCCCCCCCOC[N+](C)(C)CCOC(C)=O|O=S(=O)([N-]S(=O)(=O)C(F)(F)F)C(F)(F)F,-3.1700856685638428,-2.5985655784606934,0,1
CCCCCCCC[N+](CCCC)(CCCC)CCCC|O=S(=O)([O-])C(F)(F)F,-6.377127170562744,-3.6255016326904297,0,1
CCCCCCC[N+](CCCC)(CCCC)CCCC|O=S(=O)([N-]S(=O)(=O)C(F)(F)F)C(F)(F)F,-4.135166645050049,-3.4058895111083984,0,1
CCCC[n+]1ccn(C)c1|O=S(=O)([N-]S(=O)(=O)C(F)(F)F)C(F)(F)F,-1.1159619092941284,-1.0933789014816284,0,337
CCCCCC[N+](CCCC)(CCCC)CCCC|O=S(=O)([N-]S(=O)(=O)C(F)(F)F)C(F)(F)F,-4.135166645050049,-3.3356804847717285,0,1
CCCC[n+]1ccn(CC)c1|F[B-](F)(F)F,-1.0729445219039917,-1.4855167865753174,0,2
C=CC[n+]1ccn(C)c1|CC(O)C(=O)[O-],-2.4304184913635254,-1.696315884590149,0,1
CCCC[n+]1ccn(CC)c1|F[B-](F)(F)F,-1.058430552482605,-1.4855167865753174,0,2
CCCCCCCCCC[n+]1ccn(CC)c1|F[B-](F)(F)F,-3.3755295276641846,-3.685579776763916,0,2
CC[n+]1cccn1C|N#C[N-]C#N,0.5306282639503479,0.20188534259796143,0,1
CCCC[n+]1ccn(C)c1|O=S(=O)([N-]S(=O)(=O)C(F)(F)F)C(F)(F)F,-0.9162907600402832,-1.0956547260284424,0,337
C=CCn1cc[n+](C)c1|CCC(=O)[O-],-1.7147984504699707,-1.9091153144836426,0,1
CCCCCC[n+]1ccn(C)c1|N#C[N-]C#N,-0.6348782777786255,-0.820019006729126,0,14
CCCC[n+]1ccn(C)c1|O=S(=O)([N-]S(=O)(=O)C(F)(F)F)C(F)(F)F,-0.9014021158218384,-1.100207805633545,0,337
CC[N+](C)(CC)CCOC|F[B-](F)(F)C(F)(F)C(F)(F)C(F)(F)C(F)(F)F,-2.0402207374572754,-1.3018954992294312,0,1
CC[N+](C)(C)CCOC|F[B-](F)(F)C(F)(F)C(F)(F)C(F)(F)C(F)(F)F,-1.8971199989318848,-1.2777953147888184,0,1
CCCC[S+]1CCCC1|N#C[N-]C#N,-0.2744368314743042,-0.7469316720962524,0,1
CCCCCCCCCC[n+]1ccn(CC)c1|F[B-](F)(F)F,-3.2701690196990967,-3.685579776763916,0,2
CC[N+](CC)(CC)CCOC|F[B-](F)(F)C(F)(F)C(F)(F)F,-1.4271163940429688,-1.4254931211471558,0,1
CCCC[P+](CCCC)(CCCC)CCSC|O=S(=O)(F)[N-]S(=O)(=O)F,-3.096658229827881,-2.5801169872283936,0,1
CC[n+]1ccn(C)c1|CCOS(=O)(=O)[O-],-3.5543484687805176,-5.841222763061523,1,65
CC[n+]1ccn(C)c1|CCOS(=O)(=O)[O-],-3.2860846519470215,-5.269701957702637,1,65
CC[n+]1ccn(C)c1|CCOS(=O)(=O)[O-],-3.0057826042175293,-4.69205379486084,1,65
CC[n+]1ccn(C)c1|CCOS(=O)(=O)[O-],-2.617295742034912,-4.105273723602295,1,65
CC[n+]1ccn(C)c1|CCOS(=O)(=O)[O-],-2.2537949085235596,-3.4879817962646484,1,65
CC[n+]1ccn(C)c1|CCOS(=O)(=O)[O-],-1.9732813835144043,-2.9002718925476074,1,65
CC[n+]1ccn(C)c1|CCOS(=O)(=O)[O-],-1.599487543106079,-2.3134217262268066,1,65
CC[n+]1ccn(C)c1|CCOS(=O)(=O)[O-],-1.2344319820404053,-1.8470327854156494,1,65
CC[n+]1ccn(C)c1|CCOS(=O)(=O)[O-],-0.9623346924781799,-1.4975005388259888,1,65
CC[n+]1ccn(C)c1|CCOS(=O)(=O)[O-],-0.7236064076423645,-1.2302639484405518,1,65
CC[n+]1ccn(C)c1|CCOS(=O)(=O)[O-],-0.4942963123321533,-0.9938226938247681,1,65
CC[n+]1ccn(C)c1|CCOS(=O)(=O)[O-],-0.3285040557384491,-0.7666357159614563,1,65
CC[n+]1ccn(C)c1|CCOS(=O)(=O)[O-],-0.15082289278507233,-0.5402498245239258,1,65
CC[n+]1ccn(C)c1|CCOS(=O)(=O)[O-],0.00995033048093319,-0.38246476650238037,1,65
CC[n+]1ccn(C)c1|CCOS(=O)(=O)[O-],0.1638180911540985,-0.2690798044204712,1,65
CC[n+]1ccn(C)c1|CCOS(=O)(=O)[O-],0.30084505677223206,-0.16597867012023926,1,65
CC[n+]1ccn(C)c1|CCOS(=O)(=O)[O-],0.4304828643798828,-0.0651082992553711,1,65
CC[n+]1ccn(C)c1|CCOS(=O)(=O)[O-],0.5579000115394592,0.03125870227813721,1,65
CC[n+]1ccn(C)c1|CCOS(=O)(=O)[O-],0.6678293943405151,0.11814963817596436,1,65
CC[n+]1ccn(C)c1|CCOS(=O)(=O)[O-],0.7793248891830444,0.20017921924591064,1,65
CC[n+]1ccn(C)c1|CCOS(=O)(=O)[O-],0.8796267509460449,0.27796077728271484,1,65
CC[n+]1ccn(C)c1|CCOS(=O)(=O)[O-],0.9858167767524719,0.35251593589782715,1,65
CC[n+]1ccn(C)c1|CCOS(=O)(=O)[O-],1.0986123085021973,0.42902708053588867,1,65
CC[n+]1ccn(C)c1|CCOS(=O)(=O)[O-],1.1908875703811646,0.5045640468597412,1,65
CC[n+]1ccn(C)c1|CCOS(=O)(=O)[O-],1.2725656032562256,0.5789775848388672,1,65
CC[n+]1ccn(C)c1|CCOS(=O)(=O)[O-],1.3506672382354736,0.6533911228179932,1,65
CC[n+]1ccn(C)c1|CCOS(=O)(=O)[O-],1.4231083393096924,0.727811336517334,1,65
CC[n+]1ccn(C)c1|CCOS(=O)(=O)[O-],1.4973883628845215,0.8023800849914551,1,65
CC[n+]1ccn(C)c1|CCOS(=O)(=O)[O-],1.562346339225769,0.876948356628418,1,65
CC[n+]1ccn(C)c1|CCOS(=O)(=O)[O-],1.6292405128479004,0.9515171051025391,1,65
CC[n+]1ccn(C)c1|CCOS(=O)(=O)[O-],1.686398983001709,1.026794672012329,1,65
CC[n+]1ccn(C)c1|CCOS(=O)(=O)[O-],1.7404661178588867,1.1019155979156494,1,65
CC[n+]1ccn(C)c1|CCOS(=O)(=O)[O-],1.7917594909667969,1.177037000656128,1,65
CC[n+]1ccn(C)c1|CCOS(=O)(=O)[O-],1.8405495882034302,1.2548882961273193,1,65
CC[n+]1ccn(C)c1|CCOS(=O)(=O)[O-],1.8870697021484375,1.3346657752990723,1,65
CC[n+]1ccn(C)c1|CCOS(=O)(=O)[O-],1.9315214157104492,1.4144437313079834,1,65
CCCCCCCCn1cc[n+](C)c1|F[B-](F)(F)F,-4.644950866699219,-5.966465950012207,1,126
CCCCCCCCn1cc[n+](C)c1|F[B-](F)(F)F,-4.632541179656982,-5.952862739562988,1,126
CCCCCCCCn1cc[n+](C)c1|F[B-](F)(F)F,-4.608174800872803,-5.952862739562988,1,126
CCCCCCCCn1cc[n+](C)c1|F[B-](F)(F)F,-4.237061023712158,-5.484560489654541,1,126
CCCCCCCCn1cc[n+](C)c1|F[B-](F)(F)F,-4.2104291915893555,-5.484560489654541,1,126
CCCCCCCCn1cc[n+](C)c1|F[B-](F)(F)F,-3.8584821224212646,-4.987581729888916,1,126
CCCCCCCCn1cc[n+](C)c1|F[B-](F)(F)F,-3.8537540435791016,-4.987581729888916,1,126
CCCCCCCCn1cc[n+](C)c1|F[B-](F)(F)F,-3.825845241546631,-4.987581729888916,1,126
CCCCCCCCn1cc[n+](C)c1|F[B-](F)(F)F,-3.496607542037964,-4.476912498474121,1,126
CCCCCCCCn1cc[n+](C)c1|F[B-](F)(F)F,-3.4900286197662354,-4.476912498474121,1,126
CCCCCCCCn1cc[n+](C)c1|F[B-](F)(F)F,-3.467337131500244,-4.475890159606934,1,126
CCCCCCCCn1cc[n+](C)c1|F[B-](F)(F)F,-3.162968158721924,-3.964733123779297,1,126
CCCCCCCCn1cc[n+](C)c1|F[B-](F)(F)F,-3.1349942684173584,-3.964733123779297,1,126
CCCCCCCCn1cc[n+](C)c1|F[B-](F)(F)F,-3.1535563468933105,-3.9637022018432617,1,126
CCCCCCCCn1cc[n+](C)c1|F[B-](F)(F)F,-2.8542327880859375,-3.43875789642334,1,126
CCCCCCCCn1cc[n+](C)c1|F[B-](F)(F)F,-2.8421530723571777,-3.43875789642334,1,126
CCCCCCCCn1cc[n+](C)c1|F[B-](F)(F)F,-2.8404393196105957,-3.43875789642334,1,126
CCCCCCCCn1cc[n+](C)c1|F[B-](F)(F)F,-2.8234610557556152,-3.43875789642334,1,126
CCCCCCCCn1cc[n+](C)c1|F[B-](F)(F)F,-2.8217790126800537,-3.43875789642334,1,126
CCCCCCCCn1cc[n+](C)c1|F[B-](F)(F)F,-2.8473122119903564,-3.437685012817383,1,126
CCCCCCCCn1cc[n+](C)c1|F[B-](F)(F)F,-2.577021837234497,-2.9007349014282227,1,126
CCCCCCCCn1cc[n+](C)c1|F[B-](F)(F)F,-2.5574772357940674,-2.9007349014282227,1,126
CCCCCCCCn1cc[n+](C)c1|F[B-](F)(F)F,-2.533257007598877,-2.9007349014282227,1,126
CCCCCCCCn1cc[n+](C)c1|F[B-](F)(F)F,-2.310617208480835,-2.3969287872314453,1,126
CCCCCCCCn1cc[n+](C)c1|F[B-](F)(F)F,-2.2857279777526855,-2.3969287872314453,1,126
CCCCCCCCn1cc[n+](C)c1|F[B-](F)(F)F,-2.2624032497406006,-2.3969287872314453,1,126
CCCCCCCCn1cc[n+](C)c1|F[B-](F)(F)F,-2.0627810955047607,-1.9852025508880615,1,126
CCCCCCCCn1cc[n+](C)c1|F[B-](F)(F)F,-2.031794786453247,-1.9852025508880615,1,126
CCCCCCCCn1cc[n+](C)c1|F[B-](F)(F)F,-2.027228593826294,-1.9852025508880615,1,126
CCCCCCCCn1cc[n+](C)c1|F[B-](F)(F)F,-1.8313322067260742,-1.6691298484802246,1,126
CCCCCCCCn1cc[n+](C)c1|F[B-](F)(F)F,-1.7993885278701782,-1.6691298484802246,1,126
CCCCCCCCn1cc[n+](C)c1|F[B-](F)(F)F,-1.7897614240646362,-1.6691298484802246,1,126
CCCCCCCCn1cc[n+](C)c1|F[B-](F)(F)F,-1.61948823928833,-1.4054021835327148,1,126
CCCCCCCCn1cc[n+](C)c1|F[B-](F)(F)F,-1.5847452878952026,-1.4054021835327148,1,126
CCCCCCCCn1cc[n+](C)c1|F[B-](F)(F)F,-1.6094379425048828,-1.4043681621551514,1,126
CCCCCCCCn1cc[n+](C)c1|F[B-](F)(F)F,-1.4105870723724365,-1.16298246383667,1,126
CCCCCCCCn1cc[n+](C)c1|F[B-](F)(F)F,-1.378326177597046,-1.16298246383667,1,126
CCCCCCCCn1cc[n+](C)c1|F[B-](F)(F)F,-1.4024237394332886,-1.1611589193344116,1,126
CCCCCCCCn1cc[n+](C)c1|F[B-](F)(F)F,-1.1907275915145874,-0.9588266611099243,1,126
CCCCCCCCn1cc[n+](C)c1|F[B-](F)(F)F,-1.2241754531860352,-0.9584554433822632,1,126
CCCCCCCCn1cc[n+](C)c1|F[B-](F)(F)F,-1.210661768913269,-0.9569718241691589,1,126
CCCCCCCCn1cc[n+](C)c1|F[B-](F)(F)F,-1.0356374979019165,-0.7776055335998535,1,126
CCCCCCCCn1cc[n+](C)c1|F[B-](F)(F)F,-1.0412871837615967,-0.7749055624008179,1,126
CCCCCCCCn1cc[n+](C)c1|F[B-](F)(F)F,-1.0106014013290405,-0.7749055624008179,1,126
CCCCCCCCn1cc[n+](C)c1|F[B-](F)(F)F,-0.8675005435943604,-0.6259691715240479,1,126
CCCCCCCCn1cc[n+](C)c1|F[B-](F)(F)F,-0.8770700097084045,-0.6248652935028076,1,126
CCCCCCCCn1cc[n+](C)c1|F[B-](F)(F)F,-0.8439700603485107,-0.6248652935028076,1,126
CCCCCCCCn1cc[n+](C)c1|F[B-](F)(F)F,-0.7236064076423645,-0.491141676902771,1,126
CCCCCCCCn1cc[n+](C)c1|F[B-](F)(F)F,-0.6891551613807678,-0.4908815622329712,1,126
CCCCCCCCn1cc[n+](C)c1|F[B-](F)(F)F,-0.7052197456359863,-0.48906397819519043,1,126
CCCCCCCCn1cc[n+](C)c1|F[B-](F)(F)F,-0.5780344009399414,-0.3688375949859619,1,126
CCCCCCCCn1cc[n+](C)c1|F[B-](F)(F)F,-0.5430045127868652,-0.3688375949859619,1,126
CCCCCCCCn1cc[n+](C)c1|F[B-](F)(F)F,-0.5586162805557251,-0.3675879240036011,1,126
CC[n+]1ccn(C)c1|F[B-](F)(F)F,-1.930332064628601,-5.262199401855469,1,292
CC[n+]1ccn(C)c1|F[B-](F)(F)F,-1.6803970336914062,-4.961037635803223,1,292
CC[n+]1ccn(C)c1|F[B-](F)(F)F,-1.505077838897705,-4.658824920654297,1,292
CC[n+]1ccn(C)c1|F[B-](F)(F)F,-1.343234896659851,-4.367435455322266,1,292
CC[n+]1ccn(C)c1|F[B-](F)(F)F,-1.4064971208572388,-4.173175811767578,1,292
CC[n+]1ccn(C)c1|F[B-](F)(F)F,-1.1488535404205322,-4.063905239105225,1,292
CC[n+]1ccn(C)c1|F[B-](F)(F)F,-1.013352394104004,-3.764130115509033,1,292
CC[n+]1ccn(C)c1|F[B-](F)(F)F,-1.2173957824707031,-3.5757393836975098,1,292
CC[n+]1ccn(C)c1|F[B-](F)(F)F,-0.9137938618659973,-3.4670777320861816,1,292
CC[n+]1ccn(C)c1|F[B-](F)(F)F,-0.8141855001449585,-3.160539150238037,1,292
CC[n+]1ccn(C)c1|F[B-](F)(F)F,-0.8096809983253479,-2.9617087841033936,1,292
CC[n+]1ccn(C)c1|F[B-](F)(F)F,-0.6405547261238098,-2.8494787216186523,1,292
CC[n+]1ccn(C)c1|F[B-](F)(F)F,-0.4780358076095581,-2.55747389793396,1,292
CC[n+]1ccn(C)c1|F[B-](F)(F)F,-0.4910230040550232,-2.3899331092834473,1,292
CC[n+]1ccn(C)c1|F[B-](F)(F)F,-0.35382187366485596,-2.3106637001037598,1,292
CC[n+]1ccn(C)c1|F[B-](F)(F)F,-0.32711613178253174,-2.083653688430786,1,292
CC[n+]1ccn(C)c1|F[B-](F)(F)F,-0.3078847825527191,-1.935797929763794,1,292
CC[n+]1ccn(C)c1|F[B-](F)(F)F,-0.1803235560655594,-1.870410442352295,1,292
CC[n+]1ccn(C)c1|F[B-](F)(F)F,-0.04290750250220299,-1.6700935363769531,1,292
CC[n+]1ccn(C)c1|F[B-](F)(F)F,-0.10981486737728119,-1.5504825115203857,1,292
CC[n+]1ccn(C)c1|F[B-](F)(F)F,0.09349033981561661,-1.5004743337631226,1,292
CC[n+]1ccn(C)c1|F[B-](F)(F)F,0.15529288351535797,-1.3449742794036865,1,292
CC[n+]1ccn(C)c1|F[B-](F)(F)F,0.08709470927715302,-1.2435284852981567,1,292
CC[n+]1ccn(C)c1|F[B-](F)(F)F,-0.4926583170890808,-1.2213799953460693,1,292
CC[n+]1ccn(C)c1|F[B-](F)(F)F,-0.5499129891395569,-1.1992316246032715,1,292
CC[n+]1ccn(C)c1|F[B-](F)(F)F,-0.29035231471061707,-1.1992316246032715,1,292
CC[n+]1ccn(C)c1|F[B-](F)(F)F,0.1988508552312851,-1.1992316246032715,1,292
CC[n+]1ccn(C)c1|F[B-](F)(F)F,-0.11541084945201874,-1.1660079956054688,1,292
CC[n+]1ccn(C)c1|F[B-](F)(F)F,0.015873348340392113,-1.1327846050262451,1,292
CC[n+]1ccn(C)c1|F[B-](F)(F)F,0.06765864789485931,-1.0995609760284424,1,292
CC[n+]1ccn(C)c1|F[B-](F)(F)F,0.08801087737083435,-1.066339135169983,1,292
CC[n+]1ccn(C)c1|F[B-](F)(F)F,0.28818196058273315,-1.066339135169983,1,292
CC[n+]1ccn(C)c1|F[B-](F)(F)F,0.13278111815452576,-0.9943547248840332,1,292
CC[n+]1ccn(C)c1|F[B-](F)(F)F,0.26620304584503174,-0.9666686058044434,1,292
CC[n+]1ccn(C)c1|F[B-](F)(F)F,0.1756325662136078,-0.9279093146324158,1,292
CC[n+]1ccn(C)c1|F[B-](F)(F)F,0.36603105068206787,-0.9279093146324158,1,292
CC[n+]1ccn(C)c1|F[B-](F)(F)F,0.21833199262619019,-0.8559248447418213,1,292
CC[n+]1ccn(C)c1|F[B-](F)(F)F,0.25928258895874023,-0.7926470637321472,1,292
CC[n+]1ccn(C)c1|F[B-](F)(F)F,0.43113285303115845,-0.7926470637321472,1,292
CC[n+]1ccn(C)c1|F[B-](F)(F)F,0.28065747022628784,-0.7671015858650208,1,292
CC[n+]1ccn(C)c1|F[B-](F)(F)F,0.30453920364379883,-0.7182804942131042,1,292
CC[n+]1ccn(C)c1|F[B-](F)(F)F,0.45171236991882324,-0.7040421366691589,1,292
CC[n+]1ccn(C)c1|F[B-](F)(F)F,0.3321773111820221,-0.671828031539917,1,292
CC[n+]1ccn(C)c1|F[B-](F)(F)F,0.4818086624145508,-0.671828031539917,1,292
CC[n+]1ccn(C)c1|F[B-](F)(F)F,0.3804891109466553,-0.615918755531311,1,292
CC[n+]1ccn(C)c1|F[B-](F)(F)F,0.5810976624488831,-0.47506606578826904,1,292
CC[n+]1ccn(C)c1|F[B-](F)(F)F,0.7030975222587585,-0.2707197666168213,1,292
CC[n+]1ccn(C)c1|F[B-](F)(F)F,0.8241754174232483,-0.08747553825378418,1,292
CC[n+]1ccn(C)c1|F[B-](F)(F)F,0.9360933303833008,0.06191682815551758,1,292
CC[n+]1ccn(C)c1|F[B-](F)(F)F,1.047318935394287,0.18956351280212402,1,292
CC[n+]1ccn(C)c1|F[B-](F)(F)F,1.1693813800811768,0.3106205463409424,1,292
CC[n+]1ccn(C)c1|F[B-](F)(F)F,1.2697604894638062,0.41182851791381836,1,292
CC[n+]1ccn(C)c1|F[B-](F)(F)F,1.3737155199050903,0.49617481231689453,1,292
CC[n+]1ccn(C)c1|F[B-](F)(F)F,1.470175862312317,0.5751824378967285,1,292
CC[n+]1ccn(C)c1|F[B-](F)(F)F,1.562346339225769,0.6517236232757568,1,292
CC[n+]1ccn(C)c1|F[B-](F)(F)F,1.652497410774231,0.726656436920166,1,292
CC[n+]1ccn(C)c1|F[B-](F)(F)F,1.713797926902771,0.7983918190002441,1,292
CC[n+]1ccn(C)c1|F[B-](F)(F)F,1.7833912372589111,0.8702809810638428,1,292
CC[n+]1ccn(C)c1|F[B-](F)(F)F,1.8656293153762817,0.9419097900390625,1,292
CC[n+]1ccn(C)c1|F[B-](F)(F)F,1.9315214157104492,1.0133411884307861,1,292
CC[n+]1ccn(C)c1|F[B-](F)(F)F,1.9960598945617676,1.0845952033996582,1,292
CC[n+]1ccn(C)c1|F[B-](F)(F)F,2.057962417602539,1.1583569049835205,1,292
CC[n+]1ccn(C)c1|F[B-](F)(F)F,2.1186623573303223,1.2321715354919434,1,292
CC[n+]1ccn(C)c1|F[B-](F)(F)F,2.1713368892669678,1.3059451580047607,1,292
CC[n+]1ccn(C)c1|F[B-](F)(F)F,2.228938579559326,1.37971830368042,1,292
CC[n+]1ccn(C)c1|F[B-](F)(F)F,2.2813613414764404,1.4534916877746582,1,292
CC[n+]1ccn(C)c1|F[B-](F)(F)F,2.3292269706726074,1.5272650718688965,1,292
CC[n+]1ccn(C)c1|F[B-](F)(F)F,2.37861967086792,1.6010386943817139,1,292
CC[n+]1ccn(C)c1|F[B-](F)(F)F,2.4265711307525635,1.6758275032043457,1,292
CC[n+]1ccn(C)c1|F[B-](F)(F)F,2.4664032459259033,1.7522413730621338,1,292
CC[n+]1ccn(C)c1|F[B-](F)(F)F,2.5063419342041016,1.8286559581756592,1,292
CC[n+]1ccn(C)c1|F[B-](F)(F)F,2.5400259494781494,1.9062225818634033,1,292
CCCCCC[n+]1ccn(C)c1|F[P-](F)(F)(F)(F)F,-4.892852306365967,-5.361501693725586,1,100
CCCCCC[n+]1ccn(C)c1|F[P-](F)(F)(F)(F)F,-4.862646579742432,-5.361501693725586,1,100
CCCCCC[n+]1ccn(C)c1|F[P-](F)(F)(F)(F)F,-4.446458339691162,-4.795471668243408,1,100
CCCCCC[n+]1ccn(C)c1|F[P-](F)(F)(F)(F)F,-4.417860984802246,-4.795471668243408,1,100
CCCCCC[n+]1ccn(C)c1|F[P-](F)(F)(F)(F)F,-3.9981257915496826,-4.234004020690918,1,100
CCCCCC[n+]1ccn(C)c1|F[P-](F)(F)(F)(F)F,-4.026312351226807,-4.232852935791016,1,100
CCCCCC[n+]1ccn(C)c1|F[P-](F)(F)(F)(F)F,-3.610438108444214,-3.667989730834961,1,100
CCCCCC[n+]1ccn(C)c1|F[P-](F)(F)(F)(F)F,-3.6423776149749756,-3.6669278144836426,1,100
CCCCCC[n+]1ccn(C)c1|F[P-](F)(F)(F)(F)F,-3.254503011703491,-3.1663215160369873,1,100
CCCCCC[n+]1ccn(C)c1|F[P-](F)(F)(F)(F)F,-3.2807512283325195,-3.165376901626587,1,100
CCCCCC[n+]1ccn(C)c1|F[P-](F)(F)(F)(F)F,-2.9488487243652344,-2.711014747619629,1,100
CCCCCC[n+]1ccn(C)c1|F[P-](F)(F)(F)(F)F,-2.9584364891052246,-2.710089921951294,1,100
CCCCCC[n+]1ccn(C)c1|F[P-](F)(F)(F)(F)F,-2.918771266937256,-2.710089921951294,1,100
CCCCCC[n+]1ccn(C)c1|F[P-](F)(F)(F)(F)F,-2.9169211387634277,-2.710089921951294,1,100
CCCCCC[n+]1ccn(C)c1|F[P-](F)(F)(F)(F)F,-3.5816407203674316,-2.710089921951294,1,100
CCCCCC[n+]1ccn(C)c1|F[P-](F)(F)(F)(F)F,-3.7078583240509033,-2.710089921951294,1,100
CCCCCC[n+]1ccn(C)c1|F[P-](F)(F)(F)(F)F,-3.9450628757476807,-2.710089921951294,1,100
CCCCCC[n+]1ccn(C)c1|F[P-](F)(F)(F)(F)F,-4.195713043212891,-2.710089921951294,1,100
CCCCCC[n+]1ccn(C)c1|F[P-](F)(F)(F)(F)F,-3.179655075073242,-2.709162712097168,1,100
CCCCCC[n+]1ccn(C)c1|F[P-](F)(F)(F)(F)F,-3.444835901260376,-2.709162712097168,1,100
CCCCCC[n+]1ccn(C)c1|F[P-](F)(F)(F)(F)F,-2.6283152103424072,-2.3151400089263916,1,100
CCCCCC[n+]1ccn(C)c1|F[P-](F)(F)(F)(F)F,-2.625549077987671,-2.3144326210021973,1,100
CCCCCC[n+]1ccn(C)c1|F[P-](F)(F)(F)(F)F,-2.606396436691284,-2.313722610473633,1,100
CCCCCC[n+]1ccn(C)c1|F[P-](F)(F)(F)(F)F,-2.3392491340637207,-1.9706177711486816,1,100
CCCCCC[n+]1ccn(C)c1|F[P-](F)(F)(F)(F)F,-2.3289291858673096,-1.9706177711486816,1,100
CCCCCC[n+]1ccn(C)c1|F[P-](F)(F)(F)(F)F,-2.3187143802642822,-1.9706177711486816,1,100
CCCCCC[n+]1ccn(C)c1|F[P-](F)(F)(F)(F)F,-2.0714733600616455,-1.6855911016464233,1,100
CCCCCC[n+]1ccn(C)c1|F[P-](F)(F)(F)(F)F,-2.056506633758545,-1.6855911016464233,1,100
CCCCCC[n+]1ccn(C)c1|F[P-](F)(F)(F)(F)F,-2.052604913711548,-1.685078740119934,1,100
CCCCCC[n+]1ccn(C)c1|F[P-](F)(F)(F)(F)F,-1.8251094818115234,-1.454798936843872,1,100
CCCCCC[n+]1ccn(C)c1|F[P-](F)(F)(F)(F)F,-1.7915594577789307,-1.454798936843872,1,100
CCCCCC[n+]1ccn(C)c1|F[P-](F)(F)(F)(F)F,-1.7885645627975464,-1.454798936843872,1,100
CCCCCC[n+]1ccn(C)c1|F[P-](F)(F)(F)(F)F,-1.599487543106079,-1.2534513473510742,1,100
CCCCCC[n+]1ccn(C)c1|F[P-](F)(F)(F)(F)F,-2.394700288772583,-1.2526683807373047,1,100
CCCCCC[n+]1ccn(C)c1|F[P-](F)(F)(F)(F)F,-3.119030475616455,-1.2526683807373047,1,100
CCCCCC[n+]1ccn(C)c1|F[P-](F)(F)(F)(F)F,-2.6380579471588135,-1.252278208732605,1,100
CCCCCC[n+]1ccn(C)c1|F[P-](F)(F)(F)(F)F,-3.352407217025757,-1.252278208732605,1,100
CCCCCC[n+]1ccn(C)c1|F[P-](F)(F)(F)(F)F,-1.6368091106414795,-1.2518866062164307,1,100
CCCCCC[n+]1ccn(C)c1|F[P-](F)(F)(F)(F)F,-2.882403612136841,-1.2518866062164307,1,100
CCCCCC[n+]1ccn(C)c1|F[P-](F)(F)(F)(F)F,-3.586322784423828,-1.2518866062164307,1,100
CCCCCC[n+]1ccn(C)c1|F[P-](F)(F)(F)(F)F,-1.6019659042358398,-1.2514952421188354,1,100
CCCCCC[n+]1ccn(C)c1|F[P-](F)(F)(F)(F)F,-1.8951219320297241,-1.2514952421188354,1,100
CCCCCC[n+]1ccn(C)c1|F[P-](F)(F)(F)(F)F,-2.1464364528656006,-1.2514952421188354,1,100
CCCCCC[n+]1ccn(C)c1|F[P-](F)(F)(F)(F)F,-1.592580795288086,-1.2507134675979614,1,100
CCCCCC[n+]1ccn(C)c1|F[P-](F)(F)(F)(F)F,-1.3838971853256226,-1.0668165683746338,1,100
CCCCCC[n+]1ccn(C)c1|F[P-](F)(F)(F)(F)F,-1.3834983110427856,-1.0654735565185547,1,100
CCCCCC[n+]1ccn(C)c1|F[P-](F)(F)(F)(F)F,-1.378326177597046,-1.0644664764404297,1,100
CCCCCC[n+]1ccn(C)c1|F[P-](F)(F)(F)(F)F,-1.1838433742523193,-0.916517972946167,1,100
CCCCCC[n+]1ccn(C)c1|F[P-](F)(F)(F)(F)F,-1.181233286857605,-0.9154595732688904,1,100
CCCCCC[n+]1ccn(C)c1|F[P-](F)(F)(F)(F)F,-1.16155207157135,-0.9146660566329956,1,100
CCCCCC[n+]1ccn(C)c1|F[P-](F)(F)(F)(F)F,-0.9942522644996643,-0.799445390701294,1,100
CCCCCC[n+]1ccn(C)c1|F[P-](F)(F)(F)(F)F,-0.972861111164093,-0.7990699410438538,1,100
CCCCCC[n+]1ccn(C)c1|F[P-](F)(F)(F)(F)F,-0.9915531873703003,-0.7983187437057495,1,100
CCCCCC[n+]1ccn(C)c1|F[P-](F)(F)(F)(F)F,-0.8187103867530823,-0.7117539644241333,1,100
CCCCCC[n+]1ccn(C)c1|F[P-](F)(F)(F)(F)F,-0.7962879538536072,-0.7115868330001831,1,100
CCCCCC[n+]1ccn(C)c1|F[P-](F)(F)(F)(F)F,-0.8141855001449585,-0.711084246635437,1,100
CCCCCC[n+]1ccn(C)c1|F[P-](F)(F)(F)(F)F,-0.6520052552223206,-0.6316436529159546,1,100
CCCCCC[n+]1ccn(C)c1|F[P-](F)(F)(F)(F)F,-0.6311118006706238,-0.6314859390258789,1,100
CCCCCC[n+]1ccn(C)c1|F[P-](F)(F)(F)(F)F,-0.727738618850708,-0.631328821182251,1,100
CCCCCC[n+]1ccn(C)c1|F[P-](F)(F)(F)(F)F,-1.127320408821106,-0.631328821182251,1,100
CCCCCC[n+]1ccn(C)c1|F[P-](F)(F)(F)(F)F,-2.282782554626465,-0.631328821182251,1,100
CCCCCC[n+]1ccn(C)c1|F[P-](F)(F)(F)(F)F,-1.3253874778747559,-0.6311713457107544,1,100
CCCCCC[n+]1ccn(C)c1|F[P-](F)(F)(F)(F)F,-1.5223431587219238,-0.6311713457107544,1,100
CCCCCC[n+]1ccn(C)c1|F[P-](F)(F)(F)(F)F,-1.9044803380966187,-0.6311713457107544,1,100
CCCCCC[n+]1ccn(C)c1|F[P-](F)(F)(F)(F)F,-0.6348782777786255,-0.6310136318206787,1,100
CCCCCC[n+]1ccn(C)c1|F[P-](F)(F)(F)(F)F,-0.9314043521881104,-0.6310136318206787,1,100
CCCCCC[n+]1ccn(C)c1|F[P-](F)(F)(F)(F)F,-1.715354084968567,-0.6310136318206787,1,100
CCCCCC[n+]1ccn(C)c1|F[P-](F)(F)(F)(F)F,-2.0955710411071777,-0.6310136318206787,1,100
CCCCCC[n+]1ccn(C)c1|F[P-](F)(F)(F)(F)F,-0.4926583170890808,-0.5558499097824097,1,100
CCCCCC[n+]1ccn(C)c1|F[P-](F)(F)(F)(F)F,-0.4764241874217987,-0.55507493019104,1,100
CC[n+]1ccn(C)c1|F[B-](F)(F)F,-13.815510749816895,-10.040265083312988,1,292
CC[n+]1ccn(C)c1|F[B-](F)(F)F,-13.815510749816895,-9.98635482788086,1,292
CC[n+]1ccn(C)c1|F[B-](F)(F)F,-13.815510749816895,-9.931958198547363,1,292
CC[n+]1ccn(C)c1|F[B-](F)(F)F,-13.815510749816895,-9.877559661865234,1,292
CC[n+]1ccn(C)c1|F[B-](F)(F)F,-13.815510749816895,-9.823162078857422,1,292
CC[n+]1ccn(C)c1|F[B-](F)(F)F,-13.815510749816895,-9.76876449584961,1,292
CC[n+]1ccn(C)c1|F[B-](F)(F)F,-13.815510749816895,-9.681727409362793,1,292
CC[n+]1ccn(C)c1|F[B-](F)(F)F,-13.815510749816895,-9.659968376159668,1,292
CC[n+]1ccn(C)c1|F[B-](F)(F)F,-13.815510749816895,-9.605570793151855,1,292
CC[n+]1ccn(C)c1|F[B-](F)(F)F,-13.815510749816895,-9.550801277160645,1,292
CC[n+]1ccn(C)c1|F[B-](F)(F)F,-13.815510749816895,-9.495776176452637,1,292
CC[n+]1ccn(C)c1|F[B-](F)(F)F,-13.815510749816895,-9.440750122070312,1,292
CC[n+]1ccn(C)c1|F[B-](F)(F)F,-13.815510749816895,-9.385632514953613,1,292
CC[n+]1ccn(C)c1|F[B-](F)(F)F,-13.815510749816895,-9.330423355102539,1,292
CC[n+]1ccn(C)c1|F[B-](F)(F)F,-13.122363090515137,-9.275039672851562,1,292
CC[n+]1ccn(C)c1|F[B-](F)(F)F,-13.122363090515137,-9.219290733337402,1,292
CC[n+]1ccn(C)c1|F[B-](F)(F)F,-13.122363090515137,-9.163542747497559,1,292
CC[n+]1ccn(C)c1|F[B-](F)(F)F,-13.122363090515137,-9.10761833190918,1,292
CC[n+]1ccn(C)c1|F[B-](F)(F)F,-13.122363090515137,-9.051204681396484,1,292
CC[n+]1ccn(C)c1|F[B-](F)(F)F,-13.122363090515137,-8.994808197021484,1,292
CC[n+]1ccn(C)c1|F[B-](F)(F)F,-12.716897964477539,-8.994808197021484,1,292
CC[n+]1ccn(C)c1|F[B-](F)(F)F,-12.716897964477539,-8.938326835632324,1,292
CC[n+]1ccn(C)c1|F[B-](F)(F)F,-12.716897964477539,-8.881754875183105,1,292
CC[n+]1ccn(C)c1|F[B-](F)(F)F,-12.716897964477539,-8.825250625610352,1,292
CC[n+]1ccn(C)c1|F[B-](F)(F)F,-12.716897964477539,-8.768796920776367,1,292
CC[n+]1ccn(C)c1|F[B-](F)(F)F,-12.716897964477539,-8.712343215942383,1,292
CC[n+]1ccn(C)c1|F[B-](F)(F)F,-12.206072807312012,-8.712343215942383,1,292
CC[n+]1ccn(C)c1|F[B-](F)(F)F,-12.429216384887695,-8.655890464782715,1,292
CC[n+]1ccn(C)c1|F[B-](F)(F)F,-12.429216384887695,-8.59943675994873,1,292
CC[n+]1ccn(C)c1|F[B-](F)(F)F,-12.206072807312012,-8.542983055114746,1,292
CC[n+]1ccn(C)c1|F[B-](F)(F)F,-12.206072807312012,-8.487597465515137,1,292
CC[n+]1ccn(C)c1|F[B-](F)(F)F,-12.206072807312012,-8.432554244995117,1,292
CC[n+]1ccn(C)c1|F[B-](F)(F)F,-11.869600296020508,-8.432554244995117,1,292
CC[n+]1ccn(C)c1|F[B-](F)(F)F,-12.023751258850098,-8.377511978149414,1,292
CC[n+]1ccn(C)c1|F[B-](F)(F)F,-12.023751258850098,-8.322470664978027,1,292
CC[n+]1ccn(C)c1|F[B-](F)(F)F,-11.869600296020508,-8.278437614440918,1,292
CC[n+]1ccn(C)c1|F[B-](F)(F)F,-11.736068725585938,-8.224930763244629,1,292
CC[n+]1ccn(C)c1|F[B-](F)(F)F,-11.736068725585938,-8.172344207763672,1,292
CC[n+]1ccn(C)c1|F[B-](F)(F)F,-11.512925148010254,-8.172344207763672,1,292
CC[n+]1ccn(C)c1|F[B-](F)(F)F,-11.6182861328125,-8.119757652282715,1,292
CC[n+]1ccn(C)c1|F[B-](F)(F)F,-11.512925148010254,-8.067171096801758,1,292
CC[n+]1ccn(C)c1|F[B-](F)(F)F,-11.417614936828613,-8.0145845413208,1,292
CC[n+]1ccn(C)c1|F[B-](F)(F)F,-11.33060359954834,-7.96199893951416,1,292
CC[n+]1ccn(C)c1|F[B-](F)(F)F,-11.250560760498047,-7.909412384033203,1,292
CC[n+]1ccn(C)c1|F[B-](F)(F)F,-11.042922019958496,-7.909412384033203,1,292
CC[n+]1ccn(C)c1|F[B-](F)(F)F,-11.042922019958496,-7.770318031311035,1,292
CC[n+]1ccn(C)c1|F[B-](F)(F)F,-10.871071815490723,-7.636948585510254,1,292
CC[n+]1ccn(C)c1|F[B-](F)(F)F,-10.596634864807129,-7.636948585510254,1,292
CC[n+]1ccn(C)c1|F[B-](F)(F)F,-10.68001651763916,-7.489513397216797,1,292
CC[n+]1ccn(C)c1|F[B-](F)(F)F,-10.483305931091309,-7.351482391357422,1,292
CC[n+]1ccn(C)c1|F[B-](F)(F)F,-10.126630783081055,-7.351482391357422,1,292
CC[n+]1ccn(C)c1|F[B-](F)(F)F,-10.28915023803711,-7.212397575378418,1,292
CC[n+]1ccn(C)c1|F[B-](F)(F)F,-10.101938247680664,-7.059025764465332,1,292
CC[n+]1ccn(C)c1|F[B-](F)(F)F,-9.672375679016113,-7.059025764465332,1,292
CC[n+]1ccn(C)c1|F[B-](F)(F)F,-9.94430923461914,-6.915225028991699,1,292
CC[n+]1ccn(C)c1|F[B-](F)(F)F,-9.772459030151367,-6.757045745849609,1,292
CC[n+]1ccn(C)c1|F[B-](F)(F)F,-9.293722152709961,-6.757045745849609,1,292
CC[n+]1ccn(C)c1|F[B-](F)(F)F,-9.596002578735352,-6.605871200561523,1,292
CC[n+]1ccn(C)c1|F[B-](F)(F)F,-9.421061515808105,-6.4458417892456055,1,292
CC[n+]1ccn(C)c1|F[B-](F)(F)F,-8.873867988586426,-6.4458417892456055,1,292
CC[n+]1ccn(C)c1|F[B-](F)(F)F,-9.171119689941406,-6.244346618652344,1,292
CC[n+]1ccn(C)c1|F[B-](F)(F)F,-9.070578575134277,-6.161041259765625,1,292
CC[n+]1ccn(C)c1|F[B-](F)(F)F,-8.351678848266602,-6.161041259765625,1,292
CC[n+]1ccn(C)c1|F[B-](F)(F)F,-8.895529747009277,-6.0058088302612305,1,292
CC[n+]1ccn(C)c1|F[B-](F)(F)F,-8.727913856506348,-5.862285614013672,1,292
CC[n+]1ccn(C)c1|F[B-](F)(F)F,-7.9604387283325195,-5.862285614013672,1,292
CC[n+]1ccn(C)c1|F[B-](F)(F)F,-8.563237190246582,-5.706805229187012,1,292
CC[n+]1ccn(C)c1|F[B-](F)(F)F,-8.403864860534668,-5.563281059265137,1,292
CC[n+]1ccn(C)c1|F[B-](F)(F)F,-7.324787139892578,-5.563281059265137,1,292
CC[n+]1ccn(C)c1|F[B-](F)(F)F,-8.24716567993164,-5.4067583084106445,1,292
CC[n+]1ccn(C)c1|F[B-](F)(F)F,-8.091925621032715,-5.262199401855469,1,292
CC[n+]1ccn(C)c1|F[B-](F)(F)F,-7.940579891204834,-5.117641448974609,1,292
CC[n+]1ccn(C)c1|F[B-](F)(F)F,-7.782424449920654,-4.961037635803223,1,292
CC[n+]1ccn(C)c1|F[B-](F)(F)F,-7.625195026397705,-4.816479682922363,1,292
CC[n+]1ccn(C)c1|F[B-](F)(F)F,-7.482231140136719,-4.658824920654297,1,292
CC[n+]1ccn(C)c1|F[B-](F)(F)F,-7.335465908050537,-4.513130187988281,1,292
CC[n+]1ccn(C)c1|F[B-](F)(F)F,-7.1848273277282715,-4.367435455322266,1,292
CC[n+]1ccn(C)c1|F[B-](F)(F)F,-7.037863731384277,-4.209601402282715,1,292
CC[n+]1ccn(C)c1|F[B-](F)(F)F,-6.891881942749023,-4.063905239105225,1,292
CC[n+]1ccn(C)c1|F[B-](F)(F)F,-6.743937015533447,-3.907186269760132,1,292
CC[n+]1ccn(C)c1|F[B-](F)(F)F,-6.5995354652404785,-3.764130115509033,1,292
CC[n+]1ccn(C)c1|F[B-](F)(F)F,-6.470791339874268,-3.6113343238830566,1,292
CC[n+]1ccn(C)c1|F[B-](F)(F)F,-6.343578338623047,-3.4670777320861816,1,292
CC[n+]1ccn(C)c1|F[B-](F)(F)F,-6.209620475769043,-3.3199777603149414,1,292
CC[n+]1ccn(C)c1|F[B-](F)(F)F,-6.0576043128967285,-3.160539150238037,1,292
CC[n+]1ccn(C)c1|F[B-](F)(F)F,-5.903453826904297,-3.0115880966186523,1,292
CC[n+]1ccn(C)c1|F[B-](F)(F)F,-5.763532638549805,-2.8494787216186523,1,292
CC[n+]1ccn(C)c1|F[B-](F)(F)F,-5.626821517944336,-2.704843044281006,1,292
CC[n+]1ccn(C)c1|F[B-](F)(F)F,-5.496768474578857,-2.55747389793396,1,292
CC[n+]1ccn(C)c1|F[B-](F)(F)F,-5.360192775726318,-2.4303247928619385,1,292
CC[n+]1ccn(C)c1|F[B-](F)(F)F,-5.215816020965576,-2.3106637001037598,1,292
CC[n+]1ccn(C)c1|F[B-](F)(F)F,-5.01464319229126,-2.172391891479492,1,292
CC[n+]1ccn(C)c1|F[B-](F)(F)F,-4.876978874206543,-2.083653688430786,1,292
CC[n+]1ccn(C)c1|F[B-](F)(F)F,-4.472389221191406,-1.870410442352295,1,292
CC[n+]1ccn(C)c1|F[B-](F)(F)F,-3.9528450965881348,-1.6700935363769531,1,292
CC[n+]1ccn(C)c1|F[B-](F)(F)F,-3.361015558242798,-1.5004743337631226,1,292
CC[n+]1ccn(C)c1|F[B-](F)(F)F,-2.441847085952759,-1.3449742794036865,1,292
CC[n+]1ccn(C)c1|F[B-](F)(F)F,-1.4064971208572388,-1.2724599838256836,1,292
CCCCCCCC[N+]1(C)CCCC1|O=S(=O)([N-]S(=O)(=O)C(F)(F)F)C(F)(F)F,-3.2188758850097656,-4.257689476013184,1,58
CCCCCCCC[N+]1(C)CCCC1|O=S(=O)([N-]S(=O)(=O)C(F)(F)F)C(F)(F)F,-2.7968814373016357,-3.840291976928711,1,58
CCCCCCCC[N+]1(C)CCCC1|O=S(=O)([N-]S(=O)(=O)C(F)(F)F)C(F)(F)F,-2.513306140899658,-3.4138383865356445,1,58
CCCCCCCC[N+]1(C)CCCC1|O=S(=O)([N-]S(=O)(=O)C(F)(F)F)C(F)(F)F,-2.207274913787842,-2.9273581504821777,1,58
CCCCCCCC[N+]1(C)CCCC1|O=S(=O)([N-]S(=O)(=O)C(F)(F)F)C(F)(F)F,-2.1202635765075684,-2.5280747413635254,1,58
CCCCCCCC[N+]1(C)CCCC1|O=S(=O)([N-]S(=O)(=O)C(F)(F)F)C(F)(F)F,-1.8325815200805664,-2.224802017211914,1,58
CCCCCCCC[N+]1(C)CCCC1|O=S(=O)([N-]S(=O)(=O)C(F)(F)F)C(F)(F)F,-1.6607311964035034,-1.9447706937789917,1,58
CCCCCCCC[N+]1(C)CCCC1|O=S(=O)([N-]S(=O)(=O)C(F)(F)F)C(F)(F)F,-1.3862943649291992,-1.7128124237060547,1,58
CCCCCCCC[N+]1(C)CCCC1|O=S(=O)([N-]S(=O)(=O)C(F)(F)F)C(F)(F)F,-1.309333324432373,-1.4795136451721191,1,58
CCCCCCCC[N+]1(C)CCCC1|O=S(=O)([N-]S(=O)(=O)C(F)(F)F)C(F)(F)F,-1.1086626052856445,-1.2591286897659302,1,58
CCCCCCCC[N+]1(C)CCCC1|O=S(=O)([N-]S(=O)(=O)C(F)(F)F)C(F)(F)F,-0.9416085481643677,-1.081110954284668,1,58
CCCCCCCC[N+]1(C)CCCC1|O=S(=O)([N-]S(=O)(=O)C(F)(F)F)C(F)(F)F,-0.7550225853919983,-0.9166375994682312,1,58
CCCCCCCC[N+]1(C)CCCC1|O=S(=O)([N-]S(=O)(=O)C(F)(F)F)C(F)(F)F,-0.6348782777786255,-0.7790694832801819,1,58
CCCCCCCC[N+]1(C)CCCC1|O=S(=O)([N-]S(=O)(=O)C(F)(F)F)C(F)(F)F,-0.5276327133178711,-0.6423946619033813,1,58
CCCCCCCC[N+]1(C)CCCC1|O=S(=O)([N-]S(=O)(=O)C(F)(F)F)C(F)(F)F,-0.4004775583744049,-0.5377446413040161,1,58
CCCCCCCC[N+]1(C)CCCC1|O=S(=O)([N-]S(=O)(=O)C(F)(F)F)C(F)(F)F,-0.2744368314743042,-0.4466449022293091,1,58
CCCCCCCC[N+]1(C)CCCC1|O=S(=O)([N-]S(=O)(=O)C(F)(F)F)C(F)(F)F,-0.2744368314743042,-0.4421011209487915,1,58
CCCCCCCC[N+]1(C)CCCC1|O=S(=O)([N-]S(=O)(=O)C(F)(F)F)C(F)(F)F,-0.17435339093208313,-0.35102295875549316,1,58
CCCCCCCC[N+]1(C)CCCC1|O=S(=O)([N-]S(=O)(=O)C(F)(F)F)C(F)(F)F,-0.06187540292739868,-0.27320289611816406,1,58
CCCCCCCC[N+]1(C)CCCC1|O=S(=O)([N-]S(=O)(=O)C(F)(F)F)C(F)(F)F,-0.06187540292739868,-0.26904118061065674,1,58
CCCCCCCC[N+]1(C)CCCC1|O=S(=O)([N-]S(=O)(=O)C(F)(F)F)C(F)(F)F,0.03922071307897568,-0.1818016767501831,1,58
CCCCCCCC[N+]1(C)CCCC1|O=S(=O)([N-]S(=O)(=O)C(F)(F)F)C(F)(F)F,0.13976193964481354,-0.10281181335449219,1,58
CCCCCCCC[N+]1(C)CCCC1|O=S(=O)([N-]S(=O)(=O)C(F)(F)F)C(F)(F)F,0.12221763283014297,-0.10196256637573242,1,58
CCCCCCCC[N+]1(C)CCCC1|O=S(=O)([N-]S(=O)(=O)C(F)(F)F)C(F)(F)F,0.2151113748550415,-0.014301538467407227,1,58
CCCCCCCC[N+]1(C)CCCC1|O=S(=O)([N-]S(=O)(=O)C(F)(F)F)C(F)(F)F,0.3074846863746643,0.0647650957107544,1,58
CCCCCCCC[N+]1(C)CCCC1|O=S(=O)([N-]S(=O)(=O)C(F)(F)F)C(F)(F)F,0.3074846863746643,0.07258975505828857,1,58
CCCCCCCC[N+]1(C)CCCC1|O=S(=O)([N-]S(=O)(=O)C(F)(F)F)C(F)(F)F,0.3920421004295349,0.15725338459014893,1,58
CCCCCCCC[N+]1(C)CCCC1|O=S(=O)([N-]S(=O)(=O)C(F)(F)F)C(F)(F)F,0.4637340307235718,0.23514962196350098,1,58
CCCCCCCC[N+]1(C)CCCC1|O=S(=O)([N-]S(=O)(=O)C(F)(F)F)C(F)(F)F,0.4637340307235718,0.24445974826812744,1,58
CCCCCCCC[N+]1(C)CCCC1|O=S(=O)([N-]S(=O)(=O)C(F)(F)F)C(F)(F)F,0.5423243045806885,0.3211883306503296,1,58
CCCCCCCC[N+]1(C)CCCC1|O=S(=O)([N-]S(=O)(=O)C(F)(F)F)C(F)(F)F,0.6151856184005737,0.39720726013183594,1,58
CCCCCCCC[N+]1(C)CCCC1|O=S(=O)([N-]S(=O)(=O)C(F)(F)F)C(F)(F)F,0.604315996170044,0.4010910987854004,1,58
CCCCCCCC[n+]1ccn(C)c1|F[P-](F)(F)(F)(F)F,-5.729100227355957,-5.390385627746582,1,88
CCCCCCCC[n+]1ccn(C)c1|F[P-](F)(F)(F)(F)F,-5.7108073234558105,-5.388555526733398,1,88
CCCCCCCC[n+]1ccn(C)c1|F[P-](F)(F)(F)(F)F,-5.259096622467041,-4.926815986633301,1,88
CCCCCCCC[n+]1ccn(C)c1|F[P-](F)(F)(F)(F)F,-5.240048408508301,-4.926815986633301,1,88
CCCCCCCC[n+]1ccn(C)c1|F[P-](F)(F)(F)(F)F,-4.819602012634277,-4.460701942443848,1,88
CCCCCCCC[n+]1ccn(C)c1|F[P-](F)(F)(F)(F)F,-4.801185131072998,-4.460701942443848,1,88
CCCCCCCC[n+]1ccn(C)c1|F[P-](F)(F)(F)(F)F,-4.79996919631958,-4.460701942443848,1,88
CCCCCCCC[n+]1ccn(C)c1|F[P-](F)(F)(F)(F)F,-4.412898063659668,-3.9932868480682373,1,88
CCCCCCCC[n+]1ccn(C)c1|F[P-](F)(F)(F)(F)F,-4.389252662658691,-3.9923932552337646,1,88
CCCCCCCC[n+]1ccn(C)c1|F[P-](F)(F)(F)(F)F,-4.3876423835754395,-3.9923932552337646,1,88
CCCCCCCC[n+]1ccn(C)c1|F[P-](F)(F)(F)(F)F,-4.034190654754639,-3.5444493293762207,1,88
CCCCCCCC[n+]1ccn(C)c1|F[P-](F)(F)(F)(F)F,-4.011843204498291,-3.5444493293762207,1,88
CCCCCCCC[n+]1ccn(C)c1|F[P-](F)(F)(F)(F)F,-4.006333827972412,-3.5444493293762207,1,88
CCCCCCCC[n+]1ccn(C)c1|F[P-](F)(F)(F)(F)F,-3.6809113025665283,-3.1139235496520996,1,88
CCCCCCCC[n+]1ccn(C)c1|F[P-](F)(F)(F)(F)F,-3.6769509315490723,-3.1139235496520996,1,88
CCCCCCCC[n+]1ccn(C)c1|F[P-](F)(F)(F)(F)F,-3.661264181137085,-3.1139235496520996,1,88
CCCCCCCC[n+]1ccn(C)c1|F[P-](F)(F)(F)(F)F,-3.6535122394561768,-3.1139235496520996,1,88
CCCCCCCC[n+]1ccn(C)c1|F[P-](F)(F)(F)(F)F,-3.343872308731079,-2.707854747772217,1,88
CCCCCCCC[n+]1ccn(C)c1|F[P-](F)(F)(F)(F)F,-3.3298072814941406,-2.707854747772217,1,88
CCCCCCCC[n+]1ccn(C)c1|F[P-](F)(F)(F)(F)F,-3.3242363929748535,-2.707854747772217,1,88
CCCCCCCC[n+]1ccn(C)c1|F[P-](F)(F)(F)(F)F,-3.038639783859253,-2.3451857566833496,1,88
CCCCCCCC[n+]1ccn(C)c1|F[P-](F)(F)(F)(F)F,-3.0365543365478516,-2.3451857566833496,1,88
CCCCCCCC[n+]1ccn(C)c1|F[P-](F)(F)(F)(F)F,-3.0179779529571533,-2.3445634841918945,1,88
CCCCCCCC[n+]1ccn(C)c1|F[P-](F)(F)(F)(F)F,-3.009831190109253,-2.3445634841918945,1,88
CCCCCCCC[n+]1ccn(C)c1|F[P-](F)(F)(F)(F)F,-2.7287633419036865,-2.0540013313293457,1,88
CCCCCCCC[n+]1ccn(C)c1|F[P-](F)(F)(F)(F)F,-2.725705146789551,-2.0540013313293457,1,88
CCCCCCCC[n+]1ccn(C)c1|F[P-](F)(F)(F)(F)F,-2.7272329330444336,-2.053415298461914,1,88
CCCCCCCC[n+]1ccn(C)c1|F[P-](F)(F)(F)(F)F,-2.7196168899536133,-2.053415298461914,1,88
CCCCCCCC[n+]1ccn(C)c1|F[P-](F)(F)(F)(F)F,-2.4557361602783203,-1.8010742664337158,1,88
CCCCCCCC[n+]1ccn(C)c1|F[P-](F)(F)(F)(F)F,-2.454571485519409,-1.8010742664337158,1,88
CCCCCCCC[n+]1ccn(C)c1|F[P-](F)(F)(F)(F)F,-2.449925661087036,-1.8010742664337158,1,88
CCCCCCCC[n+]1ccn(C)c1|F[P-](F)(F)(F)(F)F,-2.4453012943267822,-1.8010742664337158,1,88
CCCCCCCC[n+]1ccn(C)c1|F[P-](F)(F)(F)(F)F,-2.227477550506592,-1.589347243309021,1,88
CCCCCCCC[n+]1ccn(C)c1|F[P-](F)(F)(F)(F)F,-2.2036452293395996,-1.58857262134552,1,88
CCCCCCCC[n+]1ccn(C)c1|F[P-](F)(F)(F)(F)F,-2.200028419494629,-1.5877991914749146,1,88
CCCCCCCC[n+]1ccn(C)c1|F[P-](F)(F)(F)(F)F,-2.195526123046875,-1.5877991914749146,1,88
CCCCCCCC[n+]1ccn(C)c1|F[P-](F)(F)(F)(F)F,-1.9526326656341553,-1.3968403339385986,1,88
CCCCCCCC[n+]1ccn(C)c1|F[P-](F)(F)(F)(F)F,-1.9589953422546387,-1.3964582681655884,1,88
CCCCCCCC[n+]1ccn(C)c1|F[P-](F)(F)(F)(F)F,-1.9921635389328003,-1.3960763216018677,1,88
CCCCCCCC[n+]1ccn(C)c1|F[P-](F)(F)(F)(F)F,-1.9885045289993286,-1.3960763216018677,1,88
CCCCCCCC[n+]1ccn(C)c1|F[P-](F)(F)(F)(F)F,-1.7719568014144897,-1.2210533618927002,1,88
CCCCCCCC[n+]1ccn(C)c1|F[P-](F)(F)(F)(F)F,-1.7544636726379395,-1.2185662984848022,1,88
CCCCCCCC[n+]1ccn(C)c1|F[P-](F)(F)(F)(F)F,-1.5654209852218628,-1.0687179565429688,1,88
CCCCCCCC[n+]1ccn(C)c1|F[P-](F)(F)(F)(F)F,-1.56064772605896,-1.0687179565429688,1,88
CCCCCCCC[n+]1ccn(C)c1|F[P-](F)(F)(F)(F)F,-1.370421051979065,-0.9502193927764893,1,88
CCCCCCCC[n+]1ccn(C)c1|F[P-](F)(F)(F)(F)F,-1.3743658065795898,-0.9500033259391785,1,88
CCCCCCCC[n+]1ccn(C)c1|F[P-](F)(F)(F)(F)F,-1.1907275915145874,-0.8475638031959534,1,88
CCCCCCCC[n+]1ccn(C)c1|F[P-](F)(F)(F)(F)F,-1.1940224170684814,-0.8473650217056274,1,88
CCCCCCCC[n+]1ccn(C)c1|F[P-](F)(F)(F)(F)F,-1.0272222757339478,-0.7610346674919128,1,88
CCCCCCCC[n+]1ccn(C)c1|F[P-](F)(F)(F)(F)F,-1.021651268005371,-0.7610346674919128,1,88
CCCCCCCCn1cc[n+](C)c1|F[B-](F)(F)F,-2.835315465927124,-3.43875789642334,1,126
CCCCCCCCn1cc[n+](C)c1|F[B-](F)(F)F,-3.12129545211792,-3.43875789642334,1,126
CCCCCCCCn1cc[n+](C)c1|F[B-](F)(F)F,-3.40219783782959,-3.43875789642334,1,126
CCCCCCCCn1cc[n+](C)c1|F[B-](F)(F)F,-3.661264181137085,-3.43875789642334,1,126
CCCCCCCCn1cc[n+](C)c1|F[B-](F)(F)F,-3.9271366596221924,-3.43875789642334,1,126
CCCCCCCCn1cc[n+](C)c1|F[B-](F)(F)F,-4.184488296508789,-3.43875789642334,1,126
CCCCCCCCn1cc[n+](C)c1|F[B-](F)(F)F,-4.424516677856445,-3.43875789642334,1,126
CCCCCCCCn1cc[n+](C)c1|F[B-](F)(F)F,-4.665982246398926,-3.43875789642334,1,126
CCCCCCCCn1cc[n+](C)c1|F[B-](F)(F)F,-4.903576374053955,-3.43875789642334,1,126
CCCCCCCCn1cc[n+](C)c1|F[B-](F)(F)F,-1.594549298286438,-1.4033355712890625,1,126
CCCCCCCCn1cc[n+](C)c1|F[B-](F)(F)F,-1.818925142288208,-1.4033355712890625,1,126
CCCCCCCCn1cc[n+](C)c1|F[B-](F)(F)F,-2.0417604446411133,-1.4033355712890625,1,126
CCCCCCCCn1cc[n+](C)c1|F[B-](F)(F)F,-2.242431163787842,-1.4033355712890625,1,126
CCCCCCCCn1cc[n+](C)c1|F[B-](F)(F)F,-2.461580753326416,-1.4033355712890625,1,126
CCCCCCCCn1cc[n+](C)c1|F[B-](F)(F)F,-2.666428565979004,-1.4033355712890625,1,126
CCCCCCCCn1cc[n+](C)c1|F[B-](F)(F)F,-2.869981050491333,-1.4033355712890625,1,126
CCCCCCCCn1cc[n+](C)c1|F[B-](F)(F)F,-3.0618720054626465,-1.4033355712890625,1,126
CCCCCCCCn1cc[n+](C)c1|F[B-](F)(F)F,-3.254503011703491,-1.4033355712890625,1,126
CCCCCCCCn1cc[n+](C)c1|F[B-](F)(F)F,-0.7215466499328613,-0.49140191078186035,1,126
CCCCCCCCn1cc[n+](C)c1|F[B-](F)(F)F,-0.9014021158218384,-0.49140191078186035,1,126
CCCCCCCCn1cc[n+](C)c1|F[B-](F)(F)F,-1.0817551612854004,-0.49140191078186035,1,126
CCCCCCCCn1cc[n+](C)c1|F[B-](F)(F)F,-1.2482730150222778,-0.49140191078186035,1,126
CCCCCCCCn1cc[n+](C)c1|F[B-](F)(F)F,-1.4188175201416016,-0.49140191078186035,1,126
CCCCCCCCn1cc[n+](C)c1|F[B-](F)(F)F,-1.5798791646957397,-0.49140191078186035,1,126
CCCCCCCCn1cc[n+](C)c1|F[B-](F)(F)F,-1.742969274520874,-0.49140191078186035,1,126
CCCCCCCCn1cc[n+](C)c1|F[B-](F)(F)F,-1.9038089513778687,-0.49140191078186035,1,126
CCCCCCCCn1cc[n+](C)c1|F[B-](F)(F)F,-2.0580716133117676,-0.49140191078186035,1,126
CCCCCCCCn1cc[n+](C)c1|F[B-](F)(F)F,-8.791629791259766,-8.78986930847168,1,126
CCCCCCCCn1cc[n+](C)c1|F[B-](F)(F)F,-7.33853816986084,-8.05429744720459,1,126
CCCCCCCCn1cc[n+](C)c1|F[B-](F)(F)F,-6.128430366516113,-7.279274940490723,1,126
CCCCCCCCn1cc[n+](C)c1|F[B-](F)(F)F,-5.107697010040283,-6.453017234802246,1,126
CCCCCCCCn1cc[n+](C)c1|F[B-](F)(F)F,-4.239832878112793,-5.489517688751221,1,126
CCCCCCCCn1cc[n+](C)c1|F[B-](F)(F)F,-3.4933125972747803,-4.476912498474121,1,126
CCCCCCCCn1cc[n+](C)c1|F[B-](F)(F)F,-2.8490378856658936,-3.43875789642334,1,126
CCCCCCCCn1cc[n+](C)c1|F[B-](F)(F)F,-2.290656566619873,-2.3969287872314453,1,126
CCCCCCCCn1cc[n+](C)c1|F[B-](F)(F)F,-1.8036296367645264,-1.6691298484802246,1,126
CCCCCCCCn1cc[n+](C)c1|F[B-](F)(F)F,-0.9996723532676697,-0.7765861749649048,1,126
CCCCCCCCn1cc[n+](C)c1|F[B-](F)(F)F,-0.669430673122406,-0.49140191078186035,1,126
CCCCCCCCn1cc[n+](C)c1|F[B-](F)(F)F,-0.3739664554595947,-0.2646406888961792,1,126
CCCCCCCCn1cc[n+](C)c1|F[B-](F)(F)F,-0.11093156039714813,-0.0645911693572998,1,126
CCCCCCCCn1cc[n+](C)c1|F[B-](F)(F)F,0.12575121223926544,0.10966801643371582,1,126
CCCCCCCCn1cc[n+](C)c1|F[B-](F)(F)F,0.33861279487609863,0.264387845993042,1,126
CCCCCCCCn1cc[n+](C)c1|F[B-](F)(F)F,0.5312163233757019,0.40540552139282227,1,126
CCCCCCCCn1cc[n+](C)c1|F[B-](F)(F)F,0.7080357670783997,0.5417191982269287,1,126
CCCCCCCCn1cc[n+](C)c1|F[B-](F)(F)F,0.8671004772186279,0.6777377128601074,1,126
CCCCCCCCn1cc[n+](C)c1|F[B-](F)(F)F,1.0116009712219238,0.8239929676055908,1,126
CCCCCCCCn1cc[n+](C)c1|F[B-](F)(F)F,1.1474024057388306,0.9720275402069092,1,126
CCCCCCCCn1cc[n+](C)c1|F[B-](F)(F)F,1.2697604894638062,1.1249866485595703,1,126
CCCCCCCCn1cc[n+](C)c1|F[B-](F)(F)F,1.383791208267212,1.2730817794799805,1,126
CCCCCCCCn1cc[n+](C)c1|F[B-](F)(F)F,1.4906543493270874,1.4197323322296143,1,126
CC[n+]1ccn(C)c1|F[B-](F)(F)F,-0.4942963123321533,-2.3899331092834473,1,292
CC[n+]1ccn(C)c1|F[B-](F)(F)F,-0.31471073627471924,-1.935797929763794,1,292
CC[n+]1ccn(C)c1|F[B-](F)(F)F,-0.10536051541566849,-1.5504825115203857,1,292
CC[n+]1ccn(C)c1|F[B-](F)(F)F,1.6486586332321167,0.726656436920166,1,292
CC[n+]1ccn(C)c1|F[B-](F)(F)F,1.7047480344772339,0.7983918190002441,1,292
CC[n+]1ccn(C)c1|F[B-](F)(F)F,1.7917594909667969,0.8702809810638428,1,292
CC[n+]1ccn(C)c1|F[B-](F)(F)F,1.8718022108078003,0.9419097900390625,1,292
CC[n+]1ccn(C)c1|F[B-](F)(F)F,2.0014801025390625,1.0845952033996582,1,292
CC[n+]1ccn(C)c1|F[B-](F)(F)F,2.054123640060425,1.1583569049835205,1,292
CC[n+]1ccn(C)c1|F[B-](F)(F)F,2.116255521774292,1.2321715354919434,1,292
CC[n+]1ccn(C)c1|F[B-](F)(F)F,2.1747517585754395,1.3059451580047607,1,292
CC[n+]1ccn(C)c1|F[B-](F)(F)F,2.2300143241882324,1.37971830368042,1,292
CC[n+]1ccn(C)c1|F[B-](F)(F)F,2.2823824882507324,1.4534916877746582,1,292
CC[n+]1ccn(C)c1|F[B-](F)(F)F,2.332143783569336,1.5272650718688965,1,292
CC[n+]1ccn(C)c1|F[B-](F)(F)F,2.3795461654663086,1.6010386943817139,1,292
CC[n+]1ccn(C)c1|F[B-](F)(F)F,2.424802780151367,1.6758275032043457,1,292
CC[n+]1ccn(C)c1|F[B-](F)(F)F,2.468099594116211,1.7522413730621338,1,292
CC[n+]1ccn(C)c1|F[B-](F)(F)F,2.509599208831787,1.8286559581756592,1,292
CC[n+]1ccn(C)c1|F[B-](F)(F)F,2.5416018962860107,1.9062225818634033,1,292
CCCC[n+]1cccc(C)c1|F[B-](F)(F)F,-3.0057826042175293,-3.464637279510498,1,25
CCCC[n+]1cccc(C)c1|F[B-](F)(F)F,-2.8084232807159424,-3.1929259300231934,1,25
CCCC[n+]1cccc(C)c1|F[B-](F)(F)F,-2.571772575378418,-2.9239299297332764,1,25
CCCC[n+]1cccc(C)c1|F[B-](F)(F)F,-2.4112844467163086,-2.6720714569091797,1,25
CCCC[n+]1cccc(C)c1|F[B-](F)(F)F,-2.2018351554870605,-2.4434916973114014,1,25
CCCC[n+]1cccc(C)c1|F[B-](F)(F)F,-2.057288646697998,-2.24151611328125,1,25
CCCC[n+]1cccc(C)c1|F[B-](F)(F)F,-1.8649755716323853,-2.0593955516815186,1,25
CCCC[n+]1cccc(C)c1|F[B-](F)(F)F,-1.7338680028915405,-1.896515965461731,1,25
CCCC[n+]1cccc(C)c1|F[B-](F)(F)F,-1.56064772605896,-1.75321364402771,1,25
CCCC[n+]1cccc(C)c1|F[B-](F)(F)F,-1.4354846477508545,-1.6168789863586426,1,25
CCCC[n+]1cccc(C)c1|F[B-](F)(F)F,-1.2694005966186523,-1.4805444478988647,1,25
CCCC[n+]1cccc(C)c1|F[B-](F)(F)F,-1.1551826000213623,-1.3454349040985107,1,25
CCCC[n+]1cccc(C)c1|F[B-](F)(F)F,-1.0106014013290405,-1.2073960304260254,1,25
CCCC[n+]1cccc(C)c1|F[B-](F)(F)F,-0.9063404202461243,-1.0774462223052979,1,25
CCCC[n+]1cccc(C)c1|F[B-](F)(F)F,-0.774357259273529,-0.9541715979576111,1,25
CCCC[n+]1cccc(C)c1|F[B-](F)(F)F,-0.6597124338150024,-0.847858190536499,1,25
CCCC[n+]1cccc(C)c1|F[B-](F)(F)F,-0.5533852577209473,-0.7499645948410034,1,25
CCCC[n+]1cccc(C)c1|F[B-](F)(F)F,-0.44941699504852295,-0.6556981801986694,1,25
CCCC[n+]1cccc(C)c1|F[B-](F)(F)F,-0.3509769141674042,-0.5701318979263306,1,25
CCCC[n+]1cccc(C)c1|F[B-](F)(F)F,-0.2548922598361969,-0.48958098888397217,1,25
CCCC[n+]1cccc(C)c1|F[B-](F)(F)F,-0.16134315729141235,-0.4159783124923706,1,25
CCCC[n+]1cccc(C)c1|F[B-](F)(F)F,-0.07257069647312164,-0.34679603576660156,1,25
CCCC[n+]1cccc(C)c1|F[B-](F)(F)F,0.013902905397117138,-0.2795757055282593,1,25
CCCC[n+]1cccc(C)c1|F[B-](F)(F)F,0.09712670743465424,-0.22129547595977783,1,25
CCCC[n+]1cccc(C)c1|F[B-](F)(F)F,0.17647114396095276,-0.16914677619934082,1,25
CC[n+]1ccn(C)c1|O=S(=O)(F)[N-]S(=O)(=O)F,-0.5191938877105713,-1.5813254117965698,1,49
CC[n+]1ccn(C)c1|O=S(=O)(F)[N-]S(=O)(=O)F,-0.31471073627471924,-1.1906607151031494,1,49
CC[n+]1ccn(C)c1|O=S(=O)(F)[N-]S(=O)(=O)F,-0.12783336639404297,-0.8756442666053772,1,49
CC[n+]1ccn(C)c1|O=S(=O)(F)[N-]S(=O)(=O)F,0.04879016429185867,-0.6026875972747803,1,49
CC[n+]1ccn(C)c1|O=S(=O)(F)[N-]S(=O)(=O)F,0.20701417326927185,-0.3738199472427368,1,49
CC[n+]1ccn(C)c1|O=S(=O)(F)[N-]S(=O)(=O)F,0.3576744496822357,-0.18767225742340088,1,49
CC[n+]1ccn(C)c1|O=S(=O)(F)[N-]S(=O)(=O)F,0.4946962296962738,-0.04862678050994873,1,49
CC[n+]1ccn(C)c1|O=S(=O)(F)[N-]S(=O)(=O)F,0.6205765008926392,0.06794190406799316,1,49
CC[n+]1ccn(C)c1|O=S(=O)(F)[N-]S(=O)(=O)F,0.7419373393058777,0.1718660593032837,1,49
CC[n+]1ccn(C)c1|O=S(=O)(F)[N-]S(=O)(=O)F,0.8544153571128845,0.26157474517822266,1,49
CC[n+]1ccn(C)c1|O=S(=O)(F)[N-]S(=O)(=O)F,0.9593502283096313,0.3442763090133667,1,49
CC[n+]1ccn(C)c1|O=S(=O)(F)[N-]S(=O)(=O)F,1.0612565279006958,0.42474985122680664,1,49
CC[n+]1ccn(C)c1|O=S(=O)(F)[N-]S(=O)(=O)F,1.1568812131881714,0.5011944770812988,1,49
CC[n+]1ccn(C)c1|O=S(=O)(F)[N-]S(=O)(=O)F,1.2470322847366333,0.5737941265106201,1,49
CC[n+]1ccn(C)c1|O=S(=O)(F)[N-]S(=O)(=O)F,1.3323659896850586,0.6476969718933105,1,49
CC[n+]1ccn(C)c1|O=S(=O)(F)[N-]S(=O)(=O)F,1.418277382850647,0.720238447189331,1,49
CC[n+]1ccn(C)c1|O=S(=O)(F)[N-]S(=O)(=O)F,1.4973883628845215,0.7912189960479736,1,49
CC[n+]1ccn(C)c1|O=S(=O)(F)[N-]S(=O)(=O)F,1.5727739334106445,0.862311601638794,1,49
CC[n+]1ccn(C)c1|O=S(=O)(F)[N-]S(=O)(=O)F,1.6467336416244507,0.9356625080108643,1,49
CC[n+]1ccn(C)c1|O=S(=O)(F)[N-]S(=O)(=O)F,1.7173950672149658,1.0090293884277344,1,49
CC[n+]1ccn(C)c1|O=S(=O)(F)[N-]S(=O)(=O)F,1.7867469787597656,1.0823962688446045,1,49
CC[n+]1ccn(C)c1|O=S(=O)(F)[N-]S(=O)(=O)F,1.850028395652771,1.1557629108428955,1,49
CC[n+]1ccn(C)c1|O=S(=O)(F)[N-]S(=O)(=O)F,1.9183920621871948,1.2291297912597656,1,49
CC[n+]1ccn(C)c1|O=S(=O)(F)[N-]S(=O)(=O)F,1.9892432689666748,1.3024959564208984,1,49
CC[n+]1ccn(C)c1|O=S(=O)(F)[N-]S(=O)(=O)F,2.061786651611328,1.377091407775879,1,49
C(CC)[N+]1=CC=CC=C1|FC(S(=O)(=O)[O-])(F)F,-2.284745216369629,-2.4405014514923096,1,25
C(CC)[N+]1=CC=CC=C1|FC(S(=O)(=O)[O-])(F)F,-2.100461006164551,-2.207289457321167,1,25
C(CC)[N+]1=CC=CC=C1|FC(S(=O)(=O)[O-])(F)F,-1.8971199989318848,-1.9965957403182983,1,25
C(CC)[N+]1=CC=CC=C1|FC(S(=O)(=O)[O-])(F)F,-1.7237271070480347,-1.8216221332550049,1,25
C(CC)[N+]1=CC=CC=C1|FC(S(=O)(=O)[O-])(F)F,-1.5798791646957397,-1.6660739183425903,1,25
C(CC)[N+]1=CC=CC=C1|FC(S(=O)(=O)[O-])(F)F,-1.439695119857788,-1.5148472785949707,1,25
C(CC)[N+]1=CC=CC=C1|FC(S(=O)(=O)[O-])(F)F,-1.309333324432373,-1.366081714630127,1,25
C(CC)[N+]1=CC=CC=C1|FC(S(=O)(=O)[O-])(F)F,-1.1809074878692627,-1.2215917110443115,1,25
C(CC)[N+]1=CC=CC=C1|FC(S(=O)(=O)[O-])(F)F,-1.058430552482605,-1.0806934833526611,1,25
C(CC)[N+]1=CC=CC=C1|FC(S(=O)(=O)[O-])(F)F,-0.9441759586334229,-0.93538898229599,1,25
C(CC)[N+]1=CC=CC=C1|FC(S(=O)(=O)[O-])(F)F,-0.8301130533218384,-0.8063745498657227,1,25
C(CC)[N+]1=CC=CC=C1|FC(S(=O)(=O)[O-])(F)F,-0.7236064076423645,-0.6876789331436157,1,25
C(CC)[N+]1=CC=CC=C1|FC(S(=O)(=O)[O-])(F)F,-0.6180397272109985,-0.5905102491378784,1,25
C(CC)[N+]1=CC=CC=C1|FC(S(=O)(=O)[O-])(F)F,-0.5191938877105713,-0.5171631574630737,1,25
C(CC)[N+]1=CC=CC=C1|FC(S(=O)(=O)[O-])(F)F,-0.421594500541687,-0.45179283618927,1,25
C(CC)[N+]1=CC=CC=C1|FC(S(=O)(=O)[O-])(F)F,-0.32711613178253174,-0.3888357877731323,1,25
C(CC)[N+]1=CC=CC=C1|FC(S(=O)(=O)[O-])(F)F,-0.23445731401443481,-0.3331371545791626,1,25
C(CC)[N+]1=CC=CC=C1|FC(S(=O)(=O)[O-])(F)F,-0.1473405808210373,-0.2784278392791748,1,25
C(CC)[N+]1=CC=CC=C1|FC(S(=O)(=O)[O-])(F)F,-0.07042246311903,-0.22277045249938965,1,25
C(CC)[N+]1=CC=CC=C1|FC(S(=O)(=O)[O-])(F)F,0.022739486768841743,-0.16995203495025635,1,25
C(CC)[N+]1=CC=CC=C1|FC(S(=O)(=O)[O-])(F)F,0.09984533488750458,-0.1187448501586914,1,25
C(CC)[N+]1=CC=CC=C1|FC(S(=O)(=O)[O-])(F)F,0.1722712218761444,-0.06683719158172607,1,25
C(CC)[N+]1=CC=CC=C1|FC(S(=O)(=O)[O-])(F)F,0.24451357126235962,-0.01627504825592041,1,25
C(CC)[N+]1=CC=CC=C1|FC(S(=O)(=O)[O-])(F)F,0.31334981322288513,0.032445311546325684,1,25
C(CC)[N+]1=CC=CC=C1|FC(S(=O)(=O)[O-])(F)F,0.3825376033782959,0.07816517353057861,1,25
CCCCCCCC[n+]1ccn(C)c1|F[P-](F)(F)(F)(F)F,-3.638186454772949,-3.1139235496520996,1,88
CCCCCCCC[n+]1ccn(C)c1|F[P-](F)(F)(F)(F)F,-3.9020726680755615,-3.1139235496520996,1,88
CCCCCCCC[n+]1ccn(C)c1|F[P-](F)(F)(F)(F)F,-4.175337791442871,-3.1139235496520996,1,88
CCCCCCCC[n+]1ccn(C)c1|F[P-](F)(F)(F)(F)F,-4.314742088317871,-3.1139235496520996,1,88
CCCCCCCC[n+]1ccn(C)c1|F[P-](F)(F)(F)(F)F,-4.444753646850586,-3.1139235496520996,1,88
CCCCCCCC[n+]1ccn(C)c1|F[P-](F)(F)(F)(F)F,-4.690728187561035,-3.1139235496520996,1,88
CCCCCCCC[n+]1ccn(C)c1|F[P-](F)(F)(F)(F)F,-4.944847583770752,-3.1139235496520996,1,88
CCCCCCCC[n+]1ccn(C)c1|F[P-](F)(F)(F)(F)F,-2.233992338180542,-1.5877991914749146,1,88
CCCCCCCC[n+]1ccn(C)c1|F[P-](F)(F)(F)(F)F,-2.5083799362182617,-1.5877991914749146,1,88
CCCCCCCC[n+]1ccn(C)c1|F[P-](F)(F)(F)(F)F,-2.7725887298583984,-1.5877991914749146,1,88
CCCCCCCC[n+]1ccn(C)c1|F[P-](F)(F)(F)(F)F,-3.0303237438201904,-1.5877991914749146,1,88
CCCCCCCC[n+]1ccn(C)c1|F[P-](F)(F)(F)(F)F,-3.283414363861084,-1.5877991914749146,1,88
CCCCCCCC[n+]1ccn(C)c1|F[P-](F)(F)(F)(F)F,-3.5335865020751953,-1.5877991914749146,1,88
CCCCCCCC[n+]1ccn(C)c1|F[P-](F)(F)(F)(F)F,-3.776618480682373,-1.5877991914749146,1,88
CCCCCCCC[n+]1ccn(C)c1|F[P-](F)(F)(F)(F)F,-4.011843204498291,-1.5877991914749146,1,88
CCCCCCCC[n+]1ccn(C)c1|F[P-](F)(F)(F)(F)F,-4.247495651245117,-1.5877991914749146,1,88
CCCCCCCC[n+]1ccn(C)c1|F[P-](F)(F)(F)(F)F,-1.2378743886947632,-0.8479623794555664,1,88
CCCCCCCC[n+]1ccn(C)c1|F[P-](F)(F)(F)(F)F,-1.456716775894165,-0.8479623794555664,1,88
CCCCCCCC[n+]1ccn(C)c1|F[P-](F)(F)(F)(F)F,-1.6713132858276367,-0.8479623794555664,1,88
CCCCCCCC[n+]1ccn(C)c1|F[P-](F)(F)(F)(F)F,-1.881903052330017,-0.8479623794555664,1,88
CCCCCCCC[n+]1ccn(C)c1|F[P-](F)(F)(F)(F)F,-2.0898959636688232,-0.8479623794555664,1,88
CCCCCCCC[n+]1ccn(C)c1|F[P-](F)(F)(F)(F)F,-2.291645050048828,-0.8479623794555664,1,88
CCCCCCCC[n+]1ccn(C)c1|F[P-](F)(F)(F)(F)F,-2.488914728164673,-0.8479623794555664,1,88
CCCCCCCC[n+]1ccn(C)c1|F[P-](F)(F)(F)(F)F,-2.6867780685424805,-0.8479623794555664,1,88
CCCCCCCC[n+]1ccn(C)c1|F[P-](F)(F)(F)(F)F,-2.878838539123535,-0.8479623794555664,1,88
CC[S+](CC)CC|O=S(=O)([N-]S(=O)(=O)C(F)(F)F)C(F)(F)F,-2.310617208480835,-3.0581865310668945,1,28
CC[S+](CC)CC|O=S(=O)([N-]S(=O)(=O)C(F)(F)F)C(F)(F)F,-1.680933952331543,-2.40181827545166,1,28
CC[S+](CC)CC|O=S(=O)([N-]S(=O)(=O)C(F)(F)F)C(F)(F)F,-1.1577255725860596,-1.8909353017807007,1,28
CC[S+](CC)CC|O=S(=O)([N-]S(=O)(=O)C(F)(F)F)C(F)(F)F,-0.7188753485679626,-1.4468451738357544,1,28
CC[S+](CC)CC|O=S(=O)([N-]S(=O)(=O)C(F)(F)F)C(F)(F)F,-0.3453111946582794,-1.0869483947753906,1,28
CC[S+](CC)CC|O=S(=O)([N-]S(=O)(=O)C(F)(F)F)C(F)(F)F,-0.025317808613181114,-0.7742903232574463,1,28
CC[S+](CC)CC|O=S(=O)([N-]S(=O)(=O)C(F)(F)F)C(F)(F)F,0.2523139417171478,-0.5394189357757568,1,28
CC[S+](CC)CC|O=S(=O)([N-]S(=O)(=O)C(F)(F)F)C(F)(F)F,0.49225422739982605,-0.3496166467666626,1,28
CC[S+](CC)CC|O=S(=O)([N-]S(=O)(=O)C(F)(F)F)C(F)(F)F,0.707050085067749,-0.19414710998535156,1,28
CC[S+](CC)CC|O=S(=O)([N-]S(=O)(=O)C(F)(F)F)C(F)(F)F,0.8989410996437073,-0.04378795623779297,1,28
CC[S+](CC)CC|O=S(=O)([N-]S(=O)(=O)C(F)(F)F)C(F)(F)F,1.0695266723632812,0.11056804656982422,1,28
CC[S+](CC)CC|O=S(=O)([N-]S(=O)(=O)C(F)(F)F)C(F)(F)F,1.2243634462356567,0.2631862163543701,1,28
CC[S+](CC)CC|O=S(=O)([N-]S(=O)(=O)C(F)(F)F)C(F)(F)F,1.364815354347229,0.4211890697479248,1,28
CC[S+](CC)CC|O=S(=O)([N-]S(=O)(=O)C(F)(F)F)C(F)(F)F,1.488399624824524,0.5770766735076904,1,28
CC[S+](CC)CC|O=S(=O)([N-]S(=O)(=O)C(F)(F)F)C(F)(F)F,1.6104373931884766,0.7323505878448486,1,28
CC[S+](CC)CC|O=S(=O)([N-]S(=O)(=O)C(F)(F)F)C(F)(F)F,1.7186510562896729,0.885019063949585,1,28
CC[S+](CC)CC|O=S(=O)([N-]S(=O)(=O)C(F)(F)F)C(F)(F)F,1.8179144859313965,1.0371766090393066,1,28
CC[S+](CC)CC|O=S(=O)([N-]S(=O)(=O)C(F)(F)F)C(F)(F)F,1.9107270240783691,1.1916885375976562,1,28
CC[S+](CC)CC|O=S(=O)([N-]S(=O)(=O)C(F)(F)F)C(F)(F)F,1.9967390298843384,1.3542416095733643,1,28
CC[S+](CC)CC|O=S(=O)([N-]S(=O)(=O)C(F)(F)F)C(F)(F)F,2.0765624046325684,1.5181574821472168,1,28
CC[S+](CC)CC|O=S(=O)([N-]S(=O)(=O)C(F)(F)F)C(F)(F)F,2.1505987644195557,1.6820733547210693,1,28
CC[S+](CC)CC|O=S(=O)([N-]S(=O)(=O)C(F)(F)F)C(F)(F)F,2.2156100273132324,1.8459889888763428,1,28
CCCC[n+]1cccc(C)c1|N#C[N-]C#N,-0.6424540877342224,-0.6308088302612305,1,21
CCCC[n+]1cccc(C)c1|N#C[N-]C#N,-0.5158381462097168,-0.519415020942688,1,21
CCCC[n+]1cccc(C)c1|N#C[N-]C#N,-0.39749693870544434,-0.4187324047088623,1,21
CCCC[n+]1cccc(C)c1|N#C[N-]C#N,-0.28369006514549255,-0.33043837547302246,1,21
CCCC[n+]1cccc(C)c1|N#C[N-]C#N,-0.17673717439174652,-0.2468942403793335,1,21
CCCC[n+]1cccc(C)c1|N#C[N-]C#N,-0.07257069647312164,-0.1655576229095459,1,21
CCCC[n+]1cccc(C)c1|N#C[N-]C#N,0.026641931384801865,-0.09162235260009766,1,21
CCCC[n+]1cccc(C)c1|N#C[N-]C#N,0.12133228778839111,-0.02484273910522461,1,21
CCCC[n+]1cccc(C)c1|N#C[N-]C#N,0.21188035607337952,0.03983163833618164,1,21
CCCC[n+]1cccc(C)c1|N#C[N-]C#N,0.2993635833263397,0.103279709815979,1,21
CCCC[n+]1cccc(C)c1|N#C[N-]C#N,0.3825376033782959,0.16574692726135254,1,21
CCCC[n+]1cccc(C)c1|N#C[N-]C#N,0.46247535943984985,0.2247384786605835,1,21
CCCC[n+]1cccc(C)c1|N#C[N-]C#N,0.5394130945205688,0.2824704647064209,1,21
CCCC[n+]1cccc(C)c1|N#C[N-]C#N,0.6146449446678162,0.34020209312438965,1,21
CCCC[n+]1cccc(C)c1|N#C[N-]C#N,0.6876320242881775,0.3979520797729492,1,21
CCCC[n+]1cccc(C)c1|N#C[N-]C#N,0.7561219930648804,0.4539017677307129,1,21
CCCC[n+]1cccc(C)c1|N#C[N-]C#N,0.8241754174232483,0.5086493492126465,1,21
CCCC[n+]1cccc(C)c1|N#C[N-]C#N,0.8878912329673767,0.5600161552429199,1,21
CCCC[n+]1cccc(C)c1|N#C[N-]C#N,0.9477893710136414,0.6070163249969482,1,21
CCCC[n+]1cccc(C)c1|N#C[N-]C#N,1.007957935333252,0.6520171165466309,1,21
CCCC[n+]1cccc(C)c1|N#C[N-]C#N,1.0681530237197876,0.6942975521087646,1,21
CC[n+]1ccn(C)c1|F[B-](F)(F)F,-2.245260000228882,-5.388688087463379,1,292
CC[n+]1ccn(C)c1|F[B-](F)(F)F,-1.4784096479415894,-4.179247856140137,1,292
CC[n+]1ccn(C)c1|F[B-](F)(F)F,-0.8603830933570862,-2.9617087841033936,1,292
CC[n+]1ccn(C)c1|F[B-](F)(F)F,-0.3523983955383301,-1.935797929763794,1,292
CC[n+]1ccn(C)c1|F[B-](F)(F)F,0.07325046509504318,-1.2407605648040771,1,292
CC[n+]1ccn(C)c1|F[B-](F)(F)F,0.4356709420681,-0.7016698718070984,1,292
CC[n+]1ccn(C)c1|F[B-](F)(F)F,0.7466879487037659,-0.26868724822998047,1,292
CC[n+]1ccn(C)c1|F[B-](F)(F)F,1.0188473463058472,0.06331515312194824,1,292
CC[n+]1ccn(C)c1|F[B-](F)(F)F,1.2556160688400269,0.31178247928619385,1,292
CC[n+]1ccn(C)c1|F[B-](F)(F)F,1.46787428855896,0.49697208404541016,1,292
CC[n+]1ccn(C)c1|F[B-](F)(F)F,1.6544113159179688,0.652472734451294,1,292
CC[n+]1ccn(C)c1|F[B-](F)(F)F,1.8245493173599243,0.7990880012512207,1,292
CC[n+]1ccn(C)c1|F[B-](F)(F)F,1.976854920387268,0.9426286220550537,1,292
CC[n+]1ccn(C)c1|F[B-](F)(F)F,2.1150500774383545,1.0852978229522705,1,292
CC[n+]1ccn(C)c1|F[B-](F)(F)F,2.2417728900909424,1.2329092025756836,1,292
CC[n+]1ccn(C)c1|F[B-](F)(F)F,2.3570733070373535,1.3804559707641602,1,292
CC[n+]1ccn(C)c1|F[B-](F)(F)F,2.463853359222412,1.5280025005340576,1,292
CC[n+]1ccn(C)c1|F[B-](F)(F)F,2.562638998031616,1.676591396331787,1,292
CC[n+]1ccn(C)c1|F[B-](F)(F)F,2.654649496078491,1.8294198513031006,1,292
CC[n+]1ccn(C)c1|F[B-](F)(F)F,2.739548921585083,1.9847517013549805,1,292
CC[n+]1ccn(C)c1|F[B-](F)(F)F,2.8183982372283936,2.1402556896209717,1,292
CC[n+]1ccn(C)c1|F[B-](F)(F)F,2.8920371532440186,2.299426317214966,1,292
CC[n+]1ccn(C)c1|F[B-](F)(F)F,2.9601051807403564,2.460214376449585,1,292
CC[n+]1ccccc1C|O=S(=O)([N-]S(=O)(=O)C(F)(F)F)C(F)(F)F,-2.2045514583587646,-1.8202241659164429,1,25
CC[n+]1ccccc1C|O=S(=O)([N-]S(=O)(=O)C(F)(F)F)C(F)(F)F,-2.034085750579834,-1.685642123222351,1,25
CC[n+]1ccccc1C|O=S(=O)([N-]S(=O)(=O)C(F)(F)F)C(F)(F)F,-1.891800880432129,-1.5518755912780762,1,25
CC[n+]1ccccc1C|O=S(=O)([N-]S(=O)(=O)C(F)(F)F)C(F)(F)F,-1.7521542310714722,-1.4223932027816772,1,25
CC[n+]1ccccc1C|O=S(=O)([N-]S(=O)(=O)C(F)(F)F)C(F)(F)F,-1.6149530410766602,-1.2975417375564575,1,25
CC[n+]1ccccc1C|O=S(=O)([N-]S(=O)(=O)C(F)(F)F)C(F)(F)F,-1.487220287322998,-1.1810526847839355,1,25
CC[n+]1ccccc1C|O=S(=O)([N-]S(=O)(=O)C(F)(F)F)C(F)(F)F,-1.3547956943511963,-1.065014123916626,1,25
CC[n+]1ccccc1C|O=S(=O)([N-]S(=O)(=O)C(F)(F)F)C(F)(F)F,-1.2378743886947632,-0.957253098487854,1,25
CC[n+]1ccccc1C|O=S(=O)([N-]S(=O)(=O)C(F)(F)F)C(F)(F)F,-1.1208579540252686,-0.8489230275154114,1,25
CC[n+]1ccccc1C|O=S(=O)([N-]S(=O)(=O)C(F)(F)F)C(F)(F)F,-1.013352394104004,-0.7495657205581665,1,25
CC[n+]1ccccc1C|O=S(=O)([N-]S(=O)(=O)C(F)(F)F)C(F)(F)F,-0.9088187217712402,-0.6545810699462891,1,25
CC[n+]1ccccc1C|O=S(=O)([N-]S(=O)(=O)C(F)(F)F)C(F)(F)F,-0.8074363470077515,-0.5653294324874878,1,25
CC[n+]1ccccc1C|O=S(=O)([N-]S(=O)(=O)C(F)(F)F)C(F)(F)F,-0.709276556968689,-0.4784259796142578,1,25
CC[n+]1ccccc1C|O=S(=O)([N-]S(=O)(=O)C(F)(F)F)C(F)(F)F,-0.6180397272109985,-0.39357900619506836,1,25
CC[n+]1ccccc1C|O=S(=O)([N-]S(=O)(=O)C(F)(F)F)C(F)(F)F,-0.5293291211128235,-0.3225831985473633,1,25
CC[n+]1ccccc1C|O=S(=O)([N-]S(=O)(=O)C(F)(F)F)C(F)(F)F,-0.44316697120666504,-0.2575446367263794,1,25
CC[n+]1ccccc1C|O=S(=O)([N-]S(=O)(=O)C(F)(F)F)C(F)(F)F,-0.35953617095947266,-0.19826388359069824,1,25
CC[n+]1ccccc1C|O=S(=O)([N-]S(=O)(=O)C(F)(F)F)C(F)(F)F,-0.2810375392436981,-0.14506161212921143,1,25
CC[n+]1ccccc1C|O=S(=O)([N-]S(=O)(=O)C(F)(F)F)C(F)(F)F,-0.20456716418266296,-0.09381997585296631,1,25
CC[n+]1ccccc1C|O=S(=O)([N-]S(=O)(=O)C(F)(F)F)C(F)(F)F,-0.12783336639404297,-0.04318428039550781,1,25
CC[n+]1ccccc1C|O=S(=O)([N-]S(=O)(=O)C(F)(F)F)C(F)(F)F,-0.056570351123809814,0.006277203559875488,1,25
CC[n+]1ccccc1C|O=S(=O)([N-]S(=O)(=O)C(F)(F)F)C(F)(F)F,0.013902905397117138,0.05506491661071777,1,25
CC[n+]1ccccc1C|O=S(=O)([N-]S(=O)(=O)C(F)(F)F)C(F)(F)F,0.08157999068498611,0.10270428657531738,1,25
CC[n+]1ccccc1C|O=S(=O)([N-]S(=O)(=O)C(F)(F)F)C(F)(F)F,0.1475575715303421,0.1459949016571045,1,25
CC[n+]1ccccc1C|O=S(=O)([N-]S(=O)(=O)C(F)(F)F)C(F)(F)F,0.21188035607337952,0.18693625926971436,1,25
CCC[N+]1(C)CCCCC1|O=S(=O)([N-]S(=O)(=O)C(F)(F)F)C(F)(F)F,-4.219907760620117,-4.817901611328125,1,23
CCC[N+]1(C)CCCCC1|O=S(=O)([N-]S(=O)(=O)C(F)(F)F)C(F)(F)F,-2.461580753326416,-3.021696090698242,1,23
CCC[N+]1(C)CCCCC1|O=S(=O)([N-]S(=O)(=O)C(F)(F)F)C(F)(F)F,-1.2837377786636353,-1.1052117347717285,1,23
CCC[N+]1(C)CCCCC1|O=S(=O)([N-]S(=O)(=O)C(F)(F)F)C(F)(F)F,-1.2344319820404053,-1.0378737449645996,1,23
CCC[N+]1(C)CCCCC1|O=S(=O)([N-]S(=O)(=O)C(F)(F)F)C(F)(F)F,-1.0847094058990479,-0.9251269698143005,1,23
CCC[N+]1(C)CCCCC1|O=S(=O)([N-]S(=O)(=O)C(F)(F)F)C(F)(F)F,-0.9088187217712402,-0.6409521102905273,1,23
CCC[N+]1(C)CCCCC1|O=S(=O)([N-]S(=O)(=O)C(F)(F)F)C(F)(F)F,-0.7571524977684021,-0.4706113338470459,1,23
CCC[N+]1(C)CCCCC1|O=S(=O)([N-]S(=O)(=O)C(F)(F)F)C(F)(F)F,-0.6051362752914429,-0.29109203815460205,1,23
CCC[N+]1(C)CCCCC1|O=S(=O)([N-]S(=O)(=O)C(F)(F)F)C(F)(F)F,-0.43232256174087524,-0.1596083641052246,1,23
CCC[N+]1(C)CCCCC1|O=S(=O)([N-]S(=O)(=O)C(F)(F)F)C(F)(F)F,-0.31197476387023926,-0.03714895248413086,1,23
CCC[N+]1(C)CCCCC1|O=S(=O)([N-]S(=O)(=O)C(F)(F)F)C(F)(F)F,-0.2021161913871765,0.07004547119140625,1,23
CCC[N+]1(C)CCCCC1|O=S(=O)([N-]S(=O)(=O)C(F)(F)F)C(F)(F)F,-0.10203272849321365,0.16810166835784912,1,23
CCC[N+]1(C)CCCCC1|O=S(=O)([N-]S(=O)(=O)C(F)(F)F)C(F)(F)F,0.05826890841126442,0.2538360357284546,1,23
CCC[N+]1(C)CCCCC1|O=S(=O)([N-]S(=O)(=O)C(F)(F)F)C(F)(F)F,0.14842000603675842,0.3686561584472656,1,23
CCC[N+]1(C)CCCCC1|O=S(=O)([N-]S(=O)(=O)C(F)(F)F)C(F)(F)F,0.27002713084220886,0.49369049072265625,1,23
CCC[N+]1(C)CCCCC1|O=S(=O)([N-]S(=O)(=O)C(F)(F)F)C(F)(F)F,0.3576744496822357,0.5886812210083008,1,23
CCC[N+]1(C)CCCCC1|O=S(=O)([N-]S(=O)(=O)C(F)(F)F)C(F)(F)F,0.418710321187973,0.6448476314544678,1,23
CCCCCCCCCCCCCC[P+](CCCCCC)(CCCCCC)CCCCCC|O=C([O-])C(F)(F)C(F)(F)C(F)(F)C(F)(F)F,-5.240048408508301,-5.765650749206543,1,14
CCCCCCCCCCCCCC[P+](CCCCCC)(CCCCCC)CCCCCC|O=C([O-])C(F)(F)C(F)(F)C(F)(F)C(F)(F)F,-5.035953044891357,-5.429877281188965,1,14
CCCCCCCCCCCCCC[P+](CCCCCC)(CCCCCC)CCCCCC|O=C([O-])C(F)(F)C(F)(F)C(F)(F)C(F)(F)F,-4.767689228057861,-5.140244007110596,1,14
CCCCCCCCCCCCCC[P+](CCCCCC)(CCCCCC)CCCCCC|O=C([O-])C(F)(F)C(F)(F)C(F)(F)C(F)(F)F,-4.59522008895874,-4.85060977935791,1,14
CCCCCCCCCCCCCC[P+](CCCCCC)(CCCCCC)CCCCCC|O=C([O-])C(F)(F)C(F)(F)C(F)(F)C(F)(F)F,-4.382026672363281,-4.5955891609191895,1,14
CCCCCCCCCCCCCC[P+](CCCCCC)(CCCCCC)CCCCCC|O=C([O-])C(F)(F)C(F)(F)C(F)(F)C(F)(F)F,-4.186460018157959,-4.327327728271484,1,14
CCCCCCCCCCCCCC[P+](CCCCCC)(CCCCCC)CCCCCC|O=C([O-])C(F)(F)C(F)(F)C(F)(F)C(F)(F)F,-3.9633162021636963,-4.080351829528809,1,14
CCCCCCCCCCCCCC[P+](CCCCCC)(CCCCCC)CCCCCC|O=C([O-])C(F)(F)C(F)(F)C(F)(F)C(F)(F)F,-3.8167128562927246,-3.8693196773529053,1,14
CCCCCCCCCCCCCC[P+](CCCCCC)(CCCCCC)CCCCCC|O=C([O-])C(F)(F)C(F)(F)C(F)(F)C(F)(F)F,-3.645819902420044,-3.648163080215454,1,14
CCCCCCCCCCCCCC[P+](CCCCCC)(CCCCCC)CCCCCC|O=C([O-])C(F)(F)C(F)(F)C(F)(F)C(F)(F)F,-3.4265151023864746,-3.4731152057647705,1,14
CCCCCCCCCCCCCC[P+](CCCCCC)(CCCCCC)CCCCCC|O=C([O-])C(F)(F)C(F)(F)C(F)(F)C(F)(F)F,-3.257097005844116,-3.292252540588379,1,14
CCCCCCCCCCCCCC[P+](CCCCCC)(CCCCCC)CCCCCC|O=C([O-])C(F)(F)C(F)(F)C(F)(F)C(F)(F)F,-3.1868927478790283,-3.1253654956817627,1,14
CCCCCCCCCCCCCC[P+](CCCCCC)(CCCCCC)CCCCCC|O=C([O-])C(F)(F)C(F)(F)C(F)(F)C(F)(F)F,-3.038639783859253,-2.988729953765869,1,14
CCCCCCCCCCCCCC[P+](CCCCCC)(CCCCCC)CCCCCC|O=C([O-])C(F)(F)C(F)(F)C(F)(F)C(F)(F)F,-2.941244125366211,-2.868624210357666,1,14
CC[N+](C)(CC)CCOC|O=S(=O)([N-]S(=O)(=O)C(F)(F)F)C(F)(F)F,-1.9173226356506348,-1.836888313293457,1,39
CC[N+](C)(CC)CCOC|O=S(=O)([N-]S(=O)(=O)C(F)(F)F)C(F)(F)F,-1.6928194761276245,-1.6606708765029907,1,39
CC[N+](C)(CC)CCOC|O=S(=O)([N-]S(=O)(=O)C(F)(F)F)C(F)(F)F,-1.4271163940429688,-1.5025359392166138,1,39
CC[N+](C)(CC)CCOC|O=S(=O)([N-]S(=O)(=O)C(F)(F)F)C(F)(F)F,-1.2006449699401855,-1.3551952838897705,1,39
CC[N+](C)(CC)CCOC|O=S(=O)([N-]S(=O)(=O)C(F)(F)F)C(F)(F)F,-1.0078579187393188,-1.237936019897461,1,39
CC[N+](C)(CC)CCOC|O=S(=O)([N-]S(=O)(=O)C(F)(F)F)C(F)(F)F,-0.8209805488586426,-1.13910710811615,1,39
CC[N+](C)(CC)CCOC|O=S(=O)([N-]S(=O)(=O)C(F)(F)F)C(F)(F)F,-0.6520052552223206,-1.0581881999969482,1,39
CC[N+](C)(CC)CCOC|O=S(=O)([N-]S(=O)(=O)C(F)(F)F)C(F)(F)F,-0.4959370195865631,-0.9773478507995605,1,39
CC[N+](C)(CC)CCOC|O=S(=O)([N-]S(=O)(=O)C(F)(F)F)C(F)(F)F,-0.34814003109931946,-0.8995382189750671,1,39
CC[N+](C)(CC)CCOC|O=S(=O)([N-]S(=O)(=O)C(F)(F)F)C(F)(F)F,-0.20334091782569885,-0.8158693313598633,1,39
CC[N+](C)(CC)CCOC|O=S(=O)([N-]S(=O)(=O)C(F)(F)F)C(F)(F)F,-0.06720875203609467,-0.7346176505088806,1,39
CC[N+](C)(CC)CCOC|O=S(=O)([N-]S(=O)(=O)C(F)(F)F)C(F)(F)F,0.04783732816576958,-0.6549864411354065,1,39
CC[N+](C)(CC)CCOC|O=S(=O)([N-]S(=O)(=O)C(F)(F)F)C(F)(F)F,0.16636154055595398,-0.5753552913665771,1,39
CC[N+](C)(CC)CCOC|O=S(=O)([N-]S(=O)(=O)C(F)(F)F)C(F)(F)F,0.2707902193069458,-0.4969346523284912,1,39
CCCCCC[n+]1ccc(C)cc1|O=S(=O)([N-]S(=O)(=O)C(F)(F)F)C(F)(F)F,-2.4781296253204346,-2.933907985687256,1,15
CCCCCC[n+]1ccc(C)cc1|O=S(=O)([N-]S(=O)(=O)C(F)(F)F)C(F)(F)F,-2.2063663005828857,-2.6273562908172607,1,15
CCCCCC[n+]1ccc(C)cc1|O=S(=O)([N-]S(=O)(=O)C(F)(F)F)C(F)(F)F,-1.9330925941467285,-2.3526129722595215,1,15
CCCCCC[n+]1ccc(C)cc1|O=S(=O)([N-]S(=O)(=O)C(F)(F)F)C(F)(F)F,-1.6863189935684204,-2.1026551723480225,1,15
CCCCCC[n+]1ccc(C)cc1|O=S(=O)([N-]S(=O)(=O)C(F)(F)F)C(F)(F)F,-1.4653375148773193,-1.8659963607788086,1,15
CCCCCC[n+]1ccc(C)cc1|O=S(=O)([N-]S(=O)(=O)C(F)(F)F)C(F)(F)F,-1.2623083591461182,-1.6537182331085205,1,15
CCCCCC[n+]1ccc(C)cc1|O=S(=O)([N-]S(=O)(=O)C(F)(F)F)C(F)(F)F,-1.0613164901733398,-1.4616352319717407,1,15
CCCCCC[n+]1ccc(C)cc1|O=S(=O)([N-]S(=O)(=O)C(F)(F)F)C(F)(F)F,-0.87947678565979,-1.283215880393982,1,15
CCCCCC[n+]1ccc(C)cc1|O=S(=O)([N-]S(=O)(=O)C(F)(F)F)C(F)(F)F,-0.719491183757782,-1.111649990081787,1,15
CCCCCC[n+]1ccc(C)cc1|O=S(=O)([N-]S(=O)(=O)C(F)(F)F)C(F)(F)F,-0.5603660941123962,-0.9532943367958069,1,15
CCCCCC[n+]1ccc(C)cc1|O=S(=O)([N-]S(=O)(=O)C(F)(F)F)C(F)(F)F,-0.42771071195602417,-0.8278520107269287,1,15
CCCCCC[n+]1ccc(C)cc1|O=S(=O)([N-]S(=O)(=O)C(F)(F)F)C(F)(F)F,-0.279713898897171,-0.7125248908996582,1,15
CCCCCC[n+]1ccc(C)cc1|O=S(=O)([N-]S(=O)(=O)C(F)(F)F)C(F)(F)F,-0.14966078102588654,-0.6048309803009033,1,15
CCCCCC[n+]1ccc(C)cc1|O=S(=O)([N-]S(=O)(=O)C(F)(F)F)C(F)(F)F,-0.03252319246530533,-0.5036956071853638,1,15
CCCCCC[n+]1ccc(C)cc1|O=S(=O)([N-]S(=O)(=O)C(F)(F)F)C(F)(F)F,0.07232066243886948,-0.4124196767807007,1,15
CCCC[P+](CCCC)(CCCC)CCC(F)(F)C(F)(F)C(F)(F)C(F)(F)C(F)(F)C(F)(F)F|FC(F)(F)C(F)(F)[P-](F)(F)(F)(C(F)(F)C(F)(F)F)C(F)(F)C(F)(F)F,-4.342805862426758,-4.088657379150391,1,14
CCCC[P+](CCCC)(CCCC)CCC(F)(F)C(F)(F)C(F)(F)C(F)(F)C(F)(F)C(F)(F)F|FC(F)(F)C(F)(F)[P-](F)(F)(F)(C(F)(F)C(F)(F)F)C(F)(F)C(F)(F)F,-4.017383575439453,-3.835172414779663,1,14
CCCC[P+](CCCC)(CCCC)CCC(F)(F)C(F)(F)C(F)(F)C(F)(F)C(F)(F)C(F)(F)F|FC(F)(F)C(F)(F)[P-](F)(F)(F)(C(F)(F)C(F)(F)F)C(F)(F)C(F)(F)F,-3.772261142730713,-3.635401725769043,1,14
CCCC[P+](CCCC)(CCCC)CCC(F)(F)C(F)(F)C(F)(F)C(F)(F)C(F)(F)C(F)(F)F|FC(F)(F)C(F)(F)[P-](F)(F)(F)(C(F)(F)C(F)(F)F)C(F)(F)C(F)(F)F,-3.5755507946014404,-3.4734244346618652,1,14
CCCC[P+](CCCC)(CCCC)CCC(F)(F)C(F)(F)C(F)(F)C(F)(F)C(F)(F)C(F)(F)F|FC(F)(F)C(F)(F)[P-](F)(F)(F)(C(F)(F)C(F)(F)F)C(F)(F)C(F)(F)F,-3.296837329864502,-3.3159260749816895,1,14
CCCC[P+](CCCC)(CCCC)CCC(F)(F)C(F)(F)C(F)(F)C(F)(F)C(F)(F)C(F)(F)F|FC(F)(F)C(F)(F)[P-](F)(F)(F)(C(F)(F)C(F)(F)F)C(F)(F)C(F)(F)F,-3.0791139602661133,-3.1420493125915527,1,14
CCCC[P+](CCCC)(CCCC)CCC(F)(F)C(F)(F)C(F)(F)C(F)(F)C(F)(F)C(F)(F)F|FC(F)(F)C(F)(F)[P-](F)(F)(F)(C(F)(F)C(F)(F)F)C(F)(F)C(F)(F)F,-2.864703893661499,-2.9660251140594482,1,14
CCCC[P+](CCCC)(CCCC)CCC(F)(F)C(F)(F)C(F)(F)C(F)(F)C(F)(F)C(F)(F)F|FC(F)(F)C(F)(F)[P-](F)(F)(F)(C(F)(F)C(F)(F)F)C(F)(F)C(F)(F)F,-2.7181005477905273,-2.833836555480957,1,14
CCCC[P+](CCCC)(CCCC)CCC(F)(F)C(F)(F)C(F)(F)C(F)(F)C(F)(F)C(F)(F)F|FC(F)(F)C(F)(F)[P-](F)(F)(F)(C(F)(F)C(F)(F)F)C(F)(F)C(F)(F)F,-2.5010359287261963,-2.7016654014587402,1,14
CCCC[P+](CCCC)(CCCC)CCC(F)(F)C(F)(F)C(F)(F)C(F)(F)C(F)(F)C(F)(F)F|FC(F)(F)C(F)(F)[P-](F)(F)(F)(C(F)(F)C(F)(F)F)C(F)(F)C(F)(F)F,-2.3330442905426025,-2.5566964149475098,1,14
CCCC[P+](CCCC)(CCCC)CCC(F)(F)C(F)(F)C(F)(F)C(F)(F)C(F)(F)C(F)(F)F|FC(F)(F)C(F)(F)[P-](F)(F)(F)(C(F)(F)C(F)(F)F)C(F)(F)C(F)(F)F,-2.189256429672241,-2.4271538257598877,1,14
CCCC[P+](CCCC)(CCCC)CCC(F)(F)C(F)(F)C(F)(F)C(F)(F)C(F)(F)C(F)(F)F|FC(F)(F)C(F)(F)[P-](F)(F)(F)(C(F)(F)C(F)(F)F)C(F)(F)C(F)(F)F,-2.009915590286255,-2.3044495582580566,1,14
CCCC[P+](CCCC)(CCCC)CCC(F)(F)C(F)(F)C(F)(F)C(F)(F)C(F)(F)C(F)(F)F|FC(F)(F)C(F)(F)[P-](F)(F)(F)(C(F)(F)C(F)(F)F)C(F)(F)C(F)(F)F,-1.8451602458953857,-2.192293167114258,1,14
CCCC[P+](CCCC)(CCCC)CCC(F)(F)C(F)(F)C(F)(F)C(F)(F)C(F)(F)C(F)(F)F|FC(F)(F)C(F)(F)[P-](F)(F)(F)(C(F)(F)C(F)(F)F)C(F)(F)C(F)(F)F,-1.6982691287994385,-2.0957212448120117,1,14
CCCC[N+]1(C)CCCCC1|O=S(=O)([N-]S(=O)(=O)C(F)(F)F)C(F)(F)F,-6.092390537261963,-5.404641151428223,1,30
CCCC[N+]1(C)CCCCC1|O=S(=O)([N-]S(=O)(=O)C(F)(F)F)C(F)(F)F,-4.057048797607422,-3.182014226913452,1,30
CCCC[N+]1(C)CCCCC1|O=S(=O)([N-]S(=O)(=O)C(F)(F)F)C(F)(F)F,-1.980501651763916,-1.497314214706421,1,30
CCCC[N+]1(C)CCCCC1|O=S(=O)([N-]S(=O)(=O)C(F)(F)F)C(F)(F)F,-1.9038089513778687,-1.3194950819015503,1,30
CCCC[N+]1(C)CCCCC1|O=S(=O)([N-]S(=O)(=O)C(F)(F)F)C(F)(F)F,-1.760260820388794,-1.16046142578125,1,30
CCCC[N+]1(C)CCCCC1|O=S(=O)([N-]S(=O)(=O)C(F)(F)F)C(F)(F)F,-1.5654209852218628,-0.9590677618980408,1,30
CCCC[N+]1(C)CCCCC1|O=S(=O)([N-]S(=O)(=O)C(F)(F)F)C(F)(F)F,-1.3903024196624756,-0.7543699741363525,1,30
CCCC[N+]1(C)CCCCC1|O=S(=O)([N-]S(=O)(=O)C(F)(F)F)C(F)(F)F,-1.1551826000213623,-0.5980426073074341,1,30
CCCC[N+]1(C)CCCCC1|O=S(=O)([N-]S(=O)(=O)C(F)(F)F)C(F)(F)F,-0.957112729549408,-0.4122427701950073,1,30
CCCC[N+]1(C)CCCCC1|O=S(=O)([N-]S(=O)(=O)C(F)(F)F)C(F)(F)F,-0.7852624654769897,-0.26839566230773926,1,30
CCCC[N+]1(C)CCCCC1|O=S(=O)([N-]S(=O)(=O)C(F)(F)F)C(F)(F)F,-0.5378543138504028,-0.11102735996246338,1,30
CCCC[N+]1(C)CCCCC1|O=S(=O)([N-]S(=O)(=O)C(F)(F)F)C(F)(F)F,-0.2744368314743042,0.0863415002822876,1,30
CCCC[N+]1(C)CCCCC1|O=S(=O)([N-]S(=O)(=O)C(F)(F)F)C(F)(F)F,-0.08883121609687805,0.23781943321228027,1,30
CCCC[N+]1(C)CCCCC1|O=S(=O)([N-]S(=O)(=O)C(F)(F)F)C(F)(F)F,0.16551443934440613,0.42556309700012207,1,30
CCCCCCCC[N+]1(C)CCCC1|O=S(=O)([N-]S(=O)(=O)C(F)(F)F)C(F)(F)F,-5.822566032409668,-6.825390815734863,1,58
CCCCCCCC[N+]1(C)CCCC1|O=S(=O)([N-]S(=O)(=O)C(F)(F)F)C(F)(F)F,-4.240527153015137,-5.1567769050598145,1,58
CCCCCCCC[N+]1(C)CCCC1|O=S(=O)([N-]S(=O)(=O)C(F)(F)F)C(F)(F)F,-2.449925661087036,-3.155459403991699,1,58
CCCCCCCC[N+]1(C)CCCC1|O=S(=O)([N-]S(=O)(=O)C(F)(F)F)C(F)(F)F,-2.3633971214294434,-2.8212037086486816,1,58
CCCCCCCC[N+]1(C)CCCC1|O=S(=O)([N-]S(=O)(=O)C(F)(F)F)C(F)(F)F,-2.2926347255706787,-2.5658512115478516,1,58
CCCCCCCC[N+]1(C)CCCC1|O=S(=O)([N-]S(=O)(=O)C(F)(F)F)C(F)(F)F,-2.0714733600616455,-2.2805652618408203,1,58
CCCCCCCC[N+]1(C)CCCC1|O=S(=O)([N-]S(=O)(=O)C(F)(F)F)C(F)(F)F,-1.883874773979187,-1.9844253063201904,1,58
CCCCCCCC[N+]1(C)CCCC1|O=S(=O)([N-]S(=O)(=O)C(F)(F)F)C(F)(F)F,-1.6982691287994385,-1.7607219219207764,1,58
CCCCCCCC[N+]1(C)CCCC1|O=S(=O)([N-]S(=O)(=O)C(F)(F)F)C(F)(F)F,-1.4784096479415894,-1.4909684658050537,1,58
CCCCCCCC[N+]1(C)CCCC1|O=S(=O)([N-]S(=O)(=O)C(F)(F)F)C(F)(F)F,-1.2946271896362305,-1.2532978057861328,1,58
CCCCCCCC[N+]1(C)CCCC1|O=S(=O)([N-]S(=O)(=O)C(F)(F)F)C(F)(F)F,-1.0526833534240723,-0.9830123782157898,1,58
CCCCCCCC[N+]1(C)CCCC1|O=S(=O)([N-]S(=O)(=O)C(F)(F)F)C(F)(F)F,-0.7985076904296875,-0.7096096277236938,1,58
CCCCCCCC[N+]1(C)CCCC1|O=S(=O)([N-]S(=O)(=O)C(F)(F)F)C(F)(F)F,-0.5727010369300842,-0.4996229410171509,1,58
CCCCCCCC[N+]1(C)CCCC1|O=S(=O)([N-]S(=O)(=O)C(F)(F)F)C(F)(F)F,-0.3410828411579132,-0.30224835872650146,1,58
CC[N+](C)(CC)CCOC|O=S(=O)([N-]S(=O)(=O)C(F)(F)F)C(F)(F)F,-7.094084739685059,-4.654407501220703,1,39
CC[N+](C)(CC)CCOC|O=S(=O)([N-]S(=O)(=O)C(F)(F)F)C(F)(F)F,-5.713832855224609,-3.985804796218872,1,39
CC[N+](C)(CC)CCOC|O=S(=O)([N-]S(=O)(=O)C(F)(F)F)C(F)(F)F,-4.48295259475708,-3.261861801147461,1,39
CC[N+](C)(CC)CCOC|O=S(=O)([N-]S(=O)(=O)C(F)(F)F)C(F)(F)F,-3.503230094909668,-2.7227725982666016,1,39
CC[N+](C)(CC)CCOC|O=S(=O)([N-]S(=O)(=O)C(F)(F)F)C(F)(F)F,-2.7150747776031494,-2.373314142227173,1,39
CC[N+](C)(CC)CCOC|O=S(=O)([N-]S(=O)(=O)C(F)(F)F)C(F)(F)F,-2.063568115234375,-2.0315372943878174,1,39
CC[N+](C)(CC)CCOC|O=S(=O)([N-]S(=O)(=O)C(F)(F)F)C(F)(F)F,-1.5324769020080566,-1.6606708765029907,1,39
CC[N+](C)(CC)CCOC|O=S(=O)([N-]S(=O)(=O)C(F)(F)F)C(F)(F)F,-1.090644121170044,-1.3551952838897705,1,39
CC[N+](C)(CC)CCOC|O=S(=O)([N-]S(=O)(=O)C(F)(F)F)C(F)(F)F,-0.7174398899078369,-1.13910710811615,1,39
CC[N+](C)(CC)CCOC|O=S(=O)([N-]S(=O)(=O)C(F)(F)F)C(F)(F)F,-0.4004775583744049,-0.9773478507995605,1,39
CC[N+](C)(CC)CCOC|O=S(=O)([N-]S(=O)(=O)C(F)(F)F)C(F)(F)F,-0.14041215181350708,-0.8158693313598633,1,39
CC[N+](C)(CC)CCOC|O=S(=O)([N-]S(=O)(=O)C(F)(F)F)C(F)(F)F,0.08617769926786423,-0.6549864411354065,1,39
CC[N+](C)(CC)CCOC|O=S(=O)([N-]S(=O)(=O)C(F)(F)F)C(F)(F)F,0.28517892956733704,-0.4969346523284912,1,39
CC[n+]1ccn(C)c1|O=S(=O)(F)[N-]S(=O)(=O)F,-0.5447271466255188,-1.5813254117965698,1,49
CC[n+]1ccn(C)c1|O=S(=O)(F)[N-]S(=O)(=O)F,-0.15082289278507233,-0.8756442666053772,1,49
CC[n+]1ccn(C)c1|O=S(=O)(F)[N-]S(=O)(=O)F,0.19062036275863647,-0.3738199472427368,1,49
CC[n+]1ccn(C)c1|O=S(=O)(F)[N-]S(=O)(=O)F,0.47623416781425476,-0.04862678050994873,1,49
CC[n+]1ccn(C)c1|O=S(=O)(F)[N-]S(=O)(=O)F,0.7275485992431641,0.1718660593032837,1,49
CC[n+]1ccn(C)c1|O=S(=O)(F)[N-]S(=O)(=O)F,0.9439058899879456,0.3442763090133667,1,49
CC[n+]1ccn(C)c1|O=S(=O)(F)[N-]S(=O)(=O)F,1.1346226930618286,0.5011944770812988,1,49
CC[n+]1ccn(C)c1|O=S(=O)(F)[N-]S(=O)(=O)F,1.3217558860778809,0.6476969718933105,1,49
CC[n+]1ccn(C)c1|O=S(=O)(F)[N-]S(=O)(=O)F,1.479329228401184,0.7912189960479736,1,49
CC[n+]1ccn(C)c1|O=S(=O)(F)[N-]S(=O)(=O)F,1.6292405128479004,0.9356625080108643,1,49
CC[n+]1ccn(C)c1|O=S(=O)(F)[N-]S(=O)(=O)F,1.7561322450637817,1.0823962688446045,1,49
CC[n+]1ccn(C)c1|O=S(=O)(F)[N-]S(=O)(=O)F,1.9035989046096802,1.2291297912597656,1,49
CC[n+]1ccn(C)c1|O=S(=O)(F)[N-]S(=O)(=O)F,2.0149030685424805,1.377091407775879,1,49
CCCC[N+]1(C)CCCCC1|CCCCO[PH](=O)[O-],-3.649658679962158,-3.2979888916015625,1,13
CCCC[N+]1(C)CCCCC1|CCCCO[PH](=O)[O-],-3.5755507946014404,-3.1521379947662354,1,13
CCCC[N+]1(C)CCCCC1|CCCCO[PH](=O)[O-],-3.4737679958343506,-3.024172782897949,1,13
CCCC[N+]1(C)CCCCC1|CCCCO[PH](=O)[O-],-3.381394863128662,-2.902510643005371,1,13
CCCC[N+]1(C)CCCCC1|CCCCO[PH](=O)[O-],-3.296837329864502,-2.783433198928833,1,13
CCCC[N+]1(C)CCCCC1|CCCCO[PH](=O)[O-],-3.2188758850097656,-2.674480438232422,1,13
CCCC[N+]1(C)CCCCC1|CCCCO[PH](=O)[O-],-3.123565673828125,-2.576244831085205,1,13
CCCC[N+]1(C)CCCCC1|CCCCO[PH](=O)[O-],-3.0365543365478516,-2.482884168624878,1,13
CCCC[N+]1(C)CCCCC1|CCCCO[PH](=O)[O-],-2.9374632835388184,-2.386103630065918,1,13
CCCC[N+]1(C)CCCCC1|CCCCO[PH](=O)[O-],-2.8473122119903564,-2.3034138679504395,1,13
CCCC[N+]1(C)CCCCC1|CCCCO[PH](=O)[O-],-2.764620542526245,-2.2250378131866455,1,13
CCCC[N+]1(C)CCCCC1|CCCCO[PH](=O)[O-],-2.6736488342285156,-2.1449246406555176,1,13
CCCC[N+]1(C)CCCCC1|CCCCO[PH](=O)[O-],-2.5902671813964844,-2.067220449447632,1,13
CC[n+]1ccn(C)c1|F[B-](F)(F)F,-3.1729469299316406,-6.574376106262207,1,292
CC[n+]1ccn(C)c1|F[B-](F)(F)F,-2.218611717224121,-5.37664270401001,1,292
CC[n+]1ccn(C)c1|F[B-](F)(F)F,-1.4554301500320435,-4.1671061515808105,1,292
CC[n+]1ccn(C)c1|F[B-](F)(F)F,-0.8402560353279114,-2.955474853515625,1,292
CC[n+]1ccn(C)c1|F[B-](F)(F)F,-0.3329584300518036,-1.931579828262329,1,292
CC[n+]1ccn(C)c1|F[B-](F)(F)F,0.09184965491294861,-1.2407605648040771,1,292
CC[n+]1ccn(C)c1|F[B-](F)(F)F,0.452666699886322,-0.7016698718070984,1,292
CC[n+]1ccn(C)c1|F[B-](F)(F)F,0.6133460998535156,-0.4728769063949585,1,292
CC[n+]1ccn(C)c1|F[B-](F)(F)F,0.9025163054466248,-0.08581137657165527,1,292
CC[n+]1ccn(C)c1|F[B-](F)(F)F,1.1555910110473633,0.19081127643585205,1,292
CC[n+]1ccn(C)c1|F[B-](F)(F)F,1.3787157535552979,0.4127042293548584,1,292
CC[n+]1ccn(C)c1|F[B-](F)(F)F,1.5776169300079346,0.5759634971618652,1,292
CC[n+]1ccn(C)c1|F[B-](F)(F)F,1.7567883729934692,0.7274055480957031,1,292
CCSCC[P+](CC)(CC)CC|O=S(=O)(F)[N-]S(=O)(=O)F,-1.7259716987609863,-1.8674336671829224,1,14
CCSCC[P+](CC)(CC)CC|O=S(=O)(F)[N-]S(=O)(=O)F,-1.6296405792236328,-1.6554168462753296,1,14
CCSCC[P+](CC)(CC)CC|O=S(=O)(F)[N-]S(=O)(=O)F,-1.5278578996658325,-1.468595266342163,1,14
CCSCC[P+](CC)(CC)CC|O=S(=O)(F)[N-]S(=O)(=O)F,-1.3943265676498413,-1.2966630458831787,1,14
CCSCC[P+](CC)(CC)CC|O=S(=O)(F)[N-]S(=O)(=O)F,-1.2623083591461182,-1.1497430801391602,1,14
CCSCC[P+](CC)(CC)CC|O=S(=O)(F)[N-]S(=O)(=O)F,-1.1776554584503174,-1.0230774879455566,1,14
CCSCC[P+](CC)(CC)CC|O=S(=O)(F)[N-]S(=O)(=O)F,-1.099612832069397,-0.9134324193000793,1,14
CCSCC[P+](CC)(CC)CC|O=S(=O)(F)[N-]S(=O)(=O)F,-1.0188772678375244,-0.8197265267372131,1,14
CCSCC[P+](CC)(CC)CC|O=S(=O)(F)[N-]S(=O)(=O)F,-0.9441759586334229,-0.7378087639808655,1,14
CCSCC[P+](CC)(CC)CC|O=S(=O)(F)[N-]S(=O)(=O)F,-0.872273862361908,-0.6614493727684021,1,14
CCSCC[P+](CC)(CC)CC|O=S(=O)(F)[N-]S(=O)(=O)F,-0.802962064743042,-0.588451623916626,1,14
CCSCC[P+](CC)(CC)CC|O=S(=O)(F)[N-]S(=O)(=O)F,-0.7381445169448853,-0.5123398303985596,1,14
CCSCC[P+](CC)(CC)CC|O=S(=O)(F)[N-]S(=O)(=O)F,-0.6674794554710388,-0.4405205249786377,1,14
CCC[N+]1(C)CCCC1|CC(=O)[O-],-1.7719568014144897,-4.484396934509277,1,22
CCC[N+]1(C)CCCC1|CC(=O)[O-],-1.3470736742019653,-3.9589200019836426,1,22
CCC[N+]1(C)CCCC1|CC(=O)[O-],-1.0498220920562744,-3.400351047515869,1,22
CCC[N+]1(C)CCCC1|CC(=O)[O-],-0.7765287756919861,-2.8907508850097656,1,22
CCC[N+]1(C)CCCC1|CC(=O)[O-],-0.4780358076095581,-2.441789150238037,1,22
CCC[N+]1(C)CCCC1|CC(=O)[O-],-0.2231435477733612,-2.069157838821411,1,22
CCC[N+]1(C)CCCC1|CC(=O)[O-],0.0,-1.75324547290802,1,22
CCC[N+]1(C)CCCC1|CC(=O)[O-],0.2231435477733612,-1.5186283588409424,1,22
CCC[N+]1(C)CCCC1|CC(=O)[O-],0.3920421004295349,-1.1866792440414429,1,22
CCC[N+]1(C)CCCC1|CC(=O)[O-],0.5596157908439636,-0.9572678804397583,1,22
CCC[N+]1(C)CCCC1|CC(=O)[O-],0.7275485992431641,-0.7528178691864014,1,22
CCC[N+]1(C)CCCC1|CC(=O)[O-],0.8671004772186279,-0.562868595123291,1,22
CCC[N+]1(C)CCCC1|CC(=O)[O-],0.978326141834259,-0.3959277868270874,1,22
CCC[N+]1(C)CCCC1|CC(=O)[O-],1.1184148788452148,-0.2783132791519165,1,22
CCC[N+]1(C)CCCC1|CC(=O)[O-],1.2029722929000854,-0.1156623363494873,1,22
CCC[N+]1(C)CCCC1|CC(=O)[O-],1.3137236833572388,-0.02086770534515381,1,22
CCC[N+]1(C)CCCC1|CC(=O)[O-],1.398716926574707,0.11710655689239502,1,22
CCC[N+]1(C)CCCC1|CC(=O)[O-],1.4816045761108398,0.22467553615570068,1,22
CCC[N+]1(C)CCCC1|CC(=O)[O-],1.5644404888153076,0.3223670721054077,1,22
CCC[N+]1(C)CCCC1|CC(=O)[O-],1.6213665008544922,0.4084305763244629,1,22
CCC[N+]1(C)CCCC1|CC(=O)[O-],1.6770966053009033,0.48804450035095215,1,22
CCn1cc[n+](C)c1|FC(F)(F)C(F)(F)[P-](F)(F)(F)(C(F)(F)C(F)(F)F)C(F)(F)C(F)(F)F,-1.4961092472076416,-2.3455617427825928,1,31
CCn1cc[n+](C)c1|FC(F)(F)C(F)(F)[P-](F)(F)(F)(C(F)(F)C(F)(F)F)C(F)(F)C(F)(F)F,-1.0161110162734985,-1.8698426485061646,1,31
CCn1cc[n+](C)c1|FC(F)(F)C(F)(F)[P-](F)(F)(F)(C(F)(F)C(F)(F)F)C(F)(F)C(F)(F)F,-0.6180397272109985,-1.4434547424316406,1,31
CCn1cc[n+](C)c1|FC(F)(F)C(F)(F)[P-](F)(F)(F)(C(F)(F)C(F)(F)F)C(F)(F)C(F)(F)F,-0.2783920168876648,-1.0960593223571777,1,31
CCn1cc[n+](C)c1|FC(F)(F)C(F)(F)[P-](F)(F)(F)(C(F)(F)C(F)(F)F)C(F)(F)C(F)(F)F,0.017839917913079262,-0.8120738863945007,1,31
CCn1cc[n+](C)c1|FC(F)(F)C(F)(F)[P-](F)(F)(F)(C(F)(F)C(F)(F)F)C(F)(F)C(F)(F)F,0.27611544728279114,-0.6020745038986206,1,31
CCn1cc[n+](C)c1|FC(F)(F)C(F)(F)[P-](F)(F)(F)(C(F)(F)C(F)(F)F)C(F)(F)C(F)(F)F,0.5056120753288269,-0.41270971298217773,1,31
CCn1cc[n+](C)c1|FC(F)(F)C(F)(F)[P-](F)(F)(F)(C(F)(F)C(F)(F)F)C(F)(F)C(F)(F)F,0.707050085067749,-0.24064981937408447,1,31
CCn1cc[n+](C)c1|FC(F)(F)C(F)(F)[P-](F)(F)(F)(C(F)(F)C(F)(F)F)C(F)(F)C(F)(F)F,0.8874796628952026,-0.06981766223907471,1,31
CCn1cc[n+](C)c1|FC(F)(F)C(F)(F)[P-](F)(F)(F)(C(F)(F)C(F)(F)F)C(F)(F)C(F)(F)F,1.049422025680542,0.09231507778167725,1,31
CCn1cc[n+](C)c1|FC(F)(F)C(F)(F)[P-](F)(F)(F)(C(F)(F)C(F)(F)F)C(F)(F)C(F)(F)F,1.1963437795639038,0.25499069690704346,1,31
CCn1cc[n+](C)c1|FC(F)(F)C(F)(F)[P-](F)(F)(F)(C(F)(F)C(F)(F)F)C(F)(F)C(F)(F)F,1.3299884796142578,0.41568756103515625,1,31
CCn1cc[n+](C)c1|FC(F)(F)C(F)(F)[P-](F)(F)(F)(C(F)(F)C(F)(F)F)C(F)(F)C(F)(F)F,1.4527840614318848,0.5704503059387207,1,31
CCn1cc[n+](C)c1|FC(F)(F)C(F)(F)[P-](F)(F)(F)(C(F)(F)C(F)(F)F)C(F)(F)C(F)(F)F,1.56569504737854,0.7227180004119873,1,31
CCn1cc[n+](C)c1|FC(F)(F)C(F)(F)[P-](F)(F)(F)(C(F)(F)C(F)(F)F)C(F)(F)C(F)(F)F,1.6694035530090332,0.8751897811889648,1,31
CCn1cc[n+](C)c1|FC(F)(F)C(F)(F)[P-](F)(F)(F)(C(F)(F)C(F)(F)F)C(F)(F)C(F)(F)F,1.7659287452697754,1.0244078636169434,1,31
CCn1cc[n+](C)c1|FC(F)(F)C(F)(F)[P-](F)(F)(F)(C(F)(F)C(F)(F)F)C(F)(F)C(F)(F)F,1.8561416864395142,1.1714518070220947,1,31
CCn1cc[n+](C)c1|FC(F)(F)C(F)(F)[P-](F)(F)(F)(C(F)(F)C(F)(F)F)C(F)(F)C(F)(F)F,1.940610408782959,1.318495512008667,1,31
CCn1cc[n+](C)c1|FC(F)(F)C(F)(F)[P-](F)(F)(F)(C(F)(F)C(F)(F)F)C(F)(F)C(F)(F)F,2.0192933082580566,1.4655821323394775,1,31
CCn1cc[n+](C)c1|FC(F)(F)C(F)(F)[P-](F)(F)(F)(C(F)(F)C(F)(F)F)C(F)(F)C(F)(F)F,2.0933444499969482,1.6134350299835205,1,31
CC[N+]1(C)CCOCC1|CCO[PH](=O)[O-],-2.488914728164673,-3.0736629962921143,1,13
CC[N+]1(C)CCOCC1|CCO[PH](=O)[O-],-2.4304184913635254,-2.9600954055786133,1,13
CC[N+]1(C)CCOCC1|CCO[PH](=O)[O-],-2.3644604682922363,-2.8549060821533203,1,13
CC[N+]1(C)CCOCC1|CCO[PH](=O)[O-],-2.3126354217529297,-2.76893949508667,1,13
CC[N+]1(C)CCOCC1|CCO[PH](=O)[O-],-2.2443161010742188,-2.6827750205993652,1,13
CC[N+]1(C)CCOCC1|CCO[PH](=O)[O-],-2.189256429672241,-2.59814715385437,1,13
CC[N+]1(C)CCOCC1|CCO[PH](=O)[O-],-2.111964702606201,-2.5192251205444336,1,13
CC[N+]1(C)CCOCC1|CCO[PH](=O)[O-],-2.063568115234375,-2.4400634765625,1,13
CC[N+]1(C)CCOCC1|CCO[PH](=O)[O-],-2.0024805068969727,-2.3609018325805664,1,13
CC[N+]1(C)CCOCC1|CCO[PH](=O)[O-],-1.9379420280456543,-2.2796554565429688,1,13
CC[N+]1(C)CCOCC1|CCO[PH](=O)[O-],-1.8773173093795776,-2.1943535804748535,1,13
CC[N+]1(C)CCOCC1|CCO[PH](=O)[O-],-1.8140051364898682,-2.1144816875457764,1,13
CC[N+]1(C)CCOCC1|CCO[PH](=O)[O-],-1.7544636726379395,-2.0361838340759277,1,13
CCCCCC[N+]1(C)CCCC1|CCCCCCO[PH](=O)[O-],-3.381394863128662,-3.46193265914917,1,13
CCCCCC[N+]1(C)CCCC1|CCCCCCO[PH](=O)[O-],-3.352407217025757,-3.357858180999756,1,13
CCCCCC[N+]1(C)CCCC1|CCCCCCO[PH](=O)[O-],-3.296837329864502,-3.259350061416626,1,13
CCCCCC[N+]1(C)CCCC1|CCCCCCO[PH](=O)[O-],-3.2441935539245605,-3.1566638946533203,1,13
CCCCCC[N+]1(C)CCCC1|CCCCCCO[PH](=O)[O-],-3.194183111190796,-3.052133560180664,1,13
CCCCCC[N+]1(C)CCCC1|CCCCCCO[PH](=O)[O-],-3.146555185317993,-2.949188709259033,1,13
CCCCCC[N+]1(C)CCCC1|CCCCCCO[PH](=O)[O-],-3.10109281539917,-2.858473300933838,1,13
CCCCCC[N+]1(C)CCCC1|CCCCCCO[PH](=O)[O-],-3.057607650756836,-2.7708466053009033,1,13
CCCCCC[N+]1(C)CCCC1|CCCCCCO[PH](=O)[O-],-2.995732307434082,-2.686023712158203,1,13
CCCCCC[N+]1(C)CCCC1|CCCCCCO[PH](=O)[O-],-2.9565114974975586,-2.607489585876465,1,13
CCCCCC[N+]1(C)CCCC1|CCCCCCO[PH](=O)[O-],-2.9004220962524414,-2.526008129119873,1,13
CCCCCC[N+]1(C)CCCC1|CCCCCCO[PH](=O)[O-],-2.8473122119903564,-2.448720693588257,1,13
CCCCCC[N+]1(C)CCCC1|CCCCCCO[PH](=O)[O-],-2.7968814373016357,-2.3819241523742676,1,13
CCCCCCCCCCn1c[n+](C)cn1|O=S(=O)([N-]S(=O)(=O)C(F)(F)F)C(F)(F)F,-3.3932292461395264,-2.7870750427246094,1,12
CCCCCCCCCCn1c[n+](C)cn1|O=S(=O)([N-]S(=O)(=O)C(F)(F)F)C(F)(F)F,-3.125840902328491,-2.5530714988708496,1,12
CCCCCCCCCCn1c[n+](C)cn1|O=S(=O)([N-]S(=O)(=O)C(F)(F)F)C(F)(F)F,-2.880619525909424,-2.2981505393981934,1,12
CCCCCCCCCCn1c[n+](C)cn1|O=S(=O)([N-]S(=O)(=O)C(F)(F)F)C(F)(F)F,-2.6521425247192383,-2.081728458404541,1,12
CCCCCCCCCCn1c[n+](C)cn1|O=S(=O)([N-]S(=O)(=O)C(F)(F)F)C(F)(F)F,-2.4384047985076904,-1.8868670463562012,1,12
CCCCCCCCCCn1c[n+](C)cn1|O=S(=O)([N-]S(=O)(=O)C(F)(F)F)C(F)(F)F,-2.2443161010742188,-1.7272204160690308,1,12
CCCCCCCCCCn1c[n+](C)cn1|O=S(=O)([N-]S(=O)(=O)C(F)(F)F)C(F)(F)F,-2.05572509765625,-1.576894760131836,1,12
CCCCCCCCCCn1c[n+](C)cn1|O=S(=O)([N-]S(=O)(=O)C(F)(F)F)C(F)(F)F,-1.8773173093795776,-1.4404489994049072,1,12
CCCCCCCCCCn1c[n+](C)cn1|O=S(=O)([N-]S(=O)(=O)C(F)(F)F)C(F)(F)F,-1.7147984504699707,-1.3270820379257202,1,12
CCCCCCCCCCn1c[n+](C)cn1|O=S(=O)([N-]S(=O)(=O)C(F)(F)F)C(F)(F)F,-1.5654209852218628,-1.21782386302948,1,12
CCCCCCCCCCn1c[n+](C)cn1|O=S(=O)([N-]S(=O)(=O)C(F)(F)F)C(F)(F)F,-1.4188175201416016,-1.117937684059143,1,12
CCCCCCCCCCn1c[n+](C)cn1|O=S(=O)([N-]S(=O)(=O)C(F)(F)F)C(F)(F)F,-1.2837377786636353,-1.0269761085510254,1,12
c(N(CC)CC)1c(N(CC)CC)[c+]1NCCCC|[N-](S(=O)(=O)C(F)(F)F)S(=O)(=O)C(F)(F)F,-3.772261142730713,-1.858904242515564,1,12
c(N(CC)CC)1c(N(CC)CC)[c+]1NCCCC|[N-](S(=O)(=O)C(F)(F)F)S(=O)(=O)C(F)(F)F,-3.476999044418335,-1.7137715816497803,1,12
c(N(CC)CC)1c(N(CC)CC)[c+]1NCCCC|[N-](S(=O)(=O)C(F)(F)F)S(=O)(=O)C(F)(F)F,-3.206453323364258,-1.5725585222244263,1,12
c(N(CC)CC)1c(N(CC)CC)[c+]1NCCCC|[N-](S(=O)(=O)C(F)(F)F)S(=O)(=O)C(F)(F)F,-2.954590320587158,-1.429709553718567,1,12
c(N(CC)CC)1c(N(CC)CC)[c+]1NCCCC|[N-](S(=O)(=O)C(F)(F)F)S(=O)(=O)C(F)(F)F,-2.7196168899536133,-1.2966973781585693,1,12
c(N(CC)CC)1c(N(CC)CC)[c+]1NCCCC|[N-](S(=O)(=O)C(F)(F)F)S(=O)(=O)C(F)(F)F,-2.502256393432617,-1.1781563758850098,1,12
c(N(CC)CC)1c(N(CC)CC)[c+]1NCCCC|[N-](S(=O)(=O)C(F)(F)F)S(=O)(=O)C(F)(F)F,-2.2926347255706787,-1.0693020820617676,1,12
c(N(CC)CC)1c(N(CC)CC)[c+]1NCCCC|[N-](S(=O)(=O)C(F)(F)F)S(=O)(=O)C(F)(F)F,-2.103734254837036,-0.9715473055839539,1,12
c(N(CC)CC)1c(N(CC)CC)[c+]1NCCCC|[N-](S(=O)(=O)C(F)(F)F)S(=O)(=O)C(F)(F)F,-1.924148678779602,-0.8876086473464966,1,12
c(N(CC)CC)1c(N(CC)CC)[c+]1NCCCC|[N-](S(=O)(=O)C(F)(F)F)S(=O)(=O)C(F)(F)F,-1.760260820388794,-0.801125705242157,1,12
c(N(CC)CC)1c(N(CC)CC)[c+]1NCCCC|[N-](S(=O)(=O)C(F)(F)F)S(=O)(=O)C(F)(F)F,-1.599487543106079,-0.7263802886009216,1,12
c(N(CC)CC)1c(N(CC)CC)[c+]1NCCCC|[N-](S(=O)(=O)C(F)(F)F)S(=O)(=O)C(F)(F)F,-1.4524341821670532,-0.6556169986724854,1,12
COCC[N+]1(C)CCCC1|O=S(=O)([N-]S(=O)(=O)C(F)(F)F)C(F)(F)F,-1.265848159790039,-1.708762764930725,1,36
COCC[N+]1(C)CCCC1|O=S(=O)([N-]S(=O)(=O)C(F)(F)F)C(F)(F)F,-1.1711829900741577,-1.478920578956604,1,36
COCC[N+]1(C)CCCC1|O=S(=O)([N-]S(=O)(=O)C(F)(F)F)C(F)(F)F,-1.0729445219039917,-1.274103045463562,1,36
COCC[N+]1(C)CCCC1|O=S(=O)([N-]S(=O)(=O)C(F)(F)F)C(F)(F)F,-0.9834994673728943,-1.0967447757720947,1,36
COCC[N+]1(C)CCCC1|O=S(=O)([N-]S(=O)(=O)C(F)(F)F)C(F)(F)F,-0.8891620635986328,-0.9402017593383789,1,36
COCC[N+]1(C)CCCC1|O=S(=O)([N-]S(=O)(=O)C(F)(F)F)C(F)(F)F,-0.802962064743042,-0.80237877368927,1,36
COCC[N+]1(C)CCCC1|O=S(=O)([N-]S(=O)(=O)C(F)(F)F)C(F)(F)F,-0.7256703972816467,-0.6791611909866333,1,36
COCC[N+]1(C)CCCC1|O=S(=O)([N-]S(=O)(=O)C(F)(F)F)C(F)(F)F,-0.646263599395752,-0.5833029747009277,1,36
COCC[N+]1(C)CCCC1|O=S(=O)([N-]S(=O)(=O)C(F)(F)F)C(F)(F)F,-0.5691611766815186,-0.4969182014465332,1,36
COCC[N+]1(C)CCCC1|O=S(=O)([N-]S(=O)(=O)C(F)(F)F)C(F)(F)F,-0.4942963123321533,-0.4115220308303833,1,36
COCC[N+]1(C)CCCC1|O=S(=O)([N-]S(=O)(=O)C(F)(F)F)C(F)(F)F,-0.4246479272842407,-0.32758522033691406,1,36
COCC[N+]1(C)CCCC1|O=S(=O)([N-]S(=O)(=O)C(F)(F)F)C(F)(F)F,-0.3566749393939972,-0.2416757345199585,1,36
CCCC[N+]1(C)CCCC1|O=S(=O)(F)[N-]S(=O)(=O)F,-1.4439234733581543,-3.2245702743530273,1,45
CCCC[N+]1(C)CCCC1|O=S(=O)(F)[N-]S(=O)(=O)F,-1.2207798957824707,-2.638505220413208,1,45
CCCC[N+]1(C)CCCC1|O=S(=O)(F)[N-]S(=O)(=O)F,-1.013352394104004,-2.1464035511016846,1,45
CCCC[N+]1(C)CCCC1|O=S(=O)(F)[N-]S(=O)(=O)F,-0.8232558369636536,-1.7415441274642944,1,45
CCCC[N+]1(C)CCCC1|O=S(=O)(F)[N-]S(=O)(=O)F,-0.6443570256233215,-1.412951946258545,1,45
CCCC[N+]1(C)CCCC1|O=S(=O)(F)[N-]S(=O)(=O)F,-0.47965002059936523,-1.1352369785308838,1,45
CCCC[N+]1(C)CCCC1|O=S(=O)(F)[N-]S(=O)(=O)F,-0.3257301449775696,-0.8745012879371643,1,45
CCCC[N+]1(C)CCCC1|O=S(=O)(F)[N-]S(=O)(=O)F,-0.04186420515179634,-0.44505107402801514,1,45
CCCC[N+]1(C)CCCC1|O=S(=O)(F)[N-]S(=O)(=O)F,0.20782685279846191,-0.12459707260131836,1,45
CCCC[N+]1(C)CCCC1|O=S(=O)(F)[N-]S(=O)(=O)F,0.4304828643798828,0.12141978740692139,1,45
CCCC[N+]1(C)CCCC1|O=S(=O)(F)[N-]S(=O)(=O)F,0.623261034488678,0.3145564794540405,1,45
CCCC[N+]1(C)CCCC1|O=S(=O)(F)[N-]S(=O)(=O)F,0.8020015954971313,0.47602105140686035,1,45
CCCCC[N+](C)(C)CC|O=S(=O)([N-]S(=O)(=O)C(F)(F)F)C(F)(F)F,-3.5543484687805176,-3.3093948364257812,1,12
CCCCC[N+](C)(C)CC|O=S(=O)([N-]S(=O)(=O)C(F)(F)F)C(F)(F)F,-3.1820619106292725,-2.9425294399261475,1,12
CCCCC[N+](C)(C)CC|O=S(=O)([N-]S(=O)(=O)C(F)(F)F)C(F)(F)F,-2.8404393196105957,-2.631532669067383,1,12
CCCCC[N+](C)(C)CC|O=S(=O)([N-]S(=O)(=O)C(F)(F)F)C(F)(F)F,-2.525728702545166,-2.3841848373413086,1,12
CCCCC[N+](C)(C)CC|O=S(=O)([N-]S(=O)(=O)C(F)(F)F)C(F)(F)F,-2.237734079360962,-2.17326021194458,1,12
CCCCC[N+](C)(C)CC|O=S(=O)([N-]S(=O)(=O)C(F)(F)F)C(F)(F)F,-1.9718434810638428,-1.976096510887146,1,12
CCCCC[N+](C)(C)CC|O=S(=O)([N-]S(=O)(=O)C(F)(F)F)C(F)(F)F,-1.7265336513519287,-1.778336763381958,1,12
CCCCC[N+](C)(C)CC|O=S(=O)([N-]S(=O)(=O)C(F)(F)F)C(F)(F)F,-1.2909841537475586,-1.408935546875,1,12
CCCCC[N+](C)(C)CC|O=S(=O)([N-]S(=O)(=O)C(F)(F)F)C(F)(F)F,-0.9137938618659973,-1.0665359497070312,1,12
CCCCC[N+](C)(C)CC|O=S(=O)([N-]S(=O)(=O)C(F)(F)F)C(F)(F)F,-0.5869869589805603,-0.8074031472206116,1,12
CCCCC[N+](C)(C)CC|O=S(=O)([N-]S(=O)(=O)C(F)(F)F)C(F)(F)F,-0.29975464940071106,-0.6088610887527466,1,12
CCCCC[N+](C)(C)CC|O=S(=O)([N-]S(=O)(=O)C(F)(F)F)C(F)(F)F,-0.046043939888477325,-0.4361811876296997,1,12
C[N+](C)(C)CCO|N[C@@H](CO)C(=O)[O-],-6.980326175689697,-5.177579402923584,1,12
C[N+](C)(C)CCO|N[C@@H](CO)C(=O)[O-],-6.536191940307617,-4.7742509841918945,1,12
C[N+](C)(C)CCO|N[C@@H](CO)C(=O)[O-],-6.0792036056518555,-4.368088722229004,1,12
C[N+](C)(C)CCO|N[C@@H](CO)C(=O)[O-],-5.629602909088135,-3.9857168197631836,1,12
C[N+](C)(C)CCO|N[C@@H](CO)C(=O)[O-],-5.197567462921143,-3.6157031059265137,1,12
C[N+](C)(C)CCO|N[C@@H](CO)C(=O)[O-],-4.787891864776611,-3.2829971313476562,1,12
C[N+](C)(C)CCO|N[C@@H](CO)C(=O)[O-],-4.4087815284729,-3.023221969604492,1,12
C[N+](C)(C)CCO|N[C@@H](CO)C(=O)[O-],-4.046125888824463,-2.794267177581787,1,12
C[N+](C)(C)CCO|N[C@@H](CO)C(=O)[O-],-3.6253414154052734,-2.5626907348632812,1,12
C[N+](C)(C)CCO|N[C@@H](CO)C(=O)[O-],-3.296837329864502,-2.317378282546997,1,12
C[N+](C)(C)CCO|N[C@@H](CO)C(=O)[O-],-3.0057826042175293,-2.065678119659424,1,12
C[N+](C)(C)CCO|N[C@@H](CO)C(=O)[O-],-2.676551580429077,-1.8429350852966309,1,12
CCCn1cc[n+](C)c1|O=P([O-])(O)O,-0.7571524977684021,-1.8397908210754395,1,12
CCCn1cc[n+](C)c1|O=P([O-])(O)O,-0.6236211061477661,-1.4849200248718262,1,12
CCCn1cc[n+](C)c1|O=P([O-])(O)O,-0.4893903434276581,-1.1782258749008179,1,12
CCCn1cc[n+](C)c1|O=P([O-])(O)O,-0.36672526597976685,-0.9116215109825134,1,12
CCCn1cc[n+](C)c1|O=P([O-])(O)O,-0.24207155406475067,-0.6932072043418884,1,12
CCCn1cc[n+](C)c1|O=P([O-])(O)O,-0.12897038459777832,-0.508307695388794,1,12
CCCn1cc[n+](C)c1|O=P([O-])(O)O,-0.023268627002835274,-0.36157655715942383,1,12
CCCn1cc[n+](C)c1|O=P([O-])(O)O,0.07881118357181549,-0.23995327949523926,1,12
CCCn1cc[n+](C)c1|O=P([O-])(O)O,0.17058630287647247,-0.1336272954940796,1,12
CCCn1cc[n+](C)c1|O=P([O-])(O)O,0.2639015316963196,-0.02815258502960205,1,12
CCCn1cc[n+](C)c1|O=P([O-])(O)O,0.34500715136528015,0.07048964500427246,1,12
CCCn1cc[n+](C)c1|O=P([O-])(O)O,0.4356709420681,0.16551804542541504,1,12
CC[n+]1ccn(C)c1|F[B-](F)(F)F,-1.3356012105941772,-3.587604522705078,1,292
CC[n+]1ccn(C)c1|F[B-](F)(F)F,-0.7423374056816101,-2.3999757766723633,1,292
CC[n+]1ccn(C)c1|F[B-](F)(F)F,-0.26136475801467896,-1.556947946548462,1,292
CC[n+]1ccn(C)c1|F[B-](F)(F)F,0.13391882181167603,-0.972206175327301,1,292
CC[n+]1ccn(C)c1|F[B-](F)(F)F,0.46499109268188477,-0.47944581508636475,1,292
CC[n+]1ccn(C)c1|F[B-](F)(F)F,0.7462139129638672,-0.0908045768737793,1,292
CC[n+]1ccn(C)c1|F[B-](F)(F)F,0.9880530834197998,0.1870666742324829,1,292
CC[n+]1ccn(C)c1|F[B-](F)(F)F,1.1981558799743652,0.410076379776001,1,292
CC[n+]1ccn(C)c1|F[B-](F)(F)F,1.3825373649597168,0.5736196041107178,1,292
CC[n+]1ccn(C)c1|F[B-](F)(F)F,1.545645833015442,0.7251574993133545,1,292
CC[n+]1ccn(C)c1|F[B-](F)(F)F,1.6910178661346436,0.8688523769378662,1,292
CC[n+]1ccn(C)c1|F[B-](F)(F)F,1.82131826877594,1.0119152069091797,1,292
CC[n+]1ccn(C)c1|N#C[B-](C#N)(C#N)C#N,-0.6069694757461548,-1.1886324882507324,1,12
CC[n+]1ccn(C)c1|N#C[B-](C#N)(C#N)C#N,-0.35382187366485596,-0.784235954284668,1,12
CC[n+]1ccn(C)c1|N#C[B-](C#N)(C#N)C#N,-0.12329821288585663,-0.41782474517822266,1,12
CC[n+]1ccn(C)c1|N#C[B-](C#N)(C#N)C#N,0.0843411460518837,-0.10301566123962402,1,12
CC[n+]1ccn(C)c1|N#C[B-](C#N)(C#N)C#N,0.2707902193069458,0.1533641815185547,1,12
CC[n+]1ccn(C)c1|N#C[B-](C#N)(C#N)C#N,0.44211843609809875,0.3445773124694824,1,12
CC[n+]1ccn(C)c1|N#C[B-](C#N)(C#N)C#N,0.5922212600708008,0.5125863552093506,1,12
CC[n+]1ccn(C)c1|N#C[B-](C#N)(C#N)C#N,0.8666802048683167,0.7739522457122803,1,12
CC[n+]1ccn(C)c1|N#C[B-](C#N)(C#N)C#N,1.1026042699813843,0.9694845676422119,1,12
CC[n+]1ccn(C)c1|N#C[B-](C#N)(C#N)C#N,1.306709885597229,1.141012191772461,1,12
CC[n+]1ccn(C)c1|N#C[B-](C#N)(C#N)C#N,1.4843281507492065,1.3020944595336914,1,12
CC[n+]1ccn(C)c1|N#C[B-](C#N)(C#N)C#N,1.6292405128479004,1.4506490230560303,1,12
CCCC[N+]1(C)CCCC1|O=S(=O)(F)[N-]S(=O)(=O)F,-3.299543619155884,-4.399985313415527,1,45
CCCC[N+]1(C)CCCC1|O=S(=O)(F)[N-]S(=O)(=O)F,-2.577021837234497,-3.2304787635803223,1,45
CCCC[N+]1(C)CCCC1|O=S(=O)(F)[N-]S(=O)(=O)F,-1.9951003789901733,-2.1509673595428467,1,45
CCCC[N+]1(C)CCCC1|O=S(=O)(F)[N-]S(=O)(=O)F,-1.500583529472351,-1.4158776998519897,1,45
CCCC[N+]1(C)CCCC1|O=S(=O)(F)[N-]S(=O)(=O)F,-1.0817551612854004,-0.8771292567253113,1,45
CCCC[N+]1(C)CCCC1|O=S(=O)(F)[N-]S(=O)(=O)F,-0.7236064076423645,-0.4468553066253662,1,45
CCCC[N+]1(C)CCCC1|O=S(=O)(F)[N-]S(=O)(=O)F,-0.4109802842140198,-0.1259291172027588,1,45
CCCC[N+]1(C)CCCC1|O=S(=O)(F)[N-]S(=O)(=O)F,-0.13696585595607758,0.12026822566986084,1,45
CCCC[N+]1(C)CCCC1|O=S(=O)(F)[N-]S(=O)(=O)F,0.10436001420021057,0.31373918056488037,1,45
CCCC[N+]1(C)CCCC1|O=S(=O)(F)[N-]S(=O)(=O)F,0.31990721821784973,0.475233793258667,1,45
CCCC[N+]1(C)CCCC1|O=S(=O)(F)[N-]S(=O)(=O)F,0.5122246742248535,0.6292383670806885,1,45
CCCC[N+]1(C)CCCC1|O=S(=O)(F)[N-]S(=O)(=O)F,0.6861225366592407,0.7826395034790039,1,45
CCC[n+]1ccn(C)c1|O=C([O-])O,-0.719491183757782,-2.003392219543457,1,12
CCC[n+]1ccn(C)c1|O=C([O-])O,-0.6033064723014832,-1.6093183755874634,1,12
CCC[n+]1ccn(C)c1|O=C([O-])O,-0.5008752942085266,-1.2955013513565063,1,12
CCC[n+]1ccn(C)c1|O=C([O-])O,-0.41248971223831177,-1.020423173904419,1,12
CCC[n+]1ccn(C)c1|O=C([O-])O,-0.32158362865448,-0.7798516154289246,1,12
CCC[n+]1ccn(C)c1|O=C([O-])O,-0.24207155406475067,-0.5624334812164307,1,12
CCC[n+]1ccn(C)c1|O=C([O-])O,-0.16723592579364777,-0.3814396858215332,1,12
CCC[n+]1ccn(C)c1|O=C([O-])O,-0.09651090204715729,-0.2556382417678833,1,12
CCC[n+]1ccn(C)c1|O=C([O-])O,-0.03252319246530533,-0.14493727684020996,1,12
CCC[n+]1ccn(C)c1|O=C([O-])O,0.025667747482657433,-0.04118609428405762,1,12
CCC[n+]1ccn(C)c1|O=C([O-])O,0.07973496615886688,0.06135821342468262,1,12
CCC[n+]1ccn(C)c1|O=C([O-])O,0.13278111815452576,0.16431617736816406,1,12
CCCC[N+]1(C)CCCC1|F[B-](F)(F)c1ccccc1,-1.9310215711593628,-2.945100784301758,1,12
CCCC[N+]1(C)CCCC1|F[B-](F)(F)c1ccccc1,-1.6713132858276367,-2.4753339290618896,1,12
CCCC[N+]1(C)CCCC1|F[B-](F)(F)c1ccccc1,-1.3823022842407227,-2.082801580429077,1,12
CCCC[N+]1(C)CCCC1|F[B-](F)(F)c1ccccc1,-1.2241754531860352,-1.7321875095367432,1,12
CCCC[N+]1(C)CCCC1|F[B-](F)(F)c1ccccc1,-1.021651268005371,-1.4455747604370117,1,12
CCCC[N+]1(C)CCCC1|F[B-](F)(F)c1ccccc1,-0.8051967024803162,-1.1750712394714355,1,12
CCCC[N+]1(C)CCCC1|F[B-](F)(F)c1ccccc1,-0.6329932808876038,-0.9091364145278931,1,12
CCCC[N+]1(C)CCCC1|F[B-](F)(F)c1ccccc1,-0.4604494273662567,-0.6971880197525024,1,12
CCCC[N+]1(C)CCCC1|F[B-](F)(F)c1ccccc1,-0.30245736241340637,-0.5391889810562134,1,12
CCCC[N+]1(C)CCCC1|F[B-](F)(F)c1ccccc1,-0.12897038459777832,-0.391055703163147,1,12
CCCC[N+]1(C)CCCC1|F[B-](F)(F)c1ccccc1,0.013902905397117138,-0.25450170040130615,1,12
CC[n+]1ccn(C)c1|F[B-](F)(F)F,0.1988508552312851,-0.9639007449150085,1,292
CC[n+]1ccn(C)c1|F[B-](F)(F)F,0.3220835030078888,-0.7016698718070984,1,292
CC[n+]1ccn(C)c1|F[B-](F)(F)F,0.43178242444992065,-0.4728769063949585,1,292
CC[n+]1ccn(C)c1|F[B-](F)(F)F,0.5538851022720337,-0.26868724822998047,1,292
CC[n+]1ccn(C)c1|F[B-](F)(F)F,0.6881346106529236,-0.08581137657165527,1,292
CC[n+]1ccn(C)c1|F[B-](F)(F)F,0.9360933303833008,0.19081127643585205,1,292
CC[n+]1ccn(C)c1|F[B-](F)(F)F,1.0818052291870117,0.4127042293548584,1,292
CC[n+]1ccn(C)c1|F[B-](F)(F)F,1.2947272062301636,0.5759634971618652,1,292
CC[n+]1ccn(C)c1|F[B-](F)(F)F,1.470175862312317,0.7274055480957031,1,292
CC[n+]1ccn(C)c1|F[B-](F)(F)F,1.6486586332321167,0.8709948062896729,1,292
CC[n+]1ccn(C)c1|F[B-](F)(F)F,1.7749522924423218,1.014054536819458,1,292
CCCC[n+]1ccn(C)c1|O=C([O-])O,-1.2946271896362305,-2.5885744094848633,1,12
CCCC[n+]1ccn(C)c1|O=C([O-])O,-1.1332037448883057,-2.107419967651367,1,12
CCCC[n+]1ccn(C)c1|O=C([O-])O,-0.9781661629676819,-1.7375115156173706,1,12
CCCC[n+]1ccn(C)c1|O=C([O-])O,-0.8232558369636536,-1.4630364179611206,1,12
CCCC[n+]1ccn(C)c1|O=C([O-])O,-0.7011793255805969,-1.2262520790100098,1,12
CCCC[n+]1ccn(C)c1|O=C([O-])O,-0.5851900577545166,-1.0007116794586182,1,12
CCCC[n+]1ccn(C)c1|O=C([O-])O,-0.4748151898384094,-0.7757881283760071,1,12
CCCC[n+]1ccn(C)c1|O=C([O-])O,-0.372514009475708,-0.585662841796875,1,12
CCCC[n+]1ccn(C)c1|O=C([O-])O,-0.2810375392436981,-0.4537367820739746,1,12
CCCC[n+]1ccn(C)c1|O=C([O-])O,-0.19479908049106598,-0.3365854024887085,1,12
CCCC[n+]1ccn(C)c1|O=C([O-])O,-0.11316870152950287,-0.22735440731048584,1,12
CCCC[n+]1ccn(C)c1|O=C([O-])O,-0.037701867520809174,-0.12207329273223877,1,12
CCCCn1cc[n+](C)c1|F[B-](F)(F)c1cccc(C(F)(F)F)c1,-1.6660082340240479,-2.0358409881591797,1,11
CCCCn1cc[n+](C)c1|F[B-](F)(F)c1cccc(C(F)(F)F)c1,-1.4439234733581543,-1.7499969005584717,1,11
CCCCn1cc[n+](C)c1|F[B-](F)(F)c1cccc(C(F)(F)F)c1,-1.2344319820404053,-1.489423155784607,1,11
CCCCn1cc[n+](C)c1|F[B-](F)(F)c1cccc(C(F)(F)F)c1,-1.0106014013290405,-1.2545164823532104,1,11
CCCCn1cc[n+](C)c1|F[B-](F)(F)c1cccc(C(F)(F)F)c1,-0.8439700603485107,-1.0249842405319214,1,11
CCCCn1cc[n+](C)c1|F[B-](F)(F)c1cccc(C(F)(F)F)c1,-0.6198967099189758,-0.8307088017463684,1,11
CCCCn1cc[n+](C)c1|F[B-](F)(F)c1cccc(C(F)(F)F)c1,-0.37687766551971436,-0.6474303603172302,1,11
CCCCn1cc[n+](C)c1|F[B-](F)(F)c1cccc(C(F)(F)F)c1,-0.26396554708480835,-0.5069537162780762,1,11
CCCCn1cc[n+](C)c1|F[B-](F)(F)c1cccc(C(F)(F)F)c1,-0.058688994497060776,-0.4032402038574219,1,11
CCCCn1cc[n+](C)c1|F[B-](F)(F)c1cccc(C(F)(F)F)c1,0.05354076623916626,-0.30876708030700684,1,11
CCCCn1cc[n+](C)c1|F[B-](F)(F)c1cccc(C(F)(F)F)c1,0.22234323620796204,-0.21204745769500732,1,11
CC[n+]1ccn(C)c1|F[B-](F)(F)F,0.14842000603675842,-0.9639007449150085,1,292
CC[n+]1ccn(C)c1|F[B-](F)(F)F,0.27002713084220886,-0.7016698718070984,1,292
CC[n+]1ccn(C)c1|F[B-](F)(F)F,0.3646431267261505,-0.4728769063949585,1,292
CC[n+]1ccn(C)c1|F[B-](F)(F)F,0.48858001828193665,-0.26868724822998047,1,292
CC[n+]1ccn(C)c1|F[B-](F)(F)F,0.5877866744995117,-0.08581137657165527,1,292
CC[n+]1ccn(C)c1|F[B-](F)(F)F,0.8285518288612366,0.19081127643585205,1,292
CC[n+]1ccn(C)c1|F[B-](F)(F)F,0.9555114507675171,0.4127042293548584,1,292
CC[n+]1ccn(C)c1|F[B-](F)(F)F,1.1151416301727295,0.5759634971618652,1,292
CC[n+]1ccn(C)c1|F[B-](F)(F)F,1.2947272062301636,0.7274055480957031,1,292
CC[n+]1ccn(C)c1|F[B-](F)(F)F,1.398716926574707,0.8709948062896729,1,292
CC[n+]1ccn(C)c1|F[B-](F)(F)F,1.515127182006836,1.014054536819458,1,292
CCCCn1cc[n+](C)c1|N#Cc1cccc([B-](F)(F)F)c1,-2.488914728164673,-1.7618454694747925,1,11
CCCCn1cc[n+](C)c1|N#Cc1cccc([B-](F)(F)F)c1,-2.189256429672241,-1.4547371864318848,1,11
CCCCn1cc[n+](C)c1|N#Cc1cccc([B-](F)(F)F)c1,-1.870802640914917,-1.2071739435195923,1,11
CCCCn1cc[n+](C)c1|N#Cc1cccc([B-](F)(F)F)c1,-1.6094379425048828,-0.9318922162055969,1,11
CCCCn1cc[n+](C)c1|N#Cc1cccc([B-](F)(F)F)c1,-1.309333324432373,-0.7044228911399841,1,11
CCCCn1cc[n+](C)c1|N#Cc1cccc([B-](F)(F)F)c1,-1.0671136379241943,-0.49094724655151367,1,11
CCCCn1cc[n+](C)c1|N#Cc1cccc([B-](F)(F)F)c1,-0.87947678565979,-0.3410370349884033,1,11
CCCCn1cc[n+](C)c1|N#Cc1cccc([B-](F)(F)F)c1,-0.5996568202972412,-0.21910691261291504,1,11
CCCCn1cc[n+](C)c1|N#Cc1cccc([B-](F)(F)F)c1,-0.4140014350414276,-0.08874881267547607,1,11
CCCCn1cc[n+](C)c1|N#Cc1cccc([B-](F)(F)F)c1,-0.26396554708480835,0.0006355047225952148,1,11
CCCCn1cc[n+](C)c1|N#Cc1cccc([B-](F)(F)F)c1,-0.16960278153419495,0.07499837875366211,1,11
CCn1cc[n+](C)c1|FC(F)(F)C(F)(F)[P-](F)(F)(F)(C(F)(F)C(F)(F)F)C(F)(F)C(F)(F)F,-1.2207798957824707,-2.0713675022125244,1,31
CCn1cc[n+](C)c1|FC(F)(F)C(F)(F)[P-](F)(F)(F)(C(F)(F)C(F)(F)F)C(F)(F)C(F)(F)F,-0.9942522644996643,-1.8506925106048584,1,31
CCn1cc[n+](C)c1|FC(F)(F)C(F)(F)[P-](F)(F)(F)(C(F)(F)C(F)(F)F)C(F)(F)C(F)(F)F,-0.7874578833580017,-1.6289548873901367,1,31
CCn1cc[n+](C)c1|FC(F)(F)C(F)(F)[P-](F)(F)(F)(C(F)(F)C(F)(F)F)C(F)(F)C(F)(F)F,-0.5960204601287842,-1.437759518623352,1,31
CCn1cc[n+](C)c1|FC(F)(F)C(F)(F)[P-](F)(F)(F)(C(F)(F)C(F)(F)F)C(F)(F)C(F)(F)F,-0.4200712740421295,-1.2703734636306763,1,31
CCn1cc[n+](C)c1|FC(F)(F)C(F)(F)[P-](F)(F)(F)(C(F)(F)C(F)(F)F)C(F)(F)C(F)(F)F,-0.25747624039649963,-1.0986679792404175,1,31
CCn1cc[n+](C)c1|FC(F)(F)C(F)(F)[P-](F)(F)(F)(C(F)(F)C(F)(F)F)C(F)(F)C(F)(F)F,-0.10647224634885788,-0.9490713477134705,1,31
CCn1cc[n+](C)c1|FC(F)(F)C(F)(F)[P-](F)(F)(F)(C(F)(F)C(F)(F)F)C(F)(F)C(F)(F)F,0.034014876931905746,-0.8196703195571899,1,31
CCn1cc[n+](C)c1|FC(F)(F)C(F)(F)[P-](F)(F)(F)(C(F)(F)C(F)(F)F)C(F)(F)C(F)(F)F,0.1650906205177307,-0.7145565152168274,1,31
CCn1cc[n+](C)c1|FC(F)(F)C(F)(F)[P-](F)(F)(F)(C(F)(F)C(F)(F)F)C(F)(F)C(F)(F)F,0.2874320447444916,-0.613071084022522,1,31
CCn1cc[n+](C)c1|FC(F)(F)C(F)(F)[P-](F)(F)(F)(C(F)(F)C(F)(F)F)C(F)(F)C(F)(F)F,0.4021930992603302,-0.5184979438781738,1,31
CCCCCC[n+]1ccn(C)c1|F[P-](F)(F)(F)(F)F,-3.93734073638916,-4.175346374511719,1,100
CCCCCC[n+]1ccn(C)c1|F[P-](F)(F)(F)(F)F,-3.5578510761260986,-3.628749370574951,1,100
CCCCCC[n+]1ccn(C)c1|F[P-](F)(F)(F)(F)F,-3.206453323364258,-3.141784191131592,1,100
CCCCCC[n+]1ccn(C)c1|F[P-](F)(F)(F)(F)F,-2.878838539123535,-2.694308280944824,1,100
CCCCCC[n+]1ccn(C)c1|F[P-](F)(F)(F)(F)F,-2.573082447052002,-2.3087587356567383,1,100
CCCCCC[n+]1ccn(C)c1|F[P-](F)(F)(F)(F)F,-2.2896687984466553,-1.971271276473999,1,100
CCCCCC[n+]1ccn(C)c1|F[P-](F)(F)(F)(F)F,-2.023439407348633,-1.690197229385376,1,100
CCCCCC[n+]1ccn(C)c1|F[P-](F)(F)(F)(F)F,-1.7743124961853027,-1.4625638723373413,1,100
CCCCCC[n+]1ccn(C)c1|F[P-](F)(F)(F)(F)F,-1.5408451557159424,-1.2628374099731445,1,100
CCCCCC[n+]1ccn(C)c1|F[P-](F)(F)(F)(F)F,-1.3246350288391113,-1.077558994293213,1,100
CCCCCC[n+]1ccn(C)c1|F[P-](F)(F)(F)(F)F,-1.1230074167251587,-0.9281557202339172,1,100
CCCCCCCCCCCn1cc[n+](C)c1|O=S(=O)([N-]S(=O)(=O)C(F)(F)F)C(F)(F)F,-3.4802405834198,-4.437252998352051,1,11
CCCCCCCCCCCn1cc[n+](C)c1|O=S(=O)([N-]S(=O)(=O)C(F)(F)F)C(F)(F)F,-3.1724693775177,-4.058823585510254,1,11
CCCCCCCCCCCn1cc[n+](C)c1|O=S(=O)([N-]S(=O)(=O)C(F)(F)F)C(F)(F)F,-2.8895721435546875,-3.6688170433044434,1,11
CCCCCCCCCCCn1cc[n+](C)c1|O=S(=O)([N-]S(=O)(=O)C(F)(F)F)C(F)(F)F,-2.6283152103424072,-3.295015335083008,1,11
CCCCCCCCCCCn1cc[n+](C)c1|O=S(=O)([N-]S(=O)(=O)C(F)(F)F)C(F)(F)F,-2.384880304336548,-2.9334425926208496,1,11
CCCCCCCCCCCn1cc[n+](C)c1|O=S(=O)([N-]S(=O)(=O)C(F)(F)F)C(F)(F)F,-2.1576192378997803,-2.6146490573883057,1,11
CCCCCCCCCCCn1cc[n+](C)c1|O=S(=O)([N-]S(=O)(=O)C(F)(F)F)C(F)(F)F,-1.94631028175354,-2.3341948986053467,1,11
CCCCCCCCCCCn1cc[n+](C)c1|O=S(=O)([N-]S(=O)(=O)C(F)(F)F)C(F)(F)F,-1.7487000226974487,-2.1305906772613525,1,11
CCCCCCCCCCCn1cc[n+](C)c1|O=S(=O)([N-]S(=O)(=O)C(F)(F)F)C(F)(F)F,-1.5639866590499878,-1.8571738004684448,1,11
CCCCCCCCCCCn1cc[n+](C)c1|O=S(=O)([N-]S(=O)(=O)C(F)(F)F)C(F)(F)F,-1.3907040357589722,-1.6793394088745117,1,11
CCCCCCCCCCCn1cc[n+](C)c1|O=S(=O)([N-]S(=O)(=O)C(F)(F)F)C(F)(F)F,-1.2286070585250854,-1.520063877105713,1,11
CCCCCCC[n+]1ccn(C)c1|F[B-](F)(F)F,-3.405205488204956,-4.433757781982422,1,11
CCCCCCC[n+]1ccn(C)c1|F[B-](F)(F)F,-3.0618720054626465,-3.914405107498169,1,11
CCCCCCC[n+]1ccn(C)c1|F[B-](F)(F)F,-2.7441956996917725,-3.3766469955444336,1,11
CCCCCCC[n+]1ccn(C)c1|F[B-](F)(F)F,-2.446455478668213,-2.833500862121582,1,11
CCCCCCC[n+]1ccn(C)c1|F[B-](F)(F)F,-2.170680046081543,-2.34550404548645,1,11
CCCCCCC[n+]1ccn(C)c1|F[B-](F)(F)F,-1.9118952751159668,-1.9574086666107178,1,11
CCCCCCC[n+]1ccn(C)c1|F[B-](F)(F)F,-1.6702500581741333,-1.6474875211715698,1,11
CCCCCCC[n+]1ccn(C)c1|F[B-](F)(F)F,-1.442229986190796,-1.36943519115448,1,11
CCCCCCC[n+]1ccn(C)c1|F[B-](F)(F)F,-1.2279239892959595,-1.1310763359069824,1,11
CCCCCCC[n+]1ccn(C)c1|F[B-](F)(F)F,-1.0272222757339478,-0.9151698350906372,1,11
CCCCCCC[n+]1ccn(C)c1|F[B-](F)(F)F,-0.841647207736969,-0.7336139678955078,1,11
CCCCCC[n+]1ccn(C)c1|F[P-](F)(F)(F)(F)F,-3.2493350505828857,-3.1663215160369873,1,100
CCCCCC[n+]1ccn(C)c1|F[P-](F)(F)(F)(F)F,-2.913231134414673,-2.710089921951294,1,100
CCCCCC[n+]1ccn(C)c1|F[P-](F)(F)(F)(F)F,-2.6036901473999023,-2.3144326210021973,1,100
CCCCCC[n+]1ccn(C)c1|F[P-](F)(F)(F)(F)F,-2.310617208480835,-1.9706177711486816,1,100
CCCCCC[n+]1ccn(C)c1|F[P-](F)(F)(F)(F)F,-2.039451837539673,-1.6855911016464233,1,100
CCCCCC[n+]1ccn(C)c1|F[P-](F)(F)(F)(F)F,-1.7820072174072266,-1.454798936843872,1,100
CCCCCC[n+]1ccn(C)c1|F[P-](F)(F)(F)(F)F,-1.5511690378189087,-1.252278208732605,1,100
CCCCCC[n+]1ccn(C)c1|F[P-](F)(F)(F)(F)F,-1.3318061828613281,-1.0651384592056274,1,100
CCCCCC[n+]1ccn(C)c1|F[P-](F)(F)(F)(F)F,-1.1332037448883057,-0.9154595732688904,1,100
CCCCCC[n+]1ccn(C)c1|F[P-](F)(F)(F)(F)F,-0.9390476942062378,-0.7990699410438538,1,100
CCCCCC[n+]1ccn(C)c1|F[P-](F)(F)(F)(F)F,-0.7657178640365601,-0.7115868330001831,1,100
CCCCCCCCn1cc[n+](C)c1|F[B-](F)(F)F,-3.7593019008636475,-4.944684028625488,1,126
CCCCCCCCn1cc[n+](C)c1|F[B-](F)(F)F,-3.408221960067749,-4.44627046585083,1,126
CCCCCCCCn1cc[n+](C)c1|F[B-](F)(F)F,-3.0812902450561523,-3.944129705429077,1,126
CCCCCCCCn1cc[n+](C)c1|F[B-](F)(F)F,-2.777400255203247,-3.426967144012451,1,126
CCCCCCCCn1cc[n+](C)c1|F[B-](F)(F)F,-2.4937455654144287,-2.896289110183716,1,126
CCCCCCCCn1cc[n+](C)c1|F[B-](F)(F)F,-2.229334592819214,-2.399677276611328,1,126
CCCCCCCCn1cc[n+](C)c1|F[B-](F)(F)F,-1.9812264442443848,-1.9932609796524048,1,126
CCCCCCCCn1cc[n+](C)c1|F[B-](F)(F)F,-1.748125433921814,-1.6798471212387085,1,126
CCCCCCCCn1cc[n+](C)c1|F[B-](F)(F)F,-1.5287799835205078,-1.4167650938034058,1,126
CCCCCCCCn1cc[n+](C)c1|F[B-](F)(F)F,-1.323883056640625,-1.17939031124115,1,126
CCCCCCCCn1cc[n+](C)c1|F[B-](F)(F)F,-1.1316521167755127,-0.9736598134040833,1,126
CCCCCCCC[n+]1ccn(C)c1|F[P-](F)(F)(F)(F)F,-4.733003616333008,-4.413753509521484,1,88
CCCCCCCC[n+]1ccn(C)c1|F[P-](F)(F)(F)(F)F,-4.335143089294434,-3.9620423316955566,1,88
CCCCCCCC[n+]1ccn(C)c1|F[P-](F)(F)(F)(F)F,-3.9633162021636963,-3.524430751800537,1,88
CCCCCCCC[n+]1ccn(C)c1|F[P-](F)(F)(F)(F)F,-3.6119184494018555,-3.1024608612060547,1,88
CCCCCCCC[n+]1ccn(C)c1|F[P-](F)(F)(F)(F)F,-3.2860846519470215,-2.7055230140686035,1,88
CCCCCCCC[n+]1ccn(C)c1|F[P-](F)(F)(F)(F)F,-2.9818294048309326,-2.3471035957336426,1,88
CCCCCCCC[n+]1ccn(C)c1|F[P-](F)(F)(F)(F)F,-2.697110176086426,-2.061016798019409,1,88
CCCCCCCC[n+]1ccn(C)c1|F[P-](F)(F)(F)(F)F,-2.4304184913635254,-1.8107753992080688,1,88
CCCCCCCC[n+]1ccn(C)c1|F[P-](F)(F)(F)(F)F,-2.1785991191864014,-1.6005126237869263,1,88
CCCCCCCC[n+]1ccn(C)c1|F[P-](F)(F)(F)(F)F,-1.9428149461746216,-1.4109578132629395,1,88
CCCCCCCC[n+]1ccn(C)c1|F[P-](F)(F)(F)(F)F,-1.7237271070480347,-1.2357534170150757,1,88
CCCCn1cc[n+](C)c1.CCCCn1cc[n+](C)c1|N#CS[Hg-2](SC#N)(SC#N)SC#N,-2.3227877616882324,-3.407623052597046,1,11
CCCCn1cc[n+](C)c1.CCCCn1cc[n+](C)c1|N#CS[Hg-2](SC#N)(SC#N)SC#N,-1.9740010499954224,-3.0117969512939453,1,11
CCCCn1cc[n+](C)c1.CCCCn1cc[n+](C)c1|N#CS[Hg-2](SC#N)(SC#N)SC#N,-1.3743658065795898,-2.3450498580932617,1,11
CCCCn1cc[n+](C)c1.CCCCn1cc[n+](C)c1|N#CS[Hg-2](SC#N)(SC#N)SC#N,-0.8603830933570862,-1.844184160232544,1,11
CCCCn1cc[n+](C)c1.CCCCn1cc[n+](C)c1|N#CS[Hg-2](SC#N)(SC#N)SC#N,-0.4478508234024048,-1.3847099542617798,1,11
CCCCn1cc[n+](C)c1.CCCCn1cc[n+](C)c1|N#CS[Hg-2](SC#N)(SC#N)SC#N,-0.09431067854166031,-0.9501035213470459,1,11
CCCCn1cc[n+](C)c1.CCCCn1cc[n+](C)c1|N#CS[Hg-2](SC#N)(SC#N)SC#N,0.20863886177539825,-0.582277774810791,1,11
CCCCn1cc[n+](C)c1.CCCCn1cc[n+](C)c1|N#CS[Hg-2](SC#N)(SC#N)SC#N,0.4737466275691986,-0.2718348503112793,1,11
CCCCn1cc[n+](C)c1.CCCCn1cc[n+](C)c1|N#CS[Hg-2](SC#N)(SC#N)SC#N,0.7030975222587585,-0.007789134979248047,1,11
CCCCn1cc[n+](C)c1.CCCCn1cc[n+](C)c1|N#CS[Hg-2](SC#N)(SC#N)SC#N,0.9122827053070068,0.23573732376098633,1,11
CCCCn1cc[n+](C)c1.CCCCn1cc[n+](C)c1|N#CS[Hg-2](SC#N)(SC#N)SC#N,1.1249295473098755,0.45560145378112793,1,11
CC[n+]1ccn(C)c1|F[B-](F)(F)F,-0.10981486737728119,-1.5235629081726074,1,292
CC[n+]1ccn(C)c1|F[B-](F)(F)F,0.09066303819417953,-1.22580885887146,1,292
CC[n+]1ccn(C)c1|F[B-](F)(F)F,0.275736004114151,-0.9533799290657043,1,292
CC[n+]1ccn(C)c1|F[B-](F)(F)F,0.44724664092063904,-0.6964485049247742,1,292
CC[n+]1ccn(C)c1|F[B-](F)(F)F,0.6062812209129333,-0.47112464904785156,1,292
CC[n+]1ccn(C)c1|F[B-](F)(F)F,0.7542893290519714,-0.26949989795684814,1,292
CC[n+]1ccn(C)c1|F[B-](F)(F)F,0.8924487829208374,-0.08880734443664551,1,292
CC[n+]1ccn(C)c1|F[B-](F)(F)F,1.021551251411438,0.058777570724487305,1,292
CC[n+]1ccn(C)c1|F[B-](F)(F)F,1.1425973176956177,0.18506968021392822,1,292
CC[n+]1ccn(C)c1|F[B-](F)(F)F,1.2564703226089478,0.3045767545700073,1,292
CC[n+]1ccn(C)c1|F[B-](F)(F)F,1.3632816076278687,0.40551185607910156,1,292
CCCCCCCC[N+]1(C)CCCC1|O=S(=O)([N-]S(=O)(=O)C(F)(F)F)C(F)(F)F,-3.2914464473724365,-4.622113227844238,1,58
CCCCCCCC[N+]1(C)CCCC1|O=S(=O)([N-]S(=O)(=O)C(F)(F)F)C(F)(F)F,-2.9897501468658447,-4.24561071395874,1,58
CCCCCCCC[N+]1(C)CCCC1|O=S(=O)([N-]S(=O)(=O)C(F)(F)F)C(F)(F)F,-2.7120583057403564,-3.837707281112671,1,58
CCCCCCCC[N+]1(C)CCCC1|O=S(=O)([N-]S(=O)(=O)C(F)(F)F)C(F)(F)F,-2.4534080028533936,-3.3952927589416504,1,58
CCCCCCCC[N+]1(C)CCCC1|O=S(=O)([N-]S(=O)(=O)C(F)(F)F)C(F)(F)F,-2.2127444744110107,-2.9385299682617188,1,58
CCCCCCCC[N+]1(C)CCCC1|O=S(=O)([N-]S(=O)(=O)C(F)(F)F)C(F)(F)F,-1.98777437210083,-2.544600009918213,1,58
CCCCCCCC[N+]1(C)CCCC1|O=S(=O)([N-]S(=O)(=O)C(F)(F)F)C(F)(F)F,-1.778448462486267,-2.238888740539551,1,58
CCCCCCCC[N+]1(C)CCCC1|O=S(=O)([N-]S(=O)(=O)C(F)(F)F)C(F)(F)F,-1.5837701559066772,-1.9632765054702759,1,58
CCCCCCCC[N+]1(C)CCCC1|O=S(=O)([N-]S(=O)(=O)C(F)(F)F)C(F)(F)F,-1.4012049436569214,-1.7287940979003906,1,58
CCCCCCCC[N+]1(C)CCCC1|O=S(=O)([N-]S(=O)(=O)C(F)(F)F)C(F)(F)F,-1.229974627494812,-1.5109106302261353,1,58
CCCCCCCC[N+]1(C)CCCC1|O=S(=O)([N-]S(=O)(=O)C(F)(F)F)C(F)(F)F,-1.070024847984314,-1.2993255853652954,1,58
CCCCCCCCCCCCCC[P+](CCCCCC)(CCCCCC)CCCCCC|CCCC(=O)[O-],-5.549345970153809,-5.504227638244629,1,11
CCCCCCCCCCCCCC[P+](CCCCCC)(CCCCCC)CCCCCC|CCCC(=O)[O-],-5.065619468688965,-5.051608085632324,1,11
CCCCCCCCCCCCCC[P+](CCCCCC)(CCCCCC)CCCCCC|CCCC(=O)[O-],-4.791499614715576,-4.8203630447387695,1,11
CCCCCCCCCCCCCC[P+](CCCCCC)(CCCCCC)CCCCCC|CCCC(=O)[O-],-4.544075012207031,-4.551703453063965,1,11
CCCCCCCCCCCCCC[P+](CCCCCC)(CCCCCC)CCCCCC|CCCC(=O)[O-],-4.288900852203369,-4.3337554931640625,1,11
CCCCCCCCCCCCCC[P+](CCCCCC)(CCCCCC)CCCCCC|CCCC(=O)[O-],-4.063427448272705,-4.113193511962891,1,11
CCCCCCCCCCCCCC[P+](CCCCCC)(CCCCCC)CCCCCC|CCCC(=O)[O-],-3.8443644046783447,-3.9089818000793457,1,11
CCCCCCCCCCCCCC[P+](CCCCCC)(CCCCCC)CCCCCC|CCCC(=O)[O-],-3.645819902420044,-3.717932939529419,1,11
CCCCCCCCCCCCCC[P+](CCCCCC)(CCCCCC)CCCCCC|CCCC(=O)[O-],-3.4577677249908447,-3.548947334289551,1,11
CCCCCCCCCCCCCC[P+](CCCCCC)(CCCCCC)CCCCCC|CCCC(=O)[O-],-3.278095245361328,-3.38141131401062,1,11
CCCCCCCCCCCCCC[P+](CCCCCC)(CCCCCC)CCCCCC|CCCC(=O)[O-],-3.1100213527679443,-3.2443838119506836,1,11
CC[n+]1ccn(C)c1|CCOS(=O)(=O)[O-],-1.1711829900741577,-1.8391270637512207,1,65
CC[n+]1ccn(C)c1|CCOS(=O)(=O)[O-],-0.9213032722473145,-1.491394281387329,1,65
CC[n+]1ccn(C)c1|CCOS(=O)(=O)[O-],-0.7072461247444153,-1.225281834602356,1,65
CC[n+]1ccn(C)c1|CCOS(=O)(=O)[O-],-0.5058380961418152,-0.9892422556877136,1,65
CC[n+]1ccn(C)c1|CCOS(=O)(=O)[O-],-0.3257301449775696,-0.761925995349884,1,65
CC[n+]1ccn(C)c1|CCOS(=O)(=O)[O-],-0.16016875207424164,-0.536351203918457,1,65
CC[n+]1ccn(C)c1|CCOS(=O)(=O)[O-],0.001998002640902996,-0.37992429733276367,1,65
CC[n+]1ccn(C)c1|CCOS(=O)(=O)[O-],0.15443634986877441,-0.26694607734680176,1,65
CC[n+]1ccn(C)c1|CCOS(=O)(=O)[O-],0.2934156060218811,-0.1639190912246704,1,65
CC[n+]1ccn(C)c1|CCOS(=O)(=O)[O-],0.5510073900222778,0.03312540054321289,1,65
CC[n+]1ccn(C)c1|CCOS(=O)(=O)[O-],0.7654678225517273,0.20176386833190918,1,65
CC[N+](C)(CC)CCOC|O=S(=O)([N-]S(=O)(=O)C(F)(F)F)C(F)(F)F,-1.439695119857788,-1.6606708765029907,1,39
CC[N+](C)(CC)CCOC|O=S(=O)([N-]S(=O)(=O)C(F)(F)F)C(F)(F)F,-1.1679623126983643,-1.5025359392166138,1,39
CC[N+](C)(CC)CCOC|O=S(=O)([N-]S(=O)(=O)C(F)(F)F)C(F)(F)F,-0.9623346924781799,-1.3551952838897705,1,39
CC[N+](C)(CC)CCOC|O=S(=O)([N-]S(=O)(=O)C(F)(F)F)C(F)(F)F,-0.7423374056816101,-1.237936019897461,1,39
CC[N+](C)(CC)CCOC|O=S(=O)([N-]S(=O)(=O)C(F)(F)F)C(F)(F)F,-0.5586162805557251,-1.13910710811615,1,39
CC[N+](C)(CC)CCOC|O=S(=O)([N-]S(=O)(=O)C(F)(F)F)C(F)(F)F,-0.3812604248523712,-1.0581881999969482,1,39
CC[N+](C)(CC)CCOC|O=S(=O)([N-]S(=O)(=O)C(F)(F)F)C(F)(F)F,-0.23067182302474976,-0.9773478507995605,1,39
CC[N+](C)(CC)CCOC|O=S(=O)([N-]S(=O)(=O)C(F)(F)F)C(F)(F)F,-0.08121005445718765,-0.8995382189750671,1,39
CC[N+](C)(CC)CCOC|O=S(=O)([N-]S(=O)(=O)C(F)(F)F)C(F)(F)F,0.055434707552194595,-0.8158693313598633,1,39
CC[N+](C)(CC)CCOC|O=S(=O)([N-]S(=O)(=O)C(F)(F)F)C(F)(F)F,0.1789826601743698,-0.7346176505088806,1,39
CC[N+](C)(CC)CCOC|O=S(=O)([N-]S(=O)(=O)C(F)(F)F)C(F)(F)F,0.2799018919467926,-0.6549864411354065,1,39
CC[n+]1ccn(C)c1|F[B-](F)(F)F,0.31990721821784973,-0.9611311554908752,1,292
CC[n+]1ccn(C)c1|F[B-](F)(F)F,0.4504384696483612,-0.6992959380149841,1,292
CC[n+]1ccn(C)c1|F[B-](F)(F)F,0.581656813621521,-0.4706861972808838,1,292
CC[n+]1ccn(C)c1|F[B-](F)(F)F,0.712949812412262,-0.26665377616882324,1,292
CC[n+]1ccn(C)c1|F[B-](F)(F)F,0.8415671586990356,-0.08414626121520996,1,292
CC[n+]1ccn(C)c1|F[B-](F)(F)F,0.9516578912734985,0.06469404697418213,1,292
CC[n+]1ccn(C)c1|F[B-](F)(F)F,1.0681530237197876,0.19206011295318604,1,292
CC[n+]1ccn(C)c1|F[B-](F)(F)F,1.1786550283432007,0.31294500827789307,1,292
CC[n+]1ccn(C)c1|F[B-](F)(F)F,1.2781522274017334,0.41358089447021484,1,292
CC[n+]1ccn(C)c1|F[B-](F)(F)F,1.470175862312317,0.5767452716827393,1,292
CC[n+]1ccn(C)c1|F[B-](F)(F)F,1.6448050737380981,0.7281243801116943,1,292
CCCCn1cc[n+](C)c1.CCCCn1cc[n+](C)c1.CCCCn1cc[n+](C)c1|N#CS[Cu-3](SC#N)(SC#N)SC#N,-3.343872308731079,-3.713808536529541,1,10
CCCCn1cc[n+](C)c1.CCCCn1cc[n+](C)c1.CCCCn1cc[n+](C)c1|N#CS[Cu-3](SC#N)(SC#N)SC#N,-2.468639612197876,-2.9381518363952637,1,10
CCCCn1cc[n+](C)c1.CCCCn1cc[n+](C)c1.CCCCn1cc[n+](C)c1|N#CS[Cu-3](SC#N)(SC#N)SC#N,-1.7492748498916626,-2.355348587036133,1,10
CCCCn1cc[n+](C)c1.CCCCn1cc[n+](C)c1.CCCCn1cc[n+](C)c1|N#CS[Cu-3](SC#N)(SC#N)SC#N,-1.1239300966262817,-1.8856372833251953,1,10
CCCCn1cc[n+](C)c1.CCCCn1cc[n+](C)c1.CCCCn1cc[n+](C)c1|N#CS[Cu-3](SC#N)(SC#N)SC#N,-0.6311118006706238,-1.4189441204071045,1,10
CCCCn1cc[n+](C)c1.CCCCn1cc[n+](C)c1.CCCCn1cc[n+](C)c1|N#CS[Cu-3](SC#N)(SC#N)SC#N,-0.21443161368370056,-1.025942087173462,1,10
CCCCn1cc[n+](C)c1.CCCCn1cc[n+](C)c1.CCCCn1cc[n+](C)c1|N#CS[Cu-3](SC#N)(SC#N)SC#N,0.13889199495315552,-0.6656474471092224,1,10
CCCCn1cc[n+](C)c1.CCCCn1cc[n+](C)c1.CCCCn1cc[n+](C)c1|N#CS[Cu-3](SC#N)(SC#N)SC#N,0.4382549226284027,-0.3893921375274658,1,10
CCCCn1cc[n+](C)c1.CCCCn1cc[n+](C)c1.CCCCn1cc[n+](C)c1|N#CS[Cu-3](SC#N)(SC#N)SC#N,0.69813472032547,-0.16398119926452637,1,10
CCCCn1cc[n+](C)c1.CCCCn1cc[n+](C)c1.CCCCn1cc[n+](C)c1|N#CS[Cu-3](SC#N)(SC#N)SC#N,0.9516578912734985,0.04511070251464844,1,10
CC[n+]1ccn(C)c1|O=S(=O)(F)[N-]S(=O)(=O)F,0.20294083654880524,-0.3673417568206787,1,49
CC[n+]1ccn(C)c1|O=S(=O)(F)[N-]S(=O)(=O)F,0.35487332940101624,-0.1832571029663086,1,49
CC[n+]1ccn(C)c1|O=S(=O)(F)[N-]S(=O)(=O)F,0.4953058063983917,-0.044878244400024414,1,49
CC[n+]1ccn(C)c1|O=S(=O)(F)[N-]S(=O)(=O)F,0.6270073652267456,0.071128249168396,1,49
CC[n+]1ccn(C)c1|O=S(=O)(F)[N-]S(=O)(=O)F,0.7659328579902649,0.17484402656555176,1,49
CC[n+]1ccn(C)c1|O=S(=O)(F)[N-]S(=O)(=O)F,0.8854190707206726,0.2640804052352905,1,49
CC[n+]1ccn(C)c1|O=S(=O)(F)[N-]S(=O)(=O)F,0.9921400547027588,0.34669041633605957,1,49
CC[n+]1ccn(C)c1|O=S(=O)(F)[N-]S(=O)(=O)F,1.0919233560562134,0.42716407775878906,1,49
CC[n+]1ccn(C)c1|O=S(=O)(F)[N-]S(=O)(=O)F,1.1887576580047607,0.5033550262451172,1,49
CC[n+]1ccn(C)c1|O=S(=O)(F)[N-]S(=O)(=O)F,1.2861977815628052,0.5760135650634766,1,49
CCCCC[n+]1ccn(C)c1|N#C[S-],-1.0729445219039917,-1.6454824209213257,1,11
CCCCC[n+]1ccn(C)c1|N#C[S-],-0.9314043521881104,-1.3213071823120117,1,11
CCCCC[n+]1ccn(C)c1|N#C[S-],-0.7592869997024536,-1.0192580223083496,1,11
CCCCC[n+]1ccn(C)c1|N#C[S-],-0.6329932808876038,-0.7409817576408386,1,11
CCCCC[n+]1ccn(C)c1|N#C[S-],-0.5074978470802307,-0.5277575254440308,1,11
CCCCC[n+]1ccn(C)c1|N#C[S-],-0.36961546540260315,-0.36426401138305664,1,11
CCCCC[n+]1ccn(C)c1|N#C[S-],-0.2497442364692688,-0.21548354625701904,1,11
CCCCC[n+]1ccn(C)c1|N#C[S-],-0.16723592579364777,-0.09520649909973145,1,11
CCCCC[n+]1ccn(C)c1|N#C[S-],-0.04709160700440407,0.012642860412597656,1,11
CCCCC[n+]1ccn(C)c1|N#C[S-],0.05164323374629021,0.11629772186279297,1,11
CCCCC[n+]1ccn(C)c1|N#C[S-],0.14063112437725067,0.21606087684631348,1,11
CCCC[N+]1(C)CCCC1|O=S(=O)(F)[N-]S(=O)(=O)F,-0.8119307160377502,-1.7415441274642944,1,45
CCCC[N+]1(C)CCCC1|O=S(=O)(F)[N-]S(=O)(=O)F,-0.6405547261238098,-1.412951946258545,1,45
CCCC[N+]1(C)CCCC1|O=S(=O)(F)[N-]S(=O)(=O)F,-0.4812668263912201,-1.1352369785308838,1,45
CCCC[N+]1(C)CCCC1|O=S(=O)(F)[N-]S(=O)(=O)F,-0.32989391684532166,-0.8745012879371643,1,45
CCCC[N+]1(C)CCCC1|O=S(=O)(F)[N-]S(=O)(=O)F,-0.17554457485675812,-0.6438714265823364,1,45
CCCC[N+]1(C)CCCC1|O=S(=O)(F)[N-]S(=O)(=O)F,-0.04290750250220299,-0.44505107402801514,1,45
CCCC[N+]1(C)CCCC1|O=S(=O)(F)[N-]S(=O)(=O)F,0.08065789937973022,-0.27649986743927,1,45
CCCC[N+]1(C)CCCC1|O=S(=O)(F)[N-]S(=O)(=O)F,0.1988508552312851,-0.12459707260131836,1,45
CCCC[N+]1(C)CCCC1|O=S(=O)(F)[N-]S(=O)(=O)F,0.3089542090892792,0.0017864704132080078,1,45
CCCC[N+]1(C)CCCC1|O=S(=O)(F)[N-]S(=O)(=O)F,0.4193679988384247,0.12141978740692139,1,45
CCCCCCCCCC[N+](CC)(CC)CC|O=S(=O)([N-]S(=O)(=O)C(F)(F)F)C(F)(F)F,-3.0791139602661133,-3.496264934539795,1,10
CCCCCCCCCC[N+](CC)(CC)CC|O=S(=O)([N-]S(=O)(=O)C(F)(F)F)C(F)(F)F,-2.8302178382873535,-3.2508811950683594,1,10
CCCCCCCCCC[N+](CC)(CC)CC|O=S(=O)([N-]S(=O)(=O)C(F)(F)F)C(F)(F)F,-2.5902671813964844,-3.010948657989502,1,10
CCCCCCCCCC[N+](CC)(CC)CC|O=S(=O)([N-]S(=O)(=O)C(F)(F)F)C(F)(F)F,-2.1982250213623047,-2.634155750274658,1,10
CCCCCCCCCC[N+](CC)(CC)CC|O=S(=O)([N-]S(=O)(=O)C(F)(F)F)C(F)(F)F,-2.0024805068969727,-2.448789358139038,1,10
CCCCCCCCCC[N+](CC)(CC)CC|O=S(=O)([N-]S(=O)(=O)C(F)(F)F)C(F)(F)F,-1.7957675457000732,-2.242464303970337,1,10
CCCCCCCCCC[N+](CC)(CC)CC|O=S(=O)([N-]S(=O)(=O)C(F)(F)F)C(F)(F)F,-1.0023934841156006,-1.3749057054519653,1,10
CCCCCCCCCC[N+](CC)(CC)CC|O=S(=O)([N-]S(=O)(=O)C(F)(F)F)C(F)(F)F,-0.5276327133178711,-0.9333659410476685,1,10
CCCCCCCCCC[N+](CC)(CC)CC|O=S(=O)([N-]S(=O)(=O)C(F)(F)F)C(F)(F)F,-0.10203272849321365,-0.5211513042449951,1,10
CCCCCCCCCC[N+](CC)(CC)CC|O=S(=O)([N-]S(=O)(=O)C(F)(F)F)C(F)(F)F,0.1972101628780365,-0.21082794666290283,1,10
CCCC[N+]1(C)CCCC1|O=S(=O)([O-])C(F)(F)F,-2.0874736309051514,-2.60451602935791,1,10
CCCC[N+]1(C)CCCC1|O=S(=O)([O-])C(F)(F)F,-1.8140051364898682,-2.157114267349243,1,10
CCCC[N+]1(C)CCCC1|O=S(=O)([O-])C(F)(F)F,-1.5750365257263184,-1.8080710172653198,1,10
CCCC[N+]1(C)CCCC1|O=S(=O)([O-])C(F)(F)F,-1.343234896659851,-1.498757243156433,1,10
CCCC[N+]1(C)CCCC1|O=S(=O)([O-])C(F)(F)F,-1.1363141536712646,-1.2055336236953735,1,10
CCCC[N+]1(C)CCCC1|O=S(=O)([O-])C(F)(F)F,-0.9441759586334229,-0.9390358924865723,1,10
CCCC[N+]1(C)CCCC1|O=S(=O)([O-])C(F)(F)F,-0.7635696530342102,-0.6944217085838318,1,10
CCCC[N+]1(C)CCCC1|O=S(=O)([O-])C(F)(F)F,-0.5923972725868225,-0.4970473051071167,1,10
CCCC[N+]1(C)CCCC1|O=S(=O)([O-])C(F)(F)F,-0.44005656242370605,-0.33569371700286865,1,10
CCCC[N+]1(C)CCCC1|O=S(=O)([O-])C(F)(F)F,-0.29302966594696045,-0.18713700771331787,1,10
CCCC[N+]1(C)CCCCC1|O=S(=O)([N-]S(=O)(=O)C(F)(F)F)C(F)(F)F,-1.9732813835144043,-1.6358067989349365,1,30
CCCC[N+]1(C)CCCCC1|O=S(=O)([N-]S(=O)(=O)C(F)(F)F)C(F)(F)F,-1.8773173093795776,-1.5346015691757202,1,30
CCCC[N+]1(C)CCCCC1|O=S(=O)([N-]S(=O)(=O)C(F)(F)F)C(F)(F)F,-1.599487543106079,-1.244797706604004,1,30
CCCC[N+]1(C)CCCCC1|O=S(=O)([N-]S(=O)(=O)C(F)(F)F)C(F)(F)F,-1.3318061828613281,-0.9695466756820679,1,30
CCCC[N+]1(C)CCCCC1|O=S(=O)([N-]S(=O)(=O)C(F)(F)F)C(F)(F)F,-1.0876723527908325,-0.7377296686172485,1,30
CCCC[N+]1(C)CCCCC1|O=S(=O)([N-]S(=O)(=O)C(F)(F)F)C(F)(F)F,-0.8580217957496643,-0.5332626104354858,1,30
CCCC[N+]1(C)CCCCC1|O=S(=O)([N-]S(=O)(=O)C(F)(F)F)C(F)(F)F,-0.655851423740387,-0.35984253883361816,1,30
CCCC[N+]1(C)CCCCC1|O=S(=O)([N-]S(=O)(=O)C(F)(F)F)C(F)(F)F,-0.4684049189090729,-0.21085715293884277,1,30
CCCC[N+]1(C)CCCCC1|O=S(=O)([N-]S(=O)(=O)C(F)(F)F)C(F)(F)F,-0.12783336639404297,0.0335543155670166,1,30
CCCC[N+]1(C)CCCCC1|O=S(=O)([N-]S(=O)(=O)C(F)(F)F)C(F)(F)F,0.17395330965518951,0.2607370615005493,1,30
CC[n+]1ccn(C)c1C|O=S(=O)([O-])O,-1.8971199989318848,-1.5047063827514648,1,10
CC[n+]1ccn(C)c1C|O=S(=O)([O-])O,-1.6450650691986084,-1.1533963680267334,1,10
CC[n+]1ccn(C)c1C|O=S(=O)([O-])O,-1.4105870723724365,-0.8567870855331421,1,10
CC[n+]1ccn(C)c1C|O=S(=O)([O-])O,-1.1776554584503174,-0.5930180549621582,1,10
CC[n+]1ccn(C)c1C|O=S(=O)([O-])O,-0.9755101203918457,-0.3859938383102417,1,10
CC[n+]1ccn(C)c1C|O=S(=O)([O-])O,-0.7808861136436462,-0.2285538911819458,1,10
CC[n+]1ccn(C)c1C|O=S(=O)([O-])O,-0.5905905961990356,-0.10957193374633789,1,10
CC[n+]1ccn(C)c1C|O=S(=O)([O-])O,-0.4079682528972626,0.006177186965942383,1,10
CC[n+]1ccn(C)c1C|O=S(=O)([O-])O,-0.23952703177928925,0.10942292213439941,1,10
CC[n+]1ccn(C)c1C|O=S(=O)([O-])O,-0.07796154171228409,0.2072693109512329,1,10
CCCCCCCC[P+](CCCC)(CCCC)CCCC|[O-]C1=CC(=O)c2ccccc21,-5.936976432800293,-4.735490798950195,1,10
CCCCCCCC[P+](CCCC)(CCCC)CCCC|[O-]C1=CC(=O)c2ccccc21,-5.69581413269043,-4.470050811767578,1,10
CCCCCCCC[P+](CCCC)(CCCC)CCCC|[O-]C1=CC(=O)c2ccccc21,-5.426150798797607,-4.2154669761657715,1,10
CCCCCCCC[P+](CCCC)(CCCC)CCCC|[O-]C1=CC(=O)c2ccccc21,-5.17609977722168,-3.9747188091278076,1,10
CCCCCCCC[P+](CCCC)(CCCC)CCCC|[O-]C1=CC(=O)c2ccccc21,-4.922624588012695,-3.7391226291656494,1,10
CCCCCCCC[P+](CCCC)(CCCC)CCCC|[O-]C1=CC(=O)c2ccccc21,-4.694001197814941,-3.5225706100463867,1,10
CCCCCCCC[P+](CCCC)(CCCC)CCCC|[O-]C1=CC(=O)c2ccccc21,-4.448166370391846,-3.308638095855713,1,10
CCCCCCCC[P+](CCCC)(CCCC)CCCC|[O-]C1=CC(=O)c2ccccc21,-4.267983913421631,-3.0807995796203613,1,10
CCCCCCCC[P+](CCCC)(CCCC)CCCC|[O-]C1=CC(=O)c2ccccc21,-4.098955154418945,-2.8668313026428223,1,10
CCCCCCCC[P+](CCCC)(CCCC)CCCC|[O-]C1=CC(=O)c2ccccc21,-3.9120230674743652,-2.6834654808044434,1,10
N#CCCC[n+]1ccccc1|O=S(=O)([N-]S(=O)(=O)C(F)(F)F)C(F)(F)F,-6.907755374908447,-4.640111923217773,1,10
N#CCCC[n+]1ccccc1|O=S(=O)([N-]S(=O)(=O)C(F)(F)F)C(F)(F)F,-6.214608192443848,-4.265188694000244,1,10
N#CCCC[n+]1ccccc1|O=S(=O)([N-]S(=O)(=O)C(F)(F)F)C(F)(F)F,-4.017383575439453,-3.5799636840820312,1,10
N#CCCC[n+]1ccccc1|O=S(=O)([N-]S(=O)(=O)C(F)(F)F)C(F)(F)F,-2.733367919921875,-2.9290904998779297,1,10
N#CCCC[n+]1ccccc1|O=S(=O)([N-]S(=O)(=O)C(F)(F)F)C(F)(F)F,-1.9310215711593628,-2.3932740688323975,1,10
N#CCCC[n+]1ccccc1|O=S(=O)([N-]S(=O)(=O)C(F)(F)F)C(F)(F)F,-1.3823022842407227,-1.9271020889282227,1,10
N#CCCC[n+]1ccccc1|O=S(=O)([N-]S(=O)(=O)C(F)(F)F)C(F)(F)F,-0.8556661009788513,-1.5354201793670654,1,10
N#CCCC[n+]1ccccc1|O=S(=O)([N-]S(=O)(=O)C(F)(F)F)C(F)(F)F,-0.5709295272827148,-1.1937875747680664,1,10
N#CCCC[n+]1ccccc1|O=S(=O)([N-]S(=O)(=O)C(F)(F)F)C(F)(F)F,-0.24334625899791718,-0.9345177412033081,1,10
N#CCCC[n+]1ccccc1|O=S(=O)([N-]S(=O)(=O)C(F)(F)F)C(F)(F)F,0.07417939603328705,-0.746186375617981,1,10
N#CCCC[n+]1ccccc1|N#C[N-]C#N,-5.11599588394165,-4.071139812469482,1,11
N#CCCC[n+]1ccccc1|N#C[N-]C#N,-3.6888794898986816,-3.603398561477661,1,11
N#CCCC[n+]1ccccc1|N#C[N-]C#N,-2.103734254837036,-2.6862053871154785,1,11
N#CCCC[n+]1ccccc1|N#C[N-]C#N,-0.9390476942062378,-1.9376646280288696,1,11
N#CCCC[n+]1ccccc1|N#C[N-]C#N,-0.029428809881210327,-1.3504667282104492,1,11
N#CCCC[n+]1ccccc1|N#C[N-]C#N,0.4523486793041229,-0.9159635305404663,1,11
N#CCCC[n+]1ccccc1|N#C[N-]C#N,0.8903573751449585,-0.56522536277771,1,11
N#CCCC[n+]1ccccc1|N#C[N-]C#N,1.1416717767715454,-0.29872190952301025,1,11
N#CCCC[n+]1ccccc1|N#C[N-]C#N,1.415124773979187,-0.09612369537353516,1,11
N#CCCC[n+]1ccccc1|N#C[N-]C#N,1.6335450410842896,0.09867656230926514,1,11
CCCOCC[N+]1(C)CCCC1|O=S(=O)([N-]S(=O)(=O)C(F)(F)F)C(F)(F)F,-1.8201589584350586,-2.1503500938415527,1,9
CCCOCC[N+]1(C)CCCC1|O=S(=O)([N-]S(=O)(=O)C(F)(F)F)C(F)(F)F,-1.5141277313232422,-1.7383887767791748,1,9
CCCOCC[N+]1(C)CCCC1|O=S(=O)([N-]S(=O)(=O)C(F)(F)F)C(F)(F)F,-1.3903024196624756,-1.556004524230957,1,9
CCCOCC[N+]1(C)CCCC1|O=S(=O)([N-]S(=O)(=O)C(F)(F)F)C(F)(F)F,-1.2552660703659058,-1.39177405834198,1,9
CCCOCC[N+]1(C)CCCC1|O=S(=O)([N-]S(=O)(=O)C(F)(F)F)C(F)(F)F,-1.0526833534240723,-1.1262364387512207,1,9
CCCOCC[N+]1(C)CCCC1|O=S(=O)([N-]S(=O)(=O)C(F)(F)F)C(F)(F)F,-0.8675005435943604,-0.9020907282829285,1,9
CCCOCC[N+]1(C)CCCC1|O=S(=O)([N-]S(=O)(=O)C(F)(F)F)C(F)(F)F,-0.7174398899078369,-0.7310642600059509,1,9
CCCOCC[N+]1(C)CCCC1|O=S(=O)([N-]S(=O)(=O)C(F)(F)F)C(F)(F)F,-0.583396315574646,-0.5703505277633667,1,9
CCCOCC[N+]1(C)CCCC1|O=S(=O)([N-]S(=O)(=O)C(F)(F)F)C(F)(F)F,-0.4668087363243103,-0.41774678230285645,1,9
COCC[N+]1(C)CCCC1|O=S(=O)([N-]S(=O)(=O)C(F)(F)F)C(F)(F)F,-1.3509272336959839,-1.9442722797393799,1,36
COCC[N+]1(C)CCCC1|O=S(=O)([N-]S(=O)(=O)C(F)(F)F)C(F)(F)F,-1.070024847984314,-1.478920578956604,1,36
COCC[N+]1(C)CCCC1|O=S(=O)([N-]S(=O)(=O)C(F)(F)F)C(F)(F)F,-0.9467499256134033,-1.274103045463562,1,36
COCC[N+]1(C)CCCC1|O=S(=O)([N-]S(=O)(=O)C(F)(F)F)C(F)(F)F,-0.8509712815284729,-1.0967447757720947,1,36
COCC[N+]1(C)CCCC1|O=S(=O)([N-]S(=O)(=O)C(F)(F)F)C(F)(F)F,-0.6597124338150024,-0.80237877368927,1,36
COCC[N+]1(C)CCCC1|O=S(=O)([N-]S(=O)(=O)C(F)(F)F)C(F)(F)F,-0.5074978470802307,-0.5833029747009277,1,36
COCC[N+]1(C)CCCC1|O=S(=O)([N-]S(=O)(=O)C(F)(F)F)C(F)(F)F,-0.349557489156723,-0.4115220308303833,1,36
COCC[N+]1(C)CCCC1|O=S(=O)([N-]S(=O)(=O)C(F)(F)F)C(F)(F)F,-0.22815608978271484,-0.2416757345199585,1,36
COCC[N+]1(C)CCCC1|O=S(=O)([N-]S(=O)(=O)C(F)(F)F)C(F)(F)F,-0.10758521407842636,-0.07519567012786865,1,36
CCC[n+]1ccn(C)c1C|O=S(=O)([O-])O,-2.0955710411071777,-1.915425419807434,1,10
CCC[n+]1ccn(C)c1C|O=S(=O)([O-])O,-1.8201589584350586,-1.550209403038025,1,10
CCC[n+]1ccn(C)c1C|O=S(=O)([O-])O,-1.5558971166610718,-1.2418239116668701,1,10
CCC[n+]1ccn(C)c1C|O=S(=O)([O-])O,-1.3205065727233887,-0.97181236743927,1,10
CCC[n+]1ccn(C)c1C|O=S(=O)([O-])O,-1.099612832069397,-0.7543869614601135,1,10
CCC[n+]1ccn(C)c1C|O=S(=O)([O-])O,-0.8940401077270508,-0.5725888013839722,1,10
CCC[n+]1ccn(C)c1C|O=S(=O)([O-])O,-0.7011793255805969,-0.42085111141204834,1,10
CCC[n+]1ccn(C)c1C|O=S(=O)([O-])O,-0.5108256340026855,-0.292736291885376,1,10
CCC[n+]1ccn(C)c1C|O=S(=O)([O-])O,-0.3410828411579132,-0.1829683780670166,1,10
CCC[n+]1ccn(C)c1C|O=S(=O)([O-])O,-0.18392284214496613,-0.0772172212600708,1,10
CCOCn1cc[n+](C)c1|O=S(=O)([N-]S(=O)(=O)C(F)(F)F)C(F)(F)F,-1.4439234733581543,-1.3976764678955078,1,9
CCOCn1cc[n+](C)c1|O=S(=O)([N-]S(=O)(=O)C(F)(F)F)C(F)(F)F,-1.075872778892517,-1.1789151430130005,1,9
CCOCn1cc[n+](C)c1|O=S(=O)([N-]S(=O)(=O)C(F)(F)F)C(F)(F)F,-0.9493305683135986,-1.096902847290039,1,9
CCOCn1cc[n+](C)c1|O=S(=O)([N-]S(=O)(=O)C(F)(F)F)C(F)(F)F,-0.8278220891952515,-1.016674518585205,1,9
CCOCn1cc[n+](C)c1|O=S(=O)([N-]S(=O)(=O)C(F)(F)F)C(F)(F)F,-0.6106459498405457,-0.8452259302139282,1,9
CCOCn1cc[n+](C)c1|O=S(=O)([N-]S(=O)(=O)C(F)(F)F)C(F)(F)F,-0.42924565076828003,-0.6856840252876282,1,9
CCOCn1cc[n+](C)c1|O=S(=O)([N-]S(=O)(=O)C(F)(F)F)C(F)(F)F,-0.26657310128211975,-0.5272210836410522,1,9
CCOCn1cc[n+](C)c1|O=S(=O)([N-]S(=O)(=O)C(F)(F)F)C(F)(F)F,-0.13467490673065186,-0.36251378059387207,1,9
CCOCn1cc[n+](C)c1|O=S(=O)([N-]S(=O)(=O)C(F)(F)F)C(F)(F)F,-0.028399474918842316,-0.2012563943862915,1,9
CC[n+]1ccn(C)c1|CCOS(=O)(=O)[O-],-1.447744369506836,-2.3082613945007324,1,65
CC[n+]1ccn(C)c1|CCOS(=O)(=O)[O-],-1.4464690685272217,-2.3072280883789062,1,65
CC[n+]1ccn(C)c1|CCOS(=O)(=O)[O-],-1.1973282098770142,-1.8454517126083374,1,65
CC[n+]1ccn(C)c1|CCOS(=O)(=O)[O-],-0.9649559259414673,-1.4987499713897705,1,65
CC[n+]1ccn(C)c1|CCOS(=O)(=O)[O-],-0.7486599087715149,-1.227773666381836,1,65
CC[n+]1ccn(C)c1|CCOS(=O)(=O)[O-],-0.5516476035118103,-0.9933655858039856,1,65
CC[n+]1ccn(C)c1|CCOS(=O)(=O)[O-],-0.3710636794567108,-0.7680484652519226,1,65
CC[n+]1ccn(C)c1|CCOS(=O)(=O)[O-],-0.0397808700799942,-0.38297319412231445,1,65
CC[n+]1ccn(C)c1|CCOS(=O)(=O)[O-],0.2502916753292084,-0.16577303409576416,1,65
CCOCC[N+]1(C)CCCC1|O=S(=O)([N-]S(=O)(=O)C(F)(F)F)C(F)(F)F,-1.4696760177612305,-1.9140677452087402,1,9
CCOCC[N+]1(C)CCCC1|O=S(=O)([N-]S(=O)(=O)C(F)(F)F)C(F)(F)F,-1.1907275915145874,-1.5230997800827026,1,9
CCOCC[N+]1(C)CCCC1|O=S(=O)([N-]S(=O)(=O)C(F)(F)F)C(F)(F)F,-1.075872778892517,-1.349593162536621,1,9
CCOCC[N+]1(C)CCCC1|O=S(=O)([N-]S(=O)(=O)C(F)(F)F)C(F)(F)F,-0.9649559259414673,-1.204498052597046,1,9
CCOCC[N+]1(C)CCCC1|O=S(=O)([N-]S(=O)(=O)C(F)(F)F)C(F)(F)F,-0.7896580696105957,-0.9358009696006775,1,9
CCOCC[N+]1(C)CCCC1|O=S(=O)([N-]S(=O)(=O)C(F)(F)F)C(F)(F)F,-0.6311118006706238,-0.7346261143684387,1,9
CCOCC[N+]1(C)CCCC1|O=S(=O)([N-]S(=O)(=O)C(F)(F)F)C(F)(F)F,-0.4926583170890808,-0.5680948495864868,1,9
CCOCC[N+]1(C)CCCC1|O=S(=O)([N-]S(=O)(=O)C(F)(F)F)C(F)(F)F,-0.37687766551971436,-0.41138899326324463,1,9
CCOCC[N+]1(C)CCCC1|O=S(=O)([N-]S(=O)(=O)C(F)(F)F)C(F)(F)F,-0.2718087136745453,-0.25290238857269287,1,9
CCCCCCCCCCCC[n+]1ccn(C)c1|O=S(=O)([N-]S(=O)(=O)C(F)(F)F)C(F)(F)F,-2.979858875274658,-4.107327938079834,1,18
CCCCCCCCCCCC[n+]1ccn(C)c1|O=S(=O)([N-]S(=O)(=O)C(F)(F)F)C(F)(F)F,-2.8217790126800537,-3.735805034637451,1,18
CCCCCCCCCCCC[n+]1ccn(C)c1|O=S(=O)([N-]S(=O)(=O)C(F)(F)F)C(F)(F)F,-2.6736488342285156,-3.3720412254333496,1,18
CCCCCCCCCCCC[n+]1ccn(C)c1|O=S(=O)([N-]S(=O)(=O)C(F)(F)F)C(F)(F)F,-2.5345170497894287,-3.0080127716064453,1,18
CCCCCCCCCCCC[n+]1ccn(C)c1|O=S(=O)([N-]S(=O)(=O)C(F)(F)F)C(F)(F)F,-2.4024055004119873,-2.6679306030273438,1,18
CCCCCCCCCCCC[n+]1ccn(C)c1|O=S(=O)([N-]S(=O)(=O)C(F)(F)F)C(F)(F)F,-2.277892589569092,-2.3845410346984863,1,18
CCCCCCCCCCCC[n+]1ccn(C)c1|O=S(=O)([N-]S(=O)(=O)C(F)(F)F)C(F)(F)F,-2.1576192378997803,-2.1128270626068115,1,18
CCCCCCCCCCCC[n+]1ccn(C)c1|O=S(=O)([N-]S(=O)(=O)C(F)(F)F)C(F)(F)F,-2.046393632888794,-1.8888428211212158,1,18
CCCCCCCCCCCC[n+]1ccn(C)c1|O=S(=O)([N-]S(=O)(=O)C(F)(F)F)C(F)(F)F,-1.9428149461746216,-1.7139837741851807,1,18
COCCCn1cc[n+](C)c1|O=S(=O)([N-]S(=O)(=O)C(F)(F)F)C(F)(F)F,-1.487220287322998,-1.770936369895935,1,9
COCCCn1cc[n+](C)c1|O=S(=O)([N-]S(=O)(=O)C(F)(F)F)C(F)(F)F,-1.1551826000213623,-1.455917477607727,1,9
COCCCn1cc[n+](C)c1|O=S(=O)([N-]S(=O)(=O)C(F)(F)F)C(F)(F)F,-1.0300195217132568,-1.325469970703125,1,9
COCCCn1cc[n+](C)c1|O=S(=O)([N-]S(=O)(=O)C(F)(F)F)C(F)(F)F,-0.9038681983947754,-1.2085713148117065,1,9
COCCCn1cc[n+](C)c1|O=S(=O)([N-]S(=O)(=O)C(F)(F)F)C(F)(F)F,-0.7113111615180969,-1.0209423303604126,1,9
COCCCn1cc[n+](C)c1|O=S(=O)([N-]S(=O)(=O)C(F)(F)F)C(F)(F)F,-0.5464528203010559,-0.8494025468826294,1,9
COCCCn1cc[n+](C)c1|O=S(=O)([N-]S(=O)(=O)C(F)(F)F)C(F)(F)F,-0.3960099518299103,-0.6807743310928345,1,9
COCCCn1cc[n+](C)c1|O=S(=O)([N-]S(=O)(=O)C(F)(F)F)C(F)(F)F,-0.26918748021125793,-0.5197126865386963,1,9
COCCCn1cc[n+](C)c1|O=S(=O)([N-]S(=O)(=O)C(F)(F)F)C(F)(F)F,-0.14041215181350708,-0.36016201972961426,1,9
CCCC[n+]1ccsc1|O=S(=O)([N-]S(=O)(=O)C(F)(F)F)C(F)(F)F,-2.079441547393799,-2.1800806522369385,1,15
CCCC[n+]1ccsc1|O=S(=O)([N-]S(=O)(=O)C(F)(F)F)C(F)(F)F,-1.7719568014144897,-1.7294715642929077,1,15
CCCC[n+]1ccsc1|O=S(=O)([N-]S(=O)(=O)C(F)(F)F)C(F)(F)F,-1.594549298286438,-1.5266667604446411,1,15
CCCC[n+]1ccsc1|O=S(=O)([N-]S(=O)(=O)C(F)(F)F)C(F)(F)F,-1.3356012105941772,-1.358262538909912,1,15
CCCC[n+]1ccsc1|O=S(=O)([N-]S(=O)(=O)C(F)(F)F)C(F)(F)F,-0.872273862361908,-1.0624229907989502,1,15
CCCC[n+]1ccsc1|O=S(=O)([N-]S(=O)(=O)C(F)(F)F)C(F)(F)F,-0.5025268197059631,-0.8157668113708496,1,15
CCCC[n+]1ccsc1|O=S(=O)([N-]S(=O)(=O)C(F)(F)F)C(F)(F)F,-0.20089294016361237,-0.6218112707138062,1,15
CCCC[n+]1ccsc1|O=S(=O)([N-]S(=O)(=O)C(F)(F)F)C(F)(F)F,-0.008032171986997128,-0.4467027187347412,1,15
CCCC[n+]1ccsc1|O=S(=O)([N-]S(=O)(=O)C(F)(F)F)C(F)(F)F,0.3155404031276703,-0.27247560024261475,1,15
Cn1cc[n+](CCO)c1|O=C([O-])C(F)(F)C(F)(F)C(F)(F)C(F)(F)F,-4.667045593261719,-3.0636844635009766,1,9
Cn1cc[n+](CCO)c1|O=C([O-])C(F)(F)C(F)(F)C(F)(F)C(F)(F)F,-4.233606815338135,-2.746873617172241,1,9
Cn1cc[n+](CCO)c1|O=C([O-])C(F)(F)C(F)(F)C(F)(F)C(F)(F)F,-3.8304429054260254,-2.453352451324463,1,9
Cn1cc[n+](CCO)c1|O=C([O-])C(F)(F)C(F)(F)C(F)(F)C(F)(F)F,-3.4577677249908447,-2.1628806591033936,1,9
Cn1cc[n+](CCO)c1|O=C([O-])C(F)(F)C(F)(F)C(F)(F)C(F)(F)F,-3.090043067932129,-1.9159431457519531,1,9
Cn1cc[n+](CCO)c1|O=C([O-])C(F)(F)C(F)(F)C(F)(F)C(F)(F)F,-2.764620542526245,-1.702162265777588,1,9
Cn1cc[n+](CCO)c1|O=C([O-])C(F)(F)C(F)(F)C(F)(F)C(F)(F)F,-2.4534080028533936,-1.4922856092453003,1,9
Cn1cc[n+](CCO)c1|O=C([O-])C(F)(F)C(F)(F)C(F)(F)C(F)(F)F,-2.1715569496154785,-1.2962660789489746,1,9
Cn1cc[n+](CCO)c1|O=C([O-])C(F)(F)C(F)(F)C(F)(F)C(F)(F)F,-1.9105429649353027,-1.1288807392120361,1,9
CCCC[N+]1(C)CCCC1|O=S(=O)(F)[N-]S(=O)(=O)F,-0.14387036859989166,-1.1352369785308838,1,45
CCCC[N+]1(C)CCCC1|O=S(=O)(F)[N-]S(=O)(=O)F,-0.08664780855178833,-1.0297298431396484,1,45
CCCC[N+]1(C)CCCC1|O=S(=O)(F)[N-]S(=O)(=O)F,0.08617769926786423,-0.7261568307876587,1,45
CCCC[N+]1(C)CCCC1|O=S(=O)(F)[N-]S(=O)(=O)F,0.23901690542697906,-0.4827646017074585,1,45
CCCC[N+]1(C)CCCC1|O=S(=O)(F)[N-]S(=O)(=O)F,0.3852623999118805,-0.27649986743927,1,45
CCCC[N+]1(C)CCCC1|O=S(=O)(F)[N-]S(=O)(=O)F,0.5187938213348389,-0.09794962406158447,1,45
CCCC[N+]1(C)CCCC1|O=S(=O)(F)[N-]S(=O)(=O)F,0.6471032500267029,0.05101442337036133,1,45
CCCC[N+]1(C)CCCC1|O=S(=O)(F)[N-]S(=O)(=O)F,0.7701082229614258,0.18871402740478516,1,45
CCCC[N+]1(C)CCCC1|O=S(=O)(F)[N-]S(=O)(=O)F,0.9895411729812622,0.3947005271911621,1,45
CCCC[N+]1(C)CCCC1|O=S(=O)(F)[N-]S(=O)(=O)F,1.1969481706619263,0.5989794731140137,1,45
CC[n+]1ccccc1|N#C[N-]C#N,0.5411608219146729,0.4604911804199219,1,9
CC[n+]1ccccc1|N#C[N-]C#N,0.6724341511726379,0.5631704330444336,1,9
CC[n+]1ccccc1|N#C[N-]C#N,0.8224195241928101,0.6590025424957275,1,9
CC[n+]1ccccc1|N#C[N-]C#N,0.9711576104164124,0.7530951499938965,1,9
CC[n+]1ccccc1|N#C[N-]C#N,1.1016077995300293,0.8392817974090576,1,9
CC[n+]1ccccc1|N#C[N-]C#N,1.2343080043792725,0.9166228771209717,1,9
CC[n+]1ccccc1|N#C[N-]C#N,1.360720157623291,0.9915494918823242,1,9
CC[n+]1ccccc1|N#C[N-]C#N,1.470865249633789,1.0651445388793945,1,9
CC[n+]1ccccc1|N#C[N-]C#N,1.58000910282135,1.1389765739440918,1,9
CCCCCCCCCCCC[n+]1ccn(C)c1|O=S(=O)([N-]S(=O)(=O)C(F)(F)F)C(F)(F)F,-3.0597376823425293,-4.079113006591797,1,18
CCCCCCCCCCCC[n+]1ccn(C)c1|O=S(=O)([N-]S(=O)(=O)C(F)(F)F)C(F)(F)F,-2.7968814373016357,-3.7145848274230957,1,18
CCCCCCCCCCCC[n+]1ccn(C)c1|O=S(=O)([N-]S(=O)(=O)C(F)(F)F)C(F)(F)F,-2.551046371459961,-3.3584868907928467,1,18
CCCCCCCCCCCC[n+]1ccn(C)c1|O=S(=O)([N-]S(=O)(=O)C(F)(F)F)C(F)(F)F,-2.321767807006836,-3.0015451908111572,1,18
CCCCCCCCCCCC[n+]1ccn(C)c1|O=S(=O)([N-]S(=O)(=O)C(F)(F)F)C(F)(F)F,-2.1078410148620605,-2.6685328483581543,1,18
CCCCCCCCCCCC[n+]1ccn(C)c1|O=S(=O)([N-]S(=O)(=O)C(F)(F)F)C(F)(F)F,-1.907170295715332,-2.39070987701416,1,18
CCCCCCCCCCCC[n+]1ccn(C)c1|O=S(=O)([N-]S(=O)(=O)C(F)(F)F)C(F)(F)F,-1.7203694581985474,-2.1246140003204346,1,18
CCCCCCCCCCCC[n+]1ccn(C)c1|O=S(=O)([N-]S(=O)(=O)C(F)(F)F)C(F)(F)F,-1.545055627822876,-1.9019196033477783,1,18
CCCCCCCCCCCC[n+]1ccn(C)c1|O=S(=O)([N-]S(=O)(=O)C(F)(F)F)C(F)(F)F,-1.3811078071594238,-1.7294963598251343,1,18
CCCC[n+]1ccn(C)c1|N[C@@H](CO)C(=O)[O-],-5.534039497375488,-4.01480770111084,1,9
CCCC[n+]1ccn(C)c1|N[C@@H](CO)C(=O)[O-],-5.005647659301758,-3.5762550830841064,1,9
CCCC[n+]1ccn(C)c1|N[C@@H](CO)C(=O)[O-],-4.790295600891113,-3.182931900024414,1,9
CCCC[n+]1ccn(C)c1|N[C@@H](CO)C(=O)[O-],-4.186460018157959,-2.8415844440460205,1,9
CCCC[n+]1ccn(C)c1|N[C@@H](CO)C(=O)[O-],-3.825845241546631,-2.5523924827575684,1,9
CCCC[n+]1ccn(C)c1|N[C@@H](CO)C(=O)[O-],-3.4142825603485107,-2.288593053817749,1,9
CCCC[n+]1ccn(C)c1|N[C@@H](CO)C(=O)[O-],-3.0554823875427246,-2.029449701309204,1,9
CCCC[n+]1ccn(C)c1|N[C@@H](CO)C(=O)[O-],-2.733367919921875,-1.8219199180603027,1,9
CCCC[n+]1ccn(C)c1|N[C@@H](CO)C(=O)[O-],-2.4522459506988525,-1.624706745147705,1,9
CCCCCC[n+]1ccccc1|N#C[N-]C#N,-0.7765287756919861,-0.9283647537231445,1,9
CCCCCC[n+]1ccccc1|N#C[N-]C#N,-0.5586162805557251,-0.7260138392448425,1,9
CCCCCC[n+]1ccccc1|N#C[N-]C#N,-0.36961546540260315,-0.542243480682373,1,9
CCCCCC[n+]1ccccc1|N#C[N-]C#N,-0.20579491555690765,-0.3657803535461426,1,9
CCCCCC[n+]1ccccc1|N#C[N-]C#N,-0.025317808613181114,-0.21575188636779785,1,9
CCCCCC[n+]1ccccc1|N#C[N-]C#N,0.13540463149547577,-0.08117926120758057,1,9
CCCCCC[n+]1ccccc1|N#C[N-]C#N,0.2738366723060608,0.04052591323852539,1,9
CCCCCC[n+]1ccccc1|N#C[N-]C#N,0.4147551655769348,0.15599596500396729,1,9
CCCCCC[n+]1ccccc1|N#C[N-]C#N,0.5399960279464722,0.2578786611557007,1,9
c(N(C)C)1c(N(C)C)[c+]1N(CCCC)C|[N-](C#N)C#N,-0.8255363702774048,-0.7970487475395203,1,8
c(N(C)C)1c(N(C)C)[c+]1N(CCCC)C|[N-](C#N)C#N,-0.3382738530635834,-0.5041623115539551,1,8
c(N(C)C)1c(N(C)C)[c+]1N(CCCC)C|[N-](C#N)C#N,0.06672362983226776,-0.26242053508758545,1,8
c(N(C)C)1c(N(C)C)[c+]1N(CCCC)C|[N-](C#N)C#N,0.4114471673965454,-0.06472992897033691,1,8
c(N(C)C)1c(N(C)C)[c+]1N(CCCC)C|[N-](C#N)C#N,0.717839777469635,0.1151266098022461,1,8
c(N(C)C)1c(N(C)C)[c+]1N(CCCC)C|[N-](C#N)C#N,0.9669838547706604,0.28872430324554443,1,8
c(N(C)C)1c(N(C)C)[c+]1N(CCCC)C|[N-](C#N)C#N,1.184790015220642,0.4438779354095459,1,8
c(N(C)C)1c(N(C)C)[c+]1N(CCCC)C|[N-](C#N)C#N,1.376244068145752,0.5902328491210938,1,8
c(N(CCCCC)CCCCC)1c(N(CCCCC)CCCCC)[c+]1N(CCCCC)CCCCC|[N-](C#N)C#N,-3.523365020751953,-2.492708444595337,1,8
c(N(CCCCC)CCCCC)1c(N(CCCCC)CCCCC)[c+]1N(CCCCC)CCCCC|[N-](C#N)C#N,-2.913231134414673,-2.2666854858398438,1,8
c(N(CCCCC)CCCCC)1c(N(CCCCC)CCCCC)[c+]1N(CCCCC)CCCCC|[N-](C#N)C#N,-2.392509698867798,-2.0850088596343994,1,8
c(N(CCCCC)CCCCC)1c(N(CCCCC)CCCCC)[c+]1N(CCCCC)CCCCC|[N-](C#N)C#N,-1.9386366605758667,-1.9360865354537964,1,8
c(N(CCCCC)CCCCC)1c(N(CCCCC)CCCCC)[c+]1N(CCCCC)CCCCC|[N-](C#N)C#N,-1.5417792797088623,-1.782996654510498,1,8
c(N(CCCCC)CCCCC)1c(N(CCCCC)CCCCC)[c+]1N(CCCCC)CCCCC|[N-](C#N)C#N,-1.1940224170684814,-1.6172109842300415,1,8
c(N(CCCCC)CCCCC)1c(N(CCCCC)CCCCC)[c+]1N(CCCCC)CCCCC|[N-](C#N)C#N,-0.8867319226264954,-1.4560630321502686,1,8
c(N(CCCCC)CCCCC)1c(N(CCCCC)CCCCC)[c+]1N(CCCCC)CCCCC|[N-](C#N)C#N,-0.6161861419677734,-1.30110502243042,1,8
CCCCCC[P+](CCCCCC)(CCCCCC)CC(C)C|[Br-],-7.2788190841674805,-2.868389129638672,1,8
CCCCCC[P+](CCCCCC)(CCCCCC)CC(C)C|[Br-],-6.725433826446533,-2.490339756011963,1,8
CCCCCC[P+](CCCCCC)(CCCCCC)CC(C)C|[Br-],-5.952243804931641,-2.1787362098693848,1,8
CCCCCC[P+](CCCCCC)(CCCCCC)CC(C)C|[Br-],-5.3185200691223145,-1.9694932699203491,1,8
CCCCCC[P+](CCCCCC)(CCCCCC)CC(C)C|[Br-],-4.947660446166992,-1.7989466190338135,1,8
CCCCCC[P+](CCCCCC)(CCCCCC)CC(C)C|[Br-],-4.4918413162231445,-1.6120078563690186,1,8
CCCCCC[P+](CCCCCC)(CCCCCC)CC(C)C|[Br-],-4.092346668243408,-1.4327806234359741,1,8
CCCCCC[P+](CCCCCC)(CCCCCC)CC(C)C|[Br-],-3.6769509315490723,-1.2285723686218262,1,8
c(N(CC)CC)1c(N(CC)CC)[c+]1N(CCCCCC)C|[N-](C#N)C#N,-1.2837377786636353,-1.3142160177230835,1,8
c(N(CC)CC)1c(N(CC)CC)[c+]1N(CCCCCC)C|[N-](C#N)C#N,-0.8347107172012329,-1.0699553489685059,1,8
c(N(CC)CC)1c(N(CC)CC)[c+]1N(CCCCCC)C|[N-](C#N)C#N,-0.45570632815361023,-0.822380781173706,1,8
c(N(CC)CC)1c(N(CC)CC)[c+]1N(CCCCCC)C|[N-](C#N)C#N,-0.12556321918964386,-0.5964261293411255,1,8
c(N(CC)CC)1c(N(CC)CC)[c+]1N(CCCCCC)C|[N-](C#N)C#N,0.16126814484596252,-0.409309983253479,1,8
c(N(CC)CC)1c(N(CC)CC)[c+]1N(CCCCCC)C|[N-](C#N)C#N,0.4140944480895996,-0.2369985580444336,1,8
c(N(CC)CC)1c(N(CC)CC)[c+]1N(CCCCCC)C|[N-](C#N)C#N,0.6355180740356445,-0.07329428195953369,1,8
c(N(CC)CC)1c(N(CC)CC)[c+]1N(CCCCCC)C|[N-](C#N)C#N,0.8394097089767456,0.08962893486022949,1,8
C(CCC)[N+]1(CCCCC1)C|C(#N)[C-](C#N)C#N,-1.8971199989318848,-3.3238964080810547,1,9
C(CCC)[N+]1(CCCCC1)C|C(#N)[C-](C#N)C#N,-1.4271163940429688,-2.4318602085113525,1,9
C(CCC)[N+]1(CCCCC1)C|C(#N)[C-](C#N)C#N,-1.021651268005371,-1.78467857837677,1,9
C(CCC)[N+]1(CCCCC1)C|C(#N)[C-](C#N)C#N,-0.8439700603485107,-1.4595601558685303,1,9
C(CCC)[N+]1(CCCCC1)C|C(#N)[C-](C#N)C#N,-0.6348782777786255,-1.132373332977295,1,9
C(CCC)[N+]1(CCCCC1)C|C(#N)[C-](C#N)C#N,-0.3566749393939972,-0.6159963607788086,1,9
C(CCC)[N+]1(CCCCC1)C|C(#N)[C-](C#N)C#N,-0.07257069647312164,-0.20027601718902588,1,9
C(CCC)[N+]1(CCCCC1)C|C(#N)[C-](C#N)C#N,0.25464221835136414,0.16246247291564941,1,9
CCCCCC[n+]1ccn(C)c1C|O=S(=O)([N-]S(=O)(=O)C(F)(F)F)C(F)(F)F,-3.6119184494018555,-3.6841132640838623,1,16
CCCCCC[n+]1ccn(C)c1C|O=S(=O)([N-]S(=O)(=O)C(F)(F)F)C(F)(F)F,-2.882403612136841,-2.9657959938049316,1,16
CCCCCC[n+]1ccn(C)c1C|O=S(=O)([N-]S(=O)(=O)C(F)(F)F)C(F)(F)F,-2.2926347255706787,-2.447863817214966,1,16
CCCCCC[n+]1ccn(C)c1C|O=S(=O)([N-]S(=O)(=O)C(F)(F)F)C(F)(F)F,-1.7837913036346436,-1.986665964126587,1,16
CCCCCC[n+]1ccn(C)c1C|O=S(=O)([N-]S(=O)(=O)C(F)(F)F)C(F)(F)F,-1.3394107818603516,-1.6114492416381836,1,16
CCCCCC[n+]1ccn(C)c1C|O=S(=O)([N-]S(=O)(=O)C(F)(F)F)C(F)(F)F,-0.9649559259414673,-1.238605260848999,1,16
CCCCCC[n+]1ccn(C)c1C|O=S(=O)([N-]S(=O)(=O)C(F)(F)F)C(F)(F)F,-0.6443570256233215,-0.9376203417778015,1,16
CCCCCC[n+]1ccn(C)c1C|O=S(=O)([N-]S(=O)(=O)C(F)(F)F)C(F)(F)F,-0.3624056279659271,-0.7053735852241516,1,16
CCCCCCCCCCCC[P+](CCCC)(CCCC)CCCC|N#Cc1ccc[n-]1,-5.80914306640625,-4.8722639083862305,1,8
CCCCCCCCCCCC[P+](CCCC)(CCCC)CCCC|N#Cc1ccc[n-]1,-4.9618449211120605,-4.339460372924805,1,8
CCCCCCCCCCCC[P+](CCCC)(CCCC)CCCC|N#Cc1ccc[n-]1,-4.605170249938965,-4.086974143981934,1,8
CCCCCCCCCCCC[P+](CCCC)(CCCC)CCCC|N#Cc1ccc[n-]1,-4.268697738647461,-3.8619282245635986,1,8
CCCCCCCCCCCC[P+](CCCC)(CCCC)CCCC|N#Cc1ccc[n-]1,-3.6888794898986816,-3.4029488563537598,1,8
CCCCCCCCCCCC[P+](CCCC)(CCCC)CCCC|N#Cc1ccc[n-]1,-3.194183111190796,-3.0174920558929443,1,8
CCCCCCCCCCCC[P+](CCCC)(CCCC)CCCC|N#Cc1ccc[n-]1,-2.733367919921875,-2.7097244262695312,1,8
CCCCCCCCCCCC[P+](CCCC)(CCCC)CCCC|N#Cc1ccc[n-]1,-2.3126354217529297,-2.4493472576141357,1,8
CCCCCC[n+]1ccn(C)c1C|O=S(=O)([N-]S(=O)(=O)C(F)(F)F)C(F)(F)F,-2.2256240844726562,-2.2144455909729004,1,16
CCCCCC[n+]1ccn(C)c1C|O=S(=O)([N-]S(=O)(=O)C(F)(F)F)C(F)(F)F,-1.8470607995986938,-1.986665964126587,1,16
CCCCCC[n+]1ccn(C)c1C|O=S(=O)([N-]S(=O)(=O)C(F)(F)F)C(F)(F)F,-1.546463131904602,-1.7895475625991821,1,16
CCCCCC[n+]1ccn(C)c1C|O=S(=O)([N-]S(=O)(=O)C(F)(F)F)C(F)(F)F,-1.3056364059448242,-1.6114492416381836,1,16
CCCCCC[n+]1ccn(C)c1C|O=S(=O)([N-]S(=O)(=O)C(F)(F)F)C(F)(F)F,-1.1425641775131226,-1.4194607734680176,1,16
CCCCCC[n+]1ccn(C)c1C|O=S(=O)([N-]S(=O)(=O)C(F)(F)F)C(F)(F)F,-0.9969586133956909,-1.238605260848999,1,16
CCCCCC[n+]1ccn(C)c1C|O=S(=O)([N-]S(=O)(=O)C(F)(F)F)C(F)(F)F,-0.8533159494400024,-1.0829116106033325,1,16
CCCCCC[n+]1ccn(C)c1C|O=S(=O)([N-]S(=O)(=O)C(F)(F)F)C(F)(F)F,-0.7339691519737244,-0.9376203417778015,1,16
C1C[C@@H]2[N+](CCCC)(C)[C@H]1C[C@H](O)C2|C(C(=O)[O-])N,-10.596634864807129,-9.280496597290039,1,8
C1C[C@@H]2[N+](CCCC)(C)[C@H]1C[C@H](O)C2|C(C(=O)[O-])N,-10.031320571899414,-8.764798164367676,1,8
C1C[C@@H]2[N+](CCCC)(C)[C@H]1C[C@H](O)C2|C(C(=O)[O-])N,-9.581403732299805,-8.43294620513916,1,8
C1C[C@@H]2[N+](CCCC)(C)[C@H]1C[C@H](O)C2|C(C(=O)[O-])N,-9.053337097167969,-8.01708698272705,1,8
C1C[C@@H]2[N+](CCCC)(C)[C@H]1C[C@H](O)C2|C(C(=O)[O-])N,-8.532306671142578,-7.592311859130859,1,8
C1C[C@@H]2[N+](CCCC)(C)[C@H]1C[C@H](O)C2|C(C(=O)[O-])N,-8.105083465576172,-7.167294502258301,1,8
C1C[C@@H]2[N+](CCCC)(C)[C@H]1C[C@H](O)C2|C(C(=O)[O-])N,-7.715191841125488,-6.762284278869629,1,8
C1C[C@@H]2[N+](CCCC)(C)[C@H]1C[C@H](O)C2|C(C(=O)[O-])N,-7.35874080657959,-6.36408805847168,1,8
C1C[C@@H]2[N+](CCCC)(C)[C@H]1C[C@H](O)C2|C[C@@H](C(=O)[O-])N,-10.98229694366455,-9.007412910461426,1,9
C1C[C@@H]2[N+](CCCC)(C)[C@H]1C[C@H](O)C2|C[C@@H](C(=O)[O-])N,-10.448214530944824,-8.486634254455566,1,9
C1C[C@@H]2[N+](CCCC)(C)[C@H]1C[C@H](O)C2|C[C@@H](C(=O)[O-])N,-9.903487205505371,-8.153545379638672,1,9
C1C[C@@H]2[N+](CCCC)(C)[C@H]1C[C@H](O)C2|C[C@@H](C(=O)[O-])N,-9.326873779296875,-7.735167503356934,1,9
C1C[C@@H]2[N+](CCCC)(C)[C@H]1C[C@H](O)C2|C[C@@H](C(=O)[O-])N,-8.778557777404785,-7.339557647705078,1,9
C1C[C@@H]2[N+](CCCC)(C)[C@H]1C[C@H](O)C2|C[C@@H](C(=O)[O-])N,-8.298057556152344,-6.937088966369629,1,9
C1C[C@@H]2[N+](CCCC)(C)[C@H]1C[C@H](O)C2|C[C@@H](C(=O)[O-])N,-7.857085704803467,-6.534944534301758,1,9
C1C[C@@H]2[N+](CCCC)(C)[C@H]1C[C@H](O)C2|C[C@@H](C(=O)[O-])N,-7.462881088256836,-6.131024360656738,1,9
CCCC[P+](CC)(CC)CC|N#Cc1ccc[n-]1,-2.5639498233795166,-3.3661160469055176,1,8
CCCC[P+](CC)(CC)CC|N#Cc1ccc[n-]1,-1.9173226356506348,-2.6937379837036133,1,8
CCCC[P+](CC)(CC)CC|N#Cc1ccc[n-]1,-1.62455153465271,-2.3525888919830322,1,8
CCCC[P+](CC)(CC)CC|N#Cc1ccc[n-]1,-1.3625777959823608,-2.0626988410949707,1,8
CCCC[P+](CC)(CC)CC|N#Cc1ccc[n-]1,-0.8891620635986328,-1.5950313806533813,1,8
CCCC[P+](CC)(CC)CC|N#Cc1ccc[n-]1,-0.4812668263912201,-1.2025384902954102,1,8
CCCC[P+](CC)(CC)CC|N#Cc1ccc[n-]1,-0.12669765949249268,-0.9233807325363159,1,8
CCCC[P+](CC)(CC)CC|N#Cc1ccc[n-]1,0.18232156336307526,-0.6902916431427002,1,8
CCCn1cc[n+](C)c1C|N#C[S-],-1.366491675376892,-1.741285800933838,1,8
CCCn1cc[n+](C)c1C|N#C[S-],-1.0188772678375244,-1.3687864542007446,1,8
CCCn1cc[n+](C)c1C|N#C[S-],-0.7787050604820251,-1.029904842376709,1,8
CCCn1cc[n+](C)c1C|N#C[S-],-0.5395680665969849,-0.7171545624732971,1,8
CCCn1cc[n+](C)c1C|N#C[S-],-0.3106095790863037,-0.46007585525512695,1,8
CCCn1cc[n+](C)c1C|N#C[S-],-0.0998203381896019,-0.26603853702545166,1,8
CCCn1cc[n+](C)c1C|N#C[S-],0.09531018137931824,-0.10717010498046875,1,8
CCCn1cc[n+](C)c1C|N#C[S-],0.28517892956733704,0.02427542209625244,1,8
CCCCn1cc[n+](C2CCCC2)c1|O=S(=O)([N-]S(=O)(=O)C(F)(F)F)C(F)(F)F,-1.62455153465271,-3.042253255844116,1,7
CCCCn1cc[n+](C2CCCC2)c1|O=S(=O)([N-]S(=O)(=O)C(F)(F)F)C(F)(F)F,-1.4024237394332886,-2.7048120498657227,1,7
CCCCn1cc[n+](C2CCCC2)c1|O=S(=O)([N-]S(=O)(=O)C(F)(F)F)C(F)(F)F,-1.0188772678375244,-2.0819103717803955,1,7
CCCCn1cc[n+](C2CCCC2)c1|O=S(=O)([N-]S(=O)(=O)C(F)(F)F)C(F)(F)F,-0.6851789951324463,-1.6312305927276611,1,7
CCCCn1cc[n+](C2CCCC2)c1|O=S(=O)([N-]S(=O)(=O)C(F)(F)F)C(F)(F)F,-0.4034671187400818,-1.238511085510254,1,7
CCCCn1cc[n+](C2CCCC2)c1|O=S(=O)([N-]S(=O)(=O)C(F)(F)F)C(F)(F)F,-0.13010868430137634,-0.8774493932723999,1,7
CCCCn1cc[n+](C2CCCC2)c1|O=S(=O)([N-]S(=O)(=O)C(F)(F)F)C(F)(F)F,0.1070590689778328,-0.5895015001296997,1,7
c(N(CC)CC)1c(N(CC)CC)[c+]1N(C)C|[N-](S(=O)(=O)C(F)(F)F)S(=O)(=O)C(F)(F)F,-1.850236415863037,-1.5294440984725952,1,8
c(N(CC)CC)1c(N(CC)CC)[c+]1N(C)C|[N-](S(=O)(=O)C(F)(F)F)S(=O)(=O)C(F)(F)F,-1.491654872894287,-1.2474322319030762,1,8
c(N(CC)CC)1c(N(CC)CC)[c+]1N(C)C|[N-](S(=O)(=O)C(F)(F)F)S(=O)(=O)C(F)(F)F,-1.1708604097366333,-0.9849622845649719,1,8
c(N(CC)CC)1c(N(CC)CC)[c+]1N(C)C|[N-](S(=O)(=O)C(F)(F)F)S(=O)(=O)C(F)(F)F,-0.8901357650756836,-0.7723334431648254,1,8
c(N(CC)CC)1c(N(CC)CC)[c+]1N(C)C|[N-](S(=O)(=O)C(F)(F)F)S(=O)(=O)C(F)(F)F,-0.6424540877342224,-0.5790853500366211,1,8
c(N(CC)CC)1c(N(CC)CC)[c+]1N(C)C|[N-](S(=O)(=O)C(F)(F)F)S(=O)(=O)C(F)(F)F,-0.42312005162239075,-0.39653146266937256,1,8
c(N(CC)CC)1c(N(CC)CC)[c+]1N(C)C|[N-](S(=O)(=O)C(F)(F)F)S(=O)(=O)C(F)(F)F,-0.23193205893039703,-0.23355638980865479,1,8
c(N(CC)CC)1c(N(CC)CC)[c+]1N(C)C|[N-](S(=O)(=O)C(F)(F)F)S(=O)(=O)C(F)(F)F,-0.06507200002670288,-0.07905340194702148,1,8
CCCCCC[n+]1ccn(C)c1|F[P-](F)(F)(F)(F)F,-2.5942752361297607,-2.3250679969787598,1,100
CCCCCC[n+]1ccn(C)c1|F[P-](F)(F)(F)(F)F,-2.3096096515655518,-1.9804391860961914,1,100
CCCCCC[n+]1ccn(C)c1|F[P-](F)(F)(F)(F)F,-2.0402207374572754,-1.6932679414749146,1,100
CCCCCC[n+]1ccn(C)c1|F[P-](F)(F)(F)(F)F,-1.7957675457000732,-1.461269736289978,1,100
CCCCCC[n+]1ccn(C)c1|F[P-](F)(F)(F)(F)F,-1.56064772605896,-1.2581443786621094,1,100
CCCCCC[n+]1ccn(C)c1|F[P-](F)(F)(F)(F)F,-1.3470736742019653,-1.070173740386963,1,100
CCCCCC[n+]1ccn(C)c1|F[P-](F)(F)(F)(F)F,-1.1425641775131226,-0.9194271564483643,1,100
CCCC[P+](CCCC)(CCCC)CCCC|O=C([O-])[C@@H]1CCCN1,-4.9198808670043945,-4.754308700561523,1,7
CCCC[P+](CCCC)(CCCC)CCCC|O=C([O-])[C@@H]1CCCN1,-4.605170249938965,-4.526540756225586,1,7
CCCC[P+](CCCC)(CCCC)CCCC|O=C([O-])[C@@H]1CCCN1,-3.9120230674743652,-4.1275787353515625,1,7
CCCC[P+](CCCC)(CCCC)CCCC|O=C([O-])[C@@H]1CCCN1,-3.352407217025757,-3.7389166355133057,1,7
CCCC[P+](CCCC)(CCCC)CCCC|O=C([O-])[C@@H]1CCCN1,-2.8473122119903564,-3.3376753330230713,1,7
CCCC[P+](CCCC)(CCCC)CCCC|O=C([O-])[C@@H]1CCCN1,-2.3968958854675293,-2.989410638809204,1,7
CCCC[P+](CCCC)(CCCC)CCCC|O=C([O-])[C@@H]1CCCN1,-2.009915590286255,-2.6840615272521973,1,7
CCC[n+]1ccccc1|O=S(=O)([N-]S(=O)(=O)C(F)(F)F)C(F)(F)F,-0.6124892830848694,-0.7537502646446228,1,16
CCC[n+]1ccccc1|O=S(=O)([N-]S(=O)(=O)C(F)(F)F)C(F)(F)F,-0.4338645935058594,-0.5838301181793213,1,16
CCC[n+]1ccccc1|O=S(=O)([N-]S(=O)(=O)C(F)(F)F)C(F)(F)F,-0.2626643180847168,-0.43307292461395264,1,16
CCC[n+]1ccccc1|O=S(=O)([N-]S(=O)(=O)C(F)(F)F)C(F)(F)F,-0.10758521407842636,-0.3124518394470215,1,16
CCC[n+]1ccccc1|O=S(=O)([N-]S(=O)(=O)C(F)(F)F)C(F)(F)F,0.037199441343545914,-0.20302987098693848,1,16
CCC[n+]1ccccc1|O=S(=O)([N-]S(=O)(=O)C(F)(F)F)C(F)(F)F,0.1718502640724182,-0.10478591918945312,1,16
CCC[n+]1ccccc1|O=S(=O)([N-]S(=O)(=O)C(F)(F)F)C(F)(F)F,0.2975086271762848,-0.015444517135620117,1,16
CCCCCCCCn1cc[n+](C)c1|F[B-](F)(F)F,-2.5047013759613037,-2.917402505874634,1,126
CCCCCCCCn1cc[n+](C)c1|F[B-](F)(F)F,-2.234926462173462,-2.4106667041778564,1,126
CCCCCCCCn1cc[n+](C)c1|F[B-](F)(F)F,-1.98777437210083,-1.996192216873169,1,126
CCCCCCCCn1cc[n+](C)c1|F[B-](F)(F)F,-1.760260820388794,-1.67806077003479,1,126
CCCCCCCCn1cc[n+](C)c1|F[B-](F)(F)F,-1.5371172428131104,-1.411083698272705,1,126
CCCCCCCCn1cc[n+](C)c1|F[B-](F)(F)F,-1.3356012105941772,-1.1698191165924072,1,126
CCCCCCCCn1cc[n+](C)c1|F[B-](F)(F)F,-1.1332037448883057,-0.9629053473472595,1,126
CC1(OC[C@@H](O1)C[N+]1(CCCC1)C)C|FC(S(=O)(=O)[N-]S(=O)(=O)C(F)(F)F)(F)F,-4.509860038757324,-4.310579299926758,1,7
CC1(OC[C@@H](O1)C[N+]1(CCCC1)C)C|FC(S(=O)(=O)[N-]S(=O)(=O)C(F)(F)F)(F)F,-3.6119184494018555,-3.6291089057922363,1,7
CC1(OC[C@@H](O1)C[N+]1(CCCC1)C)C|FC(S(=O)(=O)[N-]S(=O)(=O)C(F)(F)F)(F)F,-2.9759297370910645,-3.164792776107788,1,7
CC1(OC[C@@H](O1)C[N+]1(CCCC1)C)C|FC(S(=O)(=O)[N-]S(=O)(=O)C(F)(F)F)(F)F,-2.419118881225586,-2.7864460945129395,1,7
CC1(OC[C@@H](O1)C[N+]1(CCCC1)C)C|FC(S(=O)(=O)[N-]S(=O)(=O)C(F)(F)F)(F)F,-1.924148678779602,-2.439697742462158,1,7
CC1(OC[C@@H](O1)C[N+]1(CCCC1)C)C|FC(S(=O)(=O)[N-]S(=O)(=O)C(F)(F)F)(F)F,-1.487220287322998,-2.095067024230957,1,7
CC1(OC[C@@H](O1)C[N+]1(CCCC1)C)C|FC(S(=O)(=O)[N-]S(=O)(=O)C(F)(F)F)(F)F,-1.1647521257400513,-1.7990248203277588,1,7
COCC[N+]1(C)CCCC1|O=S(=O)([N-]S(=O)(=O)C(F)(F)F)C(F)(F)F,-1.0642108917236328,-1.274103045463562,1,36
COCC[N+]1(C)CCCC1|O=S(=O)([N-]S(=O)(=O)C(F)(F)F)C(F)(F)F,-0.9113031625747681,-1.0967447757720947,1,36
COCC[N+]1(C)CCCC1|O=S(=O)([N-]S(=O)(=O)C(F)(F)F)C(F)(F)F,-0.7339691519737244,-0.80237877368927,1,36
COCC[N+]1(C)CCCC1|O=S(=O)([N-]S(=O)(=O)C(F)(F)F)C(F)(F)F,-0.6273594498634338,-0.5833029747009277,1,36
COCC[N+]1(C)CCCC1|O=S(=O)([N-]S(=O)(=O)C(F)(F)F)C(F)(F)F,-0.5276327133178711,-0.4115220308303833,1,36
COCC[N+]1(C)CCCC1|O=S(=O)([N-]S(=O)(=O)C(F)(F)F)C(F)(F)F,-0.4338645935058594,-0.2416757345199585,1,36
COCC[N+]1(C)CCCC1|O=S(=O)([N-]S(=O)(=O)C(F)(F)F)C(F)(F)F,-0.35810452699661255,-0.07519567012786865,1,36
CCCCCCCCn1cc[n+](C)c1|[Cl-],-6.151633262634277,-3.023682117462158,1,7
CCCCCCCCn1cc[n+](C)c1|[Cl-],-5.646457195281982,-2.7184033393859863,1,7
CCCCCCCCn1cc[n+](C)c1|[Cl-],-5.181423664093018,-2.445039987564087,1,7
CCCCCCCCn1cc[n+](C)c1|[Cl-],-4.754830837249756,-2.2256202697753906,1,7
CCCCCCCCn1cc[n+](C)c1|[Cl-],-4.350527763366699,-2.025646209716797,1,7
CCCCCCCCn1cc[n+](C)c1|[Cl-],-3.979231834411621,-1.8507411479949951,1,7
CCCCCCCCn1cc[n+](C)c1|[Cl-],-3.6268441677093506,-1.6741389036178589,1,7
C(C)OCCN1C=[N+](C=C1)C|C(CC)(=O)[O-],-2.7030627727508545,-2.543436050415039,1,7
C(C)OCCN1C=[N+](C=C1)C|C(CC)(=O)[O-],-2.0249533653259277,-2.3097710609436035,1,7
C(C)OCCN1C=[N+](C=C1)C|C(CC)(=O)[O-],-1.6296405792236328,-2.10355281829834,1,7
C(C)OCCN1C=[N+](C=C1)C|C(CC)(=O)[O-],-1.2552660703659058,-1.948455810546875,1,7
C(C)OCCN1C=[N+](C=C1)C|C(CC)(=O)[O-],-0.972861111164093,-1.819719672203064,1,7
C(C)OCCN1C=[N+](C=C1)C|C(CC)(=O)[O-],-0.7174398899078369,-1.7027159929275513,1,7
C(C)OCCN1C=[N+](C=C1)C|C(CC)(=O)[O-],-0.47965002059936523,-1.5862187147140503,1,7
COCCN1C=[N+](C=C1)C|C(CC)(=O)[O-],-2.216407299041748,-2.8142597675323486,1,7
COCCN1C=[N+](C=C1)C|C(CC)(=O)[O-],-1.7957675457000732,-2.5365824699401855,1,7
COCCN1C=[N+](C=C1)C|C(CC)(=O)[O-],-1.4784096479415894,-2.280855417251587,1,7
COCCN1C=[N+](C=C1)C|C(CC)(=O)[O-],-1.1394343376159668,-2.062715768814087,1,7
COCCN1C=[N+](C=C1)C|C(CC)(=O)[O-],-0.8675005435943604,-1.900680661201477,1,7
COCCN1C=[N+](C=C1)C|C(CC)(=O)[O-],-0.6311118006706238,-1.7512359619140625,1,7
COCCN1C=[N+](C=C1)C|C(CC)(=O)[O-],-0.4109802842140198,-1.6210633516311646,1,7
C[N+]1=CN(C=C1)CCOC|CC(=O)[O-],-1.8201589584350586,-2.4848740100860596,1,7
C[N+]1=CN(C=C1)CCOC|CC(=O)[O-],-1.5371172428131104,-2.2303714752197266,1,7
C[N+]1=CN(C=C1)CCOC|CC(=O)[O-],-1.2378743886947632,-2.003274440765381,1,7
C[N+]1=CN(C=C1)CCOC|CC(=O)[O-],-0.9416085481643677,-1.817915439605713,1,7
C[N+]1=CN(C=C1)CCOC|CC(=O)[O-],-0.7113111615180969,-1.661710500717163,1,7
C[N+]1=CN(C=C1)CCOC|CC(=O)[O-],-0.4926583170890808,-1.5255417823791504,1,7
C[N+]1=CN(C=C1)CCOC|CC(=O)[O-],-0.2757534980773926,-1.391748070716858,1,7
COCC[N+]1(C)CCCC1|O=S(=O)([N-]S(=O)(=O)C(F)(F)F)C(F)(F)F,-1.56064772605896,-1.708762764930725,1,36
COCC[N+]1(C)CCCC1|O=S(=O)([N-]S(=O)(=O)C(F)(F)F)C(F)(F)F,-1.4271163940429688,-1.478920578956604,1,36
COCC[N+]1(C)CCCC1|O=S(=O)([N-]S(=O)(=O)C(F)(F)F)C(F)(F)F,-1.2039728164672852,-1.274103045463562,1,36
COCC[N+]1(C)CCCC1|O=S(=O)([N-]S(=O)(=O)C(F)(F)F)C(F)(F)F,-1.0498220920562744,-1.0967447757720947,1,36
COCC[N+]1(C)CCCC1|O=S(=O)([N-]S(=O)(=O)C(F)(F)F)C(F)(F)F,-0.891598105430603,-0.9402017593383789,1,36
COCC[N+]1(C)CCCC1|O=S(=O)([N-]S(=O)(=O)C(F)(F)F)C(F)(F)F,-0.7550225853919983,-0.80237877368927,1,36
COCC[N+]1(C)CCCC1|O=S(=O)([N-]S(=O)(=O)C(F)(F)F)C(F)(F)F,-0.6161861419677734,-0.6791611909866333,1,36
CC[S+](CC)CCOCCOCCOCC[S+](CC)CC|N#C[N-]C#N.N#C[N-]C#N,-1.9449106454849243,-1.2922877073287964,1,6
CC[S+](CC)CCOCCOCCOCC[S+](CC)CC|N#C[N-]C#N.N#C[N-]C#N,-1.5141277313232422,-1.2273991107940674,1,6
CC[S+](CC)CCOCCOCCOCC[S+](CC)CC|N#C[N-]C#N.N#C[N-]C#N,-0.8164454102516174,-1.110143780708313,1,6
CC[S+](CC)CCOCCOCCOCC[S+](CC)CC|N#C[N-]C#N.N#C[N-]C#N,-0.4764241874217987,-0.981590747833252,1,6
CC[S+](CC)CCOCCOCCOCC[S+](CC)CC|N#C[N-]C#N.N#C[N-]C#N,-0.2744368314743042,-0.8675057291984558,1,6
CC[S+](CC)CCOCCOCCOCC[S+](CC)CC|N#C[N-]C#N.N#C[N-]C#N,0.14323416352272034,-0.7401276230812073,1,6
CCC[n+]1ccccc1|O=S(=O)([N-]S(=O)(=O)C(F)(F)F)C(F)(F)F,-0.32989391684532166,-0.4315226078033447,1,16
CCC[n+]1ccccc1|O=S(=O)([N-]S(=O)(=O)C(F)(F)F)C(F)(F)F,-0.18632957339286804,-0.30905795097351074,1,16
CCC[n+]1ccccc1|O=S(=O)([N-]S(=O)(=O)C(F)(F)F)C(F)(F)F,-0.046043939888477325,-0.19733715057373047,1,16
CCC[n+]1ccccc1|O=S(=O)([N-]S(=O)(=O)C(F)(F)F)C(F)(F)F,0.07973496615886688,-0.09811913967132568,1,16
CCC[n+]1ccccc1|O=S(=O)([N-]S(=O)(=O)C(F)(F)F)C(F)(F)F,0.20130684971809387,-0.007322907447814941,1,16
CCC[n+]1ccccc1|O=S(=O)([N-]S(=O)(=O)C(F)(F)F)C(F)(F)F,0.31115442514419556,0.07757377624511719,1,16
CCCCn1cc[n+](CCOCCOCC[n+]2ccn(CCCC)c2)c1|O=S(=O)([N-]S(=O)(=O)C(F)(F)F)C(F)(F)F.O=S(=O)([N-]S(=O)(=O)C(F)(F)F)C(F)(F)F,-2.5383074283599854,-1.970209002494812,1,6
CCCCn1cc[n+](CCOCCOCC[n+]2ccn(CCCC)c2)c1|O=S(=O)([N-]S(=O)(=O)C(F)(F)F)C(F)(F)F.O=S(=O)([N-]S(=O)(=O)C(F)(F)F)C(F)(F)F,-2.263364315032959,-1.8500839471817017,1,6
CCCCn1cc[n+](CCOCCOCC[n+]2ccn(CCCC)c2)c1|O=S(=O)([N-]S(=O)(=O)C(F)(F)F)C(F)(F)F.O=S(=O)([N-]S(=O)(=O)C(F)(F)F)C(F)(F)F,-1.8018097877502441,-1.6571264266967773,1,6
CCCCn1cc[n+](CCOCCOCC[n+]2ccn(CCCC)c2)c1|O=S(=O)([N-]S(=O)(=O)C(F)(F)F)C(F)(F)F.O=S(=O)([N-]S(=O)(=O)C(F)(F)F)C(F)(F)F,-1.3394107818603516,-1.4863499402999878,1,6
CCCCn1cc[n+](CCOCCOCC[n+]2ccn(CCCC)c2)c1|O=S(=O)([N-]S(=O)(=O)C(F)(F)F)C(F)(F)F.O=S(=O)([N-]S(=O)(=O)C(F)(F)F)C(F)(F)F,-0.9755101203918457,-1.3261792659759521,1,6
CCCCn1cc[n+](CCOCCOCC[n+]2ccn(CCCC)c2)c1|O=S(=O)([N-]S(=O)(=O)C(F)(F)F)C(F)(F)F.O=S(=O)([N-]S(=O)(=O)C(F)(F)F)C(F)(F)F,-0.6367668509483337,-1.189800500869751,1,6
CC[S+](CC)CCOCC[S+](CC)CC|O=S(=O)([N-]S(=O)(=O)C(F)(F)F)C(F)(F)F.O=S(=O)([N-]S(=O)(=O)C(F)(F)F)C(F)(F)F,-1.3862943649291992,-1.6970927715301514,1,6
CC[S+](CC)CCOCC[S+](CC)CC|O=S(=O)([N-]S(=O)(=O)C(F)(F)F)C(F)(F)F.O=S(=O)([N-]S(=O)(=O)C(F)(F)F)C(F)(F)F,-1.0441241264343262,-1.5982292890548706,1,6
CC[S+](CC)CCOCC[S+](CC)CC|O=S(=O)([N-]S(=O)(=O)C(F)(F)F)C(F)(F)F.O=S(=O)([N-]S(=O)(=O)C(F)(F)F)C(F)(F)F,-0.6539264917373657,-1.4197334051132202,1,6
CC[S+](CC)CCOCC[S+](CC)CC|O=S(=O)([N-]S(=O)(=O)C(F)(F)F)C(F)(F)F.O=S(=O)([N-]S(=O)(=O)C(F)(F)F)C(F)(F)F,-0.5780344009399414,-1.2758300304412842,1,6
CC[S+](CC)CCOCC[S+](CC)CC|O=S(=O)([N-]S(=O)(=O)C(F)(F)F)C(F)(F)F.O=S(=O)([N-]S(=O)(=O)C(F)(F)F)C(F)(F)F,-0.26136475801467896,-1.1529054641723633,1,6
CC[S+](CC)CCOCC[S+](CC)CC|O=S(=O)([N-]S(=O)(=O)C(F)(F)F)C(F)(F)F.O=S(=O)([N-]S(=O)(=O)C(F)(F)F)C(F)(F)F,0.016857117414474487,-1.0495824813842773,1,6
CCCCn1cc[n+](CCOCCOCCOCCOCC[n+]2ccn(CCCC)c2)c1|N#C[N-]C#N.N#C[N-]C#N,-2.032557964324951,-1.4288233518600464,1,6
CCCCn1cc[n+](CCOCCOCCOCCOCC[n+]2ccn(CCCC)c2)c1|N#C[N-]C#N.N#C[N-]C#N,-1.639897108078003,-1.34018075466156,1,6
CCCCn1cc[n+](CCOCCOCCOCCOCC[n+]2ccn(CCCC)c2)c1|N#C[N-]C#N.N#C[N-]C#N,-1.1239300966262817,-1.1825780868530273,1,6
CCCCn1cc[n+](CCOCCOCCOCCOCC[n+]2ccn(CCCC)c2)c1|N#C[N-]C#N.N#C[N-]C#N,-0.5412848591804504,-1.0765565633773804,1,6
CCCCn1cc[n+](CCOCCOCCOCCOCC[n+]2ccn(CCCC)c2)c1|N#C[N-]C#N.N#C[N-]C#N,-0.18874213099479675,-0.9880491495132446,1,6
CCCCn1cc[n+](CCOCCOCCOCCOCC[n+]2ccn(CCCC)c2)c1|N#C[N-]C#N.N#C[N-]C#N,0.11064652353525162,-0.8937233090400696,1,6
CCCC[n+]1ccsc1|O=S(=O)([N-]S(=O)(=O)C(F)(F)F)C(F)(F)F,-1.6450650691986084,-1.7294715642929077,1,15
CCCC[n+]1ccsc1|O=S(=O)([N-]S(=O)(=O)C(F)(F)F)C(F)(F)F,-1.414693832397461,-1.5266667604446411,1,15
CCCC[n+]1ccsc1|O=S(=O)([N-]S(=O)(=O)C(F)(F)F)C(F)(F)F,-1.2039728164672852,-1.358262538909912,1,15
CCCC[n+]1ccsc1|O=S(=O)([N-]S(=O)(=O)C(F)(F)F)C(F)(F)F,-0.8232558369636536,-1.0624229907989502,1,15
CCCC[n+]1ccsc1|O=S(=O)([N-]S(=O)(=O)C(F)(F)F)C(F)(F)F,-0.4893903434276581,-0.8157668113708496,1,15
CCCC[n+]1ccsc1|O=S(=O)([N-]S(=O)(=O)C(F)(F)F)C(F)(F)F,-0.1984509378671646,-0.6218112707138062,1,15
C(C)OCC[P+](CCCC)(CCCC)CCCC|[N-](S(=O)(=O)C(F)(F)F)S(=O)(=O)C(F)(F)F,-2.573082447052002,-2.268157720565796,1,6
C(C)OCC[P+](CCCC)(CCCC)CCCC|[N-](S(=O)(=O)C(F)(F)F)S(=O)(=O)C(F)(F)F,-2.111964702606201,-2.034566640853882,1,6
C(C)OCC[P+](CCCC)(CCCC)CCCC|[N-](S(=O)(=O)C(F)(F)F)S(=O)(=O)C(F)(F)F,-1.7316055297851562,-1.7960408926010132,1,6
C(C)OCC[P+](CCCC)(CCCC)CCCC|[N-](S(=O)(=O)C(F)(F)F)S(=O)(=O)C(F)(F)F,-1.3318061828613281,-1.5596903562545776,1,6
C(C)OCC[P+](CCCC)(CCCC)CCCC|[N-](S(=O)(=O)C(F)(F)F)S(=O)(=O)C(F)(F)F,-1.0161110162734985,-1.3849611282348633,1,6
C(C)OCC[P+](CCCC)(CCCC)CCCC|[N-](S(=O)(=O)C(F)(F)F)S(=O)(=O)C(F)(F)F,-0.7339691519737244,-1.2449355125427246,1,6
CCC[N+]1(C)CCCCC1|O=S(=O)([N-]S(=O)(=O)C(F)(F)F)C(F)(F)F,-2.2256240844726562,-1.4294536113739014,1,23
CCC[N+]1(C)CCCCC1|O=S(=O)([N-]S(=O)(=O)C(F)(F)F)C(F)(F)F,-1.9519282579421997,-1.1811659336090088,1,23
CCC[N+]1(C)CCCCC1|O=S(=O)([N-]S(=O)(=O)C(F)(F)F)C(F)(F)F,-1.7092581987380981,-0.9379680752754211,1,23
CCC[N+]1(C)CCCCC1|O=S(=O)([N-]S(=O)(=O)C(F)(F)F)C(F)(F)F,-1.4610179662704468,-0.7481936812400818,1,23
CCC[N+]1(C)CCCCC1|O=S(=O)([N-]S(=O)(=O)C(F)(F)F)C(F)(F)F,-1.2587810754776,-0.5632939338684082,1,23
CCC[N+]1(C)CCCCC1|O=S(=O)([N-]S(=O)(=O)C(F)(F)F)C(F)(F)F,-0.5327304601669312,-0.019940614700317383,1,23
CC[n+]1ccn(C)c1|CCOS(=O)(=O)[O-],-0.9675840139389038,-1.4944472312927246,1,65
CC[n+]1ccn(C)c1|CCOS(=O)(=O)[O-],-0.7592869997024536,-1.227773666381836,1,65
CC[n+]1ccn(C)c1|CCOS(=O)(=O)[O-],-0.5691611766815186,-0.9915331602096558,1,65
CC[n+]1ccn(C)c1|CCOS(=O)(=O)[O-],-0.39304259419441223,-0.7642815709114075,1,65
CC[n+]1ccn(C)c1|CCOS(=O)(=O)[O-],-0.1554848998785019,-0.5383011102676392,1,65
CC[n+]1ccn(C)c1|CCOS(=O)(=O)[O-],0.0004998750519007444,-0.3811948299407959,1,65
CC[S+](CC)CC|O=S(=O)([N-]S(=O)(=O)C(F)(F)F)C(F)(F)F,-0.5208759307861328,-1.2575668096542358,1,28
CC[S+](CC)CC|O=S(=O)([N-]S(=O)(=O)C(F)(F)F)C(F)(F)F,-0.33687230944633484,-1.0869483947753906,1,28
CC[S+](CC)CC|O=S(=O)([N-]S(=O)(=O)C(F)(F)F)C(F)(F)F,-0.17554457485675812,-0.9257066249847412,1,28
CC[S+](CC)CC|O=S(=O)([N-]S(=O)(=O)C(F)(F)F)C(F)(F)F,0.11422114074230194,-0.6516674160957336,1,28
CC[S+](CC)CC|O=S(=O)([N-]S(=O)(=O)C(F)(F)F)C(F)(F)F,0.36672428250312805,-0.43643510341644287,1,28
CC[S+](CC)CC|O=S(=O)([N-]S(=O)(=O)C(F)(F)F)C(F)(F)F,0.5877866744995117,-0.2697948217391968,1,28
C[N+]1(CCOCCOCC[N+]2(C)CCCC2)CCCC1|N#C[N-]C#N.N#C[N-]C#N,-1.5186835527420044,-1.7350170612335205,1,6
C[N+]1(CCOCCOCC[N+]2(C)CCCC2)CCCC1|N#C[N-]C#N.N#C[N-]C#N,-1.2552660703659058,-1.5731263160705566,1,6
C[N+]1(CCOCCOCC[N+]2(C)CCCC2)CCCC1|N#C[N-]C#N.N#C[N-]C#N,-0.8867319226264954,-1.2681310176849365,1,6
C[N+]1(CCOCCOCC[N+]2(C)CCCC2)CCCC1|N#C[N-]C#N.N#C[N-]C#N,-0.4261781573295593,-0.9815346002578735,1,6
C[N+]1(CCOCCOCC[N+]2(C)CCCC2)CCCC1|N#C[N-]C#N.N#C[N-]C#N,-0.10314075648784637,-0.7158063650131226,1,6
C[N+]1(CCOCCOCC[N+]2(C)CCCC2)CCCC1|N#C[N-]C#N.N#C[N-]C#N,0.24842135608196259,-0.47172415256500244,1,6
CCCC[N+]1(C)CCOCC1|O=S(=O)([N-]S(=O)(=O)C(F)(F)F)C(F)(F)F,-3.5755507946014404,-2.7216148376464844,1,6
CCCC[N+]1(C)CCOCC1|O=S(=O)([N-]S(=O)(=O)C(F)(F)F)C(F)(F)F,-3.194183111190796,-2.537982702255249,1,6
CCCC[N+]1(C)CCOCC1|O=S(=O)([N-]S(=O)(=O)C(F)(F)F)C(F)(F)F,-2.864703893661499,-2.329380512237549,1,6
CCCC[N+]1(C)CCOCC1|O=S(=O)([N-]S(=O)(=O)C(F)(F)F)C(F)(F)F,-2.234926462173462,-1.947893738746643,1,6
CCCC[N+]1(C)CCOCC1|O=S(=O)([N-]S(=O)(=O)C(F)(F)F)C(F)(F)F,-1.7203694581985474,-1.6129508018493652,1,6
CCCC[N+]1(C)CCOCC1|O=S(=O)([N-]S(=O)(=O)C(F)(F)F)C(F)(F)F,-1.2837377786636353,-1.307770848274231,1,6
C(CCC)[P+](CCCCCCCCCC)(CCCC)CCCC|[N-](S(=O)(=O)C(F)(F)F)S(=O)(=O)C(F)(F)F,-3.7898054122924805,-4.195779800415039,1,6
C(CCC)[P+](CCCCCCCCCC)(CCCC)CCCC|[N-](S(=O)(=O)C(F)(F)F)S(=O)(=O)C(F)(F)F,-3.2701690196990967,-3.59383487701416,1,6
C(CCC)[P+](CCCCCCCCCC)(CCCC)CCCC|[N-](S(=O)(=O)C(F)(F)F)S(=O)(=O)C(F)(F)F,-2.8167495727539062,-3.098865032196045,1,6
C(CCC)[P+](CCCCCCCCCC)(CCCC)CCCC|[N-](S(=O)(=O)C(F)(F)F)S(=O)(=O)C(F)(F)F,-2.4046177864074707,-2.724998950958252,1,6
C(CCC)[P+](CCCCCCCCCC)(CCCC)CCCC|[N-](S(=O)(=O)C(F)(F)F)S(=O)(=O)C(F)(F)F,-2.032557964324951,-2.4423253536224365,1,6
C(CCC)[P+](CCCCCCCCCC)(CCCC)CCCC|[N-](S(=O)(=O)C(F)(F)F)S(=O)(=O)C(F)(F)F,-1.6982691287994385,-2.189540386199951,1,6
CCCC[N+]1(C)CCCCC1|O=S(=O)([N-]S(=O)(=O)C(F)(F)F)C(F)(F)F,-2.3859667778015137,-1.9503822326660156,1,30
CCCC[N+]1(C)CCCCC1|O=S(=O)([N-]S(=O)(=O)C(F)(F)F)C(F)(F)F,-2.05572509765625,-1.6358067989349365,1,30
CCCC[N+]1(C)CCCCC1|O=S(=O)([N-]S(=O)(=O)C(F)(F)F)C(F)(F)F,-1.7957675457000732,-1.3911097049713135,1,30
CCCC[N+]1(C)CCCCC1|O=S(=O)([N-]S(=O)(=O)C(F)(F)F)C(F)(F)F,-1.3356012105941772,-0.9276313185691833,1,30
CCCC[N+]1(C)CCCCC1|O=S(=O)([N-]S(=O)(=O)C(F)(F)F)C(F)(F)F,-0.9493305683135986,-0.5663774013519287,1,30
CCCC[N+]1(C)CCCCC1|O=S(=O)([N-]S(=O)(=O)C(F)(F)F)C(F)(F)F,-0.6143360137939453,-0.28280675411224365,1,30
c(N(C)C)1c(N(C)C)[c+]1N(CCCC)CCCC|[N-](S(=O)(=O)C(F)(F)F)S(=O)(=O)C(F)(F)F,-1.1647521257400513,-1.433915138244629,1,6
c(N(C)C)1c(N(C)C)[c+]1N(CCCC)CCCC|[N-](S(=O)(=O)C(F)(F)F)S(=O)(=O)C(F)(F)F,-0.7985076904296875,-1.1192798614501953,1,6
c(N(C)C)1c(N(C)C)[c+]1N(CCCC)CCCC|[N-](S(=O)(=O)C(F)(F)F)S(=O)(=O)C(F)(F)F,-0.48450830578804016,-0.9074023962020874,1,6
c(N(C)C)1c(N(C)C)[c+]1N(CCCC)CCCC|[N-](S(=O)(=O)C(F)(F)F)S(=O)(=O)C(F)(F)F,-0.21072103083133698,-0.7322685718536377,1,6
c(N(C)C)1c(N(C)C)[c+]1N(CCCC)CCCC|[N-](S(=O)(=O)C(F)(F)F)S(=O)(=O)C(F)(F)F,0.028587456792593002,-0.5666050910949707,1,6
c(N(C)C)1c(N(C)C)[c+]1N(CCCC)CCCC|[N-](S(=O)(=O)C(F)(F)F)S(=O)(=O)C(F)(F)F,0.246860072016716,-0.41660749912261963,1,6
CC[n+]1ccsc1|O=S(=O)([O-])C(F)(F)F,-1.272965669631958,-1.4307881593704224,1,11
CC[n+]1ccsc1|O=S(=O)([O-])C(F)(F)F,-0.8439700603485107,-0.9819580912590027,1,11
CC[n+]1ccsc1|O=S(=O)([O-])C(F)(F)F,-0.31471073627471924,-0.4947702884674072,1,11
CC[n+]1ccsc1|O=S(=O)([O-])C(F)(F)F,0.12221763283014297,-0.1909029483795166,1,11
CC[n+]1ccsc1|O=S(=O)([O-])C(F)(F)F,0.6259384155273438,0.14936673641204834,1,11
CCCC[N+]1=CN(C=C1)C=C|C(C(=O)[O-])N,-4.710530757904053,-3.7135493755340576,1,5
CCCC[N+]1=CN(C=C1)C=C|C(C(=O)[O-])N,-4.422848701477051,-3.3046913146972656,1,5
CCCC[N+]1=CN(C=C1)C=C|C(C(=O)[O-])N,-4.342805862426758,-2.933748960494995,1,5
CCCC[N+]1=CN(C=C1)C=C|C(C(=O)[O-])N,-4.017383575439453,-2.600782871246338,1,5
CCCC[N+]1=CN(C=C1)C=C|C(C(=O)[O-])N,-3.8632328510284424,-2.294947624206543,1,5
C[N+](C)(C)C|CCCCCCCCCCCCCCCCCC(=O)[O-],-4.5189924240112305,-6.343965530395508,1,5
C[N+](C)(C)C|CCCCCCCCCCCCCCCCCC(=O)[O-],-3.984593629837036,-5.748885154724121,1,5
C[N+](C)(C)C|CCCCCCCCCCCCCCCCCC(=O)[O-],-3.420380115509033,-5.148038387298584,1,5
C[N+](C)(C)C|CCCCCCCCCCCCCCCCCC(=O)[O-],-2.9584364891052246,-4.613888263702393,1,5
C[N+](C)(C)C|CCCCCCCCCCCCCCCCCC(=O)[O-],-2.5889346599578857,-4.1744184494018555,1,5
CC[n+]1ccsc1|O=S(=O)([O-])C(F)(F)F,-1.309333324432373,-1.4130496978759766,1,11
CC[n+]1ccsc1|O=S(=O)([O-])C(F)(F)F,-0.8439700603485107,-0.9592748284339905,1,11
CC[n+]1ccsc1|O=S(=O)([O-])C(F)(F)F,-0.31471073627471924,-0.48193562030792236,1,11
CC[n+]1ccsc1|O=S(=O)([O-])C(F)(F)F,0.10436001420021057,-0.18999266624450684,1,11
CC[n+]1ccsc1|O=S(=O)([O-])C(F)(F)F,0.5988364815711975,0.14705348014831543,1,11
C(CCC)N1C=[N+](C=C1)C=C|N[C@@H](CCCCN)C(=O)[O-],-2.0174062252044678,-4.66264533996582,1,5
C(CCC)N1C=[N+](C=C1)C=C|N[C@@H](CCCCN)C(=O)[O-],-1.870802640914917,-4.266971588134766,1,5
C(CCC)N1C=[N+](C=C1)C=C|N[C@@H](CCCCN)C(=O)[O-],-1.7372713088989258,-3.8887240886688232,1,5
C(CCC)N1C=[N+](C=C1)C=C|N[C@@H](CCCCN)C(=O)[O-],-1.6347557306289673,-3.527885913848877,1,5
C(CCC)N1C=[N+](C=C1)C=C|N[C@@H](CCCCN)C(=O)[O-],-1.5417792797088623,-3.2074086666107178,1,5
c(N(C)C)1c(N(C)C)[c+]1N(CCC)CCC|[N-](S(=O)(=O)C(F)(F)F)S(=O)(=O)C(F)(F)F,-0.6753072738647461,-0.872657835483551,1,5
c(N(C)C)1c(N(C)C)[c+]1N(CCC)CCC|[N-](S(=O)(=O)C(F)(F)F)S(=O)(=O)C(F)(F)F,-0.3552473783493042,-0.6984890103340149,1,5
c(N(C)C)1c(N(C)C)[c+]1N(CCC)CCC|[N-](S(=O)(=O)C(F)(F)F)S(=O)(=O)C(F)(F)F,-0.08338160812854767,-0.5179671049118042,1,5
c(N(C)C)1c(N(C)C)[c+]1N(CCC)CCC|[N-](S(=O)(=O)C(F)(F)F)S(=O)(=O)C(F)(F)F,0.15186235308647156,-0.350661039352417,1,5
c(N(C)C)1c(N(C)C)[c+]1N(CCC)CCC|[N-](S(=O)(=O)C(F)(F)F)S(=O)(=O)C(F)(F)F,0.3736303746700287,-0.19247770309448242,1,5
CCCCCCCCCCn1cc[n+](Cc2ccc(C)cc2)c1|O=S(=O)([N-]S(=O)(=O)C(F)(F)F)C(F)(F)F,-4.249595642089844,-4.2326202392578125,1,4
CCCCCCCCCCn1cc[n+](Cc2ccc(C)cc2)c1|O=S(=O)([N-]S(=O)(=O)C(F)(F)F)C(F)(F)F,-3.9095261096954346,-3.85243821144104,1,4
CCCCCCCCCCn1cc[n+](Cc2ccc(C)cc2)c1|O=S(=O)([N-]S(=O)(=O)C(F)(F)F)C(F)(F)F,-3.3153867721557617,-3.13673734664917,1,4
CCCCCCCCCCn1cc[n+](Cc2ccc(C)cc2)c1|O=S(=O)([N-]S(=O)(=O)C(F)(F)F)C(F)(F)F,-2.5548999309539795,-2.2332749366760254,1,4
CCOCC[n+]1ccn(CCC#N)c1|O=S(=O)([N-]S(=O)(=O)C(F)(F)F)C(F)(F)F,-2.864703893661499,-2.056936264038086,1,4
CCOCC[n+]1ccn(CCC#N)c1|O=S(=O)([N-]S(=O)(=O)C(F)(F)F)C(F)(F)F,-2.6521425247192383,-1.7349883317947388,1,4
CCOCC[n+]1ccn(CCC#N)c1|O=S(=O)([N-]S(=O)(=O)C(F)(F)F)C(F)(F)F,-2.346536874771118,-1.4777246713638306,1,4
CCOCC[n+]1ccn(CCC#N)c1|O=S(=O)([N-]S(=O)(=O)C(F)(F)F)C(F)(F)F,-1.9661128520965576,-1.2802175283432007,1,4
CCCCn1cc[n+](C)c1.CCCCn1cc[n+](C)c1.CCCCn1cc[n+](C)c1|S=C=N[Cr-3](N=C=S)(N=C=S)(N=C=S)(N=C=S)N=C=S,-3.958066940307617,-3.6036553382873535,1,2
CCCCn1cc[n+](C)c1.CCCCn1cc[n+](C)c1.CCCCn1cc[n+](C)c1|S=C=N[Cr-3](N=C=S)(N=C=S)(N=C=S)(N=C=S)N=C=S,-1.2801342010498047,-0.7582042217254639,1,2
CCC[n+]1ccccc1|O=S(=O)([N-]S(=O)(=O)C(F)(F)F)C(F)(F)F,-0.6520052552223206,-0.4353981018066406,1,16
CCC[n+]1ccccc1|O=S(=O)([N-]S(=O)(=O)C(F)(F)F)C(F)(F)F,-0.3609698712825775,-0.2006216049194336,1,16
CCC[n+]1ccccc1|O=S(=O)([N-]S(=O)(=O)C(F)(F)F)C(F)(F)F,-0.12897038459777832,-0.010030150413513184,1,16
CC[n+]1ccn(C)c1|F[B-](F)(F)F,0.4213384687900543,-0.7016698718070984,1,292
CC[n+]1ccn(C)c1|F[B-](F)(F)F,0.8700373768806458,-0.08581137657165527,1,292
CC[n+]1ccn(C)c1|F[B-](F)(F)F,1.2415575981140137,0.31178247928619385,1,292
CCCCCCCCCCCC[N+](CC)(CC)CC|O=S(=O)([N-]S(=O)(=O)C(F)(F)F)C(F)(F)F,-3.649658679962158,-4.020773887634277,1,2
CCCCCCCCCCCC[N+](CC)(CC)CC|O=S(=O)([N-]S(=O)(=O)C(F)(F)F)C(F)(F)F,-3.2441935539245605,-3.7203450202941895,1,2
CC[n+]1ccn(C)c1|CCOS(=O)(=O)[O-],-0.9162907600402832,-1.4944472312927246,1,65
CC[n+]1ccn(C)c1|CCOS(=O)(=O)[O-],-0.31471073627471924,-0.7642815709114075,1,65
CCCCCCCCn1cc[n+](C)c1|F[B-](F)(F)F,-2.562652111053467,-3.9801840782165527,1,126
CCCCO[n+]1ccn(CCCC)c1|[Br-],-1.1711829900741577,-1.2988184690475464,1,1
CCCCCCCC[N+]1(C)CCCC1|O=S(=O)([N-]S(=O)(=O)C(F)(F)F)C(F)(F)F,-2.5010359287261963,-3.4138383865356445,1,58
CC[n+]1cc(C)n(C)c1|O=S(=O)([O-])C(F)(F)F,-0.4462870955467224,-1.143296718597412,1,1
CCn1cc(C)[n+](C)c1|O=S(=O)([N-]S(=O)(=O)C(F)(F)F)C(F)(F)F,-0.4155154526233673,-1.083206295967102,1,1
CCn1cc[n+](CC)c1|O=C([O-])C(F)(F)F,-0.3011050820350647,-1.1004332304000854,1,1
CCCC[n+]1ccn(CC)c1|CS(=O)(=O)[O-],-2.9004220962524414,-2.70676851272583,1,2
CCCC[n+]1ccn(CC)c1|O=C([O-])C(F)(F)F,-1.3862943649291992,-1.8770756721496582,1,1
C[N+](C)(C)CCO|CC(O)C(=O)[O-],-4.283086776733398,-4.238824844360352,1,1
CC[n+]1ccsc1|O=S(=O)([O-])C(F)(F)F,-0.8486320972442627,-0.9778334498405457,1,11
CCCCCCCCCC[n+]1ccn(C)c1|O=S(=O)([N-]S(=O)(=O)C(F)(F)C(F)(F)F)C(F)(F)C(F)(F)F,-2.3859667778015137,-2.970864772796631,1,1
CCCCCCCC[n+]1ccn(C)c1|F[P-](F)(F)(F)(F)F,-2.4304184913635254,-3.3757200241088867,1,88
CC[n+]1ccn(C)c1|N[C@@H](Cc1ccc(O)cc1)C(=O)[O-],-12.429216384887695,-8.797412872314453,1,1
CC[n+]1ccn(C)c1|NC(=O)C[C@H](N)C(=O)[O-],-9.115030288696289,-5.329337120056152,1,1
CCCC[n+]1ccn(CC)c1|CS(=O)(=O)[O-],-0.4462870955467224,-2.674532413482666,1,2
CCCC[N+]1(C)CCCC1|F[B-](F)(F)c1ccccc1,-1.9379420280456543,-2.945100784301758,1,12
CCC[N+]1(C)CCCC1|CC(=O)[O-],-0.4700036346912384,-2.441789150238037,1,22
CCCCCC[N+](C)(C)C12CC3CC(CC(C3)C1)C2|O=S(=O)([N-]S(=O)(=O)C(F)(F)F)C(F)(F)F,-5.240048408508301,-4.792774200439453,1,1
CC[n+]1ccn(C)c1|F[B-](F)(F)F,0.41640505194664,-0.7040421366691589,1,292
C(CCC)[N+]1(CCCCC1)C|C(#N)[C-](C#N)C#N,-0.8675005435943604,-1.4730017185211182,1,9
CCCCCCCCn1cc[n+](C)c1|F[B-](F)(F)F,-2.58760404586792,-3.444115161895752,1,126
CC[n+]1ccn(C)c1|F[B-](F)(F)F,0.2623642683029175,-0.6578583717346191,1,292
CCCC[N+](C)(CCCC)CCCC|CS(=O)(=O)[O-],-0.9888614416122437,-0.5609955787658691,1,1
CCCCCCCC[n+]1ccn(C)c1|F[P-](F)(F)(F)(F)F,-3.4802405834198,-3.118330955505371,1,88
CCCCCC[n+]1ccn(C)c1|F[P-](F)(F)(F)(F)F,-2.780620813369751,-2.7147209644317627,1,100
CC[n+]1ccn(C)c1|F[B-](F)(F)F,0.3364722430706024,-0.7040421366691589,1,292
COCC[N+]1(C)CCCC1|O=S(=O)([N-]S(=O)(=O)C(F)(F)F)C(F)(F)F,-0.9416085481643677,-1.2760519981384277,1,36
C1C[C@@H]2[N+](CCCC)(C)[C@H]1C[C@H](O)C2|C[C@@H](C(=O)[O-])N,-7.464624881744385,-6.131024360656738,1,9
CC[n+]1ccn(C)c1|F[B-](F)(F)F,0.48858001828193665,-0.7016698718070984,1,292
CCCCCOC[N+](C)(C)CCO|O=S(=O)([N-]S(=O)(=O)C(F)(F)F)C(F)(F)F,-1.9519282579421997,-2.0670149326324463,1,1
CCCCOC[N+](C)(C)CCOC(C)=O|O=S(=O)([N-]S(=O)(=O)C(F)(F)F)C(F)(F)F,-2.3859667778015137,-2.066154718399048,1,1
CCCCCCCCCCCOC[N+](C)(C)CCOC(C)=O|O=S(=O)([N-]S(=O)(=O)C(F)(F)F)C(F)(F)F,-3.4737679958343506,-2.8366141319274902,1,1
CCCCCCCCn1cc[n+](C)c1|F[B-](F)(F)F,-2.6736488342285156,-3.43875789642334,1,126
CCCOC[N+](C)(C)CCOC(C)=O|O=S(=O)([N-]S(=O)(=O)C(F)(F)F)C(F)(F)F,-2.111964702606201,-1.9626253843307495,1,1
CCCC[P+](CCCC)(CCCC)CSC|O=S(=O)([N-]S(=O)(=O)C(F)(F)F)C(F)(F)F,-2.7822351455688477,-2.699070453643799,1,1
CCCC[N+]1(C)CCCC1|O=S(=O)(F)[N-]S(=O)(=O)F,-0.6051362752914429,-1.1352369785308838,1,45
CC[n+]1ccn(C)c1|O=S(=O)(F)[N-]S(=O)(=O)F,0.38797980546951294,-0.044878244400024414,1,49
CCCC[n+]1ccn(C)c1|CS(=O)(=O)[O-],-0.21072103083133698,-0.08251035213470459,1,1
CCSCC[P+](CC)(CC)CC|O=S(=O)([N-]S(=O)(=O)C(F)(F)F)C(F)(F)F,-2.103734254837036,-1.8645460605621338,1,1
CC[n+]1ccn(C)c1|F[B-](F)(F)F,0.44018855690956116,-0.7016698718070984,1,292
CCSCC[P+](CC)(CC)CC|O=S(=O)(F)[N-]S(=O)(=O)F,-1.639897108078003,-1.8674336671829224,1,14
CC[P+](CC)(CC)CCSC|O=S(=O)(F)[N-]S(=O)(=O)F,-1.6982691287994385,-1.8240594863891602,1,1
CCCCCCCC[N+](CCCC)(CCCC)CCCC|O=S(=O)([N-]S(=O)(=O)C(F)(F)F)C(F)(F)F,-4.342805862426758,-4.476974964141846,1,1
CCCCCCCCn1cc[n+](C)c1|F[B-](F)(F)F,-2.877060651779175,-3.444115161895752,1,126
CCCCCCC[N+](CC)(C(C)C)C(C)C|O=S(=O)([N-]S(=O)(=O)C(F)(F)F)C(F)(F)F,-3.4737679958343506,-3.236703395843506,1,1
CCCCCCCCCCCCCCCC[P+](CCCC)(CCCC)CCCC|[Br-],-8.016417503356934,-3.5424673557281494,1,1
CC[n+]1ccn(C)c1|CO[PH](=O)[O-],-0.8209805488586426,-1.630841851234436,1,1
CC[n+]1ccn(C)c1|CCOS(=O)(=O)[O-],-0.9213032722473145,-1.4944472312927246,1,65
CC[n+]1ccn(C)c1|F[B-](F)(F)F,0.45107561349868774,-0.7040421366691589,1,292
CC[n+]1ccn(C)c1|F[B-](F)(F)F,-0.09431067854166031,-0.7040421366691589,1,292
C=CC[n+]1ccn(C)c1|O=C[O-],-0.1972321718931198,-1.239539384841919,1,1
CC[n+]1ccn(C)c1|F[B-](F)(F)F,0.4252677261829376,-0.7040421366691589,1,292
CCCCCCCCn1cc[n+](C)c1|F[B-](F)(F)F,-2.625549077987671,-3.444115161895752,1,126
N#CCCC[n+]1ccccc1|N#C[N-]C#N,-0.6792442798614502,-1.6116461753845215,1,11
C=CC[n+]1ccn(C)c1|CC(=O)[O-],-1.1973282098770142,-2.217177391052246,1,1
CC[N+](C)(CC)CCOC|O=S(=O)([N-]S(=O)(=O)C(F)(F)F)C(F)(F)F,-1.3470736742019653,-1.5042011737823486,1,39
CC[N+](CC)(CC)CCOC|F[B-](F)(F)C(F)(F)C(F)(F)C(F)(F)F,-1.7147984504699707,-1.6822541952133179,1,1
CCC[S+]1CCCC1|O=S(=O)([N-]S(=O)(=O)C(F)(F)F)C(F)(F)F,-0.9781661629676819,-0.9661799073219299,1,1
CC[N+](C)(C)CCOC|F[B-](F)(F)F,-1.7719568014144897,-1.559135913848877,1,1
CCCC[P+](CCCC)(CCCC)CCSCC|O=S(=O)([N-]S(=O)(=O)C(F)(F)F)C(F)(F)F,-3.0856568813323975,-2.798185348510742,1,1
CCCCC[P+](CC)(CC)CC|O=S(=O)([N-]S(=O)(=O)C(F)(F)F)C(F)(F)F,-4.3989691734313965,-2.9388816356658936,2,129
CCCCC[P+](CC)(CC)CC|O=S(=O)([N-]S(=O)(=O)C(F)(F)F)C(F)(F)F,-4.680972099304199,-2.9388816356658936,2,129
CCCCC[P+](CC)(CC)CC|O=S(=O)([N-]S(=O)(=O)C(F)(F)F)C(F)(F)F,-2.577021837234497,-2.938170909881592,2,129
CCCCC[P+](CC)(CC)CC|O=S(=O)([N-]S(=O)(=O)C(F)(F)F)C(F)(F)F,-2.5916013717651367,-2.938170909881592,2,129
CCCCC[P+](CC)(CC)CC|O=S(=O)([N-]S(=O)(=O)C(F)(F)F)C(F)(F)F,-2.620039224624634,-2.938170909881592,2,129
CCCCC[P+](CC)(CC)CC|O=S(=O)([N-]S(=O)(=O)C(F)(F)F)C(F)(F)F,-2.646484851837158,-2.938170909881592,2,129
CCCCC[P+](CC)(CC)CC|O=S(=O)([N-]S(=O)(=O)C(F)(F)F)C(F)(F)F,-2.7838518619537354,-2.938170909881592,2,129
CCCCC[P+](CC)(CC)CC|O=S(=O)([N-]S(=O)(=O)C(F)(F)F)C(F)(F)F,-2.85076642036438,-2.938170909881592,2,129
CCCCC[P+](CC)(CC)CC|O=S(=O)([N-]S(=O)(=O)C(F)(F)F)C(F)(F)F,-2.918771266937256,-2.938170909881592,2,129
CCCCC[P+](CC)(CC)CC|O=S(=O)([N-]S(=O)(=O)C(F)(F)F)C(F)(F)F,-2.9818294048309326,-2.938170909881592,2,129
CCCCC[P+](CC)(CC)CC|O=S(=O)([N-]S(=O)(=O)C(F)(F)F)C(F)(F)F,-3.1294922828674316,-2.938170909881592,2,129
CCCCC[P+](CC)(CC)CC|O=S(=O)([N-]S(=O)(=O)C(F)(F)F)C(F)(F)F,-3.2327213287353516,-2.938170909881592,2,129
CCCCC[P+](CC)(CC)CC|O=S(=O)([N-]S(=O)(=O)C(F)(F)F)C(F)(F)F,-3.5271008014678955,-2.938170909881592,2,129
CCCCC[P+](CC)(CC)CC|O=S(=O)([N-]S(=O)(=O)C(F)(F)F)C(F)(F)F,-3.823554277420044,-2.938170909881592,2,129
CCCCC[P+](CC)(CC)CC|O=S(=O)([N-]S(=O)(=O)C(F)(F)F)C(F)(F)F,-4.133293151855469,-2.938170909881592,2,129
CCCCC[P+](CC)(CC)CC|O=S(=O)([N-]S(=O)(=O)C(F)(F)F)C(F)(F)F,-2.602339744567871,-2.937458038330078,2,129
CCCCC[P+](CC)(CC)CC|O=S(=O)([N-]S(=O)(=O)C(F)(F)F)C(F)(F)F,-2.7165865898132324,-2.937458038330078,2,129
CCCCC[P+](CC)(CC)CC|O=S(=O)([N-]S(=O)(=O)C(F)(F)F)C(F)(F)F,-4.957568645477295,-2.937458038330078,2,129
CCCCC[P+](CC)(CC)CC|O=S(=O)([N-]S(=O)(=O)C(F)(F)F)C(F)(F)F,-3.671039581298828,-2.06581711769104,2,129
CCCCC[P+](CC)(CC)CC|O=S(=O)([N-]S(=O)(=O)C(F)(F)F)C(F)(F)F,-1.8030226230621338,-2.0653083324432373,2,129
CCCCC[P+](CC)(CC)CC|O=S(=O)([N-]S(=O)(=O)C(F)(F)F)C(F)(F)F,-1.8401097059249878,-2.0653083324432373,2,129
CCCCC[P+](CC)(CC)CC|O=S(=O)([N-]S(=O)(=O)C(F)(F)F)C(F)(F)F,-1.8643301725387573,-2.0653083324432373,2,129
CCCCC[P+](CC)(CC)CC|O=S(=O)([N-]S(=O)(=O)C(F)(F)F)C(F)(F)F,-1.9207298755645752,-2.0653083324432373,2,129
CCCCC[P+](CC)(CC)CC|O=S(=O)([N-]S(=O)(=O)C(F)(F)F)C(F)(F)F,-1.9783300161361694,-2.0653083324432373,2,129
CCCCC[P+](CC)(CC)CC|O=S(=O)([N-]S(=O)(=O)C(F)(F)F)C(F)(F)F,-2.051048517227173,-2.0653083324432373,2,129
CCCCC[P+](CC)(CC)CC|O=S(=O)([N-]S(=O)(=O)C(F)(F)F)C(F)(F)F,-2.1045541763305664,-2.0653083324432373,2,129
CCCCC[P+](CC)(CC)CC|O=S(=O)([N-]S(=O)(=O)C(F)(F)F)C(F)(F)F,-2.169804096221924,-2.0653083324432373,2,129
CCCCC[P+](CC)(CC)CC|O=S(=O)([N-]S(=O)(=O)C(F)(F)F)C(F)(F)F,-2.2808237075805664,-2.0653083324432373,2,129
CCCCC[P+](CC)(CC)CC|O=S(=O)([N-]S(=O)(=O)C(F)(F)F)C(F)(F)F,-2.392509698867798,-2.0653083324432373,2,129
CCCCC[P+](CC)(CC)CC|O=S(=O)([N-]S(=O)(=O)C(F)(F)F)C(F)(F)F,-2.454571485519409,-2.0653083324432373,2,129
CCCCC[P+](CC)(CC)CC|O=S(=O)([N-]S(=O)(=O)C(F)(F)F)C(F)(F)F,-2.6722004413604736,-2.0653083324432373,2,129
CCCCC[P+](CC)(CC)CC|O=S(=O)([N-]S(=O)(=O)C(F)(F)F)C(F)(F)F,-2.8986055850982666,-2.0653083324432373,2,129
CCCCC[P+](CC)(CC)CC|O=S(=O)([N-]S(=O)(=O)C(F)(F)F)C(F)(F)F,-3.186166763305664,-2.0653083324432373,2,129
CCCCC[P+](CC)(CC)CC|O=S(=O)([N-]S(=O)(=O)C(F)(F)F)C(F)(F)F,-3.403399705886841,-2.0653083324432373,2,129
CCCCC[P+](CC)(CC)CC|O=S(=O)([N-]S(=O)(=O)C(F)(F)F)C(F)(F)F,-4.138296604156494,-2.0653083324432373,2,129
CCCCC[P+](CC)(CC)CC|O=S(=O)([N-]S(=O)(=O)C(F)(F)F)C(F)(F)F,-4.369307994842529,-2.0653083324432373,2,129
CCCCC[P+](CC)(CC)CC|O=S(=O)([N-]S(=O)(=O)C(F)(F)F)C(F)(F)F,-1.806670069694519,-2.064797878265381,2,129
CCCCC[P+](CC)(CC)CC|O=S(=O)([N-]S(=O)(=O)C(F)(F)F)C(F)(F)F,-1.8220125436782837,-2.064797878265381,2,129
CCCCC[P+](CC)(CC)CC|O=S(=O)([N-]S(=O)(=O)C(F)(F)F)C(F)(F)F,-3.9065380096435547,-2.064797878265381,2,129
CCCCC[P+](CC)(CC)CC|O=S(=O)([N-]S(=O)(=O)C(F)(F)F)C(F)(F)F,-0.8356328010559082,-1.1759904623031616,2,129
CCCCC[P+](CC)(CC)CC|O=S(=O)([N-]S(=O)(=O)C(F)(F)F)C(F)(F)F,-0.861329197883606,-1.1759904623031616,2,129
CCCCC[P+](CC)(CC)CC|O=S(=O)([N-]S(=O)(=O)C(F)(F)F)C(F)(F)F,-1.7719568014144897,-1.1759904623031616,2,129
CCCCC[P+](CC)(CC)CC|O=S(=O)([N-]S(=O)(=O)C(F)(F)F)C(F)(F)F,-2.1848020553588867,-1.1759904623031616,2,129
CCCCC[P+](CC)(CC)CC|O=S(=O)([N-]S(=O)(=O)C(F)(F)F)C(F)(F)F,-2.3837952613830566,-1.1759904623031616,2,129
CCCCC[P+](CC)(CC)CC|O=S(=O)([N-]S(=O)(=O)C(F)(F)F)C(F)(F)F,-0.8285087943077087,-1.1758095026016235,2,129
CCCCC[P+](CC)(CC)CC|O=S(=O)([N-]S(=O)(=O)C(F)(F)F)C(F)(F)F,-0.8516740798950195,-1.1758095026016235,2,129
CCCCC[P+](CC)(CC)CC|O=S(=O)([N-]S(=O)(=O)C(F)(F)F)C(F)(F)F,-0.8879462480545044,-1.1758095026016235,2,129
CCCCC[P+](CC)(CC)CC|O=S(=O)([N-]S(=O)(=O)C(F)(F)F)C(F)(F)F,-0.9349640011787415,-1.1758095026016235,2,129
CCCCC[P+](CC)(CC)CC|O=S(=O)([N-]S(=O)(=O)C(F)(F)F)C(F)(F)F,-1.5568454265594482,-1.1758095026016235,2,129
CCCCC[P+](CC)(CC)CC|O=S(=O)([N-]S(=O)(=O)C(F)(F)F)C(F)(F)F,-1.9841313362121582,-1.1758095026016235,2,129
CCCCC[P+](CC)(CC)CC|O=S(=O)([N-]S(=O)(=O)C(F)(F)F)C(F)(F)F,-2.5889346599578857,-1.1758095026016235,2,129
CCCCC[P+](CC)(CC)CC|O=S(=O)([N-]S(=O)(=O)C(F)(F)F)C(F)(F)F,-2.7725887298583984,-1.1758095026016235,2,129
CCCCC[P+](CC)(CC)CC|O=S(=O)([N-]S(=O)(=O)C(F)(F)F)C(F)(F)F,-2.9622974395751953,-1.1758095026016235,2,129
CCCCC[P+](CC)(CC)CC|O=S(=O)([N-]S(=O)(=O)C(F)(F)F)C(F)(F)F,-0.9720677733421326,-1.1756279468536377,2,129
CCCCC[P+](CC)(CC)CC|O=S(=O)([N-]S(=O)(=O)C(F)(F)F)C(F)(F)F,-1.0336675643920898,-1.1756279468536377,2,129
CCCCC[P+](CC)(CC)CC|O=S(=O)([N-]S(=O)(=O)C(F)(F)F)C(F)(F)F,-1.083526611328125,-1.1756279468536377,2,129
CCCCC[P+](CC)(CC)CC|O=S(=O)([N-]S(=O)(=O)C(F)(F)F)C(F)(F)F,-1.127011775970459,-1.1756279468536377,2,129
CCCCC[P+](CC)(CC)CC|O=S(=O)([N-]S(=O)(=O)C(F)(F)F)C(F)(F)F,-1.2190864086151123,-1.1756279468536377,2,129
CCCCC[P+](CC)(CC)CC|O=S(=O)([N-]S(=O)(=O)C(F)(F)F)C(F)(F)F,-1.312300682067871,-1.1756279468536377,2,129
CCCCC[P+](CC)(CC)CC|O=S(=O)([N-]S(=O)(=O)C(F)(F)F)C(F)(F)F,-0.2231435477733612,-0.7601796984672546,2,129
CCCCC[P+](CC)(CC)CC|O=S(=O)([N-]S(=O)(=O)C(F)(F)F)C(F)(F)F,-1.790360450744629,-0.7601796984672546,2,129
CCCCC[P+](CC)(CC)CC|O=S(=O)([N-]S(=O)(=O)C(F)(F)F)C(F)(F)F,-0.13811330497264862,-0.7600352764129639,2,129
CCCCC[P+](CC)(CC)CC|O=S(=O)([N-]S(=O)(=O)C(F)(F)F)C(F)(F)F,-0.14502577483654022,-0.7600352764129639,2,129
CCCCC[P+](CC)(CC)CC|O=S(=O)([N-]S(=O)(=O)C(F)(F)F)C(F)(F)F,-0.15665380656719208,-0.7600352764129639,2,129
CCCCC[P+](CC)(CC)CC|O=S(=O)([N-]S(=O)(=O)C(F)(F)F)C(F)(F)F,-0.17435339093208313,-0.7600352764129639,2,129
CCCCC[P+](CC)(CC)CC|O=S(=O)([N-]S(=O)(=O)C(F)(F)F)C(F)(F)F,-0.26657310128211975,-0.7600352764129639,2,129
CCCCC[P+](CC)(CC)CC|O=S(=O)([N-]S(=O)(=O)C(F)(F)F)C(F)(F)F,-0.3092462420463562,-0.7600352764129639,2,129
CCCCC[P+](CC)(CC)CC|O=S(=O)([N-]S(=O)(=O)C(F)(F)F)C(F)(F)F,-0.3509769141674042,-0.7600352764129639,2,129
CCCCC[P+](CC)(CC)CC|O=S(=O)([N-]S(=O)(=O)C(F)(F)F)C(F)(F)F,-0.39304259419441223,-0.7600352764129639,2,129
CCCCC[P+](CC)(CC)CC|O=S(=O)([N-]S(=O)(=O)C(F)(F)F)C(F)(F)F,-0.4700036346912384,-0.7600352764129639,2,129
CCCCC[P+](CC)(CC)CC|O=S(=O)([N-]S(=O)(=O)C(F)(F)F)C(F)(F)F,-0.7478145956993103,-0.7600352764129639,2,129
CCCCC[P+](CC)(CC)CC|O=S(=O)([N-]S(=O)(=O)C(F)(F)F)C(F)(F)F,-1.1217786073684692,-0.7600352764129639,2,129
CCCCC[P+](CC)(CC)CC|O=S(=O)([N-]S(=O)(=O)C(F)(F)F)C(F)(F)F,-1.3034248352050781,-0.7600352764129639,2,129
CCCCC[P+](CC)(CC)CC|O=S(=O)([N-]S(=O)(=O)C(F)(F)F)C(F)(F)F,-1.6311724185943604,-0.7600352764129639,2,129
CCCCC[P+](CC)(CC)CC|O=S(=O)([N-]S(=O)(=O)C(F)(F)F)C(F)(F)F,-1.9568699598312378,-0.7600352764129639,2,129
CCCCC[P+](CC)(CC)CC|O=S(=O)([N-]S(=O)(=O)C(F)(F)F)C(F)(F)F,-0.13124828040599823,-0.759890615940094,2,129
CCCCC[P+](CC)(CC)CC|O=S(=O)([N-]S(=O)(=O)C(F)(F)F)C(F)(F)F,-0.5499129891395569,-0.759890615940094,2,129
CCCCC[P+](CC)(CC)CC|O=S(=O)([N-]S(=O)(=O)C(F)(F)F)C(F)(F)F,-0.957112729549408,-0.759890615940094,2,129
CCCCC[P+](CC)(CC)CC|O=S(=O)([N-]S(=O)(=O)C(F)(F)F)C(F)(F)F,-1.4653375148773193,-0.759890615940094,2,129
CCCCCCCCn1cc[n+](C)c1|N#C[C-](C#N)C#N,-13.815510749816895,-12.551178932189941,2,60
CCCCCCCCn1cc[n+](C)c1|N#C[C-](C#N)C#N,-13.122363090515137,-12.364853858947754,2,60
CCCCCCCCn1cc[n+](C)c1|N#C[C-](C#N)C#N,-12.429216384887695,-12.17852783203125,2,60
CCCCCCCCn1cc[n+](C)c1|N#C[C-](C#N)C#N,-11.736068725585938,-11.99193286895752,2,60
CCCCCCCCn1cc[n+](C)c1|N#C[C-](C#N)C#N,-11.250560760498047,-11.804902076721191,2,60
CCCCCCCCn1cc[n+](C)c1|N#C[C-](C#N)C#N,-10.724468231201172,-11.617871284484863,2,60
CCCCCCCCn1cc[n+](C)c1|N#C[C-](C#N)C#N,-10.20459270477295,-11.430840492248535,2,60
CCCCCCCCn1cc[n+](C)c1|N#C[C-](C#N)C#N,-9.721165657043457,-11.243810653686523,2,60
CCCCCCCCn1cc[n+](C)c1|N#C[C-](C#N)C#N,-9.26163387298584,-11.056779861450195,2,60
CCCCCCCCn1cc[n+](C)c1|N#C[C-](C#N)C#N,-8.873867988586426,-10.86974811553955,2,60
CCCCCCCCn1cc[n+](C)c1|N#C[C-](C#N)C#N,-8.468402862548828,-10.682718276977539,2,60
CCCCCCCCn1cc[n+](C)c1|N#C[C-](C#N)C#N,-8.047189712524414,-10.495638847351074,2,60
CCCCCCCCn1cc[n+](C)c1|N#C[C-](C#N)C#N,-7.72873592376709,-10.306954383850098,2,60
CCCCCCCCn1cc[n+](C)c1|N#C[C-](C#N)C#N,-7.385791301727295,-10.11732006072998,2,60
CCCCCCCCn1cc[n+](C)c1|N#C[C-](C#N)C#N,-7.070274353027344,-9.92768669128418,2,60
CCCCCCCCn1cc[n+](C)c1|N#C[C-](C#N)C#N,-6.725433826446533,-9.73673152923584,2,60
CCCCCCCCn1cc[n+](C)c1|N#C[C-](C#N)C#N,-6.50229024887085,-9.545370101928711,2,60
CCCCCCCCn1cc[n+](C)c1|N#C[C-](C#N)C#N,-6.214608192443848,-9.353588104248047,2,60
CCCCCCCCn1cc[n+](C)c1|N#C[C-](C#N)C#N,-5.914503574371338,-9.160494804382324,2,60
CCCCCCCCn1cc[n+](C)c1|N#C[C-](C#N)C#N,-5.65499210357666,-8.963459968566895,2,60
CCCCCCCCn1cc[n+](C)c1|N#C[C-](C#N)C#N,-5.403677940368652,-8.764054298400879,2,60
CCCCCCCCn1cc[n+](C)c1|N#C[C-](C#N)C#N,-5.184988498687744,-8.564611434936523,2,60
CCCCCCCCn1cc[n+](C)c1|N#C[C-](C#N)C#N,-4.933674335479736,-8.3645658493042,2,60
CCCCCCCCn1cc[n+](C)c1|N#C[C-](C#N)C#N,-4.721704006195068,-8.164216995239258,2,60
CCCCCCCCn1cc[n+](C)c1|N#C[C-](C#N)C#N,-4.509860038757324,-7.9605231285095215,2,60
CCCCCCCCn1cc[n+](C)c1|N#C[C-](C#N)C#N,-4.342805862426758,-7.7543487548828125,2,60
CCCCCCCCn1cc[n+](C)c1|N#C[C-](C#N)C#N,-4.074542045593262,-7.545958518981934,2,60
CCCCCCCCn1cc[n+](C)c1|N#C[C-](C#N)C#N,-3.9120230674743652,-7.329232215881348,2,60
CCCCCCCCn1cc[n+](C)c1|N#C[C-](C#N)C#N,-3.729701519012451,-7.102076530456543,2,60
CCCCCCCCn1cc[n+](C)c1|N#C[C-](C#N)C#N,-3.5755507946014404,-6.860755920410156,2,60
CCCCCCCCn1cc[n+](C)c1|N#C[C-](C#N)C#N,-3.411247730255127,-6.611419677734375,2,60
CCCCCCCCn1cc[n+](C)c1|N#C[C-](C#N)C#N,-3.2188758850097656,-6.357351779937744,2,60
CCCCCCCCn1cc[n+](C)c1|N#C[C-](C#N)C#N,-3.057607650756836,-6.090632438659668,2,60
CCCCCCCCn1cc[n+](C)c1|N#C[C-](C#N)C#N,-2.9004220962524414,-5.819433689117432,2,60
CCCCCCCCn1cc[n+](C)c1|N#C[C-](C#N)C#N,-2.764620542526245,-5.545912265777588,2,60
CCCCCCCCn1cc[n+](C)c1|N#C[C-](C#N)C#N,-2.6036901473999023,-5.272390842437744,2,60
CCCCCCCCn1cc[n+](C)c1|N#C[C-](C#N)C#N,-2.441847085952759,-4.997145175933838,2,60
CCCCCCCCn1cc[n+](C)c1|N#C[C-](C#N)C#N,-2.3227877616882324,-4.719231605529785,2,60
CCCCCCCCn1cc[n+](C)c1|N#C[C-](C#N)C#N,-2.207274913787842,-4.441317558288574,2,60
CCCCCCCCn1cc[n+](C)c1|N#C[C-](C#N)C#N,-2.0402207374572754,-4.1700119972229,2,60
CCCCCCCCn1cc[n+](C)c1|N#C[C-](C#N)C#N,-1.8971199989318848,-3.898899555206299,2,60
CCCCCCCCn1cc[n+](C)c1|N#C[C-](C#N)C#N,-1.7147984504699707,-3.2317464351654053,2,60
CCCCCCCCn1cc[n+](C)c1|N#C[C-](C#N)C#N,-1.4271163940429688,-2.6071622371673584,2,60
CCCCC[P+](CC)(CC)CC|O=S(=O)([N-]S(=O)(=O)C(F)(F)F)C(F)(F)F,-3.2208778858184814,-3.699657440185547,2,129
CCCCC[P+](CC)(CC)CC|O=S(=O)([N-]S(=O)(=O)C(F)(F)F)C(F)(F)F,-3.2183759212493896,-3.699657440185547,2,129
CCCCC[P+](CC)(CC)CC|O=S(=O)([N-]S(=O)(=O)C(F)(F)F)C(F)(F)F,-2.8895721435546875,-3.326186418533325,2,129
CCCCC[P+](CC)(CC)CC|O=S(=O)([N-]S(=O)(=O)C(F)(F)F)C(F)(F)F,-2.887775182723999,-3.326186418533325,2,129
CCCCC[P+](CC)(CC)CC|O=S(=O)([N-]S(=O)(=O)C(F)(F)F)C(F)(F)F,-2.583622694015503,-2.938170909881592,2,129
CCCCC[P+](CC)(CC)CC|O=S(=O)([N-]S(=O)(=O)C(F)(F)F)C(F)(F)F,-2.582298994064331,-2.938170909881592,2,129
CCCCC[P+](CC)(CC)CC|O=S(=O)([N-]S(=O)(=O)C(F)(F)F)C(F)(F)F,-2.3015856742858887,-2.5983381271362305,2,129
CCCCC[P+](CC)(CC)CC|O=S(=O)([N-]S(=O)(=O)C(F)(F)F)C(F)(F)F,-2.2995896339416504,-2.5983381271362305,2,129
CCCCC[P+](CC)(CC)CC|O=S(=O)([N-]S(=O)(=O)C(F)(F)F)C(F)(F)F,-2.0409903526306152,-2.321514844894409,2,129
CCCCC[P+](CC)(CC)CC|O=S(=O)([N-]S(=O)(=O)C(F)(F)F)C(F)(F)F,-2.0379157066345215,-2.321514844894409,2,129
CCCCC[P+](CC)(CC)CC|O=S(=O)([N-]S(=O)(=O)C(F)(F)F)C(F)(F)F,-1.800598382949829,-2.0653083324432373,2,129
CCCCC[P+](CC)(CC)CC|O=S(=O)([N-]S(=O)(=O)C(F)(F)F)C(F)(F)F,-1.7975763082504272,-2.0653083324432373,2,129
CCCCC[P+](CC)(CC)CC|O=S(=O)([N-]S(=O)(=O)C(F)(F)F)C(F)(F)F,-1.5745534896850586,-1.8196775913238525,2,129
CCCCC[P+](CC)(CC)CC|O=S(=O)([N-]S(=O)(=O)C(F)(F)F)C(F)(F)F,-1.5721421241760254,-1.8196775913238525,2,129
CCCCC[P+](CC)(CC)CC|O=S(=O)([N-]S(=O)(=O)C(F)(F)F)C(F)(F)F,-1.366491675376892,-1.6085184812545776,2,129
CCCCC[P+](CC)(CC)CC|O=S(=O)([N-]S(=O)(=O)C(F)(F)F)C(F)(F)F,-1.3637503385543823,-1.6085184812545776,2,129
CCCCC[P+](CC)(CC)CC|O=S(=O)([N-]S(=O)(=O)C(F)(F)F)C(F)(F)F,-1.1724741458892822,-1.4371936321258545,2,129
CCCCC[P+](CC)(CC)CC|O=S(=O)([N-]S(=O)(=O)C(F)(F)F)C(F)(F)F,-1.1695713996887207,-1.4371936321258545,2,129
CCCCC[P+](CC)(CC)CC|O=S(=O)([N-]S(=O)(=O)C(F)(F)F)C(F)(F)F,-0.991014301776886,-1.2944037914276123,2,129
CCCCC[P+](CC)(CC)CC|O=S(=O)([N-]S(=O)(=O)C(F)(F)F)C(F)(F)F,-0.9885926246643066,-1.2944037914276123,2,129
CCCCC[P+](CC)(CC)CC|O=S(=O)([N-]S(=O)(=O)C(F)(F)F)C(F)(F)F,-0.820526123046875,-1.1758095026016235,2,129
CCCCC[P+](CC)(CC)CC|O=S(=O)([N-]S(=O)(=O)C(F)(F)F)C(F)(F)F,-0.8178038001060486,-1.1758095026016235,2,129
CCCCC[P+](CC)(CC)CC|O=S(=O)([N-]S(=O)(=O)C(F)(F)F)C(F)(F)F,-0.6635884046554565,-1.0867946147918701,2,129
CCCCC[P+](CC)(CC)CC|O=S(=O)([N-]S(=O)(=O)C(F)(F)F)C(F)(F)F,-0.6616485118865967,-1.0867946147918701,2,129
CCCCC[P+](CC)(CC)CC|O=S(=O)([N-]S(=O)(=O)C(F)(F)F)C(F)(F)F,-0.5141645073890686,-0.9983479976654053,2,129
CCCCC[P+](CC)(CC)CC|O=S(=O)([N-]S(=O)(=O)C(F)(F)F)C(F)(F)F,-0.5108256340026855,-0.9983479976654053,2,129
CCCCC[P+](CC)(CC)CC|O=S(=O)([N-]S(=O)(=O)C(F)(F)F)C(F)(F)F,-0.3754209876060486,-0.914389967918396,2,129
CCCCC[P+](CC)(CC)CC|O=S(=O)([N-]S(=O)(=O)C(F)(F)F)C(F)(F)F,-0.372514009475708,-0.914389967918396,2,129
CCCCC[P+](CC)(CC)CC|O=S(=O)([N-]S(=O)(=O)C(F)(F)F)C(F)(F)F,-0.24334625899791718,-0.832830548286438,2,129
CCCCC[P+](CC)(CC)CC|O=S(=O)([N-]S(=O)(=O)C(F)(F)F)C(F)(F)F,-0.2407984882593155,-0.832830548286438,2,129
CCCCC[P+](CC)(CC)CC|O=S(=O)([N-]S(=O)(=O)C(F)(F)F)C(F)(F)F,-0.12216763198375702,-0.7600352764129639,2,129
CCCCC[P+](CC)(CC)CC|O=S(=O)([N-]S(=O)(=O)C(F)(F)F)C(F)(F)F,-0.11991029977798462,-0.7600352764129639,2,129
CCCCC[P+](CC)(CC)CC|O=S(=O)([N-]S(=O)(=O)C(F)(F)F)C(F)(F)F,-0.0010005002841353416,-0.6876997351646423,2,129
CCCCC[P+](CC)(CC)CC|O=S(=O)([N-]S(=O)(=O)C(F)(F)F)C(F)(F)F,0.001998002640902996,-0.6876997351646423,2,129
CC[n+]1ccn(C)c1|Cc1ccc(S(=O)(=O)[O-])cc1,-8.115066528320312,-7.186824321746826,2,118
CC[n+]1ccn(C)c1|Cc1ccc(S(=O)(=O)[O-])cc1,-7.161357879638672,-6.676413059234619,2,118
CC[n+]1ccn(C)c1|Cc1ccc(S(=O)(=O)[O-])cc1,-6.287178993225098,-6.143368721008301,2,118
CC[n+]1ccn(C)c1|Cc1ccc(S(=O)(=O)[O-])cc1,-5.5016584396362305,-5.591677188873291,2,118
CC[n+]1ccn(C)c1|Cc1ccc(S(=O)(=O)[O-])cc1,-4.817126750946045,-5.055598258972168,2,118
CC[n+]1ccn(C)c1|Cc1ccc(S(=O)(=O)[O-])cc1,-4.213128089904785,-4.5008158683776855,2,118
CC[n+]1ccn(C)c1|Cc1ccc(S(=O)(=O)[O-])cc1,-3.673006057739258,-3.9912190437316895,2,118
CC[n+]1ccn(C)c1|Cc1ccc(S(=O)(=O)[O-])cc1,-3.196625232696533,-3.49721622467041,2,118
CC[n+]1ccn(C)c1|Cc1ccc(S(=O)(=O)[O-])cc1,-2.7741899490356445,-3.018609046936035,2,118
CC[n+]1ccn(C)c1|Cc1ccc(S(=O)(=O)[O-])cc1,-2.391416311264038,-2.5910351276397705,2,118
CC[n+]1ccn(C)c1|Cc1ccc(S(=O)(=O)[O-])cc1,-2.05572509765625,-2.2504377365112305,2,118
CC[n+]1ccn(C)c1|Cc1ccc(S(=O)(=O)[O-])cc1,-1.7372713088989258,-1.9049266576766968,2,118
CC[n+]1ccn(C)c1|Cc1ccc(S(=O)(=O)[O-])cc1,-1.439695119857788,-1.5757429599761963,2,118
CC[n+]1ccn(C)c1|Cc1ccc(S(=O)(=O)[O-])cc1,-1.2946271896362305,-1.5757429599761963,2,118
CC[n+]1ccn(C)c1|Cc1ccc(S(=O)(=O)[O-])cc1,-1.1363141536712646,-1.2666311264038086,2,118
CC[n+]1ccn(C)c1|Cc1ccc(S(=O)(=O)[O-])cc1,-1.070024847984314,-1.2666311264038086,2,118
CC[n+]1ccn(C)c1|Cc1ccc(S(=O)(=O)[O-])cc1,-0.8964881300926208,-0.9884056448936462,2,118
CC[n+]1ccn(C)c1|Cc1ccc(S(=O)(=O)[O-])cc1,-0.8698843717575073,-0.9884056448936462,2,118
CC[n+]1ccn(C)c1|Cc1ccc(S(=O)(=O)[O-])cc1,-0.669430673122406,-0.7400488257408142,2,118
CC[n+]1ccn(C)c1|Cc1ccc(S(=O)(=O)[O-])cc1,-0.5259392857551575,-0.5676989555358887,2,118
CC[n+]1ccn(C)c1|Cc1ccc(S(=O)(=O)[O-])cc1,-0.45413029193878174,-0.5607929229736328,2,118
CC[n+]1ccn(C)c1|Cc1ccc(S(=O)(=O)[O-])cc1,-0.3609698712825775,-0.3938918113708496,2,118
CC[n+]1ccn(C)c1|Cc1ccc(S(=O)(=O)[O-])cc1,-0.17078831791877747,-0.23682546615600586,2,118
CC[n+]1ccn(C)c1|Cc1ccc(S(=O)(=O)[O-])cc1,-0.04709160700440407,-0.09623706340789795,2,118
CC[n+]1ccn(C)c1|Cc1ccc(S(=O)(=O)[O-])cc1,0.12221763283014297,0.04171633720397949,2,118
CC[n+]1ccn(C)c1|Cc1ccc(S(=O)(=O)[O-])cc1,0.25464221835136414,0.16018879413604736,2,118
CC[n+]1ccn(C)c1|Cc1ccc(S(=O)(=O)[O-])cc1,0.37843644618988037,0.2637903690338135,2,118
CC[n+]1ccn(C)c1|Cc1ccc(S(=O)(=O)[O-])cc1,0.4946962296962738,0.36102545261383057,2,118
CC[n+]1ccn(C)c1|Cc1ccc(S(=O)(=O)[O-])cc1,0.5988364815711975,0.4445270299911499,2,118
CC[n+]1ccn(C)c1|Cc1ccc(S(=O)(=O)[O-])cc1,0.69813472032547,0.5306516885757446,2,118
CC[n+]1ccn(C)c1|Cc1ccc(S(=O)(=O)[O-])cc1,0.8153648376464844,0.6153393983840942,2,118
CC[n+]1ccn(C)c1|Cc1ccc(S(=O)(=O)[O-])cc1,0.9042181372642517,0.6908339262008667,2,118
CC[n+]1ccn(C)c1|Cc1ccc(S(=O)(=O)[O-])cc1,0.9895411729812622,0.7663289308547974,2,118
CC[n+]1ccn(C)c1|Cc1ccc(S(=O)(=O)[O-])cc1,1.0647107362747192,0.841823935508728,2,118
CC[n+]1ccn(C)c1|Cc1ccc(S(=O)(=O)[O-])cc1,1.1410330533981323,0.9145175218582153,2,118
CC[n+]1ccn(C)c1|Cc1ccc(S(=O)(=O)[O-])cc1,1.2119410037994385,0.9876128435134888,2,118
CC[n+]1ccn(C)c1|Cc1ccc(S(=O)(=O)[O-])cc1,1.2725656032562256,1.060707688331604,2,118
CC[n+]1ccn(C)c1|Cc1ccc(S(=O)(=O)[O-])cc1,1.3323659896850586,1.1310385465621948,2,118
CC[n+]1ccn(C)c1|Cc1ccc(S(=O)(=O)[O-])cc1,1.3862943649291992,1.2024286985397339,2,118
CCCC[n+]1ccn(C)c1|F[B-](F)(F)F,-2.545931339263916,-4.821989059448242,2,229
CCCC[n+]1ccn(C)c1|F[B-](F)(F)F,-2.556187868118286,-4.76425313949585,2,229
CCCC[n+]1ccn(C)c1|F[B-](F)(F)F,-2.2405498027801514,-4.085274696350098,2,229
CCCC[n+]1ccn(C)c1|F[B-](F)(F)F,-2.1928341388702393,-4.085274696350098,2,229
CCCC[n+]1ccn(C)c1|F[B-](F)(F)F,-1.9200475215911865,-3.3660058975219727,2,229
CCCC[n+]1ccn(C)c1|F[B-](F)(F)F,-1.860466718673706,-3.3660058975219727,2,229
CCCC[n+]1ccn(C)c1|F[B-](F)(F)F,-1.6159591674804688,-2.650160789489746,2,229
CCCC[n+]1ccn(C)c1|F[B-](F)(F)F,-1.6260755062103271,-2.6487512588500977,2,229
CCCC[n+]1ccn(C)c1|F[B-](F)(F)F,-1.358679175376892,-2.003277063369751,2,229
CCCC[n+]1ccn(C)c1|F[B-](F)(F)F,-1.3579013347625732,-2.003277063369751,2,229
CCCC[n+]1ccn(C)c1|F[B-](F)(F)F,-1.3420860767364502,-2.003277063369751,2,229
CCCC[n+]1ccn(C)c1|F[B-](F)(F)F,-1.075872778892517,-1.5069942474365234,2,229
CCCC[n+]1ccn(C)c1|F[B-](F)(F)F,-1.5255564451217651,-1.5069942474365234,2,229
CCCC[n+]1ccn(C)c1|F[B-](F)(F)F,-1.7504255771636963,-1.5069942474365234,2,229
CCCC[n+]1ccn(C)c1|F[B-](F)(F)F,-2.1750717163085938,-1.5069942474365234,2,229
CCCC[n+]1ccn(C)c1|F[B-](F)(F)F,-2.3979952335357666,-1.5069942474365234,2,229
CCCC[n+]1ccn(C)c1|F[B-](F)(F)F,-2.6104698181152344,-1.5069942474365234,2,229
CCCC[n+]1ccn(C)c1|F[B-](F)(F)F,-2.825145959854126,-1.5069942474365234,2,229
CCCC[n+]1ccn(C)c1|F[B-](F)(F)F,-1.1104824542999268,-1.506108283996582,2,229
CCCC[n+]1ccn(C)c1|F[B-](F)(F)F,-1.1026203632354736,-1.506108283996582,2,229
CCCC[n+]1ccn(C)c1|F[B-](F)(F)F,-1.099612832069397,-1.506108283996582,2,229
CCCC[n+]1ccn(C)c1|F[B-](F)(F)F,-1.302688717842102,-1.506108283996582,2,229
CCCC[n+]1ccn(C)c1|F[B-](F)(F)F,-1.962547779083252,-1.506108283996582,2,229
CCCC[n+]1ccn(C)c1|F[B-](F)(F)F,-0.881889283657074,-1.11918306350708,2,229
CCCC[n+]1ccn(C)c1|F[B-](F)(F)F,-0.8698843717575073,-1.11918306350708,2,229
CCCC[n+]1ccn(C)c1|F[B-](F)(F)F,-0.8627499938011169,-1.1185537576675415,2,229
CCCC[n+]1ccn(C)c1|F[B-](F)(F)F,-0.6733445525169373,-0.8699796795845032,2,229
CCCC[n+]1ccn(C)c1|F[B-](F)(F)F,-0.6539264917373657,-0.8699796795845032,2,229
CCCC[n+]1ccn(C)c1|F[B-](F)(F)F,-0.6481738090515137,-0.8699796795845032,2,229
CCCC[n+]1ccn(C)c1|F[B-](F)(F)F,-0.47965002059936523,-0.6477449536323547,2,229
CCCC[n+]1ccn(C)c1|F[B-](F)(F)F,-0.4509856104850769,-0.6477449536323547,2,229
CCCC[n+]1ccn(C)c1|F[B-](F)(F)F,-0.44941699504852295,-0.6477449536323547,2,229
CCCC[n+]1ccn(C)c1|F[B-](F)(F)F,-0.27049726247787476,-0.4456827640533447,2,229
CCCC[n+]1ccn(C)c1|F[B-](F)(F)F,-0.25877073407173157,-0.4456827640533447,2,229
CCCC[n+]1ccn(C)c1|F[B-](F)(F)F,-0.3011050820350647,-0.44531524181365967,2,229
CCCC[n+]1ccn(C)c1|F[B-](F)(F)F,-0.1358197182416916,-0.2795053720474243,2,229
CCCC[n+]1ccn(C)c1|F[B-](F)(F)F,-0.48288625478744507,-0.27919089794158936,2,229
CCCC[n+]1ccn(C)c1|F[B-](F)(F)F,-0.646263599395752,-0.27919089794158936,2,229
CCCC[n+]1ccn(C)c1|F[B-](F)(F)F,-0.18874213099479675,-0.27824831008911133,2,229
CCCC[n+]1ccn(C)c1|F[B-](F)(F)F,-0.7985076904296875,-0.27824831008911133,2,229
CCCC[n+]1ccn(C)c1|F[B-](F)(F)F,-1.4662036895751953,-0.27824831008911133,2,229
CCCC[n+]1ccn(C)c1|F[B-](F)(F)F,-0.09211529046297073,-0.2779339551925659,2,229
CCCC[n+]1ccn(C)c1|F[B-](F)(F)F,-0.3174542188644409,-0.2779339551925659,2,229
CCCC[n+]1ccn(C)c1|F[B-](F)(F)F,-0.970219075679779,-0.2779339551925659,2,229
CCCC[n+]1ccn(C)c1|F[B-](F)(F)F,-1.1313421726226807,-0.2779339551925659,2,229
CCCC[n+]1ccn(C)c1|F[B-](F)(F)F,-1.2924398183822632,-0.2779339551925659,2,229
CCCC[n+]1ccn(C)c1|F[B-](F)(F)F,-0.10314075648784637,-0.27699148654937744,2,229
CCCC[n+]1ccn(C)c1|F[B-](F)(F)F,0.01547957118600607,-0.12682890892028809,2,229
CCCC[n+]1ccn(C)c1|F[B-](F)(F)F,0.05958878993988037,-0.12501823902130127,2,229
CCCC[n+]1ccn(C)c1|F[B-](F)(F)F,0.04783732816576958,-0.12381100654602051,2,229
CCCC[n+]1ccn(C)c1|F[B-](F)(F)F,0.19942446053028107,0.019956469535827637,2,229
CCCC[n+]1ccn(C)c1|F[B-](F)(F)F,0.1871432512998581,0.02080535888671875,2,229
CCCC[n+]1ccn(C)c1|F[B-](F)(F)F,0.16288386285305023,0.021370410919189453,2,229
CCCC[n+]1ccn(C)c1|F[B-](F)(F)F,0.3142266273498535,0.15535855293273926,2,229
CCCC[n+]1ccn(C)c1|F[B-](F)(F)F,0.295352578163147,0.1558910608291626,2,229
CCCC[n+]1ccn(C)c1|F[B-](F)(F)F,0.3191807270050049,0.15695464611053467,2,229
CCCC[n+]1ccn(C)c1|F[B-](F)(F)F,0.41877612471580505,0.28890538215637207,2,229
CCCC[n+]1ccn(C)c1|F[B-](F)(F)F,0.4269656538963318,0.28970372676849365,2,229
CCCC[n+]1ccn(C)c1|F[B-](F)(F)F,0.44423699378967285,0.28970372676849365,2,229
CCCC[n+]1ccn(C)c1|F[B-](F)(F)F,0.5326262712478638,0.42079055309295654,2,229
CCCC[n+]1ccn(C)c1|F[B-](F)(F)F,0.48119083046913147,0.421575665473938,2,229
CCCC[n+]1ccn(C)c1|F[B-](F)(F)F,0.5481213927268982,0.4218374490737915,2,229
CCCC[n+]1ccn(C)c1|F[B-](F)(F)F,0.08910917490720749,0.4218374490737915,2,229
CCCC[n+]1ccn(C)c1|F[B-](F)(F)F,-0.16841864585876465,0.4218374490737915,2,229
CCCC[n+]1ccn(C)c1|F[B-](F)(F)F,-0.037701867520809174,0.4220987558364868,2,229
CCCC[n+]1ccn(C)c1|F[B-](F)(F)F,-0.2863496243953705,0.4220987558364868,2,229
CCCC[n+]1ccn(C)c1|F[B-](F)(F)F,0.5298632383346558,0.42236053943634033,2,229
CCCC[n+]1ccn(C)c1|F[B-](F)(F)F,0.30939462780952454,0.42236053943634033,2,229
CCCC[n+]1ccn(C)c1|F[B-](F)(F)F,0.21784956753253937,0.42236053943634033,2,229
CCCC[n+]1ccn(C)c1|F[B-](F)(F)F,-0.4200712740421295,0.42236053943634033,2,229
CCCC[n+]1ccn(C)c1|F[B-](F)(F)F,-0.5430045127868652,0.42236053943634033,2,229
CCCC[n+]1ccn(C)c1|F[B-](F)(F)F,0.6362063884735107,0.5444620847702026,2,229
CCCC[n+]1ccn(C)c1|F[B-](F)(F)F,0.6504484415054321,0.5451937913894653,2,229
CCCC[n+]1ccn(C)c1|F[B-](F)(F)F,0.6223490834236145,0.5461698770523071,2,229
CCCCCC[N+](CC)(CC)CC|O=S(=O)([N-]S(=O)(=O)C(F)(F)F)C(F)(F)F,-2.6809215545654297,-2.661694049835205,2,41
CCCCCC[N+](CC)(CC)CC|O=S(=O)([N-]S(=O)(=O)C(F)(F)F)C(F)(F)F,-2.5282318592071533,-2.506228446960449,2,41
CCCCCC[N+](CC)(CC)CC|O=S(=O)([N-]S(=O)(=O)C(F)(F)F)C(F)(F)F,-2.456902503967285,-2.4444315433502197,2,41
CCCCCC[N+](CC)(CC)CC|O=S(=O)([N-]S(=O)(=O)C(F)(F)F)C(F)(F)F,-2.4224953651428223,-2.388420343399048,2,41
CCCCCC[N+](CC)(CC)CC|O=S(=O)([N-]S(=O)(=O)C(F)(F)F)C(F)(F)F,-2.3507254123687744,-2.327383041381836,2,41
CCCCCC[N+](CC)(CC)CC|O=S(=O)([N-]S(=O)(=O)C(F)(F)F)C(F)(F)F,-2.1094884872436523,-2.1494269371032715,2,41
CCCCCC[N+](CC)(CC)CC|O=S(=O)([N-]S(=O)(=O)C(F)(F)F)C(F)(F)F,-2.046393632888794,-2.074202537536621,2,41
CCCCCC[N+](CC)(CC)CC|O=S(=O)([N-]S(=O)(=O)C(F)(F)F)C(F)(F)F,-1.8344582319259644,-1.9095406532287598,2,41
CCCCCC[N+](CC)(CC)CC|O=S(=O)([N-]S(=O)(=O)C(F)(F)F)C(F)(F)F,-1.7939618825912476,-1.9095406532287598,2,41
CCCCCC[N+](CC)(CC)CC|O=S(=O)([N-]S(=O)(=O)C(F)(F)F)C(F)(F)F,-1.7406861782073975,-1.84588623046875,2,41
CCCCCC[N+](CC)(CC)CC|O=S(=O)([N-]S(=O)(=O)C(F)(F)F)C(F)(F)F,-1.6793240308761597,-1.7965906858444214,2,41
CCCCCC[N+](CC)(CC)CC|O=S(=O)([N-]S(=O)(=O)C(F)(F)F)C(F)(F)F,-1.6378374099731445,-1.7571886777877808,2,41
CCCCCC[N+](CC)(CC)CC|O=S(=O)([N-]S(=O)(=O)C(F)(F)F)C(F)(F)F,-1.5798791646957397,-1.7099069356918335,2,41
CCCCCC[N+](CC)(CC)CC|O=S(=O)([N-]S(=O)(=O)C(F)(F)F)C(F)(F)F,-1.5511690378189087,-1.6721872091293335,2,41
CCCCCC[N+](CC)(CC)CC|O=S(=O)([N-]S(=O)(=O)C(F)(F)F)C(F)(F)F,-1.4653375148773193,-1.6061731576919556,2,41
CCCCCC[N+](CC)(CC)CC|O=S(=O)([N-]S(=O)(=O)C(F)(F)F)C(F)(F)F,-1.4229583740234375,-1.5682868957519531,2,41
CCCCCC[N+](CC)(CC)CC|O=S(=O)([N-]S(=O)(=O)C(F)(F)F)C(F)(F)F,-1.398366928100586,-1.5510884523391724,2,41
CCCCCC[N+](CC)(CC)CC|O=S(=O)([N-]S(=O)(=O)C(F)(F)F)C(F)(F)F,-1.3943265676498413,-1.5406686067581177,2,41
CCCCCC[N+](CC)(CC)CC|O=S(=O)([N-]S(=O)(=O)C(F)(F)F)C(F)(F)F,-1.343234896659851,-1.4816274642944336,2,41
CCCCCC[N+](CC)(CC)CC|O=S(=O)([N-]S(=O)(=O)C(F)(F)F)C(F)(F)F,-1.2801342010498047,-1.426058292388916,2,41
CCCCCC[N+](CC)(CC)CC|O=S(=O)([N-]S(=O)(=O)C(F)(F)F)C(F)(F)F,-1.1332037448883057,-1.3649871349334717,2,41
CCCCCC[N+](CC)(CC)CC|O=S(=O)([N-]S(=O)(=O)C(F)(F)F)C(F)(F)F,-1.090644121170044,-1.3228799104690552,2,41
CCCCCC[N+](CC)(CC)CC|O=S(=O)([N-]S(=O)(=O)C(F)(F)F)C(F)(F)F,-1.0469690561294556,-1.2961335182189941,2,41
CCCCCC[N+](CC)(CC)CC|O=S(=O)([N-]S(=O)(=O)C(F)(F)F)C(F)(F)F,-0.9623346924781799,-1.254302978515625,2,41
CCCCCC[N+](CC)(CC)CC|O=S(=O)([N-]S(=O)(=O)C(F)(F)F)C(F)(F)F,-0.9467499256134033,-1.2407664060592651,2,41
CCCCCC[N+](CC)(CC)CC|O=S(=O)([N-]S(=O)(=O)C(F)(F)F)C(F)(F)F,-0.9288694858551025,-1.2388325929641724,2,41
CCCCCC[N+](CC)(CC)CC|O=S(=O)([N-]S(=O)(=O)C(F)(F)F)C(F)(F)F,-0.8324092626571655,-1.234965443611145,2,41
CCCCCC[N+](CC)(CC)CC|O=S(=O)([N-]S(=O)(=O)C(F)(F)F)C(F)(F)F,-0.5276327133178711,-1.071955919265747,2,41
CCCCCC[N+](CC)(CC)CC|O=S(=O)([N-]S(=O)(=O)C(F)(F)F)C(F)(F)F,-0.31197476387023926,-0.9497746229171753,2,41
CCCCCC[N+](CC)(CC)CC|O=S(=O)([N-]S(=O)(=O)C(F)(F)F)C(F)(F)F,-0.07472354918718338,-0.8288137316703796,2,41
CCCCCC[N+](CC)(CC)CC|O=S(=O)([N-]S(=O)(=O)C(F)(F)F)C(F)(F)F,0.3074846863746643,-0.6047216653823853,2,41
CCCCCC[N+](CC)(CC)CC|O=S(=O)([N-]S(=O)(=O)C(F)(F)F)C(F)(F)F,0.47871556878089905,-0.4511669874191284,2,41
CCCCCC[N+](CC)(CC)CC|O=S(=O)([N-]S(=O)(=O)C(F)(F)F)C(F)(F)F,0.6205765008926392,-0.23418152332305908,2,41
CCCCCC[N+](CC)(CC)CC|O=S(=O)([N-]S(=O)(=O)C(F)(F)F)C(F)(F)F,0.825928270816803,-0.02722799777984619,2,41
CCCCCCCCn1cc[n+](C)c1|N#C[C-](C#N)C#N,-10.557414054870605,-11.617871284484863,2,60
CCCCCCCCn1cc[n+](C)c1|N#C[C-](C#N)C#N,-10.871071815490723,-11.617871284484863,2,60
CCCCCCCCn1cc[n+](C)c1|N#C[C-](C#N)C#N,-11.250560760498047,-11.617871284484863,2,60
CCCCCCCCn1cc[n+](C)c1|N#C[C-](C#N)C#N,-11.869600296020508,-11.617871284484863,2,60
CCCCCCCCn1cc[n+](C)c1|N#C[C-](C#N)C#N,-12.716897964477539,-11.617871284484863,2,60
CCCCCCCCn1cc[n+](C)c1|N#C[C-](C#N)C#N,-13.122363090515137,-11.617871284484863,2,60
CCCCCCCCn1cc[n+](C)c1|N#C[C-](C#N)C#N,-13.815510749816895,-11.617871284484863,2,60
CCCCn1cc[n+](C)c1|O=S(=O)(F)[N-]S(=O)(=O)F,-1.2344319820404053,-2.9739818572998047,2,29
CCCCn1cc[n+](C)c1|O=S(=O)(F)[N-]S(=O)(=O)F,-0.9942522644996643,-2.3556580543518066,2,29
CCCCn1cc[n+](C)c1|O=S(=O)(F)[N-]S(=O)(=O)F,-0.7721903920173645,-1.864070177078247,2,29
CCCCn1cc[n+](C)c1|O=S(=O)(F)[N-]S(=O)(=O)F,-0.5780344009399414,-1.4951142072677612,2,29
CCCCn1cc[n+](C)c1|O=S(=O)(F)[N-]S(=O)(=O)F,-0.38419297337532043,-1.2070130109786987,2,29
CCCCn1cc[n+](C)c1|O=S(=O)(F)[N-]S(=O)(=O)F,-0.20334091782569885,-0.9824788570404053,2,29
CCCCn1cc[n+](C)c1|O=S(=O)(F)[N-]S(=O)(=O)F,-0.048140376806259155,-0.7983046770095825,2,29
CCCCn1cc[n+](C)c1|O=S(=O)(F)[N-]S(=O)(=O)F,0.11064652353525162,-0.6690271496772766,2,29
CCCCn1cc[n+](C)c1|O=S(=O)(F)[N-]S(=O)(=O)F,0.24137632548809052,-0.551673173904419,2,29
CCCCn1cc[n+](C)c1|O=S(=O)(F)[N-]S(=O)(=O)F,0.3818552494049072,-0.43612778186798096,2,29
CCCCn1cc[n+](C)c1|O=S(=O)(F)[N-]S(=O)(=O)F,0.49225422739982605,-0.3253805637359619,2,29
CCCCn1cc[n+](C)c1|O=S(=O)(F)[N-]S(=O)(=O)F,0.6211139559745789,-0.2144758701324463,2,29
CCCCn1cc[n+](C)c1|O=S(=O)(F)[N-]S(=O)(=O)F,0.7119689583778381,-0.10595929622650146,2,29
CCCCn1cc[n+](C)c1|O=S(=O)(F)[N-]S(=O)(=O)F,0.8298609852790833,-0.002574324607849121,2,29
CCCCn1cc[n+](C)c1|O=S(=O)(F)[N-]S(=O)(=O)F,0.9062404036521912,0.0907982587814331,2,29
CCCCn1cc[n+](C)c1|O=S(=O)(F)[N-]S(=O)(=O)F,1.0177637338638306,0.1800304651260376,2,29
CCCCn1cc[n+](C)c1|O=S(=O)(F)[N-]S(=O)(=O)F,1.079769253730774,0.26612424850463867,2,29
CCCCn1cc[n+](C)c1|O=S(=O)(F)[N-]S(=O)(=O)F,1.1878434419631958,0.3379530906677246,2,29
CCCCn1cc[n+](C)c1|O=S(=O)(F)[N-]S(=O)(=O)F,1.3418198823928833,0.47360360622406006,2,29
CCCCn1cc[n+](C)c1|O=S(=O)(F)[N-]S(=O)(=O)F,1.4811499118804932,0.6121193170547485,2,29
CCCCn1cc[n+](C)c1|O=S(=O)(F)[N-]S(=O)(=O)F,1.607435941696167,0.7511144876480103,2,29
CCCCn1cc[n+](C)c1|O=S(=O)(F)[N-]S(=O)(=O)F,1.7229450941085815,0.8820897340774536,2,29
CCCCn1cc[n+](C)c1|O=S(=O)(F)[N-]S(=O)(=O)F,1.8292157649993896,1.0142158269882202,2,29
CCCCn1cc[n+](C)c1|O=S(=O)(F)[N-]S(=O)(=O)F,1.927455186843872,1.150760531425476,2,29
CCCCn1cc[n+](C)c1|O=S(=O)(F)[N-]S(=O)(=O)F,2.0190279483795166,1.2894843816757202,2,29
CCCCn1cc[n+](C)c1|O=S(=O)(F)[N-]S(=O)(=O)F,2.1042561531066895,1.4282089471817017,2,29
CCCCn1cc[n+](C)c1|O=S(=O)(F)[N-]S(=O)(=O)F,2.185152053833008,1.5674086809158325,2,29
CCCCn1cc[n+](C)c1|O=S(=O)(F)[N-]S(=O)(=O)F,2.263636350631714,1.712337613105774,2,29
CCCCn1cc[n+](C)c1|O=S(=O)(F)[N-]S(=O)(=O)F,2.3302001953125,1.8624016046524048,2,29
CC[n+]1ccn(C)c1|Cc1ccc(S(=O)(=O)[O-])cc1,-12.716897964477539,-8.179058074951172,2,118
CC[n+]1ccn(C)c1|Cc1ccc(S(=O)(=O)[O-])cc1,-12.716897964477539,-8.085919380187988,2,118
CC[n+]1ccn(C)c1|Cc1ccc(S(=O)(=O)[O-])cc1,-12.716897964477539,-7.992302894592285,2,118
CC[n+]1ccn(C)c1|Cc1ccc(S(=O)(=O)[O-])cc1,-12.429216384887695,-7.896148681640625,2,118
CC[n+]1ccn(C)c1|Cc1ccc(S(=O)(=O)[O-])cc1,-12.429216384887695,-7.797191143035889,2,118
CC[n+]1ccn(C)c1|Cc1ccc(S(=O)(=O)[O-])cc1,-12.429216384887695,-7.6970062255859375,2,118
CC[n+]1ccn(C)c1|Cc1ccc(S(=O)(=O)[O-])cc1,-12.023751258850098,-7.6970062255859375,2,118
CC[n+]1ccn(C)c1|Cc1ccc(S(=O)(=O)[O-])cc1,-12.429216384887695,-7.596268653869629,2,118
CC[n+]1ccn(C)c1|Cc1ccc(S(=O)(=O)[O-])cc1,-12.429216384887695,-7.494009971618652,2,118
CC[n+]1ccn(C)c1|Cc1ccc(S(=O)(=O)[O-])cc1,-12.429216384887695,-7.390384674072266,2,118
CC[n+]1ccn(C)c1|Cc1ccc(S(=O)(=O)[O-])cc1,-12.429216384887695,-7.285831928253174,2,118
CC[n+]1ccn(C)c1|Cc1ccc(S(=O)(=O)[O-])cc1,-12.429216384887695,-7.186824321746826,2,118
CC[n+]1ccn(C)c1|Cc1ccc(S(=O)(=O)[O-])cc1,-12.429216384887695,-7.086133003234863,2,118
CC[n+]1ccn(C)c1|Cc1ccc(S(=O)(=O)[O-])cc1,-12.206072807312012,-6.9842352867126465,2,118
CC[n+]1ccn(C)c1|Cc1ccc(S(=O)(=O)[O-])cc1,-12.206072807312012,-6.881725311279297,2,118
CC[n+]1ccn(C)c1|Cc1ccc(S(=O)(=O)[O-])cc1,-12.206072807312012,-6.779160022735596,2,118
CC[n+]1ccn(C)c1|Cc1ccc(S(=O)(=O)[O-])cc1,-12.206072807312012,-6.676413059234619,2,118
CC[n+]1ccn(C)c1|Cc1ccc(S(=O)(=O)[O-])cc1,-12.206072807312012,-6.5732622146606445,2,118
CC[n+]1ccn(C)c1|Cc1ccc(S(=O)(=O)[O-])cc1,-12.206072807312012,-6.4677019119262695,2,118
CC[n+]1ccn(C)c1|Cc1ccc(S(=O)(=O)[O-])cc1,-12.206072807312012,-6.360487461090088,2,118
CC[n+]1ccn(C)c1|Cc1ccc(S(=O)(=O)[O-])cc1,-12.023751258850098,-6.252956867218018,2,118
CC[n+]1ccn(C)c1|Cc1ccc(S(=O)(=O)[O-])cc1,-12.023751258850098,-6.143368721008301,2,118
CC[n+]1ccn(C)c1|Cc1ccc(S(=O)(=O)[O-])cc1,-11.869600296020508,-6.029626846313477,2,118
CC[n+]1ccn(C)c1|Cc1ccc(S(=O)(=O)[O-])cc1,-11.869600296020508,-5.916774272918701,2,118
CC[n+]1ccn(C)c1|Cc1ccc(S(=O)(=O)[O-])cc1,-11.869600296020508,-5.806729793548584,2,118
CC[n+]1ccn(C)c1|Cc1ccc(S(=O)(=O)[O-])cc1,-11.869600296020508,-5.6993231773376465,2,118
CC[n+]1ccn(C)c1|Cc1ccc(S(=O)(=O)[O-])cc1,-11.736068725585938,-5.591677188873291,2,118
CC[n+]1ccn(C)c1|Cc1ccc(S(=O)(=O)[O-])cc1,-11.6182861328125,-5.375478744506836,2,118
CC[n+]1ccn(C)c1|Cc1ccc(S(=O)(=O)[O-])cc1,-11.512925148010254,-5.163029670715332,2,118
CC[n+]1ccn(C)c1|Cc1ccc(S(=O)(=O)[O-])cc1,-11.417614936828613,-5.055598258972168,2,118
CC[n+]1ccn(C)c1|Cc1ccc(S(=O)(=O)[O-])cc1,-11.417614936828613,-4.947109222412109,2,118
CC[n+]1ccn(C)c1|Cc1ccc(S(=O)(=O)[O-])cc1,-11.33060359954834,-4.837331295013428,2,118
CC[n+]1ccn(C)c1|Cc1ccc(S(=O)(=O)[O-])cc1,-11.33060359954834,-4.72592830657959,2,118
CC[n+]1ccn(C)c1|Cc1ccc(S(=O)(=O)[O-])cc1,-11.250560760498047,-4.613372325897217,2,118
CC[n+]1ccn(C)c1|Cc1ccc(S(=O)(=O)[O-])cc1,-11.250560760498047,-4.5008158683776855,2,118
CC[n+]1ccn(C)c1|Cc1ccc(S(=O)(=O)[O-])cc1,-11.250560760498047,-4.393097400665283,2,118
CC[n+]1ccn(C)c1|Cc1ccc(S(=O)(=O)[O-])cc1,-11.176453590393066,-4.292433738708496,2,118
CC[n+]1ccn(C)c1|Cc1ccc(S(=O)(=O)[O-])cc1,-11.176453590393066,-4.191524505615234,2,118
CC[n+]1ccn(C)c1|Cc1ccc(S(=O)(=O)[O-])cc1,-11.107460021972656,-4.091141700744629,2,118
CC[n+]1ccn(C)c1|Cc1ccc(S(=O)(=O)[O-])cc1,-11.042922019958496,-3.9912190437316895,2,118
CC[n+]1ccn(C)c1|Cc1ccc(S(=O)(=O)[O-])cc1,-11.042922019958496,-3.891295909881592,2,118
CC[n+]1ccn(C)c1|Cc1ccc(S(=O)(=O)[O-])cc1,-10.819778442382812,-3.6914496421813965,2,118
CC[n+]1ccn(C)c1|Cc1ccc(S(=O)(=O)[O-])cc1,-10.724468231201172,-3.5944552421569824,2,118
CC[n+]1ccn(C)c1|Cc1ccc(S(=O)(=O)[O-])cc1,-10.637456893920898,-3.49721622467041,2,118
CC[n+]1ccn(C)c1|Cc1ccc(S(=O)(=O)[O-])cc1,-10.637456893920898,-3.3997411727905273,2,118
CC[n+]1ccn(C)c1|Cc1ccc(S(=O)(=O)[O-])cc1,-10.557414054870605,-3.3047895431518555,2,118
CC[n+]1ccn(C)c1|Cc1ccc(S(=O)(=O)[O-])cc1,-10.448214530944824,-3.209667205810547,2,118
CC[n+]1ccn(C)c1|Cc1ccc(S(=O)(=O)[O-])cc1,-10.319003105163574,-3.1136057376861572,2,118
CC[n+]1ccn(C)c1|Cc1ccc(S(=O)(=O)[O-])cc1,-10.151948928833008,-3.018609046936035,2,118
CC[n+]1ccn(C)c1|Cc1ccc(S(=O)(=O)[O-])cc1,-9.986868858337402,-2.929670810699463,2,118
CC[n+]1ccn(C)c1|Cc1ccc(S(=O)(=O)[O-])cc1,-9.790159225463867,-2.84116530418396,2,118
CC[n+]1ccn(C)c1|Cc1ccc(S(=O)(=O)[O-])cc1,-9.581403732299805,-2.752659559249878,2,118
CC[n+]1ccn(C)c1|Cc1ccc(S(=O)(=O)[O-])cc1,-9.349602699279785,-2.6682887077331543,2,118
CC[n+]1ccn(C)c1|Cc1ccc(S(=O)(=O)[O-])cc1,-9.03638744354248,-2.5910351276397705,2,118
CC[n+]1ccn(C)c1|Cc1ccc(S(=O)(=O)[O-])cc1,-8.791629791259766,-2.522773027420044,2,118
CC[n+]1ccn(C)c1|Cc1ccc(S(=O)(=O)[O-])cc1,-8.517192840576172,-2.4558355808258057,2,118
CC[n+]1ccn(C)c1|Cc1ccc(S(=O)(=O)[O-])cc1,-8.209708213806152,-2.388704776763916,2,118
CC[n+]1ccn(C)c1|Cc1ccc(S(=O)(=O)[O-])cc1,-7.885921478271484,-2.3195712566375732,2,118
CC[n+]1ccn(C)c1|Cc1ccc(S(=O)(=O)[O-])cc1,-7.4611406326293945,-2.2504377365112305,2,118
CC[n+]1ccn(C)c1|Cc1ccc(S(=O)(=O)[O-])cc1,-7.167822360992432,-2.1813039779663086,2,118
CC[n+]1ccn(C)c1|Cc1ccc(S(=O)(=O)[O-])cc1,-6.255430221557617,-2.1121702194213867,2,118
CC[n+]1ccn(C)c1|Cc1ccc(S(=O)(=O)[O-])cc1,-5.896154403686523,-2.043036460876465,2,118
CC[n+]1ccn(C)c1|Cc1ccc(S(=O)(=O)[O-])cc1,-5.536574363708496,-1.9739028215408325,2,118
CC[n+]1ccn(C)c1|Cc1ccc(S(=O)(=O)[O-])cc1,-5.099466323852539,-1.9049266576766968,2,118
CC[n+]1ccn(C)c1|Cc1ccc(S(=O)(=O)[O-])cc1,-4.661740303039551,-1.8382058143615723,2,118
CC[n+]1ccn(C)c1|Cc1ccc(S(=O)(=O)[O-])cc1,-4.186460018157959,-1.7720750570297241,2,118
CC[n+]1ccn(C)c1|Cc1ccc(S(=O)(=O)[O-])cc1,-3.6082215309143066,-1.7066850662231445,2,118
CC[n+]1ccn(C)c1|Cc1ccc(S(=O)(=O)[O-])cc1,-2.915074348449707,-1.6411820650100708,2,118
CC[n+]1ccn(C)c1|Cc1ccc(S(=O)(=O)[O-])cc1,-1.883874773979187,-1.5757429599761963,2,118
CC[n+]1ccn(C)c1|F[P-](F)(F)(F)(F)F,-0.7113111615180969,-1.396927833557129,2,48
CC[n+]1ccn(C)c1|F[P-](F)(F)(F)(F)F,-0.5395680665969849,-1.161584496498108,2,48
CC[n+]1ccn(C)c1|F[P-](F)(F)(F)(F)F,-0.3354727327823639,-0.9226175546646118,2,48
CC[n+]1ccn(C)c1|F[P-](F)(F)(F)(F)F,-0.20579491555690765,-0.7651419043540955,2,48
CC[n+]1ccn(C)c1|F[P-](F)(F)(F)(F)F,-0.027371196076273918,-0.5500025749206543,2,48
CC[n+]1ccn(C)c1|F[P-](F)(F)(F)(F)F,0.10436001420021057,-0.40522897243499756,2,48
CC[n+]1ccn(C)c1|F[P-](F)(F)(F)(F)F,0.2231435477733612,-0.2692716121673584,2,48
CC[n+]1ccn(C)c1|F[P-](F)(F)(F)(F)F,0.5364933609962463,-0.12778759002685547,2,48
CC[n+]1ccn(C)c1|F[P-](F)(F)(F)(F)F,0.4252677261829376,-0.09080386161804199,2,48
CC[n+]1ccn(C)c1|F[P-](F)(F)(F)(F)F,0.47623416781425476,-0.011297225952148438,2,48
CC[n+]1ccn(C)c1|F[P-](F)(F)(F)(F)F,0.6205765008926392,-0.009012341499328613,2,48
CC[n+]1ccn(C)c1|F[P-](F)(F)(F)(F)F,0.7371640801429749,0.10237884521484375,2,48
CC[n+]1ccn(C)c1|F[P-](F)(F)(F)(F)F,0.5933268666267395,0.11278963088989258,2,48
CC[n+]1ccn(C)c1|F[P-](F)(F)(F)(F)F,0.8458682894706726,0.20501160621643066,2,48
CC[n+]1ccn(C)c1|F[P-](F)(F)(F)(F)F,0.7371640801429749,0.2601231336593628,2,48
CC[n+]1ccn(C)c1|F[P-](F)(F)(F)(F)F,0.9707789421081543,0.3025963306427002,2,48
CC[n+]1ccn(C)c1|F[P-](F)(F)(F)(F)F,0.8372475504875183,0.36823582649230957,2,48
CC[n+]1ccn(C)c1|F[P-](F)(F)(F)(F)F,1.0647107362747192,0.39762771129608154,2,48
CC[n+]1ccn(C)c1|F[P-](F)(F)(F)(F)F,0.9042181372642517,0.4505687952041626,2,48
CC[n+]1ccn(C)c1|F[P-](F)(F)(F)(F)F,1.1216775178909302,0.4823695421218872,2,48
CC[n+]1ccn(C)c1|F[P-](F)(F)(F)(F)F,1.2059707641601562,0.5580998659133911,2,48
CC[n+]1ccn(C)c1|F[P-](F)(F)(F)(F)F,1.3083328008651733,0.6337500810623169,2,48
CC[n+]1ccn(C)c1|F[P-](F)(F)(F)(F)F,1.3962446451187134,0.707593560218811,2,48
CC[n+]1ccn(C)c1|F[P-](F)(F)(F)(F)F,1.479329228401184,0.7773650884628296,2,48
CC[n+]1ccn(C)c1|F[P-](F)(F)(F)(F)F,1.5518088340759277,0.8453329801559448,2,48
CC[n+]1ccn(C)c1|F[P-](F)(F)(F)(F)F,1.6213665008544922,0.9133011102676392,2,48
CC[n+]1ccn(C)c1|F[P-](F)(F)(F)(F)F,1.688249111175537,0.9812699556350708,2,48
CC[n+]1ccn(C)c1|F[P-](F)(F)(F)(F)F,1.7491998672485352,1.0504275560379028,2,48
CC[n+]1ccn(C)c1|F[P-](F)(F)(F)(F)F,1.8115620613098145,1.1188746690750122,2,48
CC[n+]1ccn(C)c1|F[P-](F)(F)(F)(F)F,1.8578592538833618,1.1840444803237915,2,48
CC[n+]1ccn(C)c1|F[P-](F)(F)(F)(F)F,1.896119475364685,1.24701988697052,2,48
CC[n+]1ccn(C)c1|F[P-](F)(F)(F)(F)F,1.927164077758789,1.309216856956482,2,48
CCCC[n+]1ccc(C)cc1|O=S(=O)([N-]S(=O)(=O)C(F)(F)F)C(F)(F)F,-2.189256429672241,-2.829887866973877,2,39
CCCC[n+]1ccc(C)cc1|O=S(=O)([N-]S(=O)(=O)C(F)(F)F)C(F)(F)F,-2.032557964324951,-2.666624069213867,2,39
CCCC[n+]1ccc(C)cc1|O=S(=O)([N-]S(=O)(=O)C(F)(F)F)C(F)(F)F,-1.8773173093795776,-2.514468193054199,2,39
CCCC[n+]1ccc(C)cc1|O=S(=O)([N-]S(=O)(=O)C(F)(F)F)C(F)(F)F,-1.7316055297851562,-2.364320993423462,2,39
CCCC[n+]1ccc(C)cc1|O=S(=O)([N-]S(=O)(=O)C(F)(F)F)C(F)(F)F,-1.594549298286438,-2.214723825454712,2,39
CCCC[n+]1ccc(C)cc1|O=S(=O)([N-]S(=O)(=O)C(F)(F)F)C(F)(F)F,-1.4653375148773193,-2.07023549079895,2,39
CCCC[n+]1ccc(C)cc1|O=S(=O)([N-]S(=O)(=O)C(F)(F)F)C(F)(F)F,-1.343234896659851,-1.947638988494873,2,39
CCCC[n+]1ccc(C)cc1|O=S(=O)([N-]S(=O)(=O)C(F)(F)F)C(F)(F)F,-1.1907275915145874,-1.8380588293075562,2,39
CCCC[n+]1ccc(C)cc1|O=S(=O)([N-]S(=O)(=O)C(F)(F)F)C(F)(F)F,-1.0788096189498901,-1.7317838668823242,2,39
CCCC[n+]1ccc(C)cc1|O=S(=O)([N-]S(=O)(=O)C(F)(F)F)C(F)(F)F,-0.9675840139389038,-1.6278252601623535,2,39
CCCC[n+]1ccc(C)cc1|O=S(=O)([N-]S(=O)(=O)C(F)(F)F)C(F)(F)F,-0.8698843717575073,-1.530547857284546,2,39
CCCC[n+]1ccc(C)cc1|O=S(=O)([N-]S(=O)(=O)C(F)(F)F)C(F)(F)F,-0.7678707242012024,-1.4322706460952759,2,39
CCCC[n+]1ccc(C)cc1|O=S(=O)([N-]S(=O)(=O)C(F)(F)F)C(F)(F)F,-0.6713857054710388,-1.3416670560836792,2,39
CCCC[n+]1ccc(C)cc1|O=S(=O)([N-]S(=O)(=O)C(F)(F)F)C(F)(F)F,-0.5798184871673584,-1.2571529150009155,2,39
CCCC[n+]1ccc(C)cc1|O=S(=O)([N-]S(=O)(=O)C(F)(F)F)C(F)(F)F,-0.48613300919532776,-1.177979588508606,2,39
CCCC[n+]1ccc(C)cc1|O=S(=O)([N-]S(=O)(=O)C(F)(F)F)C(F)(F)F,-0.40496522188186646,-1.1037602424621582,2,39
CCCC[n+]1ccc(C)cc1|O=S(=O)([N-]S(=O)(=O)C(F)(F)F)C(F)(F)F,-0.32158362865448,-1.0326430797576904,2,39
CCCC[n+]1ccc(C)cc1|O=S(=O)([N-]S(=O)(=O)C(F)(F)F)C(F)(F)F,-0.2446225881576538,-0.967760443687439,2,39
CCCC[n+]1ccc(C)cc1|O=S(=O)([N-]S(=O)(=O)C(F)(F)F)C(F)(F)F,-0.1660545915365219,-0.9126806259155273,2,39
CCCC[n+]1ccc(C)cc1|O=S(=O)([N-]S(=O)(=O)C(F)(F)F)C(F)(F)F,-0.0910193994641304,-0.8590617775917053,2,39
CCCC[n+]1ccc(C)cc1|O=S(=O)([N-]S(=O)(=O)C(F)(F)F)C(F)(F)F,-0.02020270749926567,-0.8092320561408997,2,39
CCCC[n+]1ccc(C)cc1|O=S(=O)([N-]S(=O)(=O)C(F)(F)F)C(F)(F)F,0.04879016429185867,-0.7574292421340942,2,39
CCCC[n+]1ccc(C)cc1|O=S(=O)([N-]S(=O)(=O)C(F)(F)F)C(F)(F)F,0.1151128038764,-0.7061243653297424,2,39
CCCC[n+]1ccc(C)cc1|O=S(=O)([N-]S(=O)(=O)C(F)(F)F)C(F)(F)F,0.17981842160224915,-0.6577514410018921,2,39
CCCC[n+]1ccc(C)cc1|O=S(=O)([N-]S(=O)(=O)C(F)(F)F)C(F)(F)F,0.24137632548809052,-0.6118091940879822,2,39
CCCCCCCC[n+]1cccc(C)c1|F[B-](F)(F)F,-4.942042350769043,-5.645810604095459,2,25
CCCCCCCC[n+]1cccc(C)c1|F[B-](F)(F)F,-4.672379016876221,-5.328360557556152,2,25
CCCCCCCC[n+]1cccc(C)c1|F[B-](F)(F)F,-4.468892574310303,-5.005189895629883,2,25
CCCCCCCC[n+]1cccc(C)c1|F[B-](F)(F)F,-4.240527153015137,-4.685865879058838,2,25
CCCCCCCC[n+]1cccc(C)c1|F[B-](F)(F)F,-4.028556823730469,-4.387758731842041,2,25
CCCCCCCC[n+]1cccc(C)c1|F[B-](F)(F)F,-3.8397023677825928,-4.107885360717773,2,25
CCCCCCCC[n+]1cccc(C)c1|F[B-](F)(F)F,-3.6268441677093506,-3.8417558670043945,2,25
CCCCCCCC[n+]1cccc(C)c1|F[B-](F)(F)F,-3.4295969009399414,-3.6000661849975586,2,25
CCCCCCCC[n+]1cccc(C)c1|F[B-](F)(F)F,-3.278095245361328,-3.3819360733032227,2,25
CCCCCCCC[n+]1cccc(C)c1|F[B-](F)(F)F,-3.1100213527679443,-3.184058666229248,2,25
CCCCCCCC[n+]1cccc(C)c1|F[B-](F)(F)F,-2.933696985244751,-2.9915547370910645,2,25
CCCCCCCC[n+]1cccc(C)c1|F[B-](F)(F)F,-2.7790093421936035,-2.8080034255981445,2,25
CCCCCCCC[n+]1cccc(C)c1|F[B-](F)(F)F,-2.6297011375427246,-2.650527000427246,2,25
CCCCCCCC[n+]1cccc(C)c1|F[B-](F)(F)F,-2.48410701751709,-2.502037525177002,2,25
CCCCCCCC[n+]1cccc(C)c1|F[B-](F)(F)F,-2.3289291858673096,-2.3565895557403564,2,25
CCCCCCCC[n+]1cccc(C)c1|F[B-](F)(F)F,-2.193730592727661,-2.231389045715332,2,25
CCCCCCCC[n+]1cccc(C)c1|F[B-](F)(F)F,-2.0627810955047607,-2.1113650798797607,2,25
CCCCCCCC[n+]1cccc(C)c1|F[B-](F)(F)F,-1.9344757795333862,-1.9913409948349,2,25
CCCCCCCC[n+]1cccc(C)c1|F[B-](F)(F)F,-1.8127788305282593,-1.877820372581482,2,25
CCCCCCCC[n+]1cccc(C)c1|F[B-](F)(F)F,-1.6933631896972656,-1.7731958627700806,2,25
CCCCCCCC[n+]1cccc(C)c1|F[B-](F)(F)F,-1.5798791646957397,-1.6710716485977173,2,25
CCCCCCCC[n+]1cccc(C)c1|F[B-](F)(F)F,-1.4653375148773193,-1.575575828552246,2,25
CCCCCCCC[n+]1cccc(C)c1|F[B-](F)(F)F,-1.3356012105941772,-1.48108971118927,2,25
CCCCCCCC[n+]1cccc(C)c1|F[B-](F)(F)F,-1.2447948455810547,-1.3874027729034424,2,25
CCCCCCCC[n+]1cccc(C)c1|F[B-](F)(F)F,-1.1363141536712646,-1.2942204475402832,2,25
CC[n+]1ccn(C)c1|F[P-](F)(F)(F)(F)F,-13.815510749816895,-6.612271785736084,2,48
CC[n+]1ccn(C)c1|F[P-](F)(F)(F)(F)F,-13.122363090515137,-5.908303260803223,2,48
CC[n+]1ccn(C)c1|F[P-](F)(F)(F)(F)F,-12.716897964477539,-5.181702136993408,2,48
CC[n+]1ccn(C)c1|F[P-](F)(F)(F)(F)F,-12.206072807312012,-4.454062461853027,2,48
CC[n+]1ccn(C)c1|F[P-](F)(F)(F)(F)F,-12.023751258850098,-4.454062461853027,2,48
CC[n+]1ccn(C)c1|F[P-](F)(F)(F)(F)F,-11.512925148010254,-3.7275967597961426,2,48
CC[n+]1ccn(C)c1|F[P-](F)(F)(F)(F)F,-11.417614936828613,-3.7275967597961426,2,48
CC[n+]1ccn(C)c1|F[P-](F)(F)(F)(F)F,-10.925138473510742,-3.043858528137207,2,48
CC[n+]1ccn(C)c1|F[P-](F)(F)(F)(F)F,-10.68001651763916,-3.043858528137207,2,48
CC[n+]1ccn(C)c1|F[P-](F)(F)(F)(F)F,-10.28915023803711,-2.5181736946105957,2,48
CC[n+]1ccn(C)c1|F[P-](F)(F)(F)(F)F,-9.80817699432373,-2.5181736946105957,2,48
CC[n+]1ccn(C)c1|F[P-](F)(F)(F)(F)F,-9.028018951416016,-2.0831143856048584,2,48
CC[n+]1ccn(C)c1|F[P-](F)(F)(F)(F)F,-8.458924293518066,-1.974869966506958,2,48
CC[n+]1ccn(C)c1|F[P-](F)(F)(F)(F)F,-8.085411071777344,-1.7437798976898193,2,48
CC[n+]1ccn(C)c1|F[P-](F)(F)(F)(F)F,-7.270160675048828,-1.6910077333450317,2,48
CCCC[n+]1ccn(C)c1|F[B-](F)(F)F,-6.156339168548584,-9.739972114562988,2,229
CCCC[n+]1ccn(C)c1|F[B-](F)(F)F,-4.856198787689209,-8.477076530456543,2,229
CCCC[n+]1ccn(C)c1|F[B-](F)(F)F,-3.7942399978637695,-7.002024173736572,2,229
CCCC[n+]1ccn(C)c1|F[B-](F)(F)F,-2.915074348449707,-5.526712894439697,2,229
CCCC[n+]1ccn(C)c1|F[B-](F)(F)F,-2.1785991191864014,-4.092465877532959,2,229
CCCC[n+]1ccn(C)c1|F[B-](F)(F)F,-1.5558971166610718,-2.6487512588500977,2,229
CCCC[n+]1ccn(C)c1|F[B-](F)(F)F,-1.0441241264343262,-1.506108283996582,2,229
CCCC[n+]1ccn(C)c1|F[B-](F)(F)F,-0.5869869589805603,-0.8699796795845032,2,229
CCCC[n+]1ccn(C)c1|F[B-](F)(F)F,-0.1972321718931198,-0.4456827640533447,2,229
CCCC[n+]1ccn(C)c1|F[B-](F)(F)F,0.13976193964481354,-0.12441515922546387,2,229
CCCC[n+]1ccn(C)c1|F[B-](F)(F)F,0.4350239038467407,0.15615665912628174,2,229
CCCC[n+]1ccn(C)c1|F[B-](F)(F)F,0.6931471824645996,0.4220987558364868,2,229
CCCC[n+]1ccn(C)c1|F[B-](F)(F)F,0.9242588877677917,0.6595257520675659,2,229
CCCC[n+]1ccn(C)c1|F[B-](F)(F)F,1.1314021348953247,0.8494266271591187,2,229
CCCC[n+]1ccn(C)c1|F[B-](F)(F)F,1.3164082765579224,1.0154932737350464,2,229
CCCC[n+]1ccn(C)c1|F[B-](F)(F)F,1.4838746786117554,1.1584850549697876,2,229
CCCC[n+]1ccn(C)c1|F[B-](F)(F)F,1.6351056098937988,1.3008772134780884,2,229
CCCC[n+]1ccn(C)c1|F[B-](F)(F)F,1.7715567350387573,1.44306218624115,2,229
CCCC[n+]1ccn(C)c1|F[B-](F)(F)F,1.8931119441986084,1.5794509649276733,2,229
CCCC[n+]1ccn(C)c1|F[B-](F)(F)F,2.008213996887207,1.7181075811386108,2,229
CCCC[n+]1ccn(C)c1|F[B-](F)(F)F,2.1150500774383545,1.8534873723983765,2,229
CCCC[n+]1ccn(C)c1|F[B-](F)(F)F,2.2137539386749268,1.985991358757019,2,229
CCCC[n+]1ccn(C)c1|F[B-](F)(F)F,2.306577205657959,2.1146035194396973,2,229
CCCC[n+]1ccn(C)c1|F[B-](F)(F)F,2.392425775527954,2.239500045776367,2,229
CCCC[n+]1ccn(C)c1|F[B-](F)(F)F,-13.122363090515137,-13.18061637878418,2,229
CCCC[n+]1ccn(C)c1|F[B-](F)(F)F,-11.512925148010254,-12.693998336791992,2,229
CCCC[n+]1ccn(C)c1|F[B-](F)(F)F,-10.2319917678833,-12.207379341125488,2,229
CCCC[n+]1ccn(C)c1|F[B-](F)(F)F,-9.115030288696289,-11.720762252807617,2,229
CCCC[n+]1ccn(C)c1|F[B-](F)(F)F,-8.105083465576172,-11.23414421081543,2,229
CCCC[n+]1ccn(C)c1|F[B-](F)(F)F,-7.241830348968506,-10.747136116027832,2,229
CCCC[n+]1ccn(C)c1|F[B-](F)(F)F,-6.431520938873291,-10.255942344665527,2,229
CCCC[n+]1ccn(C)c1|F[B-](F)(F)F,-5.165536403656006,-9.74525260925293,2,229
CCCC[n+]1ccn(C)c1|F[B-](F)(F)F,-4.607172012329102,-9.16631031036377,2,229
CCCC[n+]1ccn(C)c1|F[B-](F)(F)F,-4.160484313964844,-8.484363555908203,2,229
CCCC[n+]1ccn(C)c1|F[B-](F)(F)F,-3.597212314605713,-7.751072406768799,2,229
CCCC[n+]1ccn(C)c1|F[B-](F)(F)F,-3.1917471885681152,-7.0094523429870605,2,229
CCCC[n+]1ccn(C)c1|F[B-](F)(F)F,-2.887775182723999,-6.266510486602783,2,229
CCCC[n+]1ccn(C)c1|F[B-](F)(F)F,-2.633870840072632,-5.540976524353027,2,229
CCCC[n+]1ccn(C)c1|F[B-](F)(F)F,-2.2926347255706787,-4.821989059448242,2,229
CCCC[n+]1ccn(C)c1|F[B-](F)(F)F,-1.9379420280456543,-4.106851577758789,2,229
CCCC[n+]1ccn(C)c1|F[B-](F)(F)F,-1.6450650691986084,-3.387582778930664,2,229
CCCC[n+]1ccn(C)c1|F[B-](F)(F)F,-1.4105870723724365,-2.6699395179748535,2,229
CCCC[n+]1ccn(C)c1|F[B-](F)(F)F,-1.2378743886947632,-2.0196876525878906,2,229
CCCC[n+]1ccn(C)c1|F[B-](F)(F)F,-1.0613164901733398,-1.5194270610809326,2,229
CCCCCCCCCCCCCC[P+](CCCCCC)(CCCCCC)CCCCCC|[Cl-],-13.815510749816895,-15.406484603881836,2,13
CCCCCCCCCCCCCC[P+](CCCCCC)(CCCCCC)CCCCCC|[Cl-],-12.429216384887695,-14.938363075256348,2,13
CCCCCCCCCCCCCC[P+](CCCCCC)(CCCCCC)CCCCCC|[Cl-],-11.250560760498047,-14.657490730285645,2,13
CCCCCCCCCCCCCC[P+](CCCCCC)(CCCCCC)CCCCCC|[Cl-],-10.2319917678833,-14.189370155334473,2,13
CCCCCCCCCCCCCC[P+](CCCCCC)(CCCCCC)CCCCCC|[Cl-],-9.372859001159668,-13.814874649047852,2,13
CCCCCCCCCCCCCC[P+](CCCCCC)(CCCCCC)CCCCCC|[Cl-],-8.679712295532227,-13.34675407409668,2,13
CCCCCCCCCCCCCC[P+](CCCCCC)(CCCCCC)CCCCCC|[Cl-],-7.706263065338135,-12.785011291503906,2,13
CCCCCCCCCCCCCC[P+](CCCCCC)(CCCCCC)CCCCCC|[Cl-],-7.082108497619629,-12.315583229064941,2,13
CCCCCCCCCCCCCC[P+](CCCCCC)(CCCCCC)CCCCCC|[Cl-],-6.437751770019531,-11.750106811523438,2,13
CCCCCCCCCCCCCC[P+](CCCCCC)(CCCCCC)CCCCCC|[Cl-],-5.878135681152344,-11.275655746459961,2,13
CCCCCCCCCCCCCC[P+](CCCCCC)(CCCCCC)CCCCCC|[Cl-],-5.259096622467041,-10.895318031311035,2,13
CCCCCCCCCCCCCC[P+](CCCCCC)(CCCCCC)CCCCCC|[Cl-],-4.688551902770996,-10.229727745056152,2,13
CCCCCCCCCCCCCC[P+](CCCCCC)(CCCCCC)CCCCCC|[Cl-],-3.9120230674743652,-9.56149959564209,2,13
CCCC[n+]1ccccc1|O=S(=O)([O-])C(F)(F)F,-1.3242589235305786,-1.361410140991211,2,15
CCCC[n+]1ccccc1|O=S(=O)([O-])C(F)(F)F,-1.207311749458313,-1.248214840888977,2,15
CCCC[n+]1ccccc1|O=S(=O)([O-])C(F)(F)F,-1.099612832069397,-1.150797963142395,2,15
CCCC[n+]1ccccc1|O=S(=O)([O-])C(F)(F)F,-0.9915531873703003,-1.0582551956176758,2,15
CCCC[n+]1ccccc1|O=S(=O)([O-])C(F)(F)F,-0.8891620635986328,-0.9680413603782654,2,15
CCCC[n+]1ccccc1|O=S(=O)([O-])C(F)(F)F,-0.7896580696105957,-0.8784681558609009,2,15
CCCC[n+]1ccccc1|O=S(=O)([O-])C(F)(F)F,-0.6911491751670837,-0.7877946496009827,2,15
CCCC[n+]1ccccc1|O=S(=O)([O-])C(F)(F)F,-0.597836971282959,-0.7072441577911377,2,15
CCCC[n+]1ccccc1|O=S(=O)([O-])C(F)(F)F,-0.5091603398323059,-0.6321576833724976,2,15
CCCC[n+]1ccccc1|O=S(=O)([O-])C(F)(F)F,-0.42312005162239075,-0.5627334117889404,2,15
CCCC[n+]1ccccc1|O=S(=O)([O-])C(F)(F)F,-0.34672459959983826,-0.4933089017868042,2,15
CCCC[n+]1ccccc1|O=S(=O)([O-])C(F)(F)F,-0.25747624039649963,-0.42842233180999756,2,15
CCCC[n+]1ccccc1|O=S(=O)([O-])C(F)(F)F,-0.17554457485675812,-0.36921536922454834,2,15
CCCC[n+]1ccccc1|O=S(=O)([O-])C(F)(F)F,-0.10092591494321823,-0.3104071617126465,2,15
CCCC[n+]1ccccc1|O=S(=O)([O-])C(F)(F)F,-0.025317808613181114,-0.2515990734100342,2,15
CCCC[n+]1ccn(C)c1|[Cl-],-13.122363090515137,-11.350522994995117,2,14
CCCC[n+]1ccn(C)c1|[Cl-],-11.417614936828613,-10.864058494567871,2,14
CCCC[n+]1ccn(C)c1|[Cl-],-9.845218658447266,-10.377348899841309,2,14
CCCC[n+]1ccn(C)c1|[Cl-],-8.421882629394531,-9.888927459716797,2,14
CCCC[n+]1ccn(C)c1|[Cl-],-7.118476390838623,-9.386931419372559,2,14
CCCC[n+]1ccn(C)c1|[Cl-],-5.967748165130615,-8.832051277160645,2,14
CCCC[n+]1ccn(C)c1|[Cl-],-4.94344425201416,-8.208770751953125,2,14
CCCC[n+]1ccn(C)c1|[Cl-],-4.000854015350342,-7.521994590759277,2,14
CCCC[n+]1ccn(C)c1|[Cl-],-3.1677074432373047,-6.816674709320068,2,14
CCCC[n+]1ccn(C)c1|[Cl-],-2.3805465698242188,-6.111273765563965,2,14
CCCC[n+]1ccn(C)c1|[Cl-],-1.7037485837936401,-5.4254536628723145,2,14
CCCC[n+]1ccn(C)c1|[Cl-],-1.0384583473205566,-4.750890731811523,2,14
CCCC[n+]1ccn(C)c1|[Cl-],-0.4812668263912201,-4.098512172698975,2,14
CCCC[n+]1ccn(C)c1|[Cl-],-0.04709160700440407,-3.484788417816162,2,14
CC[n+]1ccn(C)c1|O=S(=O)([O-])C(F)(F)F,-0.2194005697965622,-0.9409993290901184,2,93
CC[n+]1ccn(C)c1|O=S(=O)([O-])C(F)(F)F,-0.03666398301720619,-0.6301841139793396,2,93
CC[n+]1ccn(C)c1|O=S(=O)([O-])C(F)(F)F,0.13102826476097107,-0.47411859035491943,2,93
CC[n+]1ccn(C)c1|O=S(=O)([O-])C(F)(F)F,0.246860072016716,-0.2947227954864502,2,93
CC[n+]1ccn(C)c1|O=S(=O)([O-])C(F)(F)F,0.4574248492717743,-0.1289604902267456,2,93
CC[n+]1ccn(C)c1|O=S(=O)([O-])C(F)(F)F,0.5822156071662903,-0.01069343090057373,2,93
CC[n+]1ccn(C)c1|O=S(=O)([O-])C(F)(F)F,0.6881346106529236,0.12629878520965576,2,93
CC[n+]1ccn(C)c1|O=S(=O)([O-])C(F)(F)F,0.8064758777618408,0.3117642402648926,2,93
CC[n+]1ccn(C)c1|O=S(=O)([O-])C(F)(F)F,0.9321640729904175,0.42933762073516846,2,93
CC[n+]1ccn(C)c1|O=S(=O)([O-])C(F)(F)F,1.0367368459701538,0.55164635181427,2,93
CC[n+]1ccn(C)c1|O=S(=O)([O-])C(F)(F)F,1.1600209474563599,0.6633085012435913,2,93
CC[n+]1ccn(C)c1|O=S(=O)([O-])C(F)(F)F,1.3686394691467285,0.8354882001876831,2,93
CC[n+]1ccn(C)c1|O=S(=O)([O-])C(F)(F)F,1.4374626874923706,0.915364146232605,2,93
CC[n+]1ccn(C)c1|O=S(=O)([O-])C(F)(F)F,1.5347143411636353,1.0277312994003296,2,93
CC[n+]1ccn(C)c1|O=S(=O)([O-])C(F)(F)F,1.665818214416504,1.145513892173767,2,93
CC[n+]1ccn(C)c1|O=S(=O)([O-])C(F)(F)F,1.8748743534088135,1.3822461366653442,2,93
CCC[n+]1cccc(C)c1|O=S(=O)([N-]S(=O)(=O)C(F)(F)F)C(F)(F)F,-1.8812466859817505,-2.5588550567626953,2,16
CCC[n+]1cccc(C)c1|O=S(=O)([N-]S(=O)(=O)C(F)(F)F)C(F)(F)F,-1.614450454711914,-2.242335319519043,2,16
CCC[n+]1cccc(C)c1|O=S(=O)([N-]S(=O)(=O)C(F)(F)F)C(F)(F)F,-1.3743658065795898,-1.9450047016143799,2,16
CCC[n+]1cccc(C)c1|O=S(=O)([N-]S(=O)(=O)C(F)(F)F)C(F)(F)F,-1.145703911781311,-1.7020647525787354,2,16
CCC[n+]1cccc(C)c1|O=S(=O)([N-]S(=O)(=O)C(F)(F)F)C(F)(F)F,-0.9339456558227539,-1.4884397983551025,2,16
CCC[n+]1cccc(C)c1|O=S(=O)([N-]S(=O)(=O)C(F)(F)F)C(F)(F)F,-0.7423374056816101,-1.2861454486846924,2,16
CCC[n+]1cccc(C)c1|O=S(=O)([N-]S(=O)(=O)C(F)(F)F)C(F)(F)F,-0.5603660941123962,-1.0967785120010376,2,16
CCC[n+]1cccc(C)c1|O=S(=O)([N-]S(=O)(=O)C(F)(F)F)C(F)(F)F,-0.3989861309528351,-0.9508918523788452,2,16
CCC[n+]1cccc(C)c1|O=S(=O)([N-]S(=O)(=O)C(F)(F)F)C(F)(F)F,-0.2407984882593155,-0.8221707940101624,2,16
CCC[n+]1cccc(C)c1|O=S(=O)([N-]S(=O)(=O)C(F)(F)F)C(F)(F)F,-0.10092591494321823,-0.7095412611961365,2,16
CCC[n+]1cccc(C)c1|O=S(=O)([N-]S(=O)(=O)C(F)(F)F)C(F)(F)F,0.03536714240908623,-0.6042377948760986,2,16
CCC[n+]1cccc(C)c1|O=S(=O)([N-]S(=O)(=O)C(F)(F)F)C(F)(F)F,0.16466662287712097,-0.5012310743331909,2,16
CCC[n+]1cccc(C)c1|O=S(=O)([N-]S(=O)(=O)C(F)(F)F)C(F)(F)F,0.2844267785549164,-0.39857327938079834,2,16
CCC[n+]1cccc(C)c1|O=S(=O)([N-]S(=O)(=O)C(F)(F)F)C(F)(F)F,0.3954147696495056,-0.2893029451370239,2,16
CCC[n+]1cccc(C)c1|O=S(=O)([N-]S(=O)(=O)C(F)(F)F)C(F)(F)F,0.5007752776145935,-0.193892240524292,2,16
CCC[n+]1cccc(C)c1|O=S(=O)([N-]S(=O)(=O)C(F)(F)F)C(F)(F)F,0.6032224893569946,-0.10581815242767334,2,16
CCC[N+]1(C)CCCC1|CC(O)C(=O)[O-],-3.2188758850097656,-3.9277520179748535,2,22
CCC[N+]1(C)CCCC1|CC(O)C(=O)[O-],-2.813410758972168,-3.605839729309082,2,22
CCC[N+]1(C)CCCC1|CC(O)C(=O)[O-],-2.4079456329345703,-3.132748603820801,2,22
CCC[N+]1(C)CCCC1|CC(O)C(=O)[O-],-1.9661128520965576,-2.7682414054870605,2,22
CCC[N+]1(C)CCCC1|CC(O)C(=O)[O-],-1.6094379425048828,-2.568122386932373,2,22
CCC[N+]1(C)CCCC1|CC(O)C(=O)[O-],-1.4696760177612305,-2.368251085281372,2,22
CCC[N+]1(C)CCCC1|CC(O)C(=O)[O-],-1.1394343376159668,-2.0628700256347656,2,22
CCC[N+]1(C)CCCC1|CC(O)C(=O)[O-],-0.8675005435943604,-1.8104097843170166,2,22
CCC[N+]1(C)CCCC1|CC(O)C(=O)[O-],-0.6931471824645996,-1.620270013809204,2,22
CCC[N+]1(C)CCCC1|CC(O)C(=O)[O-],-0.4780358076095581,-1.3745392560958862,2,22
CCC[N+]1(C)CCCC1|CC(O)C(=O)[O-],-0.3285040557384491,-1.1892693042755127,2,22
CCC[N+]1(C)CCCC1|CC(O)C(=O)[O-],-0.13926206529140472,-1.01671302318573,2,22
CCC[N+]1(C)CCCC1|CC(O)C(=O)[O-],0.0,-0.8903417587280273,2,22
CCC[N+]1(C)CCCC1|CC(O)C(=O)[O-],0.16551443934440613,-0.7972652912139893,2,22
CCC[N+]1(C)CCCC1|CC(O)C(=O)[O-],0.3074846863746643,-0.6352645754814148,2,22
CCC[N+]1(C)CCCC1|CC(O)C(=O)[O-],0.418710321187973,-0.5675194263458252,2,22
CCC[N+]1(C)CCCC1|CC(O)C(=O)[O-],0.5306282639503479,-0.45856010913848877,2,22
CCC[N+]1(C)CCCC1|CC(O)C(=O)[O-],0.6729444861412048,-0.361356258392334,2,22
CCC[N+]1(C)CCCC1|CC(O)C(=O)[O-],0.7561219930648804,-0.2692049741744995,2,22
CCC[N+]1(C)CCCC1|CC(O)C(=O)[O-],0.8671004772186279,-0.16884946823120117,2,22
CCC[N+]1(C)CCCC1|CC(O)C(=O)[O-],0.9516578912734985,-0.09132146835327148,2,22
CCCC[n+]1ccn(C)c1C|F[B-](F)(F)F,-2.5796570777893066,-1.7149425745010376,2,25
CCCC[n+]1ccn(C)c1C|F[B-](F)(F)F,-2.2443161010742188,-1.4284539222717285,2,25
CCCC[n+]1ccn(C)c1C|F[B-](F)(F)F,-1.9317114353179932,-1.1674787998199463,2,25
CCCC[n+]1ccn(C)c1C|F[B-](F)(F)F,-1.6414446830749512,-0.948301374912262,2,25
CCCC[n+]1ccn(C)c1C|F[B-](F)(F)F,-1.370421051979065,-0.7516381144523621,2,25
CCCC[n+]1ccn(C)c1C|F[B-](F)(F)F,-1.1177951097488403,-0.5826029777526855,2,25
CCCC[n+]1ccn(C)c1C|F[B-](F)(F)F,-0.87947678565979,-0.4315840005874634,2,25
CCCC[n+]1ccn(C)c1C|F[B-](F)(F)F,-0.6577800512313843,-0.2940722703933716,2,25
CCCC[n+]1ccn(C)c1C|F[B-](F)(F)F,-0.4478508234024048,-0.16311919689178467,2,25
CCCC[n+]1ccn(C)c1C|F[B-](F)(F)F,-0.2497442364692688,-0.04055774211883545,2,25
CCCC[n+]1ccn(C)c1C|F[B-](F)(F)F,-0.06293980032205582,0.07452785968780518,2,25
CCCC[n+]1ccn(C)c1C|F[B-](F)(F)F,0.11323939263820648,0.18723392486572266,2,25
CCCC[n+]1ccn(C)c1C|F[B-](F)(F)F,0.280355304479599,0.28965115547180176,2,25
CCCC[n+]1ccn(C)c1C|F[B-](F)(F)F,0.4389643669128418,0.38315069675445557,2,25
CCCCCC[n+]1cccc(C)c1|O=S(=O)([N-]S(=O)(=O)C(F)(F)F)C(F)(F)F,-3.0057826042175293,-3.3471503257751465,2,16
CCCCCC[n+]1cccc(C)c1|O=S(=O)([N-]S(=O)(=O)C(F)(F)F)C(F)(F)F,-2.7030627727508545,-3.0329442024230957,2,16
CCCCCC[n+]1cccc(C)c1|O=S(=O)([N-]S(=O)(=O)C(F)(F)F)C(F)(F)F,-2.424752712249756,-2.7296950817108154,2,16
CCCCCC[n+]1cccc(C)c1|O=S(=O)([N-]S(=O)(=O)C(F)(F)F)C(F)(F)F,-2.156754732131958,-2.4384827613830566,2,16
CCCCCC[n+]1cccc(C)c1|O=S(=O)([N-]S(=O)(=O)C(F)(F)F)C(F)(F)F,-1.9105429649353027,-2.1898865699768066,2,16
CCCCCC[n+]1cccc(C)c1|O=S(=O)([N-]S(=O)(=O)C(F)(F)F)C(F)(F)F,-1.677181601524353,-1.9874547719955444,2,16
CCCCCC[n+]1cccc(C)c1|O=S(=O)([N-]S(=O)(=O)C(F)(F)F)C(F)(F)F,-1.4653375148773193,-1.7903889417648315,2,16
CCCCCC[n+]1cccc(C)c1|O=S(=O)([N-]S(=O)(=O)C(F)(F)F)C(F)(F)F,-1.2623083591461182,-1.6191022396087646,2,16
CCCCCC[n+]1cccc(C)c1|O=S(=O)([N-]S(=O)(=O)C(F)(F)F)C(F)(F)F,-1.0729445219039917,-1.4554505348205566,2,16
CCCCCC[n+]1cccc(C)c1|O=S(=O)([N-]S(=O)(=O)C(F)(F)F)C(F)(F)F,-0.9014021158218384,-1.3007184267044067,2,16
CCCCCC[n+]1cccc(C)c1|O=S(=O)([N-]S(=O)(=O)C(F)(F)F)C(F)(F)F,-0.7402387857437134,-1.1670756340026855,2,16
CCCCCC[n+]1cccc(C)c1|O=S(=O)([N-]S(=O)(=O)C(F)(F)F)C(F)(F)F,-0.5923972725868225,-1.0551936626434326,2,16
CCCCCC[n+]1cccc(C)c1|O=S(=O)([N-]S(=O)(=O)C(F)(F)F)C(F)(F)F,-0.44941699504852295,-0.958698570728302,2,16
CCCCCC[n+]1cccc(C)c1|O=S(=O)([N-]S(=O)(=O)C(F)(F)F)C(F)(F)F,-0.3174542188644409,-0.8703444600105286,2,16
CCCCCC[n+]1cccc(C)c1|O=S(=O)([N-]S(=O)(=O)C(F)(F)F)C(F)(F)F,-0.1960148811340332,-0.7838544249534607,2,16
CCCCCC[n+]1cccc(C)c1|O=S(=O)([N-]S(=O)(=O)C(F)(F)F)C(F)(F)F,-0.08338160812854767,-0.7064629793167114,2,16
CCCCCCCCCCCCCC[P+](CCCCCC)(CCCCCC)CCCCCC|FC(F)(F)C(F)(F)[P-](F)(F)(F)(C(F)(F)C(F)(F)F)C(F)(F)C(F)(F)F,-4.422848701477051,-6.039190769195557,2,14
CCCCCCCCCCCCCC[P+](CCCCCC)(CCCCCC)CCCCCC|FC(F)(F)C(F)(F)[P-](F)(F)(F)(C(F)(F)C(F)(F)F)C(F)(F)C(F)(F)F,-4.135166645050049,-5.67051362991333,2,14
CCCCCCCCCCCCCC[P+](CCCCCC)(CCCCCC)CCCCCC|FC(F)(F)C(F)(F)[P-](F)(F)(F)(C(F)(F)C(F)(F)F)C(F)(F)C(F)(F)F,-3.9633162021636963,-5.346456050872803,2,14
CCCCCCCCCCCCCC[P+](CCCCCC)(CCCCCC)CCCCCC|FC(F)(F)C(F)(F)[P-](F)(F)(F)(C(F)(F)C(F)(F)F)C(F)(F)C(F)(F)F,-3.729701519012451,-5.034245491027832,2,14
CCCCCCCCCCCCCC[P+](CCCCCC)(CCCCCC)CCCCCC|FC(F)(F)C(F)(F)[P-](F)(F)(F)(C(F)(F)C(F)(F)F)C(F)(F)C(F)(F)F,-3.5065579414367676,-4.716180324554443,2,14
CCCCCCCCCCCCCC[P+](CCCCCC)(CCCCCC)CCCCCC|FC(F)(F)C(F)(F)[P-](F)(F)(F)(C(F)(F)C(F)(F)F)C(F)(F)C(F)(F)F,-3.2701690196990967,-4.418740749359131,2,14
CCCCCCCCCCCCCC[P+](CCCCCC)(CCCCCC)CCCCCC|FC(F)(F)C(F)(F)[P-](F)(F)(F)(C(F)(F)C(F)(F)F)C(F)(F)C(F)(F)F,-3.0791139602661133,-4.117921352386475,2,14
CCCCCCCCCCCCCC[P+](CCCCCC)(CCCCCC)CCCCCC|FC(F)(F)C(F)(F)[P-](F)(F)(F)(C(F)(F)C(F)(F)F)C(F)(F)C(F)(F)F,-2.9004220962524414,-3.8777856826782227,2,14
CCCCCCCCCCCCCC[P+](CCCCCC)(CCCCCC)CCCCCC|FC(F)(F)C(F)(F)[P-](F)(F)(F)(C(F)(F)C(F)(F)F)C(F)(F)C(F)(F)F,-2.7181005477905273,-3.629518985748291,2,14
CCCCCCCCCCCCCC[P+](CCCCCC)(CCCCCC)CCCCCC|FC(F)(F)C(F)(F)[P-](F)(F)(F)(C(F)(F)C(F)(F)F)C(F)(F)C(F)(F)F,-2.6036901473999023,-3.3897063732147217,2,14
CCCCCCCCCCCCCC[P+](CCCCCC)(CCCCCC)CCCCCC|FC(F)(F)C(F)(F)[P-](F)(F)(F)(C(F)(F)C(F)(F)F)C(F)(F)C(F)(F)F,-2.3751556873321533,-3.170742988586426,2,14
CCCCCCCCCCCCCC[P+](CCCCCC)(CCCCCC)CCCCCC|FC(F)(F)C(F)(F)[P-](F)(F)(F)(C(F)(F)C(F)(F)F)C(F)(F)C(F)(F)F,-2.282782554626465,-2.983447551727295,2,14
CCCCCCCCCCCCCC[P+](CCCCCC)(CCCCCC)CCCCCC|FC(F)(F)C(F)(F)[P-](F)(F)(F)(C(F)(F)C(F)(F)F)C(F)(F)C(F)(F)F,-2.0874736309051514,-2.841958999633789,2,14
CCCCCCCCCCCCCC[P+](CCCCCC)(CCCCCC)CCCCCC|FC(F)(F)C(F)(F)[P-](F)(F)(F)(C(F)(F)C(F)(F)F)C(F)(F)C(F)(F)F,-1.9449106454849243,-2.7152085304260254,2,14
CC[n+]1ccn(C)c1|CC(=O)[O-],-1.8904753923416138,-2.8124947547912598,2,67
CC[n+]1ccn(C)c1|CC(=O)[O-],-1.6044503450393677,-2.316378593444824,2,67
CC[n+]1ccn(C)c1|CC(=O)[O-],-1.2801342010498047,-1.9278993606567383,2,67
CC[n+]1ccn(C)c1|CC(=O)[O-],-1.0272222757339478,-1.5317813158035278,2,67
CC[n+]1ccn(C)c1|CC(=O)[O-],-0.774357259273529,-1.1654505729675293,2,67
CC[n+]1ccn(C)c1|CC(=O)[O-],-0.53614342212677,-0.88029944896698,2,67
CC[n+]1ccn(C)c1|CC(=O)[O-],-0.3229638934135437,-0.6803159117698669,2,67
CC[n+]1ccn(C)c1|CC(=O)[O-],-0.12443007528781891,-0.5137628316879272,2,67
CC[n+]1ccn(C)c1|CC(=O)[O-],0.05638033524155617,-0.3699761629104614,2,67
CC[n+]1ccn(C)c1|CC(=O)[O-],0.22394323348999023,-0.23364531993865967,2,67
CC[n+]1ccn(C)c1|CC(=O)[O-],0.38321951031684875,-0.10141503810882568,2,67
CC[n+]1ccn(C)c1|CC(=O)[O-],0.533565104007721,0.02279984951019287,2,67
CC[n+]1ccn(C)c1|CC(=O)[O-],0.6709015965461731,0.1370476484298706,2,67
CC[n+]1ccn(C)c1|CC(=O)[O-],0.7988576292991638,0.23413658142089844,2,67
CCC[N+]1(C)CCCC1|N#C[N-]C#N,-1.2039728164672852,-4.117157936096191,2,27
CCC[N+]1(C)CCCC1|N#C[N-]C#N,-0.6733445525169373,-2.8155617713928223,2,27
CCC[N+]1(C)CCCC1|N#C[N-]C#N,-0.24846136569976807,-1.7067930698394775,2,27
CCC[N+]1(C)CCCC1|N#C[N-]C#N,0.18232156336307526,-0.8806084394454956,2,27
CCC[N+]1(C)CCCC1|N#C[N-]C#N,0.4700036346912384,-0.4570791721343994,2,27
CCC[N+]1(C)CCCC1|N#C[N-]C#N,0.6931471824645996,-0.1560959815979004,2,27
CCC[N+]1(C)CCCC1|N#C[N-]C#N,0.9162907600402832,0.11868929862976074,2,27
CCC[N+]1(C)CCCC1|N#C[N-]C#N,1.1631507873535156,0.33858489990234375,2,27
CCC[N+]1(C)CCCC1|N#C[N-]C#N,1.3083328008651733,0.531455397605896,2,27
CCC[N+]1(C)CCCC1|N#C[N-]C#N,1.504077434539795,0.6756154298782349,2,27
CCC[N+]1(C)CCCC1|N#C[N-]C#N,1.6094379425048828,0.8221477270126343,2,27
CCC[N+]1(C)CCCC1|N#C[N-]C#N,1.7578579187393188,0.954001784324646,2,27
CCC[N+]1(C)CCCC1|N#C[N-]C#N,1.9021074771881104,1.0772322416305542,2,27
CCC[N+]1(C)CCCC1|N#C[N-]C#N,1.9600948095321655,1.197285532951355,2,27
CCC[N+]1(C)CCCC1|N#C[N-]C#N,2.1282317638397217,1.3485246896743774,2,27
CCCCCCCC[P+](CCCC)(CCCC)CCCC|FC(F)(F)C(F)(F)[P-](F)(F)(F)(C(F)(F)C(F)(F)F)C(F)(F)C(F)(F)F,-3.729701519012451,-4.29953670501709,2,14
CCCCCCCC[P+](CCCC)(CCCC)CCCC|FC(F)(F)C(F)(F)[P-](F)(F)(F)(C(F)(F)C(F)(F)F)C(F)(F)C(F)(F)F,-3.442019462585449,-4.008454322814941,2,14
CCCCCCCC[P+](CCCC)(CCCC)CCCC|FC(F)(F)C(F)(F)[P-](F)(F)(F)(C(F)(F)C(F)(F)F)C(F)(F)C(F)(F)F,-3.2441935539245605,-3.7514901161193848,2,14
CCCCCCCC[P+](CCCC)(CCCC)CCCC|FC(F)(F)C(F)(F)[P-](F)(F)(F)(C(F)(F)C(F)(F)F)C(F)(F)C(F)(F)F,-2.9565114974975586,-3.508859634399414,2,14
CCCCCCCC[P+](CCCC)(CCCC)CCCC|FC(F)(F)C(F)(F)[P-](F)(F)(F)(C(F)(F)C(F)(F)F)C(F)(F)C(F)(F)F,-2.764620542526245,-3.299990177154541,2,14
CCCCCCCC[P+](CCCC)(CCCC)CCCC|FC(F)(F)C(F)(F)[P-](F)(F)(F)(C(F)(F)C(F)(F)F)C(F)(F)C(F)(F)F,-2.577021837234497,-3.127399444580078,2,14
CCCCCCCC[P+](CCCC)(CCCC)CCCC|FC(F)(F)C(F)(F)[P-](F)(F)(F)(C(F)(F)C(F)(F)F)C(F)(F)C(F)(F)F,-2.3330442905426025,-2.9516730308532715,2,14
CCCCCCCC[P+](CCCC)(CCCC)CCCC|FC(F)(F)C(F)(F)[P-](F)(F)(F)(C(F)(F)C(F)(F)F)C(F)(F)C(F)(F)F,-2.137070655822754,-2.8143858909606934,2,14
CCCCCCCC[P+](CCCC)(CCCC)CCCC|FC(F)(F)C(F)(F)[P-](F)(F)(F)(C(F)(F)C(F)(F)F)C(F)(F)C(F)(F)F,-1.98777437210083,-2.6869049072265625,2,14
CCCCCCCC[P+](CCCC)(CCCC)CCCC|FC(F)(F)C(F)(F)[P-](F)(F)(F)(C(F)(F)C(F)(F)F)C(F)(F)C(F)(F)F,-1.8201589584350586,-2.553952693939209,2,14
CCCCCCCC[P+](CCCC)(CCCC)CCCC|FC(F)(F)C(F)(F)[P-](F)(F)(F)(C(F)(F)C(F)(F)F)C(F)(F)C(F)(F)F,-1.6713132858276367,-2.4304111003875732,2,14
CCCCCCCC[P+](CCCC)(CCCC)CCCC|FC(F)(F)C(F)(F)[P-](F)(F)(F)(C(F)(F)C(F)(F)F)C(F)(F)C(F)(F)F,-1.500583529472351,-2.3187437057495117,2,14
CCCCCCCC[P+](CCCC)(CCCC)CCCC|FC(F)(F)C(F)(F)[P-](F)(F)(F)(C(F)(F)C(F)(F)F)C(F)(F)C(F)(F)F,-1.3823022842407227,-2.2251198291778564,2,14
CCCCCCCC[P+](CCCC)(CCCC)CCCC|FC(F)(F)C(F)(F)[P-](F)(F)(F)(C(F)(F)C(F)(F)F)C(F)(F)C(F)(F)F,-1.2344319820404053,-2.138155460357666,2,14
C[N+]1(CCO)CCCC1|O=S(=O)([N-]S(=O)(=O)C(F)(F)F)C(F)(F)F,-1.9589953422546387,-3.057894229888916,2,14
C[N+]1(CCO)CCCC1|O=S(=O)([N-]S(=O)(=O)C(F)(F)F)C(F)(F)F,-1.6928194761276245,-2.669159412384033,2,14
C[N+]1(CCO)CCCC1|O=S(=O)([N-]S(=O)(=O)C(F)(F)F)C(F)(F)F,-1.4696760177612305,-2.30501651763916,2,14
C[N+]1(CCO)CCCC1|O=S(=O)([N-]S(=O)(=O)C(F)(F)F)C(F)(F)F,-1.2552660703659058,-1.9976229667663574,2,14
C[N+]1(CCO)CCCC1|O=S(=O)([N-]S(=O)(=O)C(F)(F)F)C(F)(F)F,-1.0613164901733398,-1.7339788675308228,2,14
C[N+]1(CCO)CCCC1|O=S(=O)([N-]S(=O)(=O)C(F)(F)F)C(F)(F)F,-0.872273862361908,-1.504028081893921,2,14
C[N+]1(CCO)CCCC1|O=S(=O)([N-]S(=O)(=O)C(F)(F)F)C(F)(F)F,-0.7031975388526917,-1.2934298515319824,2,14
C[N+]1(CCO)CCCC1|O=S(=O)([N-]S(=O)(=O)C(F)(F)F)C(F)(F)F,-0.548181414604187,-1.1043697595596313,2,14
C[N+]1(CCO)CCCC1|O=S(=O)([N-]S(=O)(=O)C(F)(F)F)C(F)(F)F,-0.4004775583744049,-0.949542224407196,2,14
C[N+]1(CCO)CCCC1|O=S(=O)([N-]S(=O)(=O)C(F)(F)F)C(F)(F)F,-0.2523149251937866,-0.8051428198814392,2,14
C[N+]1(CCO)CCCC1|O=S(=O)([N-]S(=O)(=O)C(F)(F)F)C(F)(F)F,-0.12103832513093948,-0.6673277616500854,2,14
C[N+]1(CCO)CCCC1|O=S(=O)([N-]S(=O)(=O)C(F)(F)F)C(F)(F)F,-0.0010005002841353416,-0.544926643371582,2,14
C[N+]1(CCO)CCCC1|O=S(=O)([N-]S(=O)(=O)C(F)(F)F)C(F)(F)F,0.12221763283014297,-0.43515443801879883,2,14
CC[n+]1ccn(C)c1|O=S(=O)([O-])C(F)(F)F,-1.0613164901733398,-2.8637547492980957,2,93
CC[n+]1ccn(C)c1|O=S(=O)([O-])C(F)(F)F,-0.8370175361633301,-2.2847187519073486,2,93
CC[n+]1ccn(C)c1|O=S(=O)([O-])C(F)(F)F,-0.6273594498634338,-1.7774832248687744,2,93
CC[n+]1ccn(C)c1|O=S(=O)([O-])C(F)(F)F,-0.43540897965431213,-1.340705394744873,2,93
CC[n+]1ccn(C)c1|O=S(=O)([O-])C(F)(F)F,-0.25877073407173157,-0.9906396865844727,2,93
CC[n+]1ccn(C)c1|O=S(=O)([O-])C(F)(F)F,-0.09431067854166031,-0.7140452265739441,2,93
CC[n+]1ccn(C)c1|O=S(=O)([O-])C(F)(F)F,-0.08883121609687805,-0.7140452265739441,2,93
CC[n+]1ccn(C)c1|O=S(=O)([O-])C(F)(F)F,0.059211861342191696,-0.5132753849029541,2,93
CC[n+]1ccn(C)c1|O=S(=O)([O-])C(F)(F)F,0.3499523997306824,-0.2065802812576294,2,93
CC[n+]1ccn(C)c1|O=S(=O)([O-])C(F)(F)F,0.5988364815711975,0.038945555686950684,2,93
CC[n+]1ccn(C)c1|O=S(=O)([O-])C(F)(F)F,0.8091508746147156,0.26396095752716064,2,93
CC[n+]1ccn(C)c1|O=S(=O)([O-])C(F)(F)F,1.0137803554534912,0.4688931703567505,2,93
CC[n+]1ccn(C)c1|O=S(=O)([O-])C(F)(F)F,1.1899752616882324,0.624301552772522,2,93
CCCC[n+]1ccc(C)cc1|O=S(=O)([N-]S(=O)(=O)C(F)(F)F)C(F)(F)F,-2.0874736309051514,-2.829887866973877,2,39
CCCC[n+]1ccc(C)cc1|O=S(=O)([N-]S(=O)(=O)C(F)(F)F)C(F)(F)F,-1.7957675457000732,-2.514468193054199,2,39
CCCC[n+]1ccc(C)cc1|O=S(=O)([N-]S(=O)(=O)C(F)(F)F)C(F)(F)F,-1.5371172428131104,-2.214723825454712,2,39
CCCC[n+]1ccc(C)cc1|O=S(=O)([N-]S(=O)(=O)C(F)(F)F)C(F)(F)F,-1.2982834577560425,-1.947638988494873,2,39
CCCC[n+]1ccc(C)cc1|O=S(=O)([N-]S(=O)(=O)C(F)(F)F)C(F)(F)F,-1.075872778892517,-1.7317838668823242,2,39
CCCC[n+]1ccc(C)cc1|O=S(=O)([N-]S(=O)(=O)C(F)(F)F)C(F)(F)F,-0.6753072738647461,-1.3416670560836792,2,39
CCCC[n+]1ccc(C)cc1|O=S(=O)([N-]S(=O)(=O)C(F)(F)F)C(F)(F)F,-0.5108256340026855,-1.177979588508606,2,39
CCCC[n+]1ccc(C)cc1|O=S(=O)([N-]S(=O)(=O)C(F)(F)F)C(F)(F)F,-0.35382187366485596,-1.0326430797576904,2,39
CCCC[n+]1ccc(C)cc1|O=S(=O)([N-]S(=O)(=O)C(F)(F)F)C(F)(F)F,-0.2021161913871765,-0.9126806259155273,2,39
CCCC[n+]1ccc(C)cc1|O=S(=O)([N-]S(=O)(=O)C(F)(F)F)C(F)(F)F,-0.06081213802099228,-0.8092320561408997,2,39
CCCC[n+]1ccc(C)cc1|O=S(=O)([N-]S(=O)(=O)C(F)(F)F)C(F)(F)F,0.07232066243886948,-0.7061243653297424,2,39
CCCC[n+]1ccc(C)cc1|O=S(=O)([N-]S(=O)(=O)C(F)(F)F)C(F)(F)F,0.188137948513031,-0.6118091940879822,2,39
CC[n+]1ccn(C)c1|N#C[N-]C#N,-1.86691415309906,-6.202059745788574,2,56
CC[n+]1ccn(C)c1|N#C[N-]C#N,-1.0776338577270508,-4.691084861755371,2,56
CC[n+]1ccn(C)c1|N#C[N-]C#N,-0.46124210953712463,-3.1854124069213867,2,56
CC[n+]1ccn(C)c1|N#C[N-]C#N,0.034594643861055374,-1.737330675125122,2,56
CC[n+]1ccn(C)c1|N#C[N-]C#N,0.44198986887931824,-0.6825869083404541,2,56
CC[n+]1ccn(C)c1|N#C[N-]C#N,0.7832620739936829,-0.17555904388427734,2,56
CC[n+]1ccn(C)c1|N#C[N-]C#N,1.0743536949157715,0.14517486095428467,2,56
CC[n+]1ccn(C)c1|N#C[N-]C#N,1.2065993547439575,0.2923903465270996,2,56
CC[n+]1ccn(C)c1|N#C[N-]C#N,1.4413268566131592,0.5395461320877075,2,56
CC[n+]1ccn(C)c1|N#C[N-]C#N,1.6476004123687744,0.7543452978134155,2,56
CC[n+]1ccn(C)c1|N#C[N-]C#N,1.8303228616714478,0.9058562517166138,2,56
CC[n+]1ccn(C)c1|N#C[N-]C#N,1.993815541267395,1.0484689474105835,2,56
CC[n+]1ccn(C)c1|N#C[N-]C#N,2.141159772872925,1.184991717338562,2,56
CC[n+]1ccn(C)c1|CC(=O)[O-],-1.281574010848999,-1.9278993606567383,2,67
CC[n+]1ccn(C)c1|CC(=O)[O-],-0.7531095147132874,-1.1654505729675293,2,67
CC[n+]1ccn(C)c1|CC(=O)[O-],-0.3106095790863037,-0.6803159117698669,2,67
CC[n+]1ccn(C)c1|CC(=O)[O-],0.06578774005174637,-0.3699761629104614,2,67
CC[n+]1ccn(C)c1|CC(=O)[O-],0.3900130093097687,-0.10141503810882568,2,67
CC[n+]1ccn(C)c1|CC(=O)[O-],0.9174900054931641,0.32091784477233887,2,67
CC[n+]1ccn(C)c1|CC(=O)[O-],1.1359081268310547,0.4726306200027466,2,67
CC[n+]1ccn(C)c1|CC(=O)[O-],1.3355273008346558,0.6207488775253296,2,67
CC[n+]1ccn(C)c1|CC(=O)[O-],1.5109426975250244,0.7577918767929077,2,67
CC[n+]1ccn(C)c1|CC(=O)[O-],1.6695917844772339,0.8978875875473022,2,67
CC[n+]1ccn(C)c1|CC(=O)[O-],1.8125419616699219,1.0346232652664185,2,67
CC[n+]1ccn(C)c1|CC(=O)[O-],1.9339821338653564,1.1658512353897095,2,67
CCCCCn1cc[n+](C)c1|F[P-](F)(F)(F)(F)F,-2.1336865425109863,-2.306931495666504,2,24
CCCCCn1cc[n+](C)c1|F[P-](F)(F)(F)(F)F,-2.0144031047821045,-2.167722225189209,2,24
CCCCCn1cc[n+](C)c1|F[P-](F)(F)(F)(F)F,-1.9442116022109985,-2.075504779815674,2,24
CCCCCn1cc[n+](C)c1|F[P-](F)(F)(F)(F)F,-1.766676664352417,-1.8529841899871826,2,24
CCCCCn1cc[n+](C)c1|F[P-](F)(F)(F)(F)F,-1.5798791646957397,-1.6042554378509521,2,24
CCCCCn1cc[n+](C)c1|F[P-](F)(F)(F)(F)F,-1.4439234733581543,-1.4114376306533813,2,24
CCCCCn1cc[n+](C)c1|F[P-](F)(F)(F)(F)F,-1.3167682886123657,-1.232211947441101,2,24
CCCCCn1cc[n+](C)c1|F[P-](F)(F)(F)(F)F,-1.2006449699401855,-1.0617320537567139,2,24
CCCCCn1cc[n+](C)c1|F[P-](F)(F)(F)(F)F,-1.0729445219039917,-0.8774623870849609,2,24
CCCCCn1cc[n+](C)c1|F[P-](F)(F)(F)(F)F,-0.9834994673728943,-0.7642875909805298,2,24
CCCCCn1cc[n+](C)c1|F[P-](F)(F)(F)(F)F,-0.8627499938011169,-0.6302741765975952,2,24
CCCCCn1cc[n+](C)c1|F[P-](F)(F)(F)(F)F,-0.774357259273529,-0.5317487716674805,2,24
CCCCCn1cc[n+](C)c1|F[P-](F)(F)(F)(F)F,-0.7011793255805969,-0.4294224977493286,2,24
CCCC[N+]1(C)CCOCC1|CCCCO[PH](=O)[O-],-2.6036901473999023,-3.180408239364624,2,13
CCCC[N+]1(C)CCOCC1|CCCCO[PH](=O)[O-],-2.551046371459961,-3.0940427780151367,2,13
CCCC[N+]1(C)CCOCC1|CCCCO[PH](=O)[O-],-2.5010359287261963,-3.0038962364196777,2,13
CCCC[N+]1(C)CCOCC1|CCCCO[PH](=O)[O-],-2.441847085952759,-2.9137492179870605,2,13
CCCC[N+]1(C)CCOCC1|CCCCO[PH](=O)[O-],-2.3859667778015137,-2.826894521713257,2,13
CCCC[N+]1(C)CCOCC1|CCCCO[PH](=O)[O-],-2.3330442905426025,-2.7542738914489746,2,13
CCCC[N+]1(C)CCOCC1|CCCCO[PH](=O)[O-],-2.282782554626465,-2.692802667617798,2,13
CCCC[N+]1(C)CCOCC1|CCCCO[PH](=O)[O-],-2.2256240844726562,-2.6318230628967285,2,13
CCCC[N+]1(C)CCOCC1|CCCCO[PH](=O)[O-],-2.1715569496154785,-2.5678954124450684,2,13
CCCC[N+]1(C)CCOCC1|CCCCO[PH](=O)[O-],-2.111964702606201,-2.5076699256896973,2,13
CCCC[N+]1(C)CCOCC1|CCCCO[PH](=O)[O-],-2.063568115234375,-2.4498212337493896,2,13
CCCC[N+]1(C)CCOCC1|CCCCO[PH](=O)[O-],-2.009915590286255,-2.3926916122436523,2,13
CCCC[N+]1(C)CCOCC1|CCCCO[PH](=O)[O-],-1.9589953422546387,-2.3368117809295654,2,13
CCCCCC[N+]1(C)CCCCC1|CCCCCCO[PH](=O)[O-],-3.296837329864502,-3.5964102745056152,2,13
CCCCCC[N+]1(C)CCCCC1|CCCCCCO[PH](=O)[O-],-3.194183111190796,-3.465141773223877,2,13
CCCCCC[N+]1(C)CCCCC1|CCCCCCO[PH](=O)[O-],-3.1700856685638428,-3.3313021659851074,2,13
CCCCCC[N+]1(C)CCCCC1|CCCCCCO[PH](=O)[O-],-3.123565673828125,-3.194864273071289,2,13
CCCCCC[N+]1(C)CCCCC1|CCCCCCO[PH](=O)[O-],-3.0791139602661133,-3.0736215114593506,2,13
CCCCCC[N+]1(C)CCCCC1|CCCCCCO[PH](=O)[O-],-3.015934944152832,-2.9579834938049316,2,13
CCCCCC[N+]1(C)CCCCC1|CCCCCCO[PH](=O)[O-],-2.9565114974975586,-2.852853775024414,2,13
CCCCCC[N+]1(C)CCCCC1|CCCCCCO[PH](=O)[O-],-2.9004220962524414,-2.759908676147461,2,13
CCCCCC[N+]1(C)CCCCC1|CCCCCCO[PH](=O)[O-],-2.8473122119903564,-2.678462505340576,2,13
CCCCCC[N+]1(C)CCCCC1|CCCCCCO[PH](=O)[O-],-2.7968814373016357,-2.5967555046081543,2,13
CCCCCC[N+]1(C)CCCCC1|CCCCCCO[PH](=O)[O-],-2.7488722801208496,-2.516484498977661,2,13
CCCCCC[N+]1(C)CCCCC1|CCCCCCO[PH](=O)[O-],-2.6882476806640625,-2.4417319297790527,2,13
CCCCCC[N+]1(C)CCCCC1|CCCCCCO[PH](=O)[O-],-2.631089210510254,-2.3786416053771973,2,13
CC[n+]1ccn(C)c1|N#C[N-]C#N,0.9290094971656799,-0.002636432647705078,2,56
CC[n+]1ccn(C)c1|N#C[N-]C#N,1.069869875907898,0.14517486095428467,2,56
CC[n+]1ccn(C)c1|N#C[N-]C#N,1.1990607976913452,0.2923903465270996,2,56
CC[n+]1ccn(C)c1|N#C[N-]C#N,1.320421576499939,0.41861069202423096,2,56
CC[n+]1ccn(C)c1|N#C[N-]C#N,1.4341317415237427,0.5395461320877075,2,56
CC[n+]1ccn(C)c1|N#C[N-]C#N,1.5409449338912964,0.6538363695144653,2,56
CC[n+]1ccn(C)c1|N#C[N-]C#N,1.6413240432739258,0.7543452978134155,2,56
CC[n+]1ccn(C)c1|N#C[N-]C#N,1.7358943223953247,0.8322707414627075,2,56
CC[n+]1ccn(C)c1|N#C[N-]C#N,1.8227735757827759,0.9058562517166138,2,56
CC[n+]1ccn(C)c1|N#C[N-]C#N,1.9092462062835693,0.9774624109268188,2,56
CC[n+]1ccn(C)c1|N#C[N-]C#N,1.9889696836471558,1.0484689474105835,2,56
CC[n+]1ccn(C)c1|N#C[N-]C#N,2.0644547939300537,1.115787386894226,2,56
CC[n+]1ccn(C)c1|N#C[N-]C#N,2.13582181930542,1.184991717338562,2,56
CCCCCCCCn1c[n+](C)cn1|O=S(=O)([N-]S(=O)(=O)C(F)(F)F)C(F)(F)F,-3.1396026611328125,-2.621188163757324,2,12
CCCCCCCCn1c[n+](C)cn1|O=S(=O)([N-]S(=O)(=O)C(F)(F)F)C(F)(F)F,-2.8542327880859375,-2.3556292057037354,2,12
CCCCCCCCn1c[n+](C)cn1|O=S(=O)([N-]S(=O)(=O)C(F)(F)F)C(F)(F)F,-2.592937469482422,-2.121384620666504,2,12
CCCCCCCCn1c[n+](C)cn1|O=S(=O)([N-]S(=O)(=O)C(F)(F)F)C(F)(F)F,-2.3517754077911377,-1.9183470010757446,2,12
CCCCCCCCn1c[n+](C)cn1|O=S(=O)([N-]S(=O)(=O)C(F)(F)F)C(F)(F)F,-2.128631830215454,-1.7334226369857788,2,12
CCCCCCCCn1c[n+](C)cn1|O=S(=O)([N-]S(=O)(=O)C(F)(F)F)C(F)(F)F,-1.924148678779602,-1.5692825317382812,2,12
CCCCCCCCn1c[n+](C)cn1|O=S(=O)([N-]S(=O)(=O)C(F)(F)F)C(F)(F)F,-1.7372713088989258,-1.410439372062683,2,12
CCCCCCCCn1c[n+](C)cn1|O=S(=O)([N-]S(=O)(=O)C(F)(F)F)C(F)(F)F,-1.5558971166610718,-1.2834824323654175,2,12
CCCCCCCCn1c[n+](C)cn1|O=S(=O)([N-]S(=O)(=O)C(F)(F)F)C(F)(F)F,-1.3943265676498413,-1.1665997505187988,2,12
CCCCCCCCn1c[n+](C)cn1|O=S(=O)([N-]S(=O)(=O)C(F)(F)F)C(F)(F)F,-1.2378743886947632,-1.0569944381713867,2,12
CCCCCCCCn1c[n+](C)cn1|O=S(=O)([N-]S(=O)(=O)C(F)(F)F)C(F)(F)F,-1.0936247110366821,-0.962732195854187,2,12
CCCCCCCCn1c[n+](C)cn1|O=S(=O)([N-]S(=O)(=O)C(F)(F)F)C(F)(F)F,-0.957112729549408,-0.8860682249069214,2,12
COCCN1C=[N+](C=C1)C|[S-]C#N,-1.500583529472351,-0.9473342895507812,2,12
COCCN1C=[N+](C=C1)C|[S-]C#N,-1.1551826000213623,-0.7998148202896118,2,12
COCCN1C=[N+](C=C1)C|[S-]C#N,-0.891598105430603,-0.6748166680335999,2,12
COCCN1C=[N+](C=C1)C|[S-]C#N,-0.6539264917373657,-0.5617742538452148,2,12
COCCN1C=[N+](C=C1)C|[S-]C#N,-0.4261781573295593,-0.4490666389465332,2,12
COCCN1C=[N+](C=C1)C|[S-]C#N,-0.22941316664218903,-0.33947837352752686,2,12
COCCN1C=[N+](C=C1)C|[S-]C#N,-0.04709160700440407,-0.23448705673217773,2,12
COCCN1C=[N+](C=C1)C|[S-]C#N,0.11778303235769272,-0.12902307510375977,2,12
COCCN1C=[N+](C=C1)C|[S-]C#N,0.2753564119338989,-0.02410733699798584,2,12
COCCN1C=[N+](C=C1)C|[S-]C#N,0.40945711731910706,0.0801382064819336,2,12
COCCN1C=[N+](C=C1)C|[S-]C#N,0.541742742061615,0.18196117877960205,2,12
COCCN1C=[N+](C=C1)C|[S-]C#N,0.6533663272857666,0.278745174407959,2,12
C=CC[N+](C)(C)CC|N#C[N-]C#N,0.6523252129554749,-0.5285123586654663,2,12
C=CC[N+](C)(C)CC|N#C[N-]C#N,0.7884573340415955,-0.39532899856567383,2,12
C=CC[N+](C)(C)CC|N#C[N-]C#N,0.9162907600402832,-0.27267658710479736,2,12
C=CC[N+](C)(C)CC|N#C[N-]C#N,1.0367368459701538,-0.16390788555145264,2,12
C=CC[N+](C)(C)CC|N#C[N-]C#N,1.1505720615386963,-0.06574475765228271,2,12
C=CC[N+](C)(C)CC|N#C[N-]C#N,1.2527629137039185,0.030492782592773438,2,12
C=CC[N+](C)(C)CC|N#C[N-]C#N,1.355835199356079,0.12190842628479004,2,12
C=CC[N+](C)(C)CC|N#C[N-]C#N,1.44926917552948,0.20508301258087158,2,12
C=CC[N+](C)(C)CC|N#C[N-]C#N,1.5390154123306274,0.2797151803970337,2,12
C=CC[N+](C)(C)CC|N#C[N-]C#N,1.6094379425048828,0.3550769090652466,2,12
C=CC[N+](C)(C)CC|N#C[N-]C#N,1.6992785930633545,0.42600858211517334,2,12
C=CC[N+](C)(C)CC|N#C[N-]C#N,1.7715567350387573,0.4950608015060425,2,12
CCCCC[n+]1ccccc1|O=S(=O)([N-]S(=O)(=O)C(F)(F)F)C(F)(F)F,-2.263364315032959,-2.4848551750183105,2,22
CCCCC[n+]1ccccc1|O=S(=O)([N-]S(=O)(=O)C(F)(F)F)C(F)(F)F,-1.98777437210083,-2.154885768890381,2,22
CCCCC[n+]1ccccc1|O=S(=O)([N-]S(=O)(=O)C(F)(F)F)C(F)(F)F,-1.7316055297851562,-1.8756669759750366,2,22
CCCCC[n+]1ccccc1|O=S(=O)([N-]S(=O)(=O)C(F)(F)F)C(F)(F)F,-1.505077838897705,-1.630388855934143,2,22
CCCCC[n+]1ccccc1|O=S(=O)([N-]S(=O)(=O)C(F)(F)F)C(F)(F)F,-1.2909841537475586,-1.4267525672912598,2,22
CCCCC[n+]1ccccc1|O=S(=O)([N-]S(=O)(=O)C(F)(F)F)C(F)(F)F,-1.090644121170044,-1.2411472797393799,2,22
CCCCC[n+]1ccccc1|O=S(=O)([N-]S(=O)(=O)C(F)(F)F)C(F)(F)F,-0.9088187217712402,-1.0874561071395874,2,22
CCCCC[n+]1ccccc1|O=S(=O)([N-]S(=O)(=O)C(F)(F)F)C(F)(F)F,-0.7318879961967468,-0.9555525183677673,2,22
CCCCC[n+]1ccccc1|O=S(=O)([N-]S(=O)(=O)C(F)(F)F)C(F)(F)F,-0.5744756460189819,-0.854968249797821,2,22
CCCCC[n+]1ccccc1|O=S(=O)([N-]S(=O)(=O)C(F)(F)F)C(F)(F)F,-0.4261781573295593,-0.7618799209594727,2,22
CCCCC[n+]1ccccc1|O=S(=O)([N-]S(=O)(=O)C(F)(F)F)C(F)(F)F,-0.29840603470802307,-0.6667019724845886,2,22
CCCCC[n+]1ccccc1|O=S(=O)([N-]S(=O)(=O)C(F)(F)F)C(F)(F)F,-0.19358475506305695,-0.5645995140075684,2,22
CCCC[n+]1ccn(C)c1|F[B-](F)(F)F,-6.959048748016357,-9.729412078857422,2,229
CCCC[n+]1ccn(C)c1|F[B-](F)(F)F,-3.7853903770446777,-6.98716402053833,2,229
CCCC[n+]1ccn(C)c1|F[B-](F)(F)F,-2.1803674697875977,-4.085274696350098,2,229
CCCC[n+]1ccn(C)c1|F[B-](F)(F)F,-1.0412871837615967,-1.506108283996582,2,229
CCCC[n+]1ccn(C)c1|F[B-](F)(F)F,-0.19116050004959106,-0.4456827640533447,2,229
CCCC[n+]1ccn(C)c1|F[B-](F)(F)F,0.4369637668132782,0.15615665912628174,2,229
CCCC[n+]1ccn(C)c1|F[B-](F)(F)F,0.9282193183898926,0.6595257520675659,2,229
CCCC[n+]1ccn(C)c1|F[B-](F)(F)F,1.3190855979919434,1.0154932737350464,2,229
CCCC[n+]1ccn(C)c1|F[B-](F)(F)F,1.8991179466247559,1.5794509649276733,2,229
CCCC[n+]1ccn(C)c1|F[B-](F)(F)F,2.1234583854675293,1.8534873723983765,2,229
CCCC[n+]1ccn(C)c1|F[B-](F)(F)F,2.3155012130737305,2.1146035194396973,2,229
CC[N+](C)(C)CCOC(C)=O|O=S(=O)([N-]S(=O)(=O)C(F)(F)F)C(F)(F)F,-4.142065525054932,-3.4137558937072754,2,12
CC[N+](C)(C)CCOC(C)=O|O=S(=O)([N-]S(=O)(=O)C(F)(F)F)C(F)(F)F,-3.684887409210205,-3.098247528076172,2,12
CC[N+](C)(C)CCOC(C)=O|O=S(=O)([N-]S(=O)(=O)C(F)(F)F)C(F)(F)F,-3.2754461765289307,-2.833345413208008,2,12
CC[N+](C)(C)CCOC(C)=O|O=S(=O)([N-]S(=O)(=O)C(F)(F)F)C(F)(F)F,-2.9022419452667236,-2.5747625827789307,2,12
CC[N+](C)(C)CCOC(C)=O|O=S(=O)([N-]S(=O)(=O)C(F)(F)F)C(F)(F)F,-2.562652111053467,-2.345506191253662,2,12
CC[N+](C)(C)CCOC(C)=O|O=S(=O)([N-]S(=O)(=O)C(F)(F)F)C(F)(F)F,-2.25189208984375,-2.1222922801971436,2,12
CC[N+](C)(C)CCOC(C)=O|O=S(=O)([N-]S(=O)(=O)C(F)(F)F)C(F)(F)F,-1.9696906805038452,-1.9325369596481323,2,12
CC[N+](C)(C)CCOC(C)=O|O=S(=O)([N-]S(=O)(=O)C(F)(F)F)C(F)(F)F,-1.475344181060791,-1.600630760192871,2,12
CC[N+](C)(C)CCOC(C)=O|O=S(=O)([N-]S(=O)(=O)C(F)(F)F)C(F)(F)F,-1.0555528402328491,-1.339173436164856,2,12
CC[N+](C)(C)CCOC(C)=O|O=S(=O)([N-]S(=O)(=O)C(F)(F)F)C(F)(F)F,-0.6971551775932312,-1.1536482572555542,2,12
CC[N+](C)(C)CCOC(C)=O|O=S(=O)([N-]S(=O)(=O)C(F)(F)F)C(F)(F)F,-0.3856624662876129,-1.001773476600647,2,12
CC[N+](C)(C)CCOC(C)=O|O=S(=O)([N-]S(=O)(=O)C(F)(F)F)C(F)(F)F,-0.11541084945201874,-0.8717458844184875,2,12
C[N+](C)(C)CCO|O=C([O-])[C@@H]1CCCN1,-10.414313316345215,-5.397633075714111,2,12
C[N+](C)(C)CCO|O=C([O-])[C@@H]1CCCN1,-8.947976112365723,-5.030402660369873,2,12
C[N+](C)(C)CCO|O=C([O-])[C@@H]1CCCN1,-7.957577228546143,-4.662961006164551,2,12
C[N+](C)(C)CCO|O=C([O-])[C@@H]1CCCN1,-7.264430046081543,-4.298645973205566,2,12
C[N+](C)(C)CCO|O=C([O-])[C@@H]1CCCN1,-6.64539098739624,-3.962319850921631,2,12
C[N+](C)(C)CCO|O=C([O-])[C@@H]1CCCN1,-6.19480562210083,-3.617403030395508,2,12
C[N+](C)(C)CCO|O=C([O-])[C@@H]1CCCN1,-5.839601993560791,-3.2815470695495605,2,12
C[N+](C)(C)CCO|O=C([O-])[C@@H]1CCCN1,-5.43757963180542,-2.978303909301758,2,12
C[N+](C)(C)CCO|O=C([O-])[C@@H]1CCCN1,-5.199377536773682,-2.6945056915283203,2,12
C[N+](C)(C)CCO|O=C([O-])[C@@H]1CCCN1,-5.037492752075195,-2.4545140266418457,2,12
C[N+](C)(C)CCO|O=C([O-])[C@@H]1CCCN1,-4.85491418838501,-2.25178599357605,2,12
C[N+](C)(C)CCO|O=C([O-])[C@@H]1CCCN1,-4.665982246398926,-2.0555737018585205,2,12
CCC[n+]1cn(C)cn1.O=[N+]([O-])[O-]|O=[N+]([O-])[O-],-1.7159101963043213,-3.9871416091918945,2,12
CCC[n+]1cn(C)cn1.O=[N+]([O-])[O-]|O=[N+]([O-])[O-],-1.4992390871047974,-3.5208137035369873,2,12
CCC[n+]1cn(C)cn1.O=[N+]([O-])[O-]|O=[N+]([O-])[O-],-1.2909841537475586,-3.074592113494873,2,12
CCC[n+]1cn(C)cn1.O=[N+]([O-])[O-]|O=[N+]([O-])[O-],-1.1086626052856445,-2.709881544113159,2,12
CCC[n+]1cn(C)cn1.O=[N+]([O-])[O-]|O=[N+]([O-])[O-],-0.9187938570976257,-2.314662218093872,2,12
CCC[n+]1cn(C)cn1.O=[N+]([O-])[O-]|O=[N+]([O-])[O-],-0.7507762908935547,-2.0195510387420654,2,12
CCC[n+]1cn(C)cn1.O=[N+]([O-])[O-]|O=[N+]([O-])[O-],-0.5996568202972412,-1.793944001197815,2,12
CCC[n+]1cn(C)cn1.O=[N+]([O-])[O-]|O=[N+]([O-])[O-],-0.44941699504852295,-1.5690584182739258,2,12
CCC[n+]1cn(C)cn1.O=[N+]([O-])[O-]|O=[N+]([O-])[O-],-0.3106095790863037,-1.3815462589263916,2,12
CCC[n+]1cn(C)cn1.O=[N+]([O-])[O-]|O=[N+]([O-])[O-],-0.1719752699136734,-1.2074730396270752,2,12
CCC[n+]1cn(C)cn1.O=[N+]([O-])[O-]|O=[N+]([O-])[O-],-0.043951887637376785,-1.0558183193206787,2,12
CCC[n+]1cn(C)cn1.O=[N+]([O-])[O-]|O=[N+]([O-])[O-],0.06288089603185654,-0.9249427318572998,2,12
CCCC[n+]1ccn(C)c1|O=P([O-])(O)O,-1.1940224170684814,-2.3366329669952393,2,12
CCCC[n+]1ccn(C)c1|O=P([O-])(O)O,-1.024432897567749,-2.0040276050567627,2,12
CCCC[n+]1ccn(C)c1|O=P([O-])(O)O,-0.8698843717575073,-1.6953686475753784,2,12
CCCC[n+]1ccn(C)c1|O=P([O-])(O)O,-0.727738618850708,-1.4217888116836548,2,12
CCCC[n+]1ccn(C)c1|O=P([O-])(O)O,-0.5887871384620667,-1.1623892784118652,2,12
CCCC[n+]1ccn(C)c1|O=P([O-])(O)O,-0.46521511673927307,-0.9795619249343872,2,12
CCCC[n+]1ccn(C)c1|O=P([O-])(O)O,-0.34672459959983826,-0.8262450695037842,2,12
CCCC[n+]1ccn(C)c1|O=P([O-])(O)O,-0.23825718462467194,-0.6827459931373596,2,12
CCCC[n+]1ccn(C)c1|O=P([O-])(O)O,-0.1415635645389557,-0.5521488189697266,2,12
CCCC[n+]1ccn(C)c1|O=P([O-])(O)O,-0.035627178847789764,-0.42998194694519043,2,12
CCCC[n+]1ccn(C)c1|O=P([O-])(O)O,0.05732506513595581,-0.3119513988494873,2,12
CCCC[n+]1ccn(C)c1|O=P([O-])(O)O,0.1475575715303421,-0.20098114013671875,2,12
Cn1cc[n+](C)c1|O=S(=O)([N-]S(=O)(=O)C(F)(F)F)C(F)(F)F,-1.7170231342315674,-3.4061779975891113,2,35
Cn1cc[n+](C)c1|O=S(=O)([N-]S(=O)(=O)C(F)(F)F)C(F)(F)F,-1.1551826000213623,-2.2317252159118652,2,35
Cn1cc[n+](C)c1|O=S(=O)([N-]S(=O)(=O)C(F)(F)F)C(F)(F)F,-0.6911491751670837,-1.4335052967071533,2,35
Cn1cc[n+](C)c1|O=S(=O)([N-]S(=O)(=O)C(F)(F)F)C(F)(F)F,-0.3011050820350647,-0.8432254195213318,2,35
Cn1cc[n+](C)c1|O=S(=O)([N-]S(=O)(=O)C(F)(F)F)C(F)(F)F,0.03149866685271263,-0.544312596321106,2,35
Cn1cc[n+](C)c1|O=S(=O)([N-]S(=O)(=O)C(F)(F)F)C(F)(F)F,0.317726194858551,-0.27313995361328125,2,35
Cn1cc[n+](C)c1|O=S(=O)([N-]S(=O)(=O)C(F)(F)F)C(F)(F)F,0.5675839781761169,-0.04090237617492676,2,35
Cn1cc[n+](C)c1|O=S(=O)([N-]S(=O)(=O)C(F)(F)F)C(F)(F)F,0.786637544631958,0.16294729709625244,2,35
Cn1cc[n+](C)c1|O=S(=O)([N-]S(=O)(=O)C(F)(F)F)C(F)(F)F,0.9809542298316956,0.3314293622970581,2,35
Cn1cc[n+](C)c1|O=S(=O)([N-]S(=O)(=O)C(F)(F)F)C(F)(F)F,1.1543623208999634,0.4808613061904907,2,35
Cn1cc[n+](C)c1|O=S(=O)([N-]S(=O)(=O)C(F)(F)F)C(F)(F)F,1.3099530935287476,0.6178971529006958,2,35
Cn1cc[n+](C)c1|O=S(=O)([N-]S(=O)(=O)C(F)(F)F)C(F)(F)F,1.4502077102661133,0.7541619539260864,2,35
CCCC[n+]1ccn(C)c1|F[B-](F)(F)F,-0.8770700097084045,-1.1286126375198364,2,229
CCCC[n+]1ccn(C)c1|F[B-](F)(F)F,-0.6772738099098206,-0.8768855929374695,2,229
CCCC[n+]1ccn(C)c1|F[B-](F)(F)F,-0.4893903434276581,-0.6540919542312622,2,229
CCCC[n+]1ccn(C)c1|F[B-](F)(F)F,-0.30245736241340637,-0.4511878490447998,2,229
CCCC[n+]1ccn(C)c1|F[B-](F)(F)F,-0.14387036859989166,-0.2832753658294678,2,229
CCCC[n+]1ccn(C)c1|F[B-](F)(F)F,0.013902905397117138,-0.12894189357757568,2,229
CCCC[n+]1ccn(C)c1|F[B-](F)(F)F,0.17311261594295502,0.016847729682922363,2,229
CCCC[n+]1ccn(C)c1|F[B-](F)(F)F,0.31626951694488525,0.15216612815856934,2,229
CCCC[n+]1ccn(C)c1|F[B-](F)(F)F,0.44596704840660095,0.28518080711364746,2,229
CCCC[n+]1ccn(C)c1|F[B-](F)(F)F,0.618962287902832,0.4181729555130005,2,229
CCCC[n+]1ccn(C)c1|F[B-](F)(F)F,0.7626732587814331,0.5420223474502563,2,229
CC[n+]1ccn(C)c1|O=S(=O)([O-])C(F)(F)F,-0.6014800071716309,-1.7225021123886108,2,93
CC[n+]1ccn(C)c1|O=S(=O)([O-])C(F)(F)F,-0.40947312116622925,-1.309391736984253,2,93
CC[n+]1ccn(C)c1|O=S(=O)([O-])C(F)(F)F,-0.23193205893039703,-0.9680748581886292,2,93
CC[n+]1ccn(C)c1|O=S(=O)([O-])C(F)(F)F,-0.06507200002670288,-0.7042264342308044,2,93
CC[n+]1ccn(C)c1|O=S(=O)([O-])C(F)(F)F,0.08984070271253586,-0.5078026056289673,2,93
CC[n+]1ccn(C)c1|O=S(=O)([O-])C(F)(F)F,0.2352302074432373,-0.3469252586364746,2,93
CC[n+]1ccn(C)c1|O=S(=O)([O-])C(F)(F)F,0.37163251638412476,-0.20741820335388184,2,93
CC[n+]1ccn(C)c1|O=S(=O)([O-])C(F)(F)F,0.5000477433204651,-0.08188331127166748,2,93
CC[n+]1ccn(C)c1|O=S(=O)([O-])C(F)(F)F,0.6211677193641663,0.011263608932495117,2,93
CC[n+]1ccn(C)c1|O=S(=O)([O-])C(F)(F)F,0.7355838418006897,0.1451280117034912,2,93
CC[n+]1ccn(C)c1|O=S(=O)([O-])C(F)(F)F,0.8438490629196167,0.25462305545806885,2,93
CCCCC[n+]1ccn(C)c1|O=C([O-])O,-1.9449106454849243,-2.4221739768981934,2,12
CCCCC[n+]1ccn(C)c1|O=C([O-])O,-1.6450650691986084,-2.076688528060913,2,12
CCCCC[n+]1ccn(C)c1|O=C([O-])O,-1.3943265676498413,-1.7817609310150146,2,12
CCCCC[n+]1ccn(C)c1|O=C([O-])O,-1.187443494796753,-1.530087947845459,2,12
CCCCC[n+]1ccn(C)c1|O=C([O-])O,-1.0023934841156006,-1.3261330127716064,2,12
CCCCC[n+]1ccn(C)c1|O=C([O-])O,-0.8486320972442627,-1.169209361076355,2,12
CCCCC[n+]1ccn(C)c1|O=C([O-])O,-0.7153927683830261,-1.0391528606414795,2,12
CCCCC[n+]1ccn(C)c1|O=C([O-])O,-0.5923972725868225,-0.9067478179931641,2,12
CCCCC[n+]1ccn(C)c1|O=C([O-])O,-0.4910230040550232,-0.7864591479301453,2,12
CCCCC[n+]1ccn(C)c1|O=C([O-])O,-0.3989861309528351,-0.675044596195221,2,12
CCCCC[n+]1ccn(C)c1|O=C([O-])O,-0.3106095790863037,-0.566176176071167,2,12
CCCCC[n+]1ccn(C)c1|O=C([O-])O,-0.23067182302474976,-0.45927000045776367,2,12
CCCC[N+]1(C)CCCCC1|F[B-](F)(F)c1ccccc1,-3.411247730255127,-2.7716996669769287,2,12
CCCC[N+]1(C)CCCCC1|F[B-](F)(F)c1ccccc1,-3.057607650756836,-2.3838205337524414,2,12
CCCC[N+]1(C)CCCCC1|F[B-](F)(F)c1ccccc1,-2.7488722801208496,-2.016960859298706,2,12
CCCC[N+]1(C)CCCCC1|F[B-](F)(F)c1ccccc1,-2.4304184913635254,-1.6802884340286255,2,12
CCCC[N+]1(C)CCCCC1|F[B-](F)(F)c1ccccc1,-2.1715569496154785,-1.3922669887542725,2,12
CCCC[N+]1(C)CCCCC1|F[B-](F)(F)c1ccccc1,-1.8971199989318848,-1.1353479623794556,2,12
CCCC[N+]1(C)CCCCC1|F[B-](F)(F)c1ccccc1,-1.62455153465271,-0.9341769814491272,2,12
CCCC[N+]1(C)CCCCC1|F[B-](F)(F)c1ccccc1,-1.366491675376892,-0.7761295437812805,2,12
CCCC[N+]1(C)CCCCC1|F[B-](F)(F)c1ccccc1,-1.1363141536712646,-0.6321498155593872,2,12
CCCC[N+]1(C)CCCCC1|F[B-](F)(F)c1ccccc1,-0.8770700097084045,-0.49462664127349854,2,12
CCCC[N+]1(C)CCCCC1|F[B-](F)(F)c1ccccc1,-0.7052197456359863,-0.3581286668777466,2,12
CCCCn1cc[n+](C)c1|COc1cccc([B-](F)(F)F)c1,-1.980501651763916,-2.5126149654388428,2,11
CCCCn1cc[n+](C)c1|COc1cccc([B-](F)(F)F)c1,-1.7203694581985474,-2.107823133468628,2,11
CCCCn1cc[n+](C)c1|COc1cccc([B-](F)(F)F)c1,-1.570217251777649,-1.8012324571609497,2,11
CCCCn1cc[n+](C)c1|COc1cccc([B-](F)(F)F)c1,-1.3470736742019653,-1.532589077949524,2,11
CCCCn1cc[n+](C)c1|COc1cccc([B-](F)(F)F)c1,-1.1239300966262817,-1.3043169975280762,2,11
CCCCn1cc[n+](C)c1|COc1cccc([B-](F)(F)F)c1,-0.9942522644996643,-1.1068085432052612,2,11
CCCCn1cc[n+](C)c1|COc1cccc([B-](F)(F)F)c1,-0.7507762908935547,-0.9043791890144348,2,11
CCCCn1cc[n+](C)c1|COc1cccc([B-](F)(F)F)c1,-0.6198967099189758,-0.7339757680892944,2,11
CCCCn1cc[n+](C)c1|COc1cccc([B-](F)(F)F)c1,-0.43078291416168213,-0.5808124542236328,2,11
CCCCn1cc[n+](C)c1|COc1cccc([B-](F)(F)F)c1,-0.2446225881576538,-0.4220554828643799,2,11
CCCCn1cc[n+](C)c1|COc1cccc([B-](F)(F)F)c1,-0.16960278153419495,-0.2901540994644165,2,11
CCCCn1cc[n+](C)c1|Fc1ccc([B-](F)(F)F)cc1,-1.6660082340240479,-2.2848074436187744,2,11
CCCCn1cc[n+](C)c1|Fc1ccc([B-](F)(F)F)cc1,-1.4439234733581543,-1.92402982711792,2,11
CCCCn1cc[n+](C)c1|Fc1ccc([B-](F)(F)F)cc1,-1.2344319820404053,-1.5814056396484375,2,11
CCCCn1cc[n+](C)c1|Fc1ccc([B-](F)(F)F)cc1,-1.0106014013290405,-1.3029003143310547,2,11
CCCCn1cc[n+](C)c1|Fc1ccc([B-](F)(F)F)cc1,-0.8439700603485107,-1.0548654794692993,2,11
CCCCn1cc[n+](C)c1|Fc1ccc([B-](F)(F)F)cc1,-0.6198967099189758,-0.8533733487129211,2,11
CCCCn1cc[n+](C)c1|Fc1ccc([B-](F)(F)F)cc1,-0.37687766551971436,-0.6440293788909912,2,11
CCCCn1cc[n+](C)c1|Fc1ccc([B-](F)(F)F)cc1,-0.26396554708480835,-0.46558570861816406,2,11
CCCCn1cc[n+](C)c1|Fc1ccc([B-](F)(F)F)cc1,-0.058688994497060776,-0.31232595443725586,2,11
CCCCn1cc[n+](C)c1|Fc1ccc([B-](F)(F)F)cc1,0.05354076623916626,-0.15983688831329346,2,11
CCCCn1cc[n+](C)c1|Fc1ccc([B-](F)(F)F)cc1,0.22234323620796204,-0.01965320110321045,2,11
CCCCCn1cc[n+](C)c1|F[P-](F)(F)(F)(F)F,-3.4577677249908447,-3.540009021759033,2,24
CCCCCn1cc[n+](C)c1|F[P-](F)(F)(F)(F)F,-3.096658229827881,-3.0792229175567627,2,24
CCCCCn1cc[n+](C)c1|F[P-](F)(F)(F)(F)F,-2.7598700523376465,-2.7204465866088867,2,24
CCCCCn1cc[n+](C)c1|F[P-](F)(F)(F)(F)F,-2.447610855102539,-2.4498918056488037,2,24
CCCCCn1cc[n+](C)c1|F[P-](F)(F)(F)(F)F,-2.158484697341919,-2.2092196941375732,2,24
CCCCCn1cc[n+](C)c1|F[P-](F)(F)(F)(F)F,-1.8878298997879028,-1.9916616678237915,2,24
CCCCCn1cc[n+](C)c1|F[P-](F)(F)(F)(F)F,-1.6362953186035156,-1.794411063194275,2,24
CCCCCn1cc[n+](C)c1|F[P-](F)(F)(F)(F)F,-1.40201735496521,-1.601535439491272,2,24
CCCCCn1cc[n+](C)c1|F[P-](F)(F)(F)(F)F,-1.1831902265548706,-1.4093718528747559,2,24
CCCCCn1cc[n+](C)c1|F[P-](F)(F)(F)(F)F,-0.9781661629676819,-1.2280547618865967,2,24
CCCCCn1cc[n+](C)c1|F[P-](F)(F)(F)(F)F,-0.7874578833580017,-1.0506935119628906,2,24
CCCCCCC[n+]1ccn(C)c1|F[P-](F)(F)(F)(F)F,-4.350527763366699,-4.339014530181885,2,11
CCCCCCC[n+]1ccn(C)c1|F[P-](F)(F)(F)(F)F,-3.958066940307617,-3.82999324798584,2,11
CCCCCCC[n+]1ccn(C)c1|F[P-](F)(F)(F)(F)F,-3.597212314605713,-3.3803133964538574,2,11
CCCCCCC[n+]1ccn(C)c1|F[P-](F)(F)(F)(F)F,-3.259697914123535,-3.038961410522461,2,11
CCCCCCC[n+]1ccn(C)c1|F[P-](F)(F)(F)(F)F,-2.9450392723083496,-2.7358269691467285,2,11
CCCCCCC[n+]1ccn(C)c1|F[P-](F)(F)(F)(F)F,-2.6521425247192383,-2.480025053024292,2,11
CCCCCCC[n+]1ccn(C)c1|F[P-](F)(F)(F)(F)F,-2.3773086071014404,-2.252023696899414,2,11
CCCCCCC[n+]1ccn(C)c1|F[P-](F)(F)(F)(F)F,-2.1202635765075684,-2.0587096214294434,2,11
CCCCCCC[n+]1ccn(C)c1|F[P-](F)(F)(F)(F)F,-1.8786253929138184,-1.8675345182418823,2,11
CCCCCCC[n+]1ccn(C)c1|F[P-](F)(F)(F)(F)F,-1.6502598524093628,-1.6824188232421875,2,11
CCCCCCC[n+]1ccn(C)c1|F[P-](F)(F)(F)(F)F,-1.435904860496521,-1.5241129398345947,2,11
CCCCCn1cc[n+](C)c1|F[B-](F)(F)F,-2.502256393432617,-3.8397998809814453,2,11
CCCCCn1cc[n+](C)c1|F[B-](F)(F)F,-2.1750717163085938,-3.1645708084106445,2,11
CCCCCn1cc[n+](C)c1|F[B-](F)(F)F,-1.8884906768798828,-2.5022482872009277,2,11
CCCCCn1cc[n+](C)c1|F[B-](F)(F)F,-1.614450454711914,-1.9793713092803955,2,11
CCCCCn1cc[n+](C)c1|F[B-](F)(F)F,-1.3610165119171143,-1.5465344190597534,2,11
CCCCCn1cc[n+](C)c1|F[B-](F)(F)F,-1.124545693397522,-1.2257306575775146,2,11
CCCCCn1cc[n+](C)c1|F[B-](F)(F)F,-0.9038681983947754,-1.0077126026153564,2,11
CCCCCn1cc[n+](C)c1|F[B-](F)(F)F,-0.6991652250289917,-0.8113650679588318,2,11
CCCCCn1cc[n+](C)c1|F[B-](F)(F)F,-0.5058380961418152,-0.621160089969635,2,11
CCCCCn1cc[n+](C)c1|F[B-](F)(F)F,-0.3257301449775696,-0.4623587131500244,2,11
CCCCCn1cc[n+](C)c1|F[B-](F)(F)F,-0.15899573266506195,-0.32220494747161865,2,11
CCCCCCCCCC[n+]1ccn(C)c1|O=S(=O)([N-]S(=O)(=O)C(F)(F)F)C(F)(F)F,-3.251915693283081,-4.193094730377197,2,11
CCCCCCCCCC[n+]1ccn(C)c1|O=S(=O)([N-]S(=O)(=O)C(F)(F)F)C(F)(F)F,-2.9565114974975586,-3.735271453857422,2,11
CCCCCCCCCC[n+]1ccn(C)c1|O=S(=O)([N-]S(=O)(=O)C(F)(F)F)C(F)(F)F,-2.6838455200195312,-3.2826108932495117,2,11
CCCCCCCCCC[n+]1ccn(C)c1|O=S(=O)([N-]S(=O)(=O)C(F)(F)F)C(F)(F)F,-2.4304184913635254,-2.8990657329559326,2,11
CCCCCCCCCC[n+]1ccn(C)c1|O=S(=O)([N-]S(=O)(=O)C(F)(F)F)C(F)(F)F,-2.193730592727661,-2.600712776184082,2,11
CCCCCCCCCC[n+]1ccn(C)c1|O=S(=O)([N-]S(=O)(=O)C(F)(F)F)C(F)(F)F,-1.9740010499954224,-2.359654664993286,2,11
CCCCCCCCCC[n+]1ccn(C)c1|O=S(=O)([N-]S(=O)(=O)C(F)(F)F)C(F)(F)F,-1.7690199613571167,-2.146286964416504,2,11
CCCCCCCCCC[n+]1ccn(C)c1|O=S(=O)([N-]S(=O)(=O)C(F)(F)F)C(F)(F)F,-1.5769706964492798,-1.97354257106781,2,11
CCCCCCCCCC[n+]1ccn(C)c1|O=S(=O)([N-]S(=O)(=O)C(F)(F)F)C(F)(F)F,-1.398366928100586,-1.8121793270111084,2,11
CCCCCCCCCC[n+]1ccn(C)c1|O=S(=O)([N-]S(=O)(=O)C(F)(F)F)C(F)(F)F,-1.2306591272354126,-1.6540062427520752,2,11
CCCCCCCCCC[n+]1ccn(C)c1|O=S(=O)([N-]S(=O)(=O)C(F)(F)F)C(F)(F)F,-1.0729445219039917,-1.5207737684249878,2,11
CCCC[n+]1ccn(C)c1|F[B-](F)(F)F,-1.8591821193695068,-3.2955145835876465,2,229
CCCC[n+]1ccn(C)c1|F[B-](F)(F)F,-1.5635089874267578,-2.5964856147766113,2,229
CCCC[n+]1ccn(C)c1|F[B-](F)(F)F,-1.2909841537475586,-1.9726428985595703,2,229
CCCC[n+]1ccn(C)c1|F[B-](F)(F)F,-1.0384583473205566,-1.4901251792907715,2,229
CCCC[n+]1ccn(C)c1|F[B-](F)(F)F,-0.8051967024803162,-1.113694667816162,2,229
CCCC[n+]1ccn(C)c1|F[B-](F)(F)F,-0.5905905961990356,-0.8695189356803894,2,229
CCCC[n+]1ccn(C)c1|F[B-](F)(F)F,-0.39008399844169617,-0.6507073044776917,2,229
CCCC[n+]1ccn(C)c1|F[B-](F)(F)F,-0.2021161913871765,-0.4511878490447998,2,229
CCCC[n+]1ccn(C)c1|F[B-](F)(F)F,-0.027371196076273918,-0.2857884168624878,2,229
CCCC[n+]1ccn(C)c1|F[B-](F)(F)F,0.13557928800582886,-0.13437366485595703,2,229
CCCC[n+]1ccn(C)c1|F[B-](F)(F)F,0.28855669498443604,0.008933305740356445,2,229
CCCC[n+]1ccn(C)c1|COS(=O)(=O)[O-],-1.5278578996658325,-1.4603838920593262,2,31
CCCC[n+]1ccn(C)c1|COS(=O)(=O)[O-],-1.2873544692993164,-1.2303991317749023,2,31
CCCC[n+]1ccn(C)c1|COS(=O)(=O)[O-],-1.0555528402328491,-1.0232653617858887,2,31
CCCC[n+]1ccn(C)c1|COS(=O)(=O)[O-],-0.8439700603485107,-0.857387900352478,2,31
CCCC[n+]1ccn(C)c1|COS(=O)(=O)[O-],-0.6500877141952515,-0.7057127356529236,2,31
CCCC[n+]1ccn(C)c1|COS(=O)(=O)[O-],-0.4684049189090729,-0.5711624622344971,2,31
CCCC[n+]1ccn(C)c1|COS(=O)(=O)[O-],-0.29975464940071106,-0.4424830675125122,2,31
CCCC[n+]1ccn(C)c1|COS(=O)(=O)[O-],-0.14271630346775055,-0.32031357288360596,2,31
CCCC[n+]1ccn(C)c1|COS(=O)(=O)[O-],0.007968169637024403,-0.20699143409729004,2,31
CCCC[n+]1ccn(C)c1|COS(=O)(=O)[O-],0.27611544728279114,-0.1039438247680664,2,31
CCCC[n+]1ccn(C)c1|COS(=O)(=O)[O-],0.511025607585907,-0.004435300827026367,2,31
CCCC[n+]1ccn(C)c1|F[B-](F)(F)F,-3.76446533203125,-6.98716402053833,2,229
CCCC[n+]1ccn(C)c1|F[B-](F)(F)F,-2.9046127796173096,-5.519578456878662,2,229
CCCC[n+]1ccn(C)c1|F[B-](F)(F)F,-2.1744558811187744,-4.085274696350098,2,229
CCCC[n+]1ccn(C)c1|F[B-](F)(F)F,-1.5530575513839722,-2.6487512588500977,2,229
CCCC[n+]1ccn(C)c1|F[B-](F)(F)F,-1.0252689123153687,-1.506108283996582,2,229
CCCC[n+]1ccn(C)c1|F[B-](F)(F)F,-0.7889975309371948,-1.11918306350708,2,229
CCCC[n+]1ccn(C)c1|F[B-](F)(F)F,-0.36918139457702637,-0.6477449536323547,2,229
CCCC[n+]1ccn(C)c1|F[B-](F)(F)F,-0.005816885270178318,-0.27856290340423584,2,229
CCCC[n+]1ccn(C)c1|F[B-](F)(F)F,0.31042155623435974,0.0210874080657959,2,229
CCCC[n+]1ccn(C)c1|F[B-](F)(F)F,0.587731122970581,0.2891707420349121,2,229
CCCC[n+]1ccn(C)c1|F[B-](F)(F)F,0.8335610628128052,0.5456815958023071,2,229
CCCCn1cc[n+](C)c1|O=C1O[B-](F)(F)OC1=O,-4.6575164794921875,-5.3123674392700195,2,11
CCCCn1cc[n+](C)c1|O=C1O[B-](F)(F)OC1=O,-3.501570463180542,-4.094426155090332,2,11
CCCCn1cc[n+](C)c1|O=C1O[B-](F)(F)OC1=O,-2.584550142288208,-2.960749626159668,2,11
CCCCn1cc[n+](C)c1|O=C1O[B-](F)(F)OC1=O,-1.8282159566879272,-2.02565336227417,2,11
CCCCn1cc[n+](C)c1|O=C1O[B-](F)(F)OC1=O,-1.2120050191879272,-1.4060235023498535,2,11
CCCCn1cc[n+](C)c1|O=C1O[B-](F)(F)OC1=O,-0.9441759586334229,-1.1841877698898315,2,11
CCCCn1cc[n+](C)c1|O=C1O[B-](F)(F)OC1=O,-0.479973167181015,-0.8225266337394714,2,11
CCCCn1cc[n+](C)c1|O=C1O[B-](F)(F)OC1=O,-0.09014354646205902,-0.5491033792495728,2,11
CCCCn1cc[n+](C)c1|O=C1O[B-](F)(F)OC1=O,0.23917436599731445,-0.29914963245391846,2,11
CCCCn1cc[n+](C)c1|O=C1O[B-](F)(F)OC1=O,0.5216468572616577,-0.06227242946624756,2,11
CCCCn1cc[n+](C)c1|O=C1O[B-](F)(F)OC1=O,0.7681618928909302,0.16039741039276123,2,11
CCCC[n+]1ccn(C)c1|F[B-](F)(F)F,-1.2207798957824707,-1.1160461902618408,2,229
CCCC[n+]1ccn(C)c1|F[B-](F)(F)F,-1.0106014013290405,-0.8676770925521851,2,229
CCCC[n+]1ccn(C)c1|F[B-](F)(F)F,-0.8074363470077515,-0.6456284523010254,2,229
CCCC[n+]1ccn(C)c1|F[B-](F)(F)F,-0.6124892830848694,-0.4438467025756836,2,229
CCCC[n+]1ccn(C)c1|F[B-](F)(F)F,-0.42924565076828003,-0.27699148654937744,2,229
CCCC[n+]1ccn(C)c1|F[B-](F)(F)F,-0.2446225881576538,-0.12290573120117188,2,229
CCCC[n+]1ccn(C)c1|F[B-](F)(F)F,-0.076881043612957,0.022501349449157715,2,229
CCCC[n+]1ccn(C)c1|F[B-](F)(F)F,0.07788653671741486,0.157487154006958,2,229
CCCC[n+]1ccn(C)c1|F[B-](F)(F)F,0.22394323348999023,0.2905014753341675,2,229
CCCC[n+]1ccn(C)c1|F[B-](F)(F)F,0.5122246742248535,0.4234081506729126,2,229
CCCC[n+]1ccn(C)c1|F[B-](F)(F)F,0.7793248891830444,0.5469018220901489,2,229
CCCCCCCCCCCCCC[P+](CCCCCC)(CCCCCC)CCCCCC|CCCCCC(=O)[O-],-5.713832855224609,-5.5749945640563965,2,11
CCCCCCCCCCCCCC[P+](CCCCCC)(CCCCCC)CCCCCC|CCCCCC(=O)[O-],-5.3948283195495605,-5.24927282333374,2,11
CCCCCCCCCCCCCC[P+](CCCCCC)(CCCCCC)CCCCCC|CCCCCC(=O)[O-],-5.179646015167236,-4.933845043182373,2,11
CCCCCCCCCCCCCC[P+](CCCCCC)(CCCCCC)CCCCCC|CCCCCC(=O)[O-],-4.873049736022949,-4.525023937225342,2,11
CCCCCCCCCCCCCC[P+](CCCCCC)(CCCCCC)CCCCCC|CCCCCC(=O)[O-],-4.6638593673706055,-4.235657691955566,2,11
CCCCCCCCCCCCCC[P+](CCCCCC)(CCCCCC)CCCCCC|CCCCCC(=O)[O-],-4.439655780792236,-3.9434523582458496,2,11
CCCCCCCCCCCCCC[P+](CCCCCC)(CCCCCC)CCCCCC|CCCCCC(=O)[O-],-4.240527153015137,-3.6964850425720215,2,11
CCCCCCCCCCCCCC[P+](CCCCCC)(CCCCCC)CCCCCC|CCCCCC(=O)[O-],-4.017383575439453,-3.401822090148926,2,11
CCCCCCCCCCCCCC[P+](CCCCCC)(CCCCCC)CCCCCC|CCCCCC(=O)[O-],-3.803168535232544,-3.1484575271606445,2,11
CCCCCCCCCCCCCC[P+](CCCCCC)(CCCCCC)CCCCCC|CCCCCC(=O)[O-],-3.649658679962158,-2.985372543334961,2,11
CCCCCCCCCCCCCC[P+](CCCCCC)(CCCCCC)CCCCCC|CCCCCC(=O)[O-],-3.4265151023864746,-2.769209623336792,2,11
C=C[n+]1ccn(CCCCCCCC)c1|[Br-],-2.525728702545166,-3.7545785903930664,2,11
C=C[n+]1ccn(CCCCCCCC)c1|[Br-],-1.9906983375549316,-3.1377735137939453,2,11
C=C[n+]1ccn(CCCCCCCC)c1|[Br-],-1.3509272336959839,-2.586991310119629,2,11
C=C[n+]1ccn(CCCCCCCC)c1|[Br-],-0.7678707242012024,-2.1541907787323,2,11
C=C[n+]1ccn(CCCCCCCC)c1|[Br-],-0.2194005697965622,-1.837140440940857,2,11
C=C[n+]1ccn(CCCCCCCC)c1|[Br-],0.279145747423172,-1.560526967048645,2,11
C=C[n+]1ccn(CCCCCCCC)c1|[Br-],0.7241612076759338,-1.3386421203613281,2,11
C=C[n+]1ccn(CCCCCCCC)c1|[Br-],1.1410330533981323,-1.1542785167694092,2,11
C=C[n+]1ccn(CCCCCCCC)c1|[Br-],1.5690325498580933,-1.0041266679763794,2,11
C=C[n+]1ccn(CCCCCCCC)c1|[Br-],1.9440512657165527,-0.8699244856834412,2,11
C=C[n+]1ccn(CCCCCCCC)c1|[Br-],2.2646756172180176,-0.7594276070594788,2,11
CC[n+]1ccn(C)c1|N#C[N-]C#N,0.6365768313407898,-0.0011515617370605469,2,56
CC[n+]1ccn(C)c1|N#C[N-]C#N,0.7884573340415955,0.14664745330810547,2,56
CC[n+]1ccn(C)c1|N#C[N-]C#N,0.9360933303833008,0.2938631772994995,2,56
CC[n+]1ccn(C)c1|N#C[N-]C#N,1.0647107362747192,0.4198542833328247,2,56
CC[n+]1ccn(C)c1|N#C[N-]C#N,1.1908875703811646,0.5407553911209106,2,56
CC[n+]1ccn(C)c1|N#C[N-]C#N,1.302912712097168,0.6548749208450317,2,56
CC[n+]1ccn(C)c1|N#C[N-]C#N,1.4109870195388794,0.7552393674850464,2,56
CC[n+]1ccn(C)c1|N#C[N-]C#N,1.5129270553588867,0.8330260515213013,2,56
CC[n+]1ccn(C)c1|N#C[N-]C#N,1.6134299039840698,0.906572699546814,2,56
CC[n+]1ccn(C)c1|N#C[N-]C#N,1.7800241708755493,1.04914128780365,2,56
CC[n+]1ccn(C)c1|N#C[N-]C#N,1.925707459449768,1.185684084892273,2,56
CCn1cc[n+](C)c1|CC(=O)O[B-](F)(F)OC(C)=O,-4.958992004394531,-4.657064914703369,2,11
CCn1cc[n+](C)c1|CC(=O)O[B-](F)(F)OC(C)=O,-3.78231143951416,-3.498934030532837,2,11
CCn1cc[n+](C)c1|CC(=O)O[B-](F)(F)OC(C)=O,-2.820603132247925,-2.4553096294403076,2,11
CCn1cc[n+](C)c1|CC(=O)O[B-](F)(F)OC(C)=O,-2.02192759513855,-1.5392872095108032,2,11
CCn1cc[n+](C)c1|CC(=O)O[B-](F)(F)OC(C)=O,-1.3708148002624512,-0.9719744920730591,2,11
CCn1cc[n+](C)c1|CC(=O)O[B-](F)(F)OC(C)=O,-1.0894542932510376,-0.766571044921875,2,11
CCn1cc[n+](C)c1|CC(=O)O[B-](F)(F)OC(C)=O,-0.5998390316963196,-0.4692351818084717,2,11
CCn1cc[n+](C)c1|CC(=O)O[B-](F)(F)OC(C)=O,-0.1876557618379593,-0.230072021484375,2,11
CCn1cc[n+](C)c1|CC(=O)O[B-](F)(F)OC(C)=O,0.162033811211586,-0.0016262531280517578,2,11
CCn1cc[n+](C)c1|CC(=O)O[B-](F)(F)OC(C)=O,0.46367111802101135,0.212959885597229,2,11
CCn1cc[n+](C)c1|CC(=O)O[B-](F)(F)OC(C)=O,0.7271620631217957,0.41083037853240967,2,11
CCCCn1cc[n+](C)c1.CCCCn1cc[n+](C)c1.CCCCn1cc[n+](C)c1|S=C=N[Al-3](N=C=S)(N=C=S)(N=C=S)(N=C=S)N=C=S,-5.747734546661377,-5.546008586883545,2,10
CCCCn1cc[n+](C)c1.CCCCn1cc[n+](C)c1.CCCCn1cc[n+](C)c1|S=C=N[Al-3](N=C=S)(N=C=S)(N=C=S)(N=C=S)N=C=S,-4.74443244934082,-4.606273174285889,2,10
CCCCn1cc[n+](C)c1.CCCCn1cc[n+](C)c1.CCCCn1cc[n+](C)c1|S=C=N[Al-3](N=C=S)(N=C=S)(N=C=S)(N=C=S)N=C=S,-3.8922204971313477,-3.660576820373535,2,10
CCCCn1cc[n+](C)c1.CCCCn1cc[n+](C)c1.CCCCn1cc[n+](C)c1|S=C=N[Al-3](N=C=S)(N=C=S)(N=C=S)(N=C=S)N=C=S,-3.1677074432373047,-2.7242088317871094,2,10
CCCCn1cc[n+](C)c1.CCCCn1cc[n+](C)c1.CCCCn1cc[n+](C)c1|S=C=N[Al-3](N=C=S)(N=C=S)(N=C=S)(N=C=S)N=C=S,-2.549765110015869,-1.8849749565124512,2,10
CCCCn1cc[n+](C)c1.CCCCn1cc[n+](C)c1.CCCCn1cc[n+](C)c1|S=C=N[Al-3](N=C=S)(N=C=S)(N=C=S)(N=C=S)N=C=S,-2.02192759513855,-1.2345432043075562,2,10
CCCCn1cc[n+](C)c1.CCCCn1cc[n+](C)c1.CCCCn1cc[n+](C)c1|S=C=N[Al-3](N=C=S)(N=C=S)(N=C=S)(N=C=S)N=C=S,-1.5654209852218628,-0.7791833281517029,2,10
CCCCn1cc[n+](C)c1.CCCCn1cc[n+](C)c1.CCCCn1cc[n+](C)c1|S=C=N[Al-3](N=C=S)(N=C=S)(N=C=S)(N=C=S)N=C=S,-1.1520130634307861,-0.542038083076477,2,10
CCCCn1cc[n+](C)c1.CCCCn1cc[n+](C)c1.CCCCn1cc[n+](C)c1|S=C=N[Al-3](N=C=S)(N=C=S)(N=C=S)(N=C=S)N=C=S,-0.7985076904296875,-0.3807528018951416,2,10
CCCCn1cc[n+](C)c1.CCCCn1cc[n+](C)c1.CCCCn1cc[n+](C)c1|S=C=N[Al-3](N=C=S)(N=C=S)(N=C=S)(N=C=S)N=C=S,-0.48450830578804016,-0.25313353538513184,2,10
CC[n+]1ccn(C)c1|Cc1ccc(S(=O)(=O)[O-])cc1,-4.000854015350342,-6.137683391571045,2,118
CC[n+]1ccn(C)c1|Cc1ccc(S(=O)(=O)[O-])cc1,-3.1419148445129395,-5.050227642059326,2,118
CC[n+]1ccn(C)c1|Cc1ccc(S(=O)(=O)[O-])cc1,-2.447610855102539,-3.9862241744995117,2,118
CC[n+]1ccn(C)c1|Cc1ccc(S(=O)(=O)[O-])cc1,-1.8766639232635498,-3.0138955116271973,2,118
CC[n+]1ccn(C)c1|Cc1ccc(S(=O)(=O)[O-])cc1,-1.378326177597046,-2.246981620788574,2,118
CC[n+]1ccn(C)c1|Cc1ccc(S(=O)(=O)[O-])cc1,-0.9623346924781799,-1.5724718570709229,2,118
CC[n+]1ccn(C)c1|Cc1ccc(S(=O)(=O)[O-])cc1,-0.6217572093009949,-0.9859918355941772,2,118
CC[n+]1ccn(C)c1|Cc1ccc(S(=O)(=O)[O-])cc1,-0.3354727327823639,-0.5590670108795166,2,118
CC[n+]1ccn(C)c1|Cc1ccc(S(=O)(=O)[O-])cc1,-0.07257069647312164,-0.235365629196167,2,118
CC[n+]1ccn(C)c1|Cc1ccc(S(=O)(=O)[O-])cc1,0.1595645695924759,0.04308807849884033,2,118
CC[n+]1ccn(C)c1|O=S(=O)([O-])C(F)(F)F,-0.18152187764644623,-0.9873201847076416,2,93
CC[n+]1ccn(C)c1|O=S(=O)([O-])C(F)(F)F,-0.021223636344075203,-0.7119990587234497,2,93
CC[n+]1ccn(C)c1|O=S(=O)([O-])C(F)(F)F,0.1441003382205963,-0.5113202333450317,2,93
CC[n+]1ccn(C)c1|O=S(=O)([O-])C(F)(F)F,0.2926696240901947,-0.3472226858139038,2,93
CC[n+]1ccn(C)c1|O=S(=O)([O-])C(F)(F)F,0.42068207263946533,-0.2051832675933838,2,93
CC[n+]1ccn(C)c1|O=S(=O)([O-])C(F)(F)F,0.5521594882011414,-0.07780814170837402,2,93
CC[n+]1ccn(C)c1|O=S(=O)([O-])C(F)(F)F,0.6606239676475525,0.04008042812347412,2,93
CC[n+]1ccn(C)c1|O=S(=O)([O-])C(F)(F)F,0.7747271656990051,0.15352261066436768,2,93
CC[n+]1ccn(C)c1|O=S(=O)([O-])C(F)(F)F,0.8837675452232361,0.2650730609893799,2,93
CC[n+]1ccn(C)c1|O=S(=O)([O-])C(F)(F)F,1.0784095525741577,0.46973979473114014,2,93
CC[n+]1ccn(C)c1|O=S(=O)([O-])C(F)(F)F,1.2556160688400269,0.6250375509262085,2,93
CCCCCCCC[N+](C)(CCCCCCCC)CCCCCCCC|O=C([O-])C(F)(F)F,-6.468210697174072,-5.060262203216553,2,10
CCCCCCCC[N+](C)(CCCCCCCC)CCCCCCCC|O=C([O-])C(F)(F)F,-5.716563701629639,-4.2621941566467285,2,10
CCCCCCCC[N+](C)(CCCCCCCC)CCCCCCCC|O=C([O-])C(F)(F)F,-5.06657075881958,-3.499150037765503,2,10
CCCCCCCC[N+](C)(CCCCCCCC)CCCCCCCC|O=C([O-])C(F)(F)F,-4.495419502258301,-2.8714170455932617,2,10
CCCCCCCC[N+](C)(CCCCCCCC)CCCCCCCC|O=C([O-])C(F)(F)F,-3.9883642196655273,-2.436983346939087,2,10
CCCCCCCC[N+](C)(CCCCCCCC)CCCCCCCC|O=C([O-])C(F)(F)F,-3.528803586959839,-2.1730029582977295,2,10
CCCCCCCC[N+](C)(CCCCCCCC)CCCCCCCC|O=C([O-])C(F)(F)F,-3.114290714263916,-2.0130064487457275,2,10
CCCCCCCC[N+](C)(CCCCCCCC)CCCCCCCC|O=C([O-])C(F)(F)F,-2.7384579181671143,-1.8847970962524414,2,10
CCCCCCCC[N+](C)(CCCCCCCC)CCCCCCCC|O=C([O-])C(F)(F)F,-2.3816282749176025,-1.7780817747116089,2,10
CCCCCCCC[N+](C)(CCCCCCCC)CCCCCCCC|O=C([O-])C(F)(F)F,-2.076246738433838,-1.6762580871582031,2,10
CCCC[n+]1ccn(C)c1C|F[B-](F)(F)F,-1.8773173093795776,-0.948301374912262,2,25
CCCC[n+]1ccn(C)c1C|F[B-](F)(F)F,-1.599487543106079,-0.7516381144523621,2,25
CCCC[n+]1ccn(C)c1C|F[B-](F)(F)F,-1.3470736742019653,-0.5826029777526855,2,25
CCCC[n+]1ccn(C)c1C|F[B-](F)(F)F,-1.0936247110366821,-0.4315840005874634,2,25
CCCC[n+]1ccn(C)c1C|F[B-](F)(F)F,-0.8051967024803162,-0.2940722703933716,2,25
CCCC[n+]1ccn(C)c1C|F[B-](F)(F)F,-0.6348782777786255,-0.16311919689178467,2,25
CCCC[n+]1ccn(C)c1C|F[B-](F)(F)F,-0.6329932808876038,-0.16311919689178467,2,25
CCCC[n+]1ccn(C)c1C|F[B-](F)(F)F,-0.4620354473590851,-0.04055774211883545,2,25
CCCC[n+]1ccn(C)c1C|F[B-](F)(F)F,-0.2890163064002991,0.07452785968780518,2,25
CCCC[n+]1ccn(C)c1C|F[B-](F)(F)F,-0.14271630346775055,0.18723392486572266,2,25
CCCC[n+]1ccn(C)c1C|F[B-](F)(F)F,-0.005012542009353638,0.28965115547180176,2,25
C(C)OC(CN1C=[N+](C=C1)C=C)=O|FC(S(=O)(=O)[N-]S(=O)(=O)C(F)(F)F)(F)F,-2.866459846496582,-1.7627018690109253,2,10
C(C)OC(CN1C=[N+](C=C1)C=C)=O|FC(S(=O)(=O)[N-]S(=O)(=O)C(F)(F)F)(F)F,-2.662121295928955,-1.5735299587249756,2,10
C(C)OC(CN1C=[N+](C=C1)C=C)=O|FC(S(=O)(=O)[N-]S(=O)(=O)C(F)(F)F)(F)F,-2.4733734130859375,-1.4059584140777588,2,10
C(C)OC(CN1C=[N+](C=C1)C=C)=O|FC(S(=O)(=O)[N-]S(=O)(=O)C(F)(F)F)(F)F,-2.338212251663208,-1.2762372493743896,2,10
C(C)OC(CN1C=[N+](C=C1)C=C)=O|FC(S(=O)(=O)[N-]S(=O)(=O)C(F)(F)F)(F)F,-2.1328423023223877,-1.1676985025405884,2,10
C(C)OC(CN1C=[N+](C=C1)C=C)=O|FC(S(=O)(=O)[N-]S(=O)(=O)C(F)(F)F)(F)F,-2.030270576477051,-1.0737788677215576,2,10
C(C)OC(CN1C=[N+](C=C1)C=C)=O|FC(S(=O)(=O)[N-]S(=O)(=O)C(F)(F)F)(F)F,-1.8534221649169922,-0.979495108127594,2,10
C(C)OC(CN1C=[N+](C=C1)C=C)=O|FC(S(=O)(=O)[N-]S(=O)(=O)C(F)(F)F)(F)F,-1.742969274520874,-0.9011207818984985,2,10
C(C)OC(CN1C=[N+](C=C1)C=C)=O|FC(S(=O)(=O)[N-]S(=O)(=O)C(F)(F)F)(F)F,-1.6199934482574463,-0.8252366185188293,2,10
C(C)OC(CN1C=[N+](C=C1)C=C)=O|FC(S(=O)(=O)[N-]S(=O)(=O)C(F)(F)F)(F)F,-1.474033236503601,-0.7488530874252319,2,10
CCOCC[n+]1ccn(CC)c1|O=[Re](=O)(=O)[O-],-2.2443161010742188,-1.4252970218658447,2,10
CCOCC[n+]1ccn(CC)c1|O=[Re](=O)(=O)[O-],-2.009915590286255,-1.2678172588348389,2,10
CCOCC[n+]1ccn(CC)c1|O=[Re](=O)(=O)[O-],-1.8018097877502441,-1.119922161102295,2,10
CCOCC[n+]1ccn(CC)c1|O=[Re](=O)(=O)[O-],-1.61948823928833,-1.018167495727539,2,10
CCOCC[n+]1ccn(CC)c1|O=[Re](=O)(=O)[O-],-1.474033236503601,-0.9278742074966431,2,10
CCOCC[n+]1ccn(CC)c1|O=[Re](=O)(=O)[O-],-1.2982834577560425,-0.8510033488273621,2,10
CCOCC[n+]1ccn(CC)c1|O=[Re](=O)(=O)[O-],-1.187443494796753,-0.773105800151825,2,10
CCOCC[n+]1ccn(CC)c1|O=[Re](=O)(=O)[O-],-1.070024847984314,-0.699852466583252,2,10
CCOCC[n+]1ccn(CC)c1|O=[Re](=O)(=O)[O-],-0.970219075679779,-0.6273848414421082,2,10
CCOCC[n+]1ccn(CC)c1|O=[Re](=O)(=O)[O-],-0.87947678565979,-0.5603179931640625,2,10
CCCC[n+]1ccn(C)c1|F[B-](F)(F)F,-3.3242363929748535,-6.266510486602783,2,229
CCCC[n+]1ccn(C)c1|F[B-](F)(F)F,-2.525728702545166,-4.821989059448242,2,229
CCCC[n+]1ccn(C)c1|F[B-](F)(F)F,-1.8325815200805664,-3.387582778930664,2,229
CCCC[n+]1ccn(C)c1|F[B-](F)(F)F,-1.272965669631958,-2.003277063369751,2,229
CCCC[n+]1ccn(C)c1|F[B-](F)(F)F,-1.021651268005371,-1.506108283996582,2,229
CCCC[n+]1ccn(C)c1|F[B-](F)(F)F,-0.7985076904296875,-1.11918306350708,2,229
CCCC[n+]1ccn(C)c1|F[B-](F)(F)F,-0.3856624662876129,-0.6477449536323547,2,229
CCCC[n+]1ccn(C)c1|F[B-](F)(F)F,0.2623642683029175,0.0210874080657959,2,229
CCCC[n+]1ccn(C)c1|F[B-](F)(F)F,0.7884573340415955,0.5456815958023071,2,229
CCCC[n+]1ccn(C)c1|F[B-](F)(F)F,1.2237753868103027,0.9332672357559204,2,229
C[n+]1ccn(CCCC#N)c1|F[B-](F)(F)F,-5.80914306640625,-5.988128185272217,2,16
C[n+]1ccn(CCCC#N)c1|F[B-](F)(F)F,-3.9120230674743652,-4.621115207672119,2,16
C[n+]1ccn(CCCC#N)c1|F[B-](F)(F)F,-2.882403612136841,-3.2888612747192383,2,16
C[n+]1ccn(CCCC#N)c1|F[B-](F)(F)F,-1.9661128520965576,-2.125814914703369,2,16
C[n+]1ccn(CCCC#N)c1|F[B-](F)(F)F,-1.272965669631958,-1.3521287441253662,2,16
C[n+]1ccn(CCCC#N)c1|F[B-](F)(F)F,-0.7465479373931885,-0.8464834690093994,2,16
C[n+]1ccn(CCCC#N)c1|F[B-](F)(F)F,-0.3092462420463562,-0.48672282695770264,2,16
C[n+]1ccn(CCCC#N)c1|F[B-](F)(F)F,0.06297479569911957,-0.21712446212768555,2,16
CC[n+]1ccn(C)c1|CC(=O)[O-],-2.1715569496154785,-3.335716962814331,2,67
CC[n+]1ccn(C)c1|CC(=O)[O-],-1.8201589584350586,-2.8124947547912598,2,67
CC[n+]1ccn(C)c1|CC(=O)[O-],-1.505077838897705,-2.316378593444824,2,67
CC[n+]1ccn(C)c1|CC(=O)[O-],-1.2173957824707031,-1.9278993606567383,2,67
CC[n+]1ccn(C)c1|CC(=O)[O-],-0.9623346924781799,-1.5317813158035278,2,67
CC[n+]1ccn(C)c1|CC(=O)[O-],-0.7339691519737244,-1.1654505729675293,2,67
CC[n+]1ccn(C)c1|CC(=O)[O-],-0.5208759307861328,-0.88029944896698,2,67
CC[n+]1ccn(C)c1|CC(=O)[O-],-0.1899505853652954,-0.6803159117698669,2,67
CC[n+]1ccn(C)c1|CC(=O)[O-],-0.014098924584686756,-0.5137628316879272,2,67
CC[n+]1ccn(C)c1|O=S(=O)([O-])C(F)(F)F,-0.4732087552547455,-1.340705394744873,2,93
CC[n+]1ccn(C)c1|O=S(=O)([O-])C(F)(F)F,-0.4636240303516388,-1.3399765491485596,2,93
CC[n+]1ccn(C)c1|O=S(=O)([O-])C(F)(F)F,-0.29169008135795593,-0.9932947754859924,2,93
CC[n+]1ccn(C)c1|O=S(=O)([O-])C(F)(F)F,-0.12103832513093948,-0.7136356830596924,2,93
CC[n+]1ccn(C)c1|O=S(=O)([O-])C(F)(F)F,0.03633192926645279,-0.5144479274749756,2,93
CC[n+]1ccn(C)c1|O=S(=O)([O-])C(F)(F)F,0.18390363454818726,-0.3507997989654541,2,93
CC[n+]1ccn(C)c1|O=S(=O)([O-])C(F)(F)F,0.32627758383750916,-0.20630061626434326,2,93
CC[n+]1ccn(C)c1|O=S(=O)([O-])C(F)(F)F,0.5788580179214478,0.0369035005569458,2,93
CC[n+]1ccn(C)c1|O=S(=O)([O-])C(F)(F)F,0.8073683381080627,0.2628495693206787,2,93
CCCOCC[n+]1ccccc1|O=S(=O)([N-]S(=O)(=O)C(F)(F)F)C(F)(F)F,-1.8388510942459106,-1.6933989524841309,2,9
CCCOCC[n+]1ccccc1|O=S(=O)([N-]S(=O)(=O)C(F)(F)F)C(F)(F)F,-1.4784096479415894,-1.3258812427520752,2,9
CCCOCC[n+]1ccccc1|O=S(=O)([N-]S(=O)(=O)C(F)(F)F)C(F)(F)F,-1.343234896659851,-1.172685146331787,2,9
CCCOCC[n+]1ccccc1|O=S(=O)([N-]S(=O)(=O)C(F)(F)F)C(F)(F)F,-1.207311749458313,-1.0562865734100342,2,9
CCCOCC[n+]1ccccc1|O=S(=O)([N-]S(=O)(=O)C(F)(F)F)C(F)(F)F,-0.9649559259414673,-0.8970733880996704,2,9
CCCOCC[n+]1ccccc1|O=S(=O)([N-]S(=O)(=O)C(F)(F)F)C(F)(F)F,-0.7787050604820251,-0.7521125078201294,2,9
CCCOCC[n+]1ccccc1|O=S(=O)([N-]S(=O)(=O)C(F)(F)F)C(F)(F)F,-0.6180397272109985,-0.6113218665122986,2,9
CCCOCC[n+]1ccccc1|O=S(=O)([N-]S(=O)(=O)C(F)(F)F)C(F)(F)F,-0.4893903434276581,-0.4823637008666992,2,9
CCCOCC[n+]1ccccc1|O=S(=O)([N-]S(=O)(=O)C(F)(F)F)C(F)(F)F,-0.36961546540260315,-0.3690439462661743,2,9
CCn1cc[n+](C)c1|C[C@H](O)C(=O)[O-],-3.2188758850097656,-4.1634345054626465,2,9
CCn1cc[n+](C)c1|C[C@H](O)C(=O)[O-],-2.3859667778015137,-3.159317970275879,2,9
CCn1cc[n+](C)c1|C[C@H](O)C(=O)[O-],-1.6660082340240479,-2.3540596961975098,2,9
CCn1cc[n+](C)c1|C[C@H](O)C(=O)[O-],-1.2413285970687866,-1.6781727075576782,2,9
CCn1cc[n+](C)c1|C[C@H](O)C(=O)[O-],-0.9441759586334229,-1.1074228286743164,2,9
CCn1cc[n+](C)c1|C[C@H](O)C(=O)[O-],-0.6674794554710388,-0.7014304399490356,2,9
CCn1cc[n+](C)c1|C[C@H](O)C(=O)[O-],-0.43078291416168213,-0.41287827491760254,2,9
CCn1cc[n+](C)c1|C[C@H](O)C(=O)[O-],-0.23825718462467194,-0.1638624668121338,2,9
CCn1cc[n+](C)c1|C[C@H](O)C(=O)[O-],-0.07796154171228409,0.04005241394042969,2,9
CCCCCCCCn1cc[n+](C)c1|N#C[C-](C#N)C#N,-1.2552660703659058,-3.905679702758789,2,60
CCCCCCCCn1cc[n+](C)c1|N#C[C-](C#N)C#N,-0.9545119404792786,-2.9266185760498047,2,60
CCCCCCCCn1cc[n+](C)c1|N#C[C-](C#N)C#N,-0.6443570256233215,-2.0802605152130127,2,60
CCCCCCCCn1cc[n+](C)c1|N#C[C-](C#N)C#N,-0.44005656242370605,-1.71285879611969,2,60
CCCCCCCCn1cc[n+](C)c1|N#C[C-](C#N)C#N,-0.1899505853652954,-1.2581135034561157,2,60
CCCCCCCCn1cc[n+](C)c1|N#C[C-](C#N)C#N,0.027615167200565338,-0.9326923489570618,2,60
CCCCCCCCn1cc[n+](C)c1|N#C[C-](C#N)C#N,0.17395330965518951,-0.7045454978942871,2,60
CCCCCCCCn1cc[n+](C)c1|N#C[C-](C#N)C#N,0.3001045882701874,-0.5213392972946167,2,60
CCCCCCCCn1cc[n+](C)c1|N#C[C-](C#N)C#N,0.48980626463890076,-0.2553439140319824,2,60
CCCCCCCCn1cc[n+](C)c1|N#C[C-](C#N)C#N,0.54522705078125,-0.10738992691040039,2,60
COCC[n+]1ccccc1|O=S(=O)([N-]S(=O)(=O)C(F)(F)F)C(F)(F)F,-1.4784096479415894,-1.501509666442871,2,9
COCC[n+]1ccccc1|O=S(=O)([N-]S(=O)(=O)C(F)(F)F)C(F)(F)F,-1.1147416830062866,-1.1510790586471558,2,9
COCC[n+]1ccccc1|O=S(=O)([N-]S(=O)(=O)C(F)(F)F)C(F)(F)F,-0.970219075679779,-1.0351946353912354,2,9
COCC[n+]1ccccc1|O=S(=O)([N-]S(=O)(=O)C(F)(F)F)C(F)(F)F,-0.8509712815284729,-0.9332497119903564,2,9
COCC[n+]1ccccc1|O=S(=O)([N-]S(=O)(=O)C(F)(F)F)C(F)(F)F,-0.6367668509483337,-0.7635226249694824,2,9
COCC[n+]1ccccc1|O=S(=O)([N-]S(=O)(=O)C(F)(F)F)C(F)(F)F,-0.4620354473590851,-0.6140516996383667,2,9
COCC[n+]1ccccc1|O=S(=O)([N-]S(=O)(=O)C(F)(F)F)C(F)(F)F,-0.31197476387023926,-0.4652944803237915,2,9
COCC[n+]1ccccc1|O=S(=O)([N-]S(=O)(=O)C(F)(F)F)C(F)(F)F,-0.1803235560655594,-0.31779563426971436,2,9
COCC[n+]1ccccc1|O=S(=O)([N-]S(=O)(=O)C(F)(F)F)C(F)(F)F,-0.06613980233669281,-0.1728813648223877,2,9
CCCCn1cc[n+](C)c1|O=C[O-],-2.6736488342285156,-2.8622641563415527,2,19
CCCCn1cc[n+](C)c1|O=C[O-],-1.9951003789901733,-2.042534828186035,2,19
CCCCn1cc[n+](C)c1|O=C[O-],-1.6928194761276245,-1.6899068355560303,2,19
CCCCn1cc[n+](C)c1|O=C[O-],-1.398366928100586,-1.379748821258545,2,19
CCCCn1cc[n+](C)c1|O=C[O-],-0.874669075012207,-0.961398720741272,2,19
CCCCn1cc[n+](C)c1|O=C[O-],-0.3382738530635834,-0.6835289001464844,2,19
CCCCn1cc[n+](C)c1|O=C[O-],0.10616019368171692,-0.46270740032196045,2,19
CCCCn1cc[n+](C)c1|O=C[O-],0.4793349504470825,-0.2437739372253418,2,19
CCCCn1cc[n+](C)c1|O=C[O-],0.8109301924705505,-0.055231332778930664,2,19
CCOCC[n+]1ccccc1|O=S(=O)([N-]S(=O)(=O)C(F)(F)F)C(F)(F)F,-1.5750365257263184,-1.4456133842468262,2,9
CCOCC[n+]1ccccc1|O=S(=O)([N-]S(=O)(=O)C(F)(F)F)C(F)(F)F,-1.2173957824707031,-1.1087862253189087,2,9
CCOCC[n+]1ccccc1|O=S(=O)([N-]S(=O)(=O)C(F)(F)F)C(F)(F)F,-1.0966142416000366,-1.0015895366668701,2,9
CCOCC[n+]1ccccc1|O=S(=O)([N-]S(=O)(=O)C(F)(F)F)C(F)(F)F,-0.9915531873703003,-0.906473696231842,2,9
CCOCC[n+]1ccccc1|O=S(=O)([N-]S(=O)(=O)C(F)(F)F)C(F)(F)F,-0.7808861136436462,-0.7567458748817444,2,9
CCOCC[n+]1ccccc1|O=S(=O)([N-]S(=O)(=O)C(F)(F)F)C(F)(F)F,-0.597836971282959,-0.6104354858398438,2,9
CCOCC[n+]1ccccc1|O=S(=O)([N-]S(=O)(=O)C(F)(F)F)C(F)(F)F,-0.44941699504852295,-0.4640974998474121,2,9
CCOCC[n+]1ccccc1|O=S(=O)([N-]S(=O)(=O)C(F)(F)F)C(F)(F)F,-0.32711613178253174,-0.32879912853240967,2,9
CCOCC[n+]1ccccc1|O=S(=O)([N-]S(=O)(=O)C(F)(F)F)C(F)(F)F,-0.2231435477733612,-0.1897904872894287,2,9
C(CCC)[N+]1=CSC=C1C|FC(S(=O)(=O)[N-]S(=O)(=O)C(F)(F)F)(F)F,-2.3968958854675293,-2.5592284202575684,2,9
C(CCC)[N+]1=CSC=C1C|FC(S(=O)(=O)[N-]S(=O)(=O)C(F)(F)F)(F)F,-2.0714733600616455,-2.0976719856262207,2,9
C(CCC)[N+]1=CSC=C1C|FC(S(=O)(=O)[N-]S(=O)(=O)C(F)(F)F)(F)F,-1.7719568014144897,-1.886915922164917,2,9
C(CCC)[N+]1=CSC=C1C|FC(S(=O)(=O)[N-]S(=O)(=O)C(F)(F)F)(F)F,-1.491654872894287,-1.7224631309509277,2,9
C(CCC)[N+]1=CSC=C1C|FC(S(=O)(=O)[N-]S(=O)(=O)C(F)(F)F)(F)F,-1.1425641775131226,-1.3923612833023071,2,9
C(CCC)[N+]1=CSC=C1C|FC(S(=O)(=O)[N-]S(=O)(=O)C(F)(F)F)(F)F,-0.6500877141952515,-1.1215265989303589,2,9
C(CCC)[N+]1=CSC=C1C|FC(S(=O)(=O)[N-]S(=O)(=O)C(F)(F)F)(F)F,-0.34672459959983826,-0.9106043577194214,2,9
C(CCC)[N+]1=CSC=C1C|FC(S(=O)(=O)[N-]S(=O)(=O)C(F)(F)F)(F)F,-0.10981486737728119,-0.7241721153259277,2,9
C(CCC)[N+]1=CSC=C1C|FC(S(=O)(=O)[N-]S(=O)(=O)C(F)(F)F)(F)F,0.1449657678604126,-0.5371063947677612,2,9
Cn1cc[n+](C)c1|O=S(=O)([N-]S(=O)(=O)C(F)(F)F)C(F)(F)F,-0.279713898897171,-0.8335288763046265,2,35
Cn1cc[n+](C)c1|O=S(=O)([N-]S(=O)(=O)C(F)(F)F)C(F)(F)F,-0.10647224634885788,-0.6765062212944031,2,35
Cn1cc[n+](C)c1|O=S(=O)([N-]S(=O)(=O)C(F)(F)F)C(F)(F)F,0.053445976227521896,-0.541861891746521,2,35
Cn1cc[n+](C)c1|O=S(=O)([N-]S(=O)(=O)C(F)(F)F)C(F)(F)F,0.20138861238956451,-0.4053858518600464,2,35
Cn1cc[n+](C)c1|O=S(=O)([N-]S(=O)(=O)C(F)(F)F)C(F)(F)F,0.3390403687953949,-0.27502667903900146,2,35
Cn1cc[n+](C)c1|O=S(=O)([N-]S(=O)(=O)C(F)(F)F)C(F)(F)F,0.46743783354759216,-0.15944266319274902,2,35
Cn1cc[n+](C)c1|O=S(=O)([N-]S(=O)(=O)C(F)(F)F)C(F)(F)F,0.587619960308075,-0.04702627658843994,2,35
Cn1cc[n+](C)c1|O=S(=O)([N-]S(=O)(=O)C(F)(F)F)C(F)(F)F,0.7003213763237,0.059920310974121094,2,35
Cn1cc[n+](C)c1|O=S(=O)([N-]S(=O)(=O)C(F)(F)F)C(F)(F)F,0.8060740232467651,0.1534585952758789,2,35
CCC[N+]1(C)CCCC1|N#C[N-]C#N,0.717839777469635,-0.8525258302688599,2,27
CCC[N+]1(C)CCCC1|N#C[N-]C#N,0.8919980525970459,-0.45077013969421387,2,27
CCC[N+]1(C)CCCC1|N#C[N-]C#N,1.03318452835083,-0.13857924938201904,2,27
CCC[N+]1(C)CCCC1|N#C[N-]C#N,1.1786550283432007,0.1333479881286621,2,27
CCC[N+]1(C)CCCC1|N#C[N-]C#N,1.3270750045776367,0.36007773876190186,2,27
CCC[N+]1(C)CCCC1|N#C[N-]C#N,1.4398350715637207,0.5376375913619995,2,27
CCC[N+]1(C)CCCC1|N#C[N-]C#N,1.5871922969818115,0.6855481863021851,2,27
CCC[N+]1(C)CCCC1|N#C[N-]C#N,1.6752256155014038,0.8221477270126343,2,27
CCC[N+]1(C)CCCC1|N#C[N-]C#N,1.7749522924423218,0.9565685987472534,2,27
CCCC[n+]1ccn(C)c1|F[B-](F)(F)F,-3.411247730255127,-4.821989059448242,2,229
CCCC[n+]1ccn(C)c1|F[B-](F)(F)F,-3.296837329864502,-4.677647590637207,2,229
CCCC[n+]1ccn(C)c1|F[B-](F)(F)F,-3.057607650756836,-4.390068531036377,2,229
CCCC[n+]1ccn(C)c1|F[B-](F)(F)F,-3.015934944152832,-4.17842960357666,2,229
CCCC[n+]1ccn(C)c1|F[B-](F)(F)F,-2.7488722801208496,-3.5314366817474365,2,229
CCCC[n+]1ccn(C)c1|F[B-](F)(F)F,-1.9173226356506348,-1.8576326370239258,2,229
CCCC[n+]1ccn(C)c1|F[B-](F)(F)F,-1.366491675376892,-1.0177522897720337,2,229
CCCC[n+]1ccn(C)c1|F[B-](F)(F)F,-0.7550225853919983,-0.4511878490447998,2,229
CCCC[n+]1ccn(C)c1|F[B-](F)(F)F,-0.12556321918964386,0.030980706214904785,2,229
CCCC[n+]1ccn(C)c1|F[B-](F)(F)F,0.3681093156337738,0.48103153705596924,2,229
CCn1cc[n+](C)c1|O=C1O[B-](F)(F)OC1=O,-2.556187868118286,-3.4298200607299805,2,10
CCn1cc[n+](C)c1|O=C1O[B-](F)(F)OC1=O,-1.6638940572738647,-2.292414665222168,2,10
CCn1cc[n+](C)c1|O=C1O[B-](F)(F)OC1=O,-0.9665319323539734,-1.3931454420089722,2,10
CCn1cc[n+](C)c1|O=C1O[B-](F)(F)OC1=O,-0.412640780210495,-0.8078902959823608,2,10
CCn1cc[n+](C)c1|O=C1O[B-](F)(F)OC1=O,-0.1772146224975586,-0.5628094673156738,2,10
CCn1cc[n+](C)c1|O=C1O[B-](F)(F)OC1=O,0.23079420626163483,-0.21403563022613525,2,10
CCn1cc[n+](C)c1|O=C1O[B-](F)(F)OC1=O,0.5713184475898743,0.05407452583312988,2,10
CCn1cc[n+](C)c1|O=C1O[B-](F)(F)OC1=O,0.8589581847190857,0.29224491119384766,2,10
CCn1cc[n+](C)c1|O=C1O[B-](F)(F)OC1=O,1.1048263311386108,0.5249935388565063,2,10
CCn1cc[n+](C)c1|O=C1O[B-](F)(F)OC1=O,1.3186309337615967,0.7215288877487183,2,10
CC[n+]1ccn(C)c1|CC(=O)[O-],-2.263364315032959,-3.86021089553833,2,67
CC[n+]1ccn(C)c1|CC(=O)[O-],-1.5511690378189087,-2.8124947547912598,2,67
CC[n+]1ccn(C)c1|CC(=O)[O-],-0.9649559259414673,-1.9278993606567383,2,67
CC[n+]1ccn(C)c1|CC(=O)[O-],-0.4812668263912201,-1.1654505729675293,2,67
CC[n+]1ccn(C)c1|CC(=O)[O-],-0.07472354918718338,-0.6803159117698669,2,67
CC[n+]1ccn(C)c1|CC(=O)[O-],0.2707902193069458,-0.3699761629104614,2,67
CC[n+]1ccn(C)c1|CC(=O)[O-],0.5658818483352661,-0.10141503810882568,2,67
CC[n+]1ccn(C)c1|CC(=O)[O-],0.8219800591468811,0.1370476484298706,2,67
CC[n+]1ccn(C)c1|CC(=O)[O-],1.0388622283935547,0.32091784477233887,2,67
CCCCC[n+]1ccccc1|O=S(=O)([N-]S(=O)(=O)C(F)(F)F)C(F)(F)F,-1.7053983211517334,-1.8778799772262573,2,22
CCCCC[n+]1ccccc1|O=S(=O)([N-]S(=O)(=O)C(F)(F)F)C(F)(F)F,-1.4662036895751953,-1.632869005203247,2,22
CCCCC[n+]1ccccc1|O=S(=O)([N-]S(=O)(=O)C(F)(F)F)C(F)(F)F,-1.2451421022415161,-1.4296287298202515,2,22
CCCCC[n+]1ccccc1|O=S(=O)([N-]S(=O)(=O)C(F)(F)F)C(F)(F)F,-1.0412871837615967,-1.2438565492630005,2,22
CCCCC[n+]1ccccc1|O=S(=O)([N-]S(=O)(=O)C(F)(F)F)C(F)(F)F,-0.8509712815284729,-1.0904006958007812,2,22
CCCCC[n+]1ccccc1|O=S(=O)([N-]S(=O)(=O)C(F)(F)F)C(F)(F)F,-0.6753072738647461,-0.957767903804779,2,22
CCCCC[n+]1ccccc1|O=S(=O)([N-]S(=O)(=O)C(F)(F)F)C(F)(F)F,-0.5124936699867249,-0.8573727607727051,2,22
CCCCC[n+]1ccccc1|O=S(=O)([N-]S(=O)(=O)C(F)(F)F)C(F)(F)F,-0.3609698712825775,-0.764488697052002,2,22
CCCCC[n+]1ccccc1|O=S(=O)([N-]S(=O)(=O)C(F)(F)F)C(F)(F)F,-0.2194005697965622,-0.6699547171592712,2,22
CC[N+](C)(C)CCCO|O=S(=O)([N-]S(=O)(=O)C(F)(F)F)C(F)(F)F,-3.015934944152832,-3.8023009300231934,2,9
CC[N+](C)(C)CCCO|O=S(=O)([N-]S(=O)(=O)C(F)(F)F)C(F)(F)F,-2.6736488342285156,-3.3298192024230957,2,9
CC[N+](C)(C)CCCO|O=S(=O)([N-]S(=O)(=O)C(F)(F)F)C(F)(F)F,-2.3538784980773926,-2.8880515098571777,2,9
CC[N+](C)(C)CCCO|O=S(=O)([N-]S(=O)(=O)C(F)(F)F)C(F)(F)F,-2.079441547393799,-2.5203399658203125,2,9
CC[N+](C)(C)CCCO|O=S(=O)([N-]S(=O)(=O)C(F)(F)F)C(F)(F)F,-1.8201589584350586,-2.24941349029541,2,9
CC[N+](C)(C)CCCO|O=S(=O)([N-]S(=O)(=O)C(F)(F)F)C(F)(F)F,-1.5896352529525757,-2.001552104949951,2,9
CC[N+](C)(C)CCCO|O=S(=O)([N-]S(=O)(=O)C(F)(F)F)C(F)(F)F,-1.3743658065795898,-1.7754926681518555,2,9
CC[N+](C)(C)CCCO|O=S(=O)([N-]S(=O)(=O)C(F)(F)F)C(F)(F)F,-1.174414038658142,-1.6008658409118652,2,9
CC[N+](C)(C)CCCO|O=S(=O)([N-]S(=O)(=O)C(F)(F)F)C(F)(F)F,-0.9915531873703003,-1.4376804828643799,2,9
CCCC[n+]1ccn(C)c1|O=C([O-])CO,-2.8370206356048584,-2.073521614074707,2,9
CCCC[n+]1ccn(C)c1|O=C([O-])CO,-2.465104103088379,-1.764910101890564,2,9
CCCC[n+]1ccn(C)c1|O=C([O-])CO,-2.1345314979553223,-1.4770362377166748,2,9
CCCC[n+]1ccn(C)c1|O=C([O-])CO,-1.8325815200805664,-1.2398982048034668,2,9
CCCC[n+]1ccn(C)c1|O=C([O-])CO,-1.5558971166610718,-1.0665626525878906,2,9
CCCC[n+]1ccn(C)c1|O=C([O-])CO,-1.2946271896362305,-0.9084849953651428,2,9
CCCC[n+]1ccn(C)c1|O=C([O-])CO,-1.0498220920562744,-0.769084095954895,2,9
CCCC[n+]1ccn(C)c1|O=C([O-])CO,-0.8232558369636536,-0.6456019878387451,2,9
CCCC[n+]1ccn(C)c1|O=C([O-])CO,-0.6329932808876038,-0.5193899869918823,2,9
CCCCCCCCCCn1cc[n+](C)c1|O=S(=O)([O-])C(F)(F)F,-3.530167818069458,-3.9029955863952637,2,9
CCCCCCCCCCn1cc[n+](C)c1|O=S(=O)([O-])C(F)(F)F,-3.2365307807922363,-3.450089454650879,2,9
CCCCCCCCCCn1cc[n+](C)c1|O=S(=O)([O-])C(F)(F)F,-2.9622974395751953,-3.0429320335388184,2,9
CCCCCCCCCCn1cc[n+](C)c1|O=S(=O)([O-])C(F)(F)F,-2.707550287246704,-2.664370059967041,2,9
CCCCCCCCCCn1cc[n+](C)c1|O=S(=O)([O-])C(F)(F)F,-2.469820976257324,-2.3836050033569336,2,9
CCCCCCCCCCn1cc[n+](C)c1|O=S(=O)([O-])C(F)(F)F,-2.2462048530578613,-2.1436142921447754,2,9
CCCCCCCCCCn1cc[n+](C)c1|O=S(=O)([O-])C(F)(F)F,-2.035616159439087,-1.967902421951294,2,9
CCCCCCCCCCn1cc[n+](C)c1|O=S(=O)([O-])C(F)(F)F,-1.8382223844528198,-1.8016159534454346,2,9
CCCCCCCCCCn1cc[n+](C)c1|O=S(=O)([O-])C(F)(F)F,-1.6502598524093628,-1.6436939239501953,2,9
CCCCC[n+]1ccccc1|N#C[N-]C#N,-0.5191938877105713,-0.723749041557312,2,9
CCCCC[n+]1ccccc1|N#C[N-]C#N,-0.3681693375110626,-0.60808926820755,2,9
CCCCC[n+]1ccccc1|N#C[N-]C#N,-0.18512548506259918,-0.4937436580657959,2,9
CCCCC[n+]1ccccc1|N#C[N-]C#N,-0.008032171986997128,-0.38980400562286377,2,9
CCCCC[n+]1ccccc1|N#C[N-]C#N,0.17058630287647247,-0.27885258197784424,2,9
CCCCC[n+]1ccccc1|N#C[N-]C#N,0.3300229012966156,-0.1666020154953003,2,9
CCCCC[n+]1ccccc1|N#C[N-]C#N,0.47623416781425476,-0.05595517158508301,2,9
CCCCC[n+]1ccccc1|N#C[N-]C#N,0.6075893044471741,0.04425919055938721,2,9
CCCCC[n+]1ccccc1|N#C[N-]C#N,0.7285143136978149,0.13635993003845215,2,9
CCCCn1cc[n+](C)c1|O=C[O-],-1.6560055017471313,-1.379748821258545,2,19
CCCCn1cc[n+](C)c1|O=C[O-],-1.388296365737915,-1.1341511011123657,2,19
CCCCn1cc[n+](C)c1|O=C[O-],-1.1416242122650146,-0.961398720741272,2,19
CCCCn1cc[n+](C)c1|O=C[O-],-0.9115519523620605,-0.8170921206474304,2,19
CCCCn1cc[n+](C)c1|O=C[O-],-0.6965529918670654,-0.6835289001464844,2,19
CCCCn1cc[n+](C)c1|O=C[O-],-0.4902063310146332,-0.5668504238128662,2,19
CCCCn1cc[n+](C)c1|O=C[O-],-0.3034050464630127,-0.46270740032196045,2,19
CCCCn1cc[n+](C)c1|O=C[O-],-0.12783336639404297,-0.3531045913696289,2,19
CCCCn1cc[n+](C)c1|O=C[O-],0.03922071307897568,-0.2437739372253418,2,19
CCCC[n+]1cc(C)cc(C)c1|O=S(=O)([N-]S(=O)(=O)C(F)(F)F)C(F)(F)F,-3.1033174991607666,-3.325472831726074,2,10
CCCC[n+]1cc(C)cc(C)c1|O=S(=O)([N-]S(=O)(=O)C(F)(F)F)C(F)(F)F,-2.4292826652526855,-2.6848182678222656,2,10
CCCC[n+]1cc(C)cc(C)c1|O=S(=O)([N-]S(=O)(=O)C(F)(F)F)C(F)(F)F,-1.8656213283538818,-2.1195502281188965,2,10
CCCC[n+]1cc(C)cc(C)c1|O=S(=O)([N-]S(=O)(=O)C(F)(F)F)C(F)(F)F,-1.6174700260162354,-1.8894306421279907,2,10
CCCC[n+]1cc(C)cc(C)c1|O=S(=O)([N-]S(=O)(=O)C(F)(F)F)C(F)(F)F,-1.3903024196624756,-1.700129508972168,2,10
CCCC[n+]1cc(C)cc(C)c1|O=S(=O)([N-]S(=O)(=O)C(F)(F)F)C(F)(F)F,-0.9808292388916016,-1.341458797454834,2,10
CCCC[n+]1cc(C)cc(C)c1|O=S(=O)([N-]S(=O)(=O)C(F)(F)F)C(F)(F)F,-0.6311118006706238,-1.036437749862671,2,10
CCCC[n+]1cc(C)cc(C)c1|O=S(=O)([N-]S(=O)(=O)C(F)(F)F)C(F)(F)F,-0.31197476387023926,-0.8234778642654419,2,10
CCCC[n+]1cc(C)cc(C)c1|O=S(=O)([N-]S(=O)(=O)C(F)(F)F)C(F)(F)F,-0.05340077728033066,-0.6354009509086609,2,10
CCCC[n+]1cc(C)cc(C)c1|O=S(=O)([N-]S(=O)(=O)C(F)(F)F)C(F)(F)F,0.18065349757671356,-0.46520400047302246,2,10
c(N(CCCC)C)1c(N(CCCC)C)[c+]1N(CCCC)C|[N-](C#N)C#N,-1.6502598524093628,-1.3982983827590942,2,8
c(N(CCCC)C)1c(N(CCCC)C)[c+]1N(CCCC)C|[N-](C#N)C#N,-1.174414038658142,-1.0735704898834229,2,8
c(N(CCCC)C)1c(N(CCCC)C)[c+]1N(CCCC)C|[N-](C#N)C#N,-0.7852624654769897,-0.8492212891578674,2,8
c(N(CCCC)C)1c(N(CCCC)C)[c+]1N(CCCC)C|[N-](C#N)C#N,-0.45413029193878174,-0.7164762020111084,2,8
c(N(CCCC)C)1c(N(CCCC)C)[c+]1N(CCCC)C|[N-](C#N)C#N,-0.16487464308738708,-0.6130958795547485,2,8
c(N(CCCC)C)1c(N(CCCC)C)[c+]1N(CCCC)C|[N-](C#N)C#N,0.08617769926786423,-0.5177603960037231,2,8
c(N(CCCC)C)1c(N(CCCC)C)[c+]1N(CCCC)C|[N-](C#N)C#N,0.3089542090892792,-0.42684733867645264,2,8
c(N(CCCC)C)1c(N(CCCC)C)[c+]1N(CCCC)C|[N-](C#N)C#N,0.5068175792694092,-0.33520376682281494,2,8
CCCCCC[n+]1ccn(C)c1|O=S(=O)(F)[N-]S(=O)(=O)F,-2.032557964324951,-3.920410633087158,2,8
CCCCCC[n+]1ccn(C)c1|O=S(=O)(F)[N-]S(=O)(=O)F,-1.500583529472351,-2.7125649452209473,2,8
CCCCCC[n+]1ccn(C)c1|O=S(=O)(F)[N-]S(=O)(=O)F,-1.0555528402328491,-1.8008131980895996,2,8
CCCCCC[n+]1ccn(C)c1|O=S(=O)(F)[N-]S(=O)(=O)F,-0.6753072738647461,-1.32071852684021,2,8
CCCCCC[n+]1ccn(C)c1|O=S(=O)(F)[N-]S(=O)(=O)F,-0.34814003109931946,-0.9979708194732666,2,8
CCCCCC[n+]1ccn(C)c1|O=S(=O)(F)[N-]S(=O)(=O)F,-0.06400533020496368,-0.7619496583938599,2,8
CCCCCC[n+]1ccn(C)c1|O=S(=O)(F)[N-]S(=O)(=O)F,0.18979357182979584,-0.5798238515853882,2,8
CCCCCC[n+]1ccn(C)c1|O=S(=O)(F)[N-]S(=O)(=O)F,0.40945711731910706,-0.3962852954864502,2,8
CCCCCCCC[n+]1cc(C)cc(C)c1|O=S(=O)([N-]S(=O)(=O)C(F)(F)F)C(F)(F)F,-4.233606815338135,-4.186318874359131,2,10
CCCCCCCC[n+]1cc(C)cc(C)c1|O=S(=O)([N-]S(=O)(=O)C(F)(F)F)C(F)(F)F,-3.499913454055786,-3.494746685028076,2,10
CCCCCCCC[n+]1cc(C)cc(C)c1|O=S(=O)([N-]S(=O)(=O)C(F)(F)F)C(F)(F)F,-2.875286102294922,-2.9593610763549805,2,10
CCCCCCCC[n+]1cc(C)cc(C)c1|O=S(=O)([N-]S(=O)(=O)C(F)(F)F)C(F)(F)F,-2.598299264907837,-2.702457904815674,2,10
CCCCCCCC[n+]1cc(C)cc(C)c1|O=S(=O)([N-]S(=O)(=O)C(F)(F)F)C(F)(F)F,-2.3423659801483154,-2.4608383178710938,2,10
CCCCCCCC[n+]1cc(C)cc(C)c1|O=S(=O)([N-]S(=O)(=O)C(F)(F)F)C(F)(F)F,-1.881903052330017,-2.1351497173309326,2,10
CCCCCCCC[n+]1cc(C)cc(C)c1|O=S(=O)([N-]S(=O)(=O)C(F)(F)F)C(F)(F)F,-1.4828052520751953,-1.7983665466308594,2,10
CCCCCCCC[n+]1cc(C)cc(C)c1|O=S(=O)([N-]S(=O)(=O)C(F)(F)F)C(F)(F)F,-1.1332037448883057,-1.5018266439437866,2,10
CCCCCCCC[n+]1cc(C)cc(C)c1|O=S(=O)([N-]S(=O)(=O)C(F)(F)F)C(F)(F)F,-0.8209805488586426,-1.2597519159317017,2,10
CCCCCCCC[n+]1cc(C)cc(C)c1|O=S(=O)([N-]S(=O)(=O)C(F)(F)F)C(F)(F)F,-0.5499129891395569,-1.0554914474487305,2,10
CCCCC[P+](CC)(CC)CC|O=S(=O)([N-]S(=O)(=O)C(F)(F)F)C(F)(F)F,-1.56064772605896,-2.0653083324432373,2,129
CCCCC[P+](CC)(CC)CC|O=S(=O)([N-]S(=O)(=O)C(F)(F)F)C(F)(F)F,-1.500583529472351,-1.964236855506897,2,129
CCCCC[P+](CC)(CC)CC|O=S(=O)([N-]S(=O)(=O)C(F)(F)F)C(F)(F)F,-1.2517634630203247,-1.6859705448150635,2,129
CCCCC[P+](CC)(CC)CC|O=S(=O)([N-]S(=O)(=O)C(F)(F)F)C(F)(F)F,-1.0272222757339478,-1.4714586734771729,2,129
CCCCC[P+](CC)(CC)CC|O=S(=O)([N-]S(=O)(=O)C(F)(F)F)C(F)(F)F,-0.8324092626571655,-1.2944037914276123,2,129
CCCCC[P+](CC)(CC)CC|O=S(=O)([N-]S(=O)(=O)C(F)(F)F)C(F)(F)F,-0.6520052552223206,-1.157495379447937,2,129
CCCCC[P+](CC)(CC)CC|O=S(=O)([N-]S(=O)(=O)C(F)(F)F)C(F)(F)F,-0.4910230040550232,-1.0502631664276123,2,129
CCCCC[P+](CC)(CC)CC|O=S(=O)([N-]S(=O)(=O)C(F)(F)F)C(F)(F)F,-0.3410828411579132,-0.9482915997505188,2,129
CCCCC[P+](CC)(CC)CC|O=S(=O)([N-]S(=O)(=O)C(F)(F)F)C(F)(F)F,-0.08338160812854767,-0.7600352764129639,2,129
CCCCC[P+](CC)(CC)CC|O=S(=O)([N-]S(=O)(=O)C(F)(F)F)C(F)(F)F,0.1570037454366684,-0.5737420320510864,2,129
CCCC[n+]1ccn(C)c1|F[B-](F)(F)F,-0.7721903920173645,-1.11918306350708,2,229
CCCC[n+]1ccn(C)c1|F[B-](F)(F)F,-0.6088060140609741,-0.8699796795845032,2,229
CCCC[n+]1ccn(C)c1|F[B-](F)(F)F,-0.34814003109931946,-0.6477449536323547,2,229
CCCC[n+]1ccn(C)c1|F[B-](F)(F)F,-0.13467490673065186,-0.4456827640533447,2,229
CCCC[n+]1ccn(C)c1|F[B-](F)(F)F,0.03149866685271263,-0.27856290340423584,2,229
CCCC[n+]1ccn(C)c1|F[B-](F)(F)F,0.23031775653362274,-0.12441515922546387,2,229
CCCC[n+]1ccn(C)c1|F[B-](F)(F)F,0.41607528924942017,0.0210874080657959,2,229
CCCC[n+]1ccn(C)c1|COS(=O)(=O)[O-],-2.3126354217529297,-1.7161840200424194,2,31
CCCC[n+]1ccn(C)c1|COS(=O)(=O)[O-],-1.924148678779602,-1.462860345840454,2,31
CCCC[n+]1ccn(C)c1|COS(=O)(=O)[O-],-1.6450650691986084,-1.232593059539795,2,31
CCCC[n+]1ccn(C)c1|COS(=O)(=O)[O-],-1.4271163940429688,-1.024983525276184,2,31
CCCC[n+]1ccn(C)c1|COS(=O)(=O)[O-],-1.2140231132507324,-0.8590021133422852,2,31
CCCC[n+]1ccn(C)c1|COS(=O)(=O)[O-],-1.0106014013290405,-0.7070635557174683,2,31
CCCC[n+]1ccn(C)c1|COS(=O)(=O)[O-],-0.8187103867530823,-0.5725059509277344,2,31
CCCC[n+]1ccn(C)c1|COS(=O)(=O)[O-],-0.6198967099189758,-0.44371533393859863,2,31
CC[n+]1ccn(C)c1|CC(=O)[O-],-1.4996870756149292,-2.316378593444824,2,67
CC[n+]1ccn(C)c1|CC(=O)[O-],-1.206977367401123,-1.9278993606567383,2,67
CC[n+]1ccn(C)c1|CC(=O)[O-],-0.9385363459587097,-1.5317813158035278,2,67
CC[n+]1ccn(C)c1|CC(=O)[O-],-0.4700036346912384,-0.88029944896698,2,67
CC[n+]1ccn(C)c1|CC(=O)[O-],-0.07364653795957565,-0.5137628316879272,2,67
CC[n+]1ccn(C)c1|CC(=O)[O-],0.2669690251350403,-0.23364531993865967,2,67
CC[n+]1ccn(C)c1|CC(=O)[O-],0.5621269345283508,0.02279984951019287,2,67
CC[n+]1ccn(C)c1|CC(=O)[O-],0.8228148818016052,0.23413658142089844,2,67
c(N(C)C)1c(N(C)C)[c+]1N(CCCC)C|[N-](S(=O)(=O)C(F)(F)F)S(=O)(=O)C(F)(F)F,-1.4439234733581543,-1.957249641418457,2,8
c(N(C)C)1c(N(C)C)[c+]1N(CCCC)C|[N-](S(=O)(=O)C(F)(F)F)S(=O)(=O)C(F)(F)F,-1.0188772678375244,-1.5636546611785889,2,8
c(N(C)C)1c(N(C)C)[c+]1N(CCCC)C|[N-](S(=O)(=O)C(F)(F)F)S(=O)(=O)C(F)(F)F,-0.6481738090515137,-1.2205545902252197,2,8
c(N(C)C)1c(N(C)C)[c+]1N(CCCC)C|[N-](S(=O)(=O)C(F)(F)F)S(=O)(=O)C(F)(F)F,-0.32434606552124023,-0.953380823135376,2,8
c(N(C)C)1c(N(C)C)[c+]1N(CCCC)C|[N-](S(=O)(=O)C(F)(F)F)S(=O)(=O)C(F)(F)F,-0.05551271140575409,-0.7407486438751221,2,8
c(N(C)C)1c(N(C)C)[c+]1N(CCCC)C|[N-](S(=O)(=O)C(F)(F)F)S(=O)(=O)C(F)(F)F,0.18315453827381134,-0.5929491519927979,2,8
c(N(C)C)1c(N(C)C)[c+]1N(CCCC)C|[N-](S(=O)(=O)C(F)(F)F)S(=O)(=O)C(F)(F)F,0.3954147696495056,-0.46148085594177246,2,8
c(N(C)C)1c(N(C)C)[c+]1N(CCCC)C|[N-](S(=O)(=O)C(F)(F)F)S(=O)(=O)C(F)(F)F,0.5844477415084839,-0.3398832082748413,2,8
CCCC[n+]1ccn(C)c1|F[B-](F)(F)F,-0.9441759586334229,-2.003277063369751,2,229
CCCC[n+]1ccn(C)c1|F[B-](F)(F)F,-0.727738618850708,-1.506108283996582,2,229
CCCC[n+]1ccn(C)c1|F[B-](F)(F)F,-0.5124936699867249,-1.11918306350708,2,229
CCCC[n+]1ccn(C)c1|F[B-](F)(F)F,-0.3396773636341095,-0.8699796795845032,2,229
CCCC[n+]1ccn(C)c1|F[B-](F)(F)F,-0.16841864585876465,-0.6477449536323547,2,229
CCCC[n+]1ccn(C)c1|F[B-](F)(F)F,-0.031490668654441833,-0.4456827640533447,2,229
CCCC[n+]1ccn(C)c1|F[B-](F)(F)F,0.09531018137931824,-0.27856290340423584,2,229
c(N(CCCCC)CCCCC)1c(N(CCCCC)CCCCC)[c+]1N(CCCCC)CCCCC|[N-](S(=O)(=O)C(F)(F)F)S(=O)(=O)C(F)(F)F,-3.7090821266174316,-3.053029775619507,2,8
c(N(CCCCC)CCCCC)1c(N(CCCCC)CCCCC)[c+]1N(CCCCC)CCCCC|[N-](S(=O)(=O)C(F)(F)F)S(=O)(=O)C(F)(F)F,-3.1700856685638428,-2.650663375854492,2,8
c(N(CCCCC)CCCCC)1c(N(CCCCC)CCCCC)[c+]1N(CCCCC)CCCCC|[N-](S(=O)(=O)C(F)(F)F)S(=O)(=O)C(F)(F)F,-2.7030627727508545,-2.330745220184326,2,8
c(N(CCCCC)CCCCC)1c(N(CCCCC)CCCCC)[c+]1N(CCCCC)CCCCC|[N-](S(=O)(=O)C(F)(F)F)S(=O)(=O)C(F)(F)F,-2.291645050048828,-2.09689998626709,2,8
c(N(CCCCC)CCCCC)1c(N(CCCCC)CCCCC)[c+]1N(CCCCC)CCCCC|[N-](S(=O)(=O)C(F)(F)F)S(=O)(=O)C(F)(F)F,-1.9289547204971313,-1.8950695991516113,2,8
c(N(CCCCC)CCCCC)1c(N(CCCCC)CCCCC)[c+]1N(CCCCC)CCCCC|[N-](S(=O)(=O)C(F)(F)F)S(=O)(=O)C(F)(F)F,-1.6094379425048828,-1.74314546585083,2,8
c(N(CCCCC)CCCCC)1c(N(CCCCC)CCCCC)[c+]1N(CCCCC)CCCCC|[N-](S(=O)(=O)C(F)(F)F)S(=O)(=O)C(F)(F)F,-1.3205065727233887,-1.5912944078445435,2,8
c(N(CCCCC)CCCCC)1c(N(CCCCC)CCCCC)[c+]1N(CCCCC)CCCCC|[N-](S(=O)(=O)C(F)(F)F)S(=O)(=O)C(F)(F)F,-1.0642108917236328,-1.487808108329773,2,8
C[n+]1ccn(CCCC#N)c1|F[B-](F)(F)F,-2.8473122119903564,-5.284117221832275,2,16
C[n+]1ccn(CCCC#N)c1|F[B-](F)(F)F,-2.465104103088379,-4.600610733032227,2,16
C[n+]1ccn(CCCC#N)c1|F[B-](F)(F)F,-2.0955710411071777,-3.9259800910949707,2,16
C[n+]1ccn(CCCC#N)c1|F[B-](F)(F)F,-1.7660917043685913,-3.2701807022094727,2,16
C[n+]1ccn(CCCC#N)c1|F[B-](F)(F)F,-1.4696760177612305,-2.670496940612793,2,16
C[n+]1ccn(CCCC#N)c1|F[B-](F)(F)F,-1.2039728164672852,-2.1098451614379883,2,16
C[n+]1ccn(CCCC#N)c1|F[B-](F)(F)F,-0.9416085481643677,-1.6793875694274902,2,16
C[n+]1ccn(CCCC#N)c1|F[B-](F)(F)F,-0.6931471824645996,-1.343414545059204,2,16
c(N(CC)CC)1c(N(CC)CC)[c+]1N(CCCC)CCCC|[N-](S(=O)(=O)C(F)(F)F)S(=O)(=O)C(F)(F)F,-2.465104103088379,-2.1310222148895264,2,8
c(N(CC)CC)1c(N(CC)CC)[c+]1N(CCCC)CCCC|[N-](S(=O)(=O)C(F)(F)F)S(=O)(=O)C(F)(F)F,-2.049494504928589,-1.792938232421875,2,8
c(N(CC)CC)1c(N(CC)CC)[c+]1N(CCCC)CCCC|[N-](S(=O)(=O)C(F)(F)F)S(=O)(=O)C(F)(F)F,-1.689022421836853,-1.5033984184265137,2,8
c(N(CC)CC)1c(N(CC)CC)[c+]1N(CCCC)CCCC|[N-](S(=O)(=O)C(F)(F)F)S(=O)(=O)C(F)(F)F,-1.3735755681991577,-1.2650551795959473,2,8
c(N(CC)CC)1c(N(CC)CC)[c+]1N(CCCC)CCCC|[N-](S(=O)(=O)C(F)(F)F)S(=O)(=O)C(F)(F)F,-1.0948195457458496,-1.0601859092712402,2,8
c(N(CC)CC)1c(N(CC)CC)[c+]1N(CCCC)CCCC|[N-](S(=O)(=O)C(F)(F)F)S(=O)(=O)C(F)(F)F,-0.847697913646698,-0.909150242805481,2,8
c(N(CC)CC)1c(N(CC)CC)[c+]1N(CCCC)CCCC|[N-](S(=O)(=O)C(F)(F)F)S(=O)(=O)C(F)(F)F,-0.6254885196685791,-0.8130147457122803,2,8
c(N(CC)CC)1c(N(CC)CC)[c+]1N(CCCC)CCCC|[N-](S(=O)(=O)C(F)(F)F)S(=O)(=O)C(F)(F)F,-0.42771071195602417,-0.7367926836013794,2,8
C1C[C@@H]2[N+](CCCC)(C)[C@H]1C[C@H](O)C2|C([C@@H](C(=O)[O-])N)O,-11.042922019958496,-9.726701736450195,2,8
C1C[C@@H]2[N+](CCCC)(C)[C@H]1C[C@H](O)C2|C([C@@H](C(=O)[O-])N)O,-10.68001651763916,-9.147375106811523,2,8
C1C[C@@H]2[N+](CCCC)(C)[C@H]1C[C@H](O)C2|C([C@@H](C(=O)[O-])N)O,-10.101938247680664,-8.775530815124512,2,8
C1C[C@@H]2[N+](CCCC)(C)[C@H]1C[C@H](O)C2|C([C@@H](C(=O)[O-])N)O,-9.625855445861816,-8.306586265563965,2,8
C1C[C@@H]2[N+](CCCC)(C)[C@H]1C[C@H](O)C2|C([C@@H](C(=O)[O-])N)O,-9.180781364440918,-7.840112209320068,2,8
C1C[C@@H]2[N+](CCCC)(C)[C@H]1C[C@H](O)C2|C([C@@H](C(=O)[O-])N)O,-8.746606826782227,-7.376753330230713,2,8
C1C[C@@H]2[N+](CCCC)(C)[C@H]1C[C@H](O)C2|C([C@@H](C(=O)[O-])N)O,-8.318342208862305,-6.929439067840576,2,8
C1C[C@@H]2[N+](CCCC)(C)[C@H]1C[C@H](O)C2|C([C@@H](C(=O)[O-])N)O,-7.9807000160217285,-6.490628719329834,2,8
CC[n+]1ccn(C)c1|O=S(=O)([O-])C(F)(F)F,-1.570217251777649,-4.361729145050049,2,93
CC[n+]1ccn(C)c1|O=S(=O)([O-])C(F)(F)F,-1.070024847984314,-2.88318133354187,2,93
CC[n+]1ccn(C)c1|O=S(=O)([O-])C(F)(F)F,-0.6273594498634338,-1.792044758796692,2,93
CC[n+]1ccn(C)c1|O=S(=O)([O-])C(F)(F)F,-0.1578240841627121,-0.8043513298034668,2,93
CC[n+]1ccn(C)c1|O=S(=O)([O-])C(F)(F)F,0.34642255306243896,-0.21356260776519775,2,93
CC[n+]1ccn(C)c1|O=S(=O)([O-])C(F)(F)F,0.6961426734924316,0.14444756507873535,2,93
CC[n+]1ccn(C)c1|O=S(=O)([O-])C(F)(F)F,1.1461317539215088,0.6265093088150024,2,93
CCCn1cc[n+](C)c1C|O=S(=O)([N-]S(=O)(=O)C(F)(F)F)C(F)(F)F,-1.6296405792236328,-1.7314577102661133,2,8
CCCn1cc[n+](C)c1C|O=S(=O)([N-]S(=O)(=O)C(F)(F)F)C(F)(F)F,-1.328025460243225,-1.5040769577026367,2,8
CCCn1cc[n+](C)c1C|O=S(=O)([N-]S(=O)(=O)C(F)(F)F)C(F)(F)F,-1.0847094058990479,-1.295364260673523,2,8
CCCn1cc[n+](C)c1C|O=S(=O)([N-]S(=O)(=O)C(F)(F)F)C(F)(F)F,-0.874669075012207,-1.1062721014022827,2,8
CCCn1cc[n+](C)c1C|O=S(=O)([N-]S(=O)(=O)C(F)(F)F)C(F)(F)F,-0.6871650815010071,-0.9486373066902161,2,8
CCCn1cc[n+](C)c1C|O=S(=O)([N-]S(=O)(=O)C(F)(F)F)C(F)(F)F,-0.5276327133178711,-0.8145616054534912,2,8
CCCn1cc[n+](C)c1C|O=S(=O)([N-]S(=O)(=O)C(F)(F)F)C(F)(F)F,-0.3754209876060486,-0.7101889848709106,2,8
CCCCCC[n+]1ccn(C)c1|[Cl-],-5.750874042510986,-4.0300703048706055,2,7
CCCCCC[n+]1ccn(C)c1|[Cl-],-5.238163471221924,-3.4530434608459473,2,7
CCCCCC[n+]1ccn(C)c1|[Cl-],-4.765338897705078,-2.9824090003967285,2,7
CCCCCC[n+]1ccn(C)c1|[Cl-],-4.319991111755371,-2.5642833709716797,2,7
CCCCCC[n+]1ccn(C)c1|[Cl-],-3.9020726680755615,-2.2007384300231934,2,7
CCCCCC[n+]1ccn(C)c1|[Cl-],-3.523365020751953,-1.9078210592269897,2,7
CCCCCC[n+]1ccn(C)c1|[Cl-],-3.162968158721924,-1.6574897766113281,2,7
COCC[N+]1(C)CCCCC1|O=S(=O)([N-]S(=O)(=O)C(F)(F)F)C(F)(F)F,-1.5654209852218628,-1.3757867813110352,2,7
COCC[N+]1(C)CCCCC1|O=S(=O)([N-]S(=O)(=O)C(F)(F)F)C(F)(F)F,-1.4229583740234375,-1.2232962846755981,2,7
COCC[N+]1(C)CCCCC1|O=S(=O)([N-]S(=O)(=O)C(F)(F)F)C(F)(F)F,-1.2482730150222778,-0.9908890724182129,2,7
COCC[N+]1(C)CCCCC1|O=S(=O)([N-]S(=O)(=O)C(F)(F)F)C(F)(F)F,-1.1239300966262817,-0.7986922264099121,2,7
COCC[N+]1(C)CCCCC1|O=S(=O)([N-]S(=O)(=O)C(F)(F)F)C(F)(F)F,-0.9263410568237305,-0.6050735712051392,2,7
COCC[N+]1(C)CCCCC1|O=S(=O)([N-]S(=O)(=O)C(F)(F)F)C(F)(F)F,-0.7153927683830261,-0.4360722303390503,2,7
COCC[N+]1(C)CCCCC1|O=S(=O)([N-]S(=O)(=O)C(F)(F)F)C(F)(F)F,-0.5124936699867249,-0.27743732929229736,2,7
C1C[C@@H]2[N+](CCCC)(C)[C@H]1C[C@H](O)C2.C(C(=O)[O-])[C@@H](C(=O)[O-])[NH3+]|C(C(=O)[O-])[C@@H](C(=O)[O-])[NH3+],-12.206072807312012,-10.590697288513184,2,7
C1C[C@@H]2[N+](CCCC)(C)[C@H]1C[C@H](O)C2.C(C(=O)[O-])[C@@H](C(=O)[O-])[NH3+]|C(C(=O)[O-])[C@@H](C(=O)[O-])[NH3+],-11.6182861328125,-10.130675315856934,2,7
C1C[C@@H]2[N+](CCCC)(C)[C@H]1C[C@H](O)C2.C(C(=O)[O-])[C@@H](C(=O)[O-])[NH3+]|C(C(=O)[O-])[C@@H](C(=O)[O-])[NH3+],-10.98229694366455,-9.659214973449707,2,7
C1C[C@@H]2[N+](CCCC)(C)[C@H]1C[C@H](O)C2.C(C(=O)[O-])[C@@H](C(=O)[O-])[NH3+]|C(C(=O)[O-])[C@@H](C(=O)[O-])[NH3+],-10.448214530944824,-9.181532859802246,2,7
C1C[C@@H]2[N+](CCCC)(C)[C@H]1C[C@H](O)C2.C(C(=O)[O-])[C@@H](C(=O)[O-])[NH3+]|C(C(=O)[O-])[C@@H](C(=O)[O-])[NH3+],-9.94430923461914,-8.750216484069824,2,7
C1C[C@@H]2[N+](CCCC)(C)[C@H]1C[C@H](O)C2.C(C(=O)[O-])[C@@H](C(=O)[O-])[NH3+]|C(C(=O)[O-])[C@@H](C(=O)[O-])[NH3+],-9.45880126953125,-8.3159761428833,2,7
C1C[C@@H]2[N+](CCCC)(C)[C@H]1C[C@H](O)C2.C(C(=O)[O-])[C@@H](C(=O)[O-])[NH3+]|C(C(=O)[O-])[C@@H](C(=O)[O-])[NH3+],-8.963479995727539,-7.892489910125732,2,7
CCC[n+]1ccn(CO[C@@H]2C[C@H](C)CC[C@H]2C(C)C)c1|O=S(=O)([N-]S(=O)(=O)C(F)(F)F)C(F)(F)F,-5.122684955596924,-4.074709415435791,2,7
CCC[n+]1ccn(CO[C@@H]2C[C@H](C)CC[C@H]2C(C)C)c1|O=S(=O)([N-]S(=O)(=O)C(F)(F)F)C(F)(F)F,-4.572702884674072,-3.7201242446899414,2,7
CCC[n+]1ccn(CO[C@@H]2C[C@H](C)CC[C@H]2C(C)C)c1|O=S(=O)([N-]S(=O)(=O)C(F)(F)F)C(F)(F)F,-4.1202778816223145,-3.3682823181152344,2,7
CCC[n+]1ccn(CO[C@@H]2C[C@H](C)CC[C@H]2C(C)C)c1|O=S(=O)([N-]S(=O)(=O)C(F)(F)F)C(F)(F)F,-3.707043409347534,-3.0514068603515625,2,7
CCC[n+]1ccn(CO[C@@H]2C[C@H](C)CC[C@H]2C(C)C)c1|O=S(=O)([N-]S(=O)(=O)C(F)(F)F)C(F)(F)F,-3.3326046466827393,-2.7618560791015625,2,7
CCC[n+]1ccn(CO[C@@H]2C[C@H](C)CC[C@H]2C(C)C)c1|O=S(=O)([N-]S(=O)(=O)C(F)(F)F)C(F)(F)F,-3.0200250148773193,-2.4978866577148438,2,7
CCC[n+]1ccn(CO[C@@H]2C[C@H](C)CC[C@H]2C(C)C)c1|O=S(=O)([N-]S(=O)(=O)C(F)(F)F)C(F)(F)F,-2.701571226119995,-2.247375726699829,2,7
O[C@@H](C[N+]1(CCCC1)C)CO|FC(S(=O)(=O)[N-]S(=O)(=O)C(F)(F)F)(F)F,-4.9618449211120605,-6.042691230773926,2,7
O[C@@H](C[N+]1(CCCC1)C)CO|FC(S(=O)(=O)[N-]S(=O)(=O)C(F)(F)F)(F)F,-4.017383575439453,-4.939987659454346,2,7
O[C@@H](C[N+]1(CCCC1)C)CO|FC(S(=O)(=O)[N-]S(=O)(=O)C(F)(F)F)(F)F,-3.194183111190796,-3.8959708213806152,2,7
O[C@@H](C[N+]1(CCCC1)C)CO|FC(S(=O)(=O)[N-]S(=O)(=O)C(F)(F)F)(F)F,-2.5902671813964844,-3.0495243072509766,2,7
O[C@@H](C[N+]1(CCCC1)C)CO|FC(S(=O)(=O)[N-]S(=O)(=O)C(F)(F)F)(F)F,-2.0402207374572754,-2.404709577560425,2,7
O[C@@H](C[N+]1(CCCC1)C)CO|FC(S(=O)(=O)[N-]S(=O)(=O)C(F)(F)F)(F)F,-1.5186835527420044,-1.8671048879623413,2,7
O[C@@H](C[N+]1(CCCC1)C)CO|FC(S(=O)(=O)[N-]S(=O)(=O)C(F)(F)F)(F)F,-1.127011775970459,-1.438796043395996,2,7
CCCC[n+]1ccn(C)c1|F[B-](F)(F)F,-1.639897108078003,-1.506108283996582,2,229
CCCC[n+]1ccn(C)c1|F[B-](F)(F)F,-1.0817551612854004,-0.8699796795845032,2,229
CCCC[n+]1ccn(C)c1|F[B-](F)(F)F,-0.6348782777786255,-0.4456827640533447,2,229
CCCC[n+]1ccn(C)c1|F[B-](F)(F)F,-0.2497442364692688,-0.12441515922546387,2,229
CCCC[n+]1ccn(C)c1|F[B-](F)(F)F,0.06765864789485931,0.0210874080657959,2,229
CCCC[n+]1ccn(C)c1|F[B-](F)(F)F,0.23901690542697906,0.2891707420349121,2,229
CCCC[n+]1ccn(C)c1|F[B-](F)(F)F,0.5068175792694092,0.5456815958023071,2,229
CCCCCCCCCC[n+]1ccn(C)c1|F[P-](F)(F)(F)(F)F,-3.9020726680755615,-3.6076102256774902,2,7
CCCCCCCCCC[n+]1ccn(C)c1|F[P-](F)(F)(F)(F)F,-3.582719326019287,-3.2838735580444336,2,7
CCCCCCCCCC[n+]1ccn(C)c1|F[P-](F)(F)(F)(F)F,-3.2807512283325195,-2.9884183406829834,2,7
CCCCCCCCCC[n+]1ccn(C)c1|F[P-](F)(F)(F)(F)F,-3.0017502307891846,-2.728200912475586,2,7
CCCCCCCCCC[n+]1ccn(C)c1|F[P-](F)(F)(F)(F)F,-2.7379941940307617,-2.4966354370117188,2,7
CCCCCCCCCC[n+]1ccn(C)c1|F[P-](F)(F)(F)(F)F,-2.488914728164673,-2.2930808067321777,2,7
CCCCCCCCCC[n+]1ccn(C)c1|F[P-](F)(F)(F)(F)F,-2.2557015419006348,-2.1138217449188232,2,7
CCCC[n+]1ccn(C)c1|NCCS(=O)(=O)[O-],-4.625372886657715,-4.244344234466553,2,7
CCCC[n+]1ccn(C)c1|NCCS(=O)(=O)[O-],-4.128935813903809,-3.6952109336853027,2,7
CCCC[n+]1ccn(C)c1|NCCS(=O)(=O)[O-],-3.661264181137085,-3.2294344902038574,2,7
CCCC[n+]1ccn(C)c1|NCCS(=O)(=O)[O-],-3.335409641265869,-2.8357906341552734,2,7
CCCC[n+]1ccn(C)c1|NCCS(=O)(=O)[O-],-2.960365056991577,-2.4679720401763916,2,7
CCCC[n+]1ccn(C)c1|NCCS(=O)(=O)[O-],-2.6635549068450928,-2.141709327697754,2,7
CCCC[n+]1ccn(C)c1|NCCS(=O)(=O)[O-],-2.3837952613830566,-1.8480453491210938,2,7
CCCCCCCCC[N+]1(C)CCOCC1|N#C[N-]C#N,-4.135166645050049,-3.376922607421875,2,8
CCCCCCCCC[N+]1(C)CCOCC1|N#C[N-]C#N,-3.5755507946014404,-2.870069980621338,2,8
CCCCCCCCC[N+]1(C)CCOCC1|N#C[N-]C#N,-3.123565673828125,-2.415102243423462,2,8
CCCCCCCCC[N+]1(C)CCOCC1|N#C[N-]C#N,-2.780620813369751,-2.074519395828247,2,8
CCCCCCCCC[N+]1(C)CCOCC1|N#C[N-]C#N,-2.5010359287261963,-1.7695332765579224,2,8
CCCCCCCCC[N+]1(C)CCOCC1|N#C[N-]C#N,-2.263364315032959,-1.5149508714675903,2,8
CCCCCCCCC[N+]1(C)CCOCC1|N#C[N-]C#N,-2.0714733600616455,-1.348595380783081,2,8
Cn1cc[n+](C)c1|O=S(=O)([N-]S(=O)(=O)C(F)(F)F)C(F)(F)F,-0.28768208622932434,-0.8432254195213318,2,35
Cn1cc[n+](C)c1|O=S(=O)([N-]S(=O)(=O)C(F)(F)F)C(F)(F)F,-0.10536051541566849,-0.6816346645355225,2,35
Cn1cc[n+](C)c1|O=S(=O)([N-]S(=O)(=O)C(F)(F)F)C(F)(F)F,0.09531018137931824,-0.544312596321106,2,35
Cn1cc[n+](C)c1|O=S(=O)([N-]S(=O)(=O)C(F)(F)F)C(F)(F)F,0.3364722430706024,-0.27313995361328125,2,35
Cn1cc[n+](C)c1|O=S(=O)([N-]S(=O)(=O)C(F)(F)F)C(F)(F)F,0.7884573340415955,0.16294729709625244,2,35
Cn1cc[n+](C)c1|O=S(=O)([N-]S(=O)(=O)C(F)(F)F)C(F)(F)F,1.1631507873535156,0.4808613061904907,2,35
Cn1cc[n+](C)c1|O=S(=O)([N-]S(=O)(=O)C(F)(F)F)C(F)(F)F,1.4586150646209717,0.7521179914474487,2,35
c(N(CC)CC)1c(N(CC)CC)[c+]1N(C)C|[N-](C#N)C#N,-0.04709160700440407,-0.15153717994689941,2,6
c(N(CC)CC)1c(N(CC)CC)[c+]1N(C)C|[N-](C#N)C#N,0.21833199262619019,-0.03193950653076172,2,6
c(N(CC)CC)1c(N(CC)CC)[c+]1N(C)C|[N-](C#N)C#N,0.45107561349868774,0.05610048770904541,2,6
c(N(CC)CC)1c(N(CC)CC)[c+]1N(C)C|[N-](C#N)C#N,0.6549259424209595,0.15496516227722168,2,6
c(N(CC)CC)1c(N(CC)CC)[c+]1N(C)C|[N-](C#N)C#N,0.8385453820228577,0.262312650680542,2,6
c(N(CC)CC)1c(N(CC)CC)[c+]1N(C)C|[N-](C#N)C#N,1.0009994506835938,0.38331878185272217,2,6
CC[n+]1ccn(C)c1|N#C[N-]C#N,0.9969486594200134,0.14517486095428467,2,56
CC[n+]1ccn(C)c1|N#C[N-]C#N,1.1249295473098755,0.2923903465270996,2,56
CC[n+]1ccn(C)c1|N#C[N-]C#N,1.2697604894638062,0.41861069202423096,2,56
CC[n+]1ccn(C)c1|N#C[N-]C#N,1.348073124885559,0.5395461320877075,2,56
CC[n+]1ccn(C)c1|N#C[N-]C#N,1.4445632696151733,0.6538363695144653,2,56
CC[n+]1ccn(C)c1|N#C[N-]C#N,1.5282278060913086,0.7543452978134155,2,56
C[N+]1(CCOCC[N+]2(C)CCCC2)CCCC1|O=S(=O)([N-]S(=O)(=O)C(F)(F)F)C(F)(F)F.O=S(=O)([N-]S(=O)(=O)C(F)(F)F)C(F)(F)F,-2.111964702606201,-1.795045018196106,2,6
C[N+]1(CCOCC[N+]2(C)CCCC2)CCCC1|O=S(=O)([N-]S(=O)(=O)C(F)(F)F)C(F)(F)F.O=S(=O)([N-]S(=O)(=O)C(F)(F)F)C(F)(F)F,-1.870802640914917,-1.62652587890625,2,6
C[N+]1(CCOCC[N+]2(C)CCCC2)CCCC1|O=S(=O)([N-]S(=O)(=O)C(F)(F)F)C(F)(F)F.O=S(=O)([N-]S(=O)(=O)C(F)(F)F)C(F)(F)F,-1.4696760177612305,-1.391999363899231,2,6
C[N+]1(CCOCC[N+]2(C)CCCC2)CCCC1|O=S(=O)([N-]S(=O)(=O)C(F)(F)F)C(F)(F)F.O=S(=O)([N-]S(=O)(=O)C(F)(F)F)C(F)(F)F,-0.9649559259414673,-1.1740076541900635,2,6
C[N+]1(CCOCC[N+]2(C)CCCC2)CCCC1|O=S(=O)([N-]S(=O)(=O)C(F)(F)F)C(F)(F)F.O=S(=O)([N-]S(=O)(=O)C(F)(F)F)C(F)(F)F,-0.5798184871673584,-0.9771711826324463,2,6
C[N+]1(CCOCC[N+]2(C)CCCC2)CCCC1|O=S(=O)([N-]S(=O)(=O)C(F)(F)F)C(F)(F)F.O=S(=O)([N-]S(=O)(=O)C(F)(F)F)C(F)(F)F,-0.33407512307167053,-0.7967823147773743,2,6
CC[n+]1ccn(C)c1|N#C[N-]C#N,0.9182887077331543,-0.002636432647705078,2,56
CC[n+]1ccn(C)c1|N#C[N-]C#N,1.1885749101638794,0.2923903465270996,2,56
CC[n+]1ccn(C)c1|N#C[N-]C#N,1.4198983907699585,0.5395461320877075,2,56
CC[n+]1ccn(C)c1|N#C[N-]C#N,1.6229462623596191,0.7543452978134155,2,56
CC[n+]1ccn(C)c1|N#C[N-]C#N,1.8043465614318848,0.9058562517166138,2,56
CC[n+]1ccn(C)c1|N#C[N-]C#N,1.9676716327667236,1.0484689474105835,2,56
CC[n+]1ccn(C)c1|CC(=O)[O-],-1.2465324401855469,-1.9278993606567383,2,67
CC[n+]1ccn(C)c1|CC(=O)[O-],-0.9845695495605469,-1.5317813158035278,2,67
CC[n+]1ccn(C)c1|CC(=O)[O-],-0.7486599087715149,-1.1654505729675293,2,67
CC[n+]1ccn(C)c1|CC(=O)[O-],-0.5327304601669312,-0.88029944896698,2,67
CC[n+]1ccn(C)c1|CC(=O)[O-],-0.2744368314743042,-0.6803159117698669,2,67
CC[n+]1ccn(C)c1|CC(=O)[O-],-0.08555788546800613,-0.5137628316879272,2,67
CCCCn1cc[n+](CCOCCOCCOCC[n+]2ccn(CCCC)c2)c1|O=S(=O)([N-]S(=O)(=O)C(F)(F)F)C(F)(F)F.O=S(=O)([N-]S(=O)(=O)C(F)(F)F)C(F)(F)F,-2.631089210510254,-1.954581618309021,2,6
CCCCn1cc[n+](CCOCCOCCOCC[n+]2ccn(CCCC)c2)c1|O=S(=O)([N-]S(=O)(=O)C(F)(F)F)C(F)(F)F.O=S(=O)([N-]S(=O)(=O)C(F)(F)F)C(F)(F)F,-2.343407154083252,-1.8013038635253906,2,6
CCCCn1cc[n+](CCOCCOCCOCC[n+]2ccn(CCCC)c2)c1|O=S(=O)([N-]S(=O)(=O)C(F)(F)F)C(F)(F)F.O=S(=O)([N-]S(=O)(=O)C(F)(F)F)C(F)(F)F,-1.870802640914917,-1.552598476409912,2,6
CCCCn1cc[n+](CCOCCOCCOCC[n+]2ccn(CCCC)c2)c1|O=S(=O)([N-]S(=O)(=O)C(F)(F)F)C(F)(F)F.O=S(=O)([N-]S(=O)(=O)C(F)(F)F)C(F)(F)F,-1.474033236503601,-1.3476771116256714,2,6
CCCCn1cc[n+](CCOCCOCCOCC[n+]2ccn(CCCC)c2)c1|O=S(=O)([N-]S(=O)(=O)C(F)(F)F)C(F)(F)F.O=S(=O)([N-]S(=O)(=O)C(F)(F)F)C(F)(F)F,-1.070024847984314,-1.1888611316680908,2,6
CCCCn1cc[n+](CCOCCOCCOCC[n+]2ccn(CCCC)c2)c1|O=S(=O)([N-]S(=O)(=O)C(F)(F)F)C(F)(F)F.O=S(=O)([N-]S(=O)(=O)C(F)(F)F)C(F)(F)F,-0.744440495967865,-1.0473833084106445,2,6
C(CCC)[N+](CCCC)(CCCC)CCCC|C(CCCCCCCCCCCCCCCCC)(=O)[O-],-5.637994766235352,-5.18624210357666,2,6
C(CCC)[N+](CCCC)(CCCC)CCCC|C(CCCCCCCCCCCCCCCCC)(=O)[O-],-4.894186496734619,-4.572366237640381,2,6
C(CCC)[N+](CCCC)(CCCC)CCCC|C(CCCCCCCCCCCCCCCCC)(=O)[O-],-4.32753849029541,-3.9852399826049805,2,6
C(CCC)[N+](CCCC)(CCCC)CCCC|C(CCCCCCCCCCCCCCCCC)(=O)[O-],-3.8632328510284424,-3.408132791519165,2,6
C(CCC)[N+](CCCC)(CCCC)CCCC|C(CCCCCCCCCCCCCCCCC)(=O)[O-],-3.423443078994751,-2.971196174621582,2,6
C(CCC)[N+](CCCC)(CCCC)CCCC|C(CCCCCCCCCCCCCCCCC)(=O)[O-],-3.213888168334961,-2.549534320831299,2,6
CC[S+](CC)CCOCCOCCOCCOCC[S+](CC)CC|N#C[N-]C#N.N#C[N-]C#N,-1.0817551612854004,-1.7887166738510132,2,6
CC[S+](CC)CCOCCOCCOCCOCC[S+](CC)CC|N#C[N-]C#N.N#C[N-]C#N,-0.891598105430603,-1.6443536281585693,2,6
CC[S+](CC)CCOCCOCCOCCOCC[S+](CC)CC|N#C[N-]C#N.N#C[N-]C#N,-0.4764241874217987,-1.376159906387329,2,6
CC[S+](CC)CCOCCOCCOCCOCC[S+](CC)CC|N#C[N-]C#N.N#C[N-]C#N,-0.05975000560283661,-1.1408790349960327,2,6
CC[S+](CC)CCOCCOCCOCCOCC[S+](CC)CC|N#C[N-]C#N.N#C[N-]C#N,0.23111172020435333,-0.995976984500885,2,6
CC[S+](CC)CCOCCOCCOCCOCC[S+](CC)CC|N#C[N-]C#N.N#C[N-]C#N,0.5092243552207947,-0.8675388097763062,2,6
CC[n+]1ccn(C)c1|CC(=O)[O-],-1.2207798957824707,-1.9278993606567383,2,67
CC[n+]1ccn(C)c1|CC(=O)[O-],-0.9597203135490417,-1.5317813158035278,2,67
CC[n+]1ccn(C)c1|CC(=O)[O-],-0.727738618850708,-1.1654505729675293,2,67
CC[n+]1ccn(C)c1|CC(=O)[O-],-0.5108256340026855,-0.88029944896698,2,67
CC[n+]1ccn(C)c1|CC(=O)[O-],-0.1996711939573288,-0.6803159117698669,2,67
CC[n+]1ccn(C)c1|CC(=O)[O-],-0.016129381954669952,-0.5137628316879272,2,67
CC[S+](CC)CCOCCOCC[S+](CC)CC|O=S(=O)([N-]S(=O)(=O)C(F)(F)F)C(F)(F)F.O=S(=O)([N-]S(=O)(=O)C(F)(F)F)C(F)(F)F,-2.3968958854675293,-1.4182701110839844,2,6
CC[S+](CC)CCOCCOCC[S+](CC)CC|O=S(=O)([N-]S(=O)(=O)C(F)(F)F)C(F)(F)F.O=S(=O)([N-]S(=O)(=O)C(F)(F)F)C(F)(F)F,-2.207274913787842,-1.329373836517334,2,6
CC[S+](CC)CCOCCOCC[S+](CC)CC|O=S(=O)([N-]S(=O)(=O)C(F)(F)F)C(F)(F)F.O=S(=O)([N-]S(=O)(=O)C(F)(F)F)C(F)(F)F,-1.4229583740234375,-1.1909148693084717,2,6
CC[S+](CC)CCOCCOCC[S+](CC)CC|O=S(=O)([N-]S(=O)(=O)C(F)(F)F)C(F)(F)F.O=S(=O)([N-]S(=O)(=O)C(F)(F)F)C(F)(F)F,-1.2587810754776,-1.0673942565917969,2,6
CC[S+](CC)CCOCCOCC[S+](CC)CC|O=S(=O)([N-]S(=O)(=O)C(F)(F)F)C(F)(F)F.O=S(=O)([N-]S(=O)(=O)C(F)(F)F)C(F)(F)F,-1.0966142416000366,-0.9654802680015564,2,6
CC[S+](CC)CCOCCOCC[S+](CC)CC|O=S(=O)([N-]S(=O)(=O)C(F)(F)F)C(F)(F)F.O=S(=O)([N-]S(=O)(=O)C(F)(F)F)C(F)(F)F,-0.7918631434440613,-0.8721741437911987,2,6
CCCC[P+](C)(CCCC)CCCC|O=S(=O)([N-]S(=O)(=O)C(F)(F)F)C(F)(F)F,-3.304978609085083,-3.0845305919647217,2,6
CCCC[P+](C)(CCCC)CCCC|O=S(=O)([N-]S(=O)(=O)C(F)(F)F)C(F)(F)F,-2.599644422531128,-2.5695769786834717,2,6
CCCC[P+](C)(CCCC)CCCC|O=S(=O)([N-]S(=O)(=O)C(F)(F)F)C(F)(F)F,-2.0955710411071777,-2.0972344875335693,2,6
CCCC[P+](C)(CCCC)CCCC|O=S(=O)([N-]S(=O)(=O)C(F)(F)F)C(F)(F)F,-1.6766467094421387,-1.7425265312194824,2,6
CCCC[P+](C)(CCCC)CCCC|O=S(=O)([N-]S(=O)(=O)C(F)(F)F)C(F)(F)F,-1.2765434980392456,-1.4709168672561646,2,6
CCCC[P+](C)(CCCC)CCCC|O=S(=O)([N-]S(=O)(=O)C(F)(F)F)C(F)(F)F,-0.9038681983947754,-1.2868165969848633,2,6
CCCC[n+]1ccn(C)c1|COS(=O)(=O)[O-],-2.263364315032959,-2.0159473419189453,2,31
CCCC[n+]1ccn(C)c1|COS(=O)(=O)[O-],-1.7316055297851562,-1.462860345840454,2,31
CCCC[n+]1ccn(C)c1|COS(=O)(=O)[O-],-1.2765434980392456,-1.024983525276184,2,31
CCCC[n+]1ccn(C)c1|COS(=O)(=O)[O-],-0.8533159494400024,-0.7070635557174683,2,31
CCCC[n+]1ccn(C)c1|COS(=O)(=O)[O-],-0.4732087552547455,-0.44371533393859863,2,31
CCCC[n+]1ccn(C)c1|COS(=O)(=O)[O-],-0.12329821288585663,-0.2081063985824585,2,31
C[N+]1(CCOCCOCCOCC[N+]2(C)CCCC2)CCCC1|N#C[N-]C#N.N#C[N-]C#N,-1.378326177597046,-1.8505949974060059,2,6
C[N+]1(CCOCCOCCOCC[N+]2(C)CCCC2)CCCC1|N#C[N-]C#N.N#C[N-]C#N,-1.210661768913269,-1.6756497621536255,2,6
C[N+]1(CCOCCOCCOCC[N+]2(C)CCCC2)CCCC1|N#C[N-]C#N.N#C[N-]C#N,-0.7808861136436462,-1.3661466836929321,2,6
C[N+]1(CCOCCOCCOCC[N+]2(C)CCCC2)CCCC1|N#C[N-]C#N.N#C[N-]C#N,-0.4261781573295593,-1.1186773777008057,2,6
C[N+]1(CCOCCOCCOCC[N+]2(C)CCCC2)CCCC1|N#C[N-]C#N.N#C[N-]C#N,-0.04186420515179634,-0.9014565944671631,2,6
C[N+]1(CCOCCOCCOCC[N+]2(C)CCCC2)CCCC1|N#C[N-]C#N.N#C[N-]C#N,0.23428130149841309,-0.7015820741653442,2,6
CCCCC[P+](CC)(CC)CC|O=S(=O)([N-]S(=O)(=O)C(F)(F)F)C(F)(F)F,-1.8078888654708862,-2.067856788635254,2,129
CCCCC[P+](CC)(CC)CC|O=S(=O)([N-]S(=O)(=O)C(F)(F)F)C(F)(F)F,-1.3823022842407227,-1.6102313995361328,2,129
CCCCC[P+](CC)(CC)CC|O=S(=O)([N-]S(=O)(=O)C(F)(F)F)C(F)(F)F,-1.0272222757339478,-1.2957464456558228,2,129
CCCCC[P+](CC)(CC)CC|O=S(=O)([N-]S(=O)(=O)C(F)(F)F)C(F)(F)F,-0.7072461247444153,-1.087701678276062,2,129
CCCCC[P+](CC)(CC)CC|O=S(=O)([N-]S(=O)(=O)C(F)(F)F)C(F)(F)F,-0.4140014350414276,-0.9152504801750183,2,129
CCCCC[P+](CC)(CC)CC|O=S(=O)([N-]S(=O)(=O)C(F)(F)F)C(F)(F)F,-0.1578240841627121,-0.7607583999633789,2,129
CCCC[S+]1CCCC1|O=S(=O)([N-]S(=O)(=O)C(F)(F)F)C(F)(F)F,-1.8018097877502441,-1.8359646797180176,2,8
CCCC[S+]1CCCC1|O=S(=O)([N-]S(=O)(=O)C(F)(F)F)C(F)(F)F,-1.56064772605896,-1.561659812927246,2,8
CCCC[S+]1CCCC1|O=S(=O)([N-]S(=O)(=O)C(F)(F)F)C(F)(F)F,-1.3394107818603516,-1.3055675029754639,2,8
CCCC[S+]1CCCC1|O=S(=O)([N-]S(=O)(=O)C(F)(F)F)C(F)(F)F,-0.9467499256134033,-0.9241548776626587,2,8
CCCC[S+]1CCCC1|O=S(=O)([N-]S(=O)(=O)C(F)(F)F)C(F)(F)F,-0.6088060140609741,-0.6823392510414124,2,8
CCCC[S+]1CCCC1|O=S(=O)([N-]S(=O)(=O)C(F)(F)F)C(F)(F)F,-0.3106095790863037,-0.45075666904449463,2,8
C(C)OCC[P+](CCCC)(CCCC)CCCC|FC(C(=O)[O-])(F)F,-3.07261323928833,-2.7121758460998535,2,6
C(C)OCC[P+](CCCC)(CCCC)CCCC|FC(C(=O)[O-])(F)F,-2.570464611053467,-2.320213794708252,2,6
C(C)OCC[P+](CCCC)(CCCC)CCCC|FC(C(=O)[O-])(F)F,-2.111964702606201,-2.0040719509124756,2,6
C(C)OCC[P+](CCCC)(CCCC)CCCC|FC(C(=O)[O-])(F)F,-1.7092581987380981,-1.7952240705490112,2,6
C(C)OCC[P+](CCCC)(CCCC)CCCC|FC(C(=O)[O-])(F)F,-1.343234896659851,-1.6514935493469238,2,6
C(C)OCC[P+](CCCC)(CCCC)CCCC|FC(C(=O)[O-])(F)F,-1.024432897567749,-1.5143775939941406,2,6
CCCCCC[P+](CCCC)(CCCC)CCCC|C(F)(F)(F)S(=O)(=O)[N-]S(=O)(=O)C(F)(F)F,-3.2416326999664307,-3.6295619010925293,2,6
CCCCCC[P+](CCCC)(CCCC)CCCC|C(F)(F)(F)S(=O)(=O)[N-]S(=O)(=O)C(F)(F)F,-2.766209125518799,-3.1519715785980225,2,6
CCCCCC[P+](CCCC)(CCCC)CCCC|C(F)(F)(F)S(=O)(=O)[N-]S(=O)(=O)C(F)(F)F,-2.3176987171173096,-2.705474853515625,2,6
CCCCCC[P+](CCCC)(CCCC)CCCC|C(F)(F)(F)S(=O)(=O)[N-]S(=O)(=O)C(F)(F)F,-1.9379420280456543,-2.31123948097229,2,6
CCCCCC[P+](CCCC)(CCCC)CCCC|C(F)(F)(F)S(=O)(=O)[N-]S(=O)(=O)C(F)(F)F,-1.5896352529525757,-2.0237886905670166,2,6
CCCCCC[P+](CCCC)(CCCC)CCCC|C(F)(F)(F)S(=O)(=O)[N-]S(=O)(=O)C(F)(F)F,-1.265848159790039,-1.8181592226028442,2,6
CCCC[n+]1ccn(C)c1|COS(=O)(=O)[O-],-2.0714733600616455,-1.7161840200424194,2,31
CCCC[n+]1ccn(C)c1|COS(=O)(=O)[O-],-1.8325815200805664,-1.462860345840454,2,31
CCCC[n+]1ccn(C)c1|COS(=O)(=O)[O-],-1.370421051979065,-1.024983525276184,2,31
CCCC[n+]1ccn(C)c1|COS(=O)(=O)[O-],-0.9623346924781799,-0.7070635557174683,2,31
CCCC[n+]1ccn(C)c1|COS(=O)(=O)[O-],-0.5960204601287842,-0.44371533393859863,2,31
CCCC[n+]1ccn(C)c1|COS(=O)(=O)[O-],-0.2783920168876648,-0.2081063985824585,2,31
Cn1cc[n+](C)c1|O=S(=O)([N-]S(=O)(=O)C(F)(F)F)C(F)(F)F,-0.2561834156513214,-0.6816346645355225,2,35
Cn1cc[n+](C)c1|O=S(=O)([N-]S(=O)(=O)C(F)(F)F)C(F)(F)F,-0.08883121609687805,-0.544312596321106,2,35
Cn1cc[n+](C)c1|O=S(=O)([N-]S(=O)(=O)C(F)(F)F)C(F)(F)F,0.055434707552194595,-0.40565454959869385,2,35
Cn1cc[n+](C)c1|O=S(=O)([N-]S(=O)(=O)C(F)(F)F)C(F)(F)F,0.18065349757671356,-0.27313995361328125,2,35
Cn1cc[n+](C)c1|O=S(=O)([N-]S(=O)(=O)C(F)(F)F)C(F)(F)F,0.30158498883247375,-0.15519678592681885,2,35
Cn1cc[n+](C)c1|O=S(=O)([N-]S(=O)(=O)C(F)(F)F)C(F)(F)F,0.4147551655769348,-0.04090237617492676,2,35
CCCCCC[N+](CC)(CC)CC|O=S(=O)([N-]S(=O)(=O)C(F)(F)F)C(F)(F)F,-2.7030627727508545,-2.694741725921631,2,41
CCCCCC[N+](CC)(CC)CC|O=S(=O)([N-]S(=O)(=O)C(F)(F)F)C(F)(F)F,-2.3751556873321533,-2.388420343399048,2,41
CCCCCC[N+](CC)(CC)CC|O=S(=O)([N-]S(=O)(=O)C(F)(F)F)C(F)(F)F,-2.0955710411071777,-2.1395978927612305,2,41
CCCCCC[N+](CC)(CC)CC|O=S(=O)([N-]S(=O)(=O)C(F)(F)F)C(F)(F)F,-1.6296405792236328,-1.7063177824020386,2,41
CCCCCC[N+](CC)(CC)CC|O=S(=O)([N-]S(=O)(=O)C(F)(F)F)C(F)(F)F,-1.2207798957824707,-1.3620232343673706,2,41
CCCCCC[N+](CC)(CC)CC|O=S(=O)([N-]S(=O)(=O)C(F)(F)F)C(F)(F)F,-0.872273862361908,-1.1534180641174316,2,41
CC[n+]1ccn(C)c1|O=S(=O)([O-])C(F)(F)F,-0.0910193994641304,-0.7140452265739441,2,93
CC[n+]1ccn(C)c1|O=S(=O)([O-])C(F)(F)F,0.3701832890510559,-0.2065802812576294,2,93
CC[n+]1ccn(C)c1|O=S(=O)([O-])C(F)(F)F,0.5550338625907898,0.038945555686950684,2,93
CC[n+]1ccn(C)c1|O=S(=O)([O-])C(F)(F)F,0.7834448218345642,0.26396095752716064,2,93
CC[n+]1ccn(C)c1|O=S(=O)([O-])C(F)(F)F,0.9535865187644958,0.4688931703567505,2,93
C(CCC)N1C=[N+](C=C1)C=C|N[C@@H](CC1=CNC=N1)C(=O)[O-],-2.6592600345611572,-5.146825790405273,2,5
C(CCC)N1C=[N+](C=C1)C=C|N[C@@H](CC1=CNC=N1)C(=O)[O-],-2.419118881225586,-4.758736610412598,2,5
C(CCC)N1C=[N+](C=C1)C=C|N[C@@H](CC1=CNC=N1)C(=O)[O-],-2.0955710411071777,-4.368988513946533,2,5
C(CCC)N1C=[N+](C=C1)C=C|N[C@@H](CC1=CNC=N1)C(=O)[O-],-1.8201589584350586,-3.97991943359375,2,5
C(CCC)N1C=[N+](C=C1)C=C|N[C@@H](CC1=CNC=N1)C(=O)[O-],-1.56064772605896,-3.6103954315185547,2,5
CC[n+]1ccn(C)c1|O=S(=O)([O-])C(F)(F)F,-0.21072103083133698,-0.7356773614883423,2,93
CC[n+]1ccn(C)c1|O=S(=O)([O-])C(F)(F)F,-0.15082289278507233,-0.7140452265739441,2,93
CC[n+]1ccn(C)c1|O=S(=O)([O-])C(F)(F)F,-0.10536051541566849,-0.632230281829834,2,93
CC[n+]1ccn(C)c1|O=S(=O)([O-])C(F)(F)F,0.0,-0.5406361818313599,2,93
CC[n+]1ccn(C)c1|O=S(=O)([O-])C(F)(F)F,0.13102826476097107,-0.4584994316101074,2,93
CC[n+]1ccn(C)c1|O=S(=O)([O-])C(F)(F)F,-0.6348782777786255,-1.7774832248687744,2,93
CC[n+]1ccn(C)c1|O=S(=O)([O-])C(F)(F)F,-0.07257069647312164,-0.7058631777763367,2,93
CC[n+]1ccn(C)c1|O=S(=O)([O-])C(F)(F)F,0.3576744496822357,-0.19826388359069824,2,93
CC[n+]1ccn(C)c1|O=S(=O)([O-])C(F)(F)F,0.717839777469635,0.1546567678451538,2,93
CC[n+]1ccn(C)c1|O=S(=O)([O-])C(F)(F)F,1.0919233560562134,0.5389508008956909,2,93
CC[n+]1ccn(C)c1|O=S(=O)([O-])C(F)(F)F,-0.6161861419677734,-1.792044758796692,2,93
CC[n+]1ccn(C)c1|O=S(=O)([O-])C(F)(F)F,-0.08338160812854767,-0.7079094052314758,2,93
CC[n+]1ccn(C)c1|O=S(=O)([O-])C(F)(F)F,0.3646431267261505,-0.2051832675933838,2,93
CC[n+]1ccn(C)c1|O=S(=O)([O-])C(F)(F)F,0.7227059602737427,0.1557908058166504,2,93
CC[n+]1ccn(C)c1|O=S(=O)([O-])C(F)(F)F,1.0952733755111694,0.5412553548812866,2,93
CC[n+]1ccsc1|O=S(=O)([N-]S(=O)(=O)C(F)(F)F)C(F)(F)F,-0.5041810870170593,-0.5287832021713257,2,5
CC[n+]1ccsc1|O=S(=O)([N-]S(=O)(=O)C(F)(F)F)C(F)(F)F,-0.17435339093208313,-0.29612982273101807,2,5
CC[n+]1ccsc1|O=S(=O)([N-]S(=O)(=O)C(F)(F)F)C(F)(F)F,0.1414995640516281,-0.06874871253967285,2,5
CC[n+]1ccsc1|O=S(=O)([N-]S(=O)(=O)C(F)(F)F)C(F)(F)F,0.4356709420681,0.11894714832305908,2,5
CC[n+]1ccsc1|O=S(=O)([N-]S(=O)(=O)C(F)(F)F)C(F)(F)F,0.6841064095497131,0.2797735929489136,2,5
CCCCCCCC[N+](C)(CCCCCCCC)CCCCCCCC|[Cl-],-5.952243804931641,-7.358850002288818,2,5
CCCCCCCC[N+](C)(CCCCCCCC)CCCCCCCC|[Cl-],-5.65499210357666,-6.880923271179199,2,5
CCCCCCCC[N+](C)(CCCCCCCC)CCCCCCCC|[Cl-],-5.3185200691223145,-6.402110576629639,2,5
CCCCCCCC[N+](C)(CCCCCCCC)CCCCCCCC|[Cl-],-5.02068567276001,-5.931562900543213,2,5
CCCCCCCC[N+](C)(CCCCCCCC)CCCCCCCC|[Cl-],-4.74443244934082,-5.47961950302124,2,5
CCCC[n+]1ccn(C)c1|F[B-](F)(F)F,-1.2039728164672852,-2.0076541900634766,2,229
CCCC[n+]1ccn(C)c1|F[B-](F)(F)F,-0.5108256340026855,-1.1204396486282349,2,229
CCCC[n+]1ccn(C)c1|F[B-](F)(F)F,-0.10536051541566849,-0.6468977928161621,2,229
CCCC[n+]1ccn(C)c1|F[B-](F)(F)F,0.2623642683029175,-0.27824831008911133,2,229
CC[n+]1ccn(C)c1|N#C[N-]C#N,1.1724821329116821,0.14517486095428467,2,56
CC[n+]1ccn(C)c1|N#C[N-]C#N,1.5245333909988403,0.5395461320877075,2,56
CC[n+]1ccn(C)c1|N#C[N-]C#N,1.8205088376998901,0.8322707414627075,2,56
CC[n+]1ccn(C)c1|O=S(=O)([O-])C(F)(F)F,-0.5025268197059631,-1.340705394744873,2,93
CC[n+]1ccn(C)c1|O=S(=O)([O-])C(F)(F)F,-0.15198636054992676,-0.7140452265739441,2,93
CC[n+]1ccn(C)c1|O=S(=O)([O-])C(F)(F)F,0.804688572883606,0.26396095752716064,2,93
CCCCn1cc[n+](Cc2ccc(C)cc2)c1|O=S(=O)([N-]S(=O)(=O)C(F)(F)F)C(F)(F)F,-3.1902883052825928,-2.256387948989868,2,4
CCCCn1cc[n+](Cc2ccc(C)cc2)c1|O=S(=O)([N-]S(=O)(=O)C(F)(F)F)C(F)(F)F,-2.8421530723571777,-1.994321584701538,2,4
CCCCn1cc[n+](Cc2ccc(C)cc2)c1|O=S(=O)([N-]S(=O)(=O)C(F)(F)F)C(F)(F)F,-2.2749698162078857,-1.5844752788543701,2,4
CCCCn1cc[n+](Cc2ccc(C)cc2)c1|O=S(=O)([N-]S(=O)(=O)C(F)(F)F)C(F)(F)F,-1.5798791646957397,-1.0761216878890991,2,4
CC[n+]1ccn(C)c1|N#C[N-]C#N,0.9669838547706604,0.14075863361358643,2,56
CC[n+]1ccn(C)c1|N#C[N-]C#N,1.8293763399124146,1.0464516878128052,2,56
CCC[N+]1(C)CCCC1|N#C[N-]C#N,0.45107561349868774,-0.45077013969421387,2,27
CCC[N+]1(C)CCCC1|N#C[N-]C#N,0.982078492641449,0.1333479881286621,2,27
CCC[N+]1(C)CCCC1|N#C[N-]C#N,1.4906543493270874,0.5376375913619995,2,27
CCCCCCCCCCCCCC[N+](CC)(CC)CC|O=S(=O)([N-]S(=O)(=O)C(F)(F)F)C(F)(F)F,-4.605170249938965,-4.187926292419434,2,2
CCCCCCCCCCCCCC[N+](CC)(CC)CC|O=S(=O)([N-]S(=O)(=O)C(F)(F)F)C(F)(F)F,-3.8632328510284424,-3.8336544036865234,2,2
CC[n+]1ccn(C)c1|O=C([O-])C(F)(F)F,0.0,-0.7378326058387756,2,3
CC[n+]1ccn(C)c1|O=C([O-])C(F)(F)F,0.4700036346912384,-0.20455968379974365,2,3
CC[n+]1ccn(C)c1|O=S(=O)([O-])C(F)(F)F,0.3364722430706024,-0.2065802812576294,2,93
CCCCO[n+]1ccn(CCCC)c1|O=S(=O)([O-])C(F)(F)F,-0.9416085481643677,-2.008284568786621,2,1
CCCC[n+]1ccc(C)cc1|O=S(=O)([N-]S(=O)(=O)C(F)(F)F)C(F)(F)F,-1.1026203632354736,-1.7317838668823242,2,39
CCCC[n+]1ccc(C)cc1|O=S(=O)([N-]S(=O)(=O)C(F)(F)F)C(F)(F)F,-1.099612832069397,-1.7317838668823242,2,39
CC[n+]1ccn(C)c1|O=S(=O)([O-])C(F)(F)F,-0.15082289278507233,-1.0005943775177002,2,93
CC[n+]1ccn(C)c1|O=C([O-])C(F)(F)F,-0.040821995586156845,-1.0053315162658691,2,3
CC[n+]1ccn(C)c1|CC(=O)[O-],-1.2140231132507324,-1.9278993606567383,2,67
COCC[n+]1ccn(C)c1|O=S(=O)([O-])C(F)(F)F,-1.021651268005371,-1.3125078678131104,2,1
Cn1cc[n+](C)c1|O=S(=O)([N-]S(=O)(=O)C(F)(F)F)C(F)(F)F,-0.17435339093208313,-0.8486120104789734,2,35
CCn1c[n+](CC)cc1C|O=S(=O)([N-]S(=O)(=O)C(F)(F)F)C(F)(F)F,-0.4780358076095581,-1.623079538345337,2,1
CCCCn1cc[n+](C)c1|O=C[O-],-1.4524341821670532,-1.6899068355560303,2,19
CCCC[n+]1ccn(C)c1|F[B-](F)(F)F,-1.414693832397461,-1.506108283996582,2,229
CC[n+]1ccn(C)c1|O=S(=O)([O-])C(F)(F)F,-0.07364653795957565,-0.7160900831222534,2,93
CCn1cc[n+](C)c1|N[C@@H](Cc1ccccc1)C(=O)[O-],-5.11599588394165,-6.27885627746582,2,1
CC[n+]1ccn(C)c1|CC[C@H](C)[C@H](N)C(=O)[O-],-7.2788190841674805,-4.9358954429626465,2,1
CCCC[N+]1(C)CCCCC1|F[B-](F)(F)c1ccccc1,-3.4173266887664795,-2.7716996669769287,2,12
CC[n+]1ccn(C)c1|NC(=O)CC[C@H](N)C(=O)[O-],-10.98229694366455,-4.839903354644775,2,1
CCCC[n+]1ccn(C)c1|F[B-](F)(F)F,-3.2860846519470215,-2.003277063369751,2,229
CCCC[n+]1ccn(C)c1|F[B-](F)(F)F,-0.8651224374771118,-1.1286126375198364,2,229
CCCC[n+]1ccn(C)c1C|[Br-],-1.742969274520874,0.24957644939422607,2,1
CCCC[n+]1ccn(C)c1|O=S(=O)([O-])O,-6.571282863616943,-1.8749921321868896,2,1
CCCC[n+]1ccn(C)c1|F[B-](F)(F)F,-0.891598105430603,-1.795333743095398,2,229
CC[n+]1ccn(C)c1|N[C@@H](Cc1c[nH]cn1)C(=O)[O-],-11.512925148010254,-5.5269341468811035,2,1
CCCCCC[N+](C)(C)C|O=S(=O)([N-]S(=O)(=O)C(F)(F)F)C(F)(F)F,-2.189256429672241,-1.7736369371414185,2,3
CCCCCCCCCC[N+](C)(C)C(C)C|O=S(=O)([N-]S(=O)(=O)C(F)(F)F)C(F)(F)F,-2.995732307434082,-4.461305618286133,2,1
CCCCCC[N+](C)(C)C(C)C|O=S(=O)([N-]S(=O)(=O)C(F)(F)F)C(F)(F)F,-2.1202635765075684,-3.30863618850708,2,1
CC(C)[N+](C)(C)CCO|O=S(=O)([N-]S(=O)(=O)C(F)(F)F)C(F)(F)F,-1.8971199989318848,-3.176314115524292,2,1
C(CCC)[P+](CCCC)(CCCC)CCCC|S1C(=CC=C1)C(=O)[O-],-4.976233959197998,-3.9585671424865723,2,1
C[N+]1(CCO)CCCC1|O=S(=O)([N-]S(=O)(=O)C(F)(F)F)C(F)(F)F,-1.0498220920562744,-2.524700164794922,2,14
CCC[N+]1(C)CCCC1|CC(O)C(=O)[O-],-1.6502598524093628,-2.568122386932373,2,22
CCCCCCCCCCCC[P+](CCCC)(CCCC)CCCC|O=S(=O)([N-]S(=O)(=O)C(F)(F)F)C(F)(F)F,-4.135166645050049,-4.413679599761963,2,1
CCCCCC[N+](C)(C)C|O=S(=O)([N-]S(=O)(=O)C(F)(F)F)C(F)(F)F,-1.7719568014144897,-1.7760889530181885,2,3
CCCC[n+]1ccn(C)c1|F[B-](F)(F)F,-0.5499129891395569,-1.11918306350708,2,229
CCCC[N+](C)(CC)CC|O=S(=O)([N-]S(=O)(=O)C(F)(F)F)C(F)(F)F,-1.272965669631958,-1.3831567764282227,2,2
CCCC[N+](C)(CCC)CCC|O=S(=O)([N-]S(=O)(=O)C(F)(F)F)C(F)(F)F,-2.6592600345611572,-1.8617569208145142,2,1
CCCC[n+]1ccn(C)c1|F[B-](F)(F)F,-1.0498220920562744,-1.6914100646972656,2,229
CCCn1cc[n+](C)c1C|O=S(=O)([N-]S(=O)(=O)C(F)(F)F)C(F)(F)F,-1.2039728164672852,-1.461757779121399,2,8
CC[n+]1ccn(C)c1|F[P-](F)(F)(F)(F)F,-0.6539264917373657,-1.396927833557129,2,48
CCCC[n+]1ccn(C)c1|F[B-](F)(F)F,-0.8301130533218384,-1.5105468034744263,2,229
CCCC[n+]1ccn(C)c1|F[B-](F)(F)F,-1.0498220920562744,-1.5105468034744263,2,229
CC[n+]1ccn(C)c1|CC(=O)[O-],-1.2482730150222778,-2.0847389698028564,2,67
CCOC[N+](C)(C)CCO|O=S(=O)([N-]S(=O)(=O)C(F)(F)F)C(F)(F)F,-1.7203694581985474,-1.9486744403839111,2,1
CCCCCCCCOC[N+](C)(C)CCO|O=S(=O)([N-]S(=O)(=O)C(F)(F)F)C(F)(F)F,-2.4304184913635254,-3.0364928245544434,2,1
CCCCCOC[N+](C)(C)CCOC(C)=O|O=S(=O)([N-]S(=O)(=O)C(F)(F)F)C(F)(F)F,-2.4304184913635254,-2.428199291229248,2,1
CCCCCCCCC[N+]1(C)CCOCC1|N#C[N-]C#N,-4.160484313964844,-3.3689098358154297,2,8
CCCCn1cc[n+]([C@H](C)c2ccccc2)c1|F[B-](F)(F)F,-2.207274913787842,-3.253457546234131,2,1
CCCCCn1cc[n+]([C@H](C)c2ccccc2)c1|F[B-](F)(F)F,-3.5065579414367676,-3.556558132171631,2,1
CCCC[P+](CCCC)(CCCC)CSC|O=S(=O)(F)[N-]S(=O)(=O)F,-2.7302958965301514,-2.6468417644500732,2,1
CCCCCCC[N+](C)(C)C|O=S(=O)([N-]S(=O)(=O)C(F)(F)F)C(F)(F)F,-3.2188758850097656,-2.4700114727020264,2,1
CCCC[P+](CCCC)(CCCC)CCSCC|O=S(=O)(F)[N-]S(=O)(=O)F,-2.8217790126800537,-2.9264726638793945,2,1
CCCCCC[N+](C)(C)C|O=S(=O)([N-]S(=O)(=O)C(F)(F)F)C(F)(F)F,-3.146555185317993,-2.228562116622925,2,3
CC[n+]1ccn(C)c1|N#C[N-]C#N,1.0402767658233643,0.14517486095428467,2,56
CCCCCC[N+](CC)(CC)CC|O=S(=O)([N-]S(=O)(=O)C(F)(F)F)C(F)(F)F,-2.7030627727508545,-2.3910579681396484,2,41
CC[n+]1ccn(C)c1|CC(=O)[O-],-0.9675840139389038,-1.9318193197250366,2,67
CCCC[n+]1ccn(C)c1|F[B-](F)(F)F,-1.3318061828613281,-1.5105468034744263,2,229
CCCC[n+]1ccn(C)c1|F[B-](F)(F)F,-1.0023934841156006,-1.5105468034744263,2,229
CCCC[n+]1ccn(C)c1|F[B-](F)(F)F,-1.021651268005371,-1.5105468034744263,2,229
C=CC[n+]1ccn(C)c1|O=C([O-])c1ccccc1,-3.2493350505828857,-3.233607292175293,2,1
CC[N+]1(C)CCCC1|N#C[N-]C#N,0.6931471824645996,-0.09581005573272705,2,1
CC[S+]1CCCC1|N#C[N-]C#N,0.5653138160705566,-0.06511223316192627,2,1
CC[n+]1ccn(C)c1|N#C[N-]C#N,1.0508216619491577,-0.007089376449584961,2,56
CCCCC[n+]1ccccc1|O=S(=O)([N-]S(=O)(=O)C(F)(F)F)C(F)(F)F,-1.5324769020080566,-1.630388855934143,2,22
CCCC[S+]1CCCC1|O=S(=O)([N-]S(=O)(=O)C(F)(F)F)C(F)(F)F,-1.1394343376159668,-1.8446539640426636,2,8
CC[N+](CC)(CC)CCOC|F[B-](F)(F)C(F)(F)C(F)(F)C(F)(F)C(F)(F)F,-2.207274913787842,-1.4875614643096924,2,1
CCC[N+](C)(CC)CC|O=S(=O)([N-]S(=O)(=O)C(F)(F)F)C(F)(F)F,-1.5141277313232422,-1.5266799926757812,2,1
CC[N+](C)(C)CCOC|F[B-](F)(F)C(F)(F)F,-1.3862943649291992,-1.4687389135360718,2,1
CCCC[N+](C)(CC)CC|O=S(=O)([N-]S(=O)(=O)C(F)(F)F)C(F)(F)F,-1.8325815200805664,-1.8098193407058716,2,2
CCCC[S+]1CCCC1|O=S(=O)([N-]S(=O)(=O)C(F)(F)F)C(F)(F)F,-1.56064772605896,-1.5641887187957764,2,8
CCCCCCCC[P+](CC)(CC)CC|O=S(=O)([N-]S(=O)(=O)C(F)(F)F)C(F)(F)F,-5.62404727935791,-3.5684547424316406,3,103
CCCCCCCC[P+](CC)(CC)CC|O=S(=O)([N-]S(=O)(=O)C(F)(F)F)C(F)(F)F,-3.2589168548583984,-3.5680220127105713,3,103
CCCCCCCC[P+](CC)(CC)CC|O=S(=O)([N-]S(=O)(=O)C(F)(F)F)C(F)(F)F,-3.2914464473724365,-3.5680220127105713,3,103
CCCCCCCC[P+](CC)(CC)CC|O=S(=O)([N-]S(=O)(=O)C(F)(F)F)C(F)(F)F,-3.300628423690796,-3.5680220127105713,3,103
CCCCCCCC[P+](CC)(CC)CC|O=S(=O)([N-]S(=O)(=O)C(F)(F)F)C(F)(F)F,-3.396209955215454,-3.5680220127105713,3,103
CCCCCCCC[P+](CC)(CC)CC|O=S(=O)([N-]S(=O)(=O)C(F)(F)F)C(F)(F)F,-3.46958327293396,-3.5680220127105713,3,103
CCCCCCCC[P+](CC)(CC)CC|O=S(=O)([N-]S(=O)(=O)C(F)(F)F)C(F)(F)F,-3.6566059589385986,-3.5680220127105713,3,103
CCCCCCCC[P+](CC)(CC)CC|O=S(=O)([N-]S(=O)(=O)C(F)(F)F)C(F)(F)F,-3.7884788513183594,-3.5680220127105713,3,103
CCCCCCCC[P+](CC)(CC)CC|O=S(=O)([N-]S(=O)(=O)C(F)(F)F)C(F)(F)F,-3.915027618408203,-3.5680220127105713,3,103
CCCCCCCC[P+](CC)(CC)CC|O=S(=O)([N-]S(=O)(=O)C(F)(F)F)C(F)(F)F,-4.230851650238037,-3.5680220127105713,3,103
CCCCCCCC[P+](CC)(CC)CC|O=S(=O)([N-]S(=O)(=O)C(F)(F)F)C(F)(F)F,-4.533780097961426,-3.5680220127105713,3,103
CCCCCCCC[P+](CC)(CC)CC|O=S(=O)([N-]S(=O)(=O)C(F)(F)F)C(F)(F)F,-4.812194347381592,-3.5680220127105713,3,103
CCCCCCCC[P+](CC)(CC)CC|O=S(=O)([N-]S(=O)(=O)C(F)(F)F)C(F)(F)F,-5.0896782875061035,-3.5680220127105713,3,103
CCCCCCCC[P+](CC)(CC)CC|O=S(=O)([N-]S(=O)(=O)C(F)(F)F)C(F)(F)F,-3.2746529579162598,-3.5675880908966064,3,103
CCCCCCCC[P+](CC)(CC)CC|O=S(=O)([N-]S(=O)(=O)C(F)(F)F)C(F)(F)F,-3.3298072814941406,-3.5675880908966064,3,103
CCCCCCCC[P+](CC)(CC)CC|O=S(=O)([N-]S(=O)(=O)C(F)(F)F)C(F)(F)F,-3.530850648880005,-3.5675880908966064,3,103
CCCCCCCC[P+](CC)(CC)CC|O=S(=O)([N-]S(=O)(=O)C(F)(F)F)C(F)(F)F,-3.6019680500030518,-3.5675880908966064,3,103
CCCCCCCC[P+](CC)(CC)CC|O=S(=O)([N-]S(=O)(=O)C(F)(F)F)C(F)(F)F,-5.364457130432129,-3.5675880908966064,3,103
CCCCCCCC[P+](CC)(CC)CC|O=S(=O)([N-]S(=O)(=O)C(F)(F)F)C(F)(F)F,-2.433833360671997,-2.8607025146484375,3,103
CCCCCCCC[P+](CC)(CC)CC|O=S(=O)([N-]S(=O)(=O)C(F)(F)F)C(F)(F)F,-2.468639612197876,-2.8607025146484375,3,103
CCCCCCCC[P+](CC)(CC)CC|O=S(=O)([N-]S(=O)(=O)C(F)(F)F)C(F)(F)F,-2.502256393432617,-2.8607025146484375,3,103
CCCCCCCC[P+](CC)(CC)CC|O=S(=O)([N-]S(=O)(=O)C(F)(F)F)C(F)(F)F,-2.791975498199463,-2.8607025146484375,3,103
CCCCCCCC[P+](CC)(CC)CC|O=S(=O)([N-]S(=O)(=O)C(F)(F)F)C(F)(F)F,-2.9040651321411133,-2.8607025146484375,3,103
CCCCCCCC[P+](CC)(CC)CC|O=S(=O)([N-]S(=O)(=O)C(F)(F)F)C(F)(F)F,-3.2901034355163574,-2.8607025146484375,3,103
CCCCCCCC[P+](CC)(CC)CC|O=S(=O)([N-]S(=O)(=O)C(F)(F)F)C(F)(F)F,-3.8081135749816895,-2.8607025146484375,3,103
CCCCCCCC[P+](CC)(CC)CC|O=S(=O)([N-]S(=O)(=O)C(F)(F)F)C(F)(F)F,-4.059943199157715,-2.8607025146484375,3,103
CCCCCCCC[P+](CC)(CC)CC|O=S(=O)([N-]S(=O)(=O)C(F)(F)F)C(F)(F)F,-4.545016288757324,-2.8607025146484375,3,103
CCCCCCCC[P+](CC)(CC)CC|O=S(=O)([N-]S(=O)(=O)C(F)(F)F)C(F)(F)F,-4.764165878295898,-2.8607025146484375,3,103
CCCCCCCC[P+](CC)(CC)CC|O=S(=O)([N-]S(=O)(=O)C(F)(F)F)C(F)(F)F,-2.441847085952759,-2.8602237701416016,3,103
CCCCCCCC[P+](CC)(CC)CC|O=S(=O)([N-]S(=O)(=O)C(F)(F)F)C(F)(F)F,-2.4557361602783203,-2.8602237701416016,3,103
CCCCCCCC[P+](CC)(CC)CC|O=S(=O)([N-]S(=O)(=O)C(F)(F)F)C(F)(F)F,-2.5587685108184814,-2.8602237701416016,3,103
CCCCCCCC[P+](CC)(CC)CC|O=S(=O)([N-]S(=O)(=O)C(F)(F)F)C(F)(F)F,-2.6214139461517334,-2.8602237701416016,3,103
CCCCCCCC[P+](CC)(CC)CC|O=S(=O)([N-]S(=O)(=O)C(F)(F)F)C(F)(F)F,-2.6809215545654297,-2.8602237701416016,3,103
CCCCCCCC[P+](CC)(CC)CC|O=S(=O)([N-]S(=O)(=O)C(F)(F)F)C(F)(F)F,-2.736449718475342,-2.8602237701416016,3,103
CCCCCCCC[P+](CC)(CC)CC|O=S(=O)([N-]S(=O)(=O)C(F)(F)F)C(F)(F)F,-3.0249550342559814,-2.8602237701416016,3,103
CCCCCCCC[P+](CC)(CC)CC|O=S(=O)([N-]S(=O)(=O)C(F)(F)F)C(F)(F)F,-3.5553979873657227,-2.8602237701416016,3,103
CCCCCCCC[P+](CC)(CC)CC|O=S(=O)([N-]S(=O)(=O)C(F)(F)F)C(F)(F)F,-4.289629936218262,-2.8602237701416016,3,103
CCCCCCCC[P+](CC)(CC)CC|O=S(=O)([N-]S(=O)(=O)C(F)(F)F)C(F)(F)F,-4.998212814331055,-2.8602237701416016,3,103
CCCCCCCC[P+](CC)(CC)CC|O=S(=O)([N-]S(=O)(=O)C(F)(F)F)C(F)(F)F,-1.6409286260604858,-1.7454661130905151,3,103
CCCCCCCC[P+](CC)(CC)CC|O=S(=O)([N-]S(=O)(=O)C(F)(F)F)C(F)(F)F,-2.5678536891937256,-1.7454661130905151,3,103
CCCCCCCC[P+](CC)(CC)CC|O=S(=O)([N-]S(=O)(=O)C(F)(F)F)C(F)(F)F,-1.4342248439788818,-1.7450624704360962,3,103
CCCCCCCC[P+](CC)(CC)CC|O=S(=O)([N-]S(=O)(=O)C(F)(F)F)C(F)(F)F,-1.4806050062179565,-1.7450624704360962,3,103
CCCCCCCC[P+](CC)(CC)CC|O=S(=O)([N-]S(=O)(=O)C(F)(F)F)C(F)(F)F,-1.5347943305969238,-1.7450624704360962,3,103
CCCCCCCC[P+](CC)(CC)CC|O=S(=O)([N-]S(=O)(=O)C(F)(F)F)C(F)(F)F,-1.5886553525924683,-1.7450624704360962,3,103
CCCCCCCC[P+](CC)(CC)CC|O=S(=O)([N-]S(=O)(=O)C(F)(F)F)C(F)(F)F,-1.6895639896392822,-1.7450624704360962,3,103
CCCCCCCC[P+](CC)(CC)CC|O=S(=O)([N-]S(=O)(=O)C(F)(F)F)C(F)(F)F,-1.781413197517395,-1.7450624704360962,3,103
CCCCCCCC[P+](CC)(CC)CC|O=S(=O)([N-]S(=O)(=O)C(F)(F)F)C(F)(F)F,-1.8721022605895996,-1.7450624704360962,3,103
CCCCCCCC[P+](CC)(CC)CC|O=S(=O)([N-]S(=O)(=O)C(F)(F)F)C(F)(F)F,-2.100461006164551,-1.7450624704360962,3,103
CCCCCCCC[P+](CC)(CC)CC|O=S(=O)([N-]S(=O)(=O)C(F)(F)F)C(F)(F)F,-2.3289291858673096,-1.7450624704360962,3,103
CCCCCCCC[P+](CC)(CC)CC|O=S(=O)([N-]S(=O)(=O)C(F)(F)F)C(F)(F)F,-2.7488722801208496,-1.7450624704360962,3,103
CCCCCCCC[P+](CC)(CC)CC|O=S(=O)([N-]S(=O)(=O)C(F)(F)F)C(F)(F)F,-2.950758934020996,-1.7450624704360962,3,103
CCCCCCCC[P+](CC)(CC)CC|O=S(=O)([N-]S(=O)(=O)C(F)(F)F)C(F)(F)F,-3.154024839401245,-1.7450624704360962,3,103
CCCCCCCC[P+](CC)(CC)CC|O=S(=O)([N-]S(=O)(=O)C(F)(F)F)C(F)(F)F,-3.3444390296936035,-1.7450624704360962,3,103
CCCCCCCC[P+](CC)(CC)CC|O=S(=O)([N-]S(=O)(=O)C(F)(F)F)C(F)(F)F,-3.532559633255005,-1.7450624704360962,3,103
CCCCCCCC[P+](CC)(CC)CC|O=S(=O)([N-]S(=O)(=O)C(F)(F)F)C(F)(F)F,-1.379120111465454,-1.7446576356887817,3,103
CCCCCCCC[P+](CC)(CC)CC|O=S(=O)([N-]S(=O)(=O)C(F)(F)F)C(F)(F)F,-1.389900803565979,-1.7446576356887817,3,103
CCCCCCCC[P+](CC)(CC)CC|O=S(=O)([N-]S(=O)(=O)C(F)(F)F)C(F)(F)F,-1.3991769552230835,-1.7446576356887817,3,103
CCCCCCCC[P+](CC)(CC)CC|O=S(=O)([N-]S(=O)(=O)C(F)(F)F)C(F)(F)F,-1.4118173122406006,-1.7446576356887817,3,103
CCCCCCCC[P+](CC)(CC)CC|O=S(=O)([N-]S(=O)(=O)C(F)(F)F)C(F)(F)F,-0.7577923536300659,-1.1847684383392334,3,103
CCCCCCCC[P+](CC)(CC)CC|O=S(=O)([N-]S(=O)(=O)C(F)(F)F)C(F)(F)F,-0.6217572093009949,-1.1846216917037964,3,103
CCCCCCCC[P+](CC)(CC)CC|O=S(=O)([N-]S(=O)(=O)C(F)(F)F)C(F)(F)F,-0.6311118006706238,-1.1846216917037964,3,103
CCCCCCCC[P+](CC)(CC)CC|O=S(=O)([N-]S(=O)(=O)C(F)(F)F)C(F)(F)F,-0.6386590003967285,-1.1846216917037964,3,103
CCCCCCCC[P+](CC)(CC)CC|O=S(=O)([N-]S(=O)(=O)C(F)(F)F)C(F)(F)F,-0.6481738090515137,-1.1846216917037964,3,103
CCCCCCCC[P+](CC)(CC)CC|O=S(=O)([N-]S(=O)(=O)C(F)(F)F)C(F)(F)F,-0.669430673122406,-1.1846216917037964,3,103
CCCCCCCC[P+](CC)(CC)CC|O=S(=O)([N-]S(=O)(=O)C(F)(F)F)C(F)(F)F,-0.7139623165130615,-1.1846216917037964,3,103
CCCCCCCC[P+](CC)(CC)CC|O=S(=O)([N-]S(=O)(=O)C(F)(F)F)C(F)(F)F,-0.7978412508964539,-1.1846216917037964,3,103
CCCCCCCC[P+](CC)(CC)CC|O=S(=O)([N-]S(=O)(=O)C(F)(F)F)C(F)(F)F,-0.8857614994049072,-1.1846216917037964,3,103
CCCCCCCC[P+](CC)(CC)CC|O=S(=O)([N-]S(=O)(=O)C(F)(F)F)C(F)(F)F,-0.9704829454421997,-1.1846216917037964,3,103
CCCCCCCC[P+](CC)(CC)CC|O=S(=O)([N-]S(=O)(=O)C(F)(F)F)C(F)(F)F,-1.0595839023590088,-1.1846216917037964,3,103
CCCCCCCC[P+](CC)(CC)CC|O=S(=O)([N-]S(=O)(=O)C(F)(F)F)C(F)(F)F,-1.4443472623825073,-1.1846216917037964,3,103
CCCCCCCC[P+](CC)(CC)CC|O=S(=O)([N-]S(=O)(=O)C(F)(F)F)C(F)(F)F,-2.3176987171173096,-1.1846216917037964,3,103
CCCCCCCC[P+](CC)(CC)CC|O=S(=O)([N-]S(=O)(=O)C(F)(F)F)C(F)(F)F,-2.4793221950531006,-1.1846216917037964,3,103
CCCCCCCC[P+](CC)(CC)CC|O=S(=O)([N-]S(=O)(=O)C(F)(F)F)C(F)(F)F,-0.8469979166984558,-1.1844745874404907,3,103
CCCCCCCC[P+](CC)(CC)CC|O=S(=O)([N-]S(=O)(=O)C(F)(F)F)C(F)(F)F,-1.243406891822815,-1.1844745874404907,3,103
CCCCCCCC[P+](CC)(CC)CC|O=S(=O)([N-]S(=O)(=O)C(F)(F)F)C(F)(F)F,-1.6270928382873535,-1.1844745874404907,3,103
CCCCCCCC[P+](CC)(CC)CC|O=S(=O)([N-]S(=O)(=O)C(F)(F)F)C(F)(F)F,-1.809109091758728,-1.1844745874404907,3,103
CCCCCCCC[P+](CC)(CC)CC|O=S(=O)([N-]S(=O)(=O)C(F)(F)F)C(F)(F)F,-1.9841313362121582,-1.1844745874404907,3,103
CCCCCCCC[P+](CC)(CC)CC|O=S(=O)([N-]S(=O)(=O)C(F)(F)F)C(F)(F)F,-2.1498639583587646,-1.1844745874404907,3,103
CCCC[N+]1(C)CCCC1|O=S(=O)([N-]S(=O)(=O)C(F)(F)F)C(F)(F)F,-1.2837377786636353,-1.6215590238571167,3,221
CCCC[N+]1(C)CCCC1|O=S(=O)([N-]S(=O)(=O)C(F)(F)F)C(F)(F)F,-1.2444475889205933,-1.5710339546203613,3,221
CCCC[N+]1(C)CCCC1|O=S(=O)([N-]S(=O)(=O)C(F)(F)F)C(F)(F)F,-1.2029732465744019,-1.521944284439087,3,221
CCCC[N+]1(C)CCCC1|O=S(=O)([N-]S(=O)(=O)C(F)(F)F)C(F)(F)F,-1.16155207157135,-1.472854733467102,3,221
CCCC[N+]1(C)CCCC1|O=S(=O)([N-]S(=O)(=O)C(F)(F)F)C(F)(F)F,-1.1193252801895142,-1.4250283241271973,3,221
CCCC[N+]1(C)CCCC1|O=S(=O)([N-]S(=O)(=O)C(F)(F)F)C(F)(F)F,-1.079986810684204,-1.377158761024475,3,221
CCCC[N+]1(C)CCCC1|O=S(=O)([N-]S(=O)(=O)C(F)(F)F)C(F)(F)F,-1.039023518562317,-1.3292893171310425,3,221
CCCC[N+]1(C)CCCC1|O=S(=O)([N-]S(=O)(=O)C(F)(F)F)C(F)(F)F,-0.9991289973258972,-1.2821903228759766,3,221
CCCC[N+]1(C)CCCC1|O=S(=O)([N-]S(=O)(=O)C(F)(F)F)C(F)(F)F,-0.9610266089439392,-1.240920901298523,3,221
CCCC[N+]1(C)CCCC1|O=S(=O)([N-]S(=O)(=O)C(F)(F)F)C(F)(F)F,-0.9225603342056274,-1.2016501426696777,3,221
CCCC[N+]1(C)CCCC1|O=S(=O)([N-]S(=O)(=O)C(F)(F)F)C(F)(F)F,-0.8857614994049072,-1.164861798286438,3,221
CCCC[N+]1(C)CCCC1|O=S(=O)([N-]S(=O)(=O)C(F)(F)F)C(F)(F)F,-0.8498010039329529,-1.128915548324585,3,221
CCCC[N+]1(C)CCCC1|O=S(=O)([N-]S(=O)(=O)C(F)(F)F)C(F)(F)F,-0.8148629665374756,-1.0929691791534424,3,221
CCCC[N+]1(C)CCCC1|O=S(=O)([N-]S(=O)(=O)C(F)(F)F)C(F)(F)F,-0.7795768976211548,-1.0570229291915894,3,221
CCCC[N+]1(C)CCCC1|O=S(=O)([N-]S(=O)(=O)C(F)(F)F)C(F)(F)F,-0.7435986995697021,-1.0211836099624634,3,221
CCCC[N+]1(C)CCCC1|O=S(=O)([N-]S(=O)(=O)C(F)(F)F)C(F)(F)F,-0.708666980266571,-0.9869131445884705,3,221
CCCC[N+]1(C)CCCC1|O=S(=O)([N-]S(=O)(=O)C(F)(F)F)C(F)(F)F,-0.6751108169555664,-0.952642560005188,3,221
CCCC[N+]1(C)CCCC1|O=S(=O)([N-]S(=O)(=O)C(F)(F)F)C(F)(F)F,-0.6407445073127747,-0.9183720350265503,3,221
CCCC[N+]1(C)CCCC1|O=S(=O)([N-]S(=O)(=O)C(F)(F)F)C(F)(F)F,-0.6082547307014465,-0.8841015100479126,3,221
CCCC[N+]1(C)CCCC1|O=S(=O)([N-]S(=O)(=O)C(F)(F)F)C(F)(F)F,-0.576431393623352,-0.8502911329269409,3,221
CCCC[N+]1(C)CCCC1|O=S(=O)([N-]S(=O)(=O)C(F)(F)F)C(F)(F)F,-0.5440377593040466,-0.8179162740707397,3,221
CCCC[N+]1(C)CCCC1|O=S(=O)([N-]S(=O)(=O)C(F)(F)F)C(F)(F)F,-0.5138301253318787,-0.7863187789916992,3,221
CCCC[N+]1(C)CCCC1|O=S(=O)([N-]S(=O)(=O)C(F)(F)F)C(F)(F)F,-0.4846706688404083,-0.7550415396690369,3,221
CCCC[N+]1(C)CCCC1|O=S(=O)([N-]S(=O)(=O)C(F)(F)F)C(F)(F)F,-0.45365795493125916,-0.7246896028518677,3,221
CCCC[N+]1(C)CCCC1|O=S(=O)([N-]S(=O)(=O)C(F)(F)F)C(F)(F)F,-0.4229673743247986,-0.6953203082084656,3,221
CCCC[N+]1(C)CCCC1|O=S(=O)([N-]S(=O)(=O)C(F)(F)F)C(F)(F)F,-0.3952672779560089,-0.6659509539604187,3,221
CCCC[N+]1(C)CCCC1|O=S(=O)([N-]S(=O)(=O)C(F)(F)F)C(F)(F)F,-0.3654274344444275,-0.6365816593170166,3,221
CCCC[N+]1(C)CCCC1|O=S(=O)([N-]S(=O)(=O)C(F)(F)F)C(F)(F)F,-0.33771300315856934,-0.6071805953979492,3,221
CCCC[N+]1(C)CCCC1|O=S(=O)([N-]S(=O)(=O)C(F)(F)F)C(F)(F)F,-0.3107460141181946,-0.5772145986557007,3,221
CCCC[N+]1(C)CCCC1|O=S(=O)([N-]S(=O)(=O)C(F)(F)F)C(F)(F)F,-0.28223028779029846,-0.5471082925796509,3,221
CCCC[N+]1(C)CCCC1|O=S(=O)([N-]S(=O)(=O)C(F)(F)F)C(F)(F)F,-0.25515034794807434,-0.5159602165222168,3,221
CCCC[N+]1(C)CCCC1|O=S(=O)([N-]S(=O)(=O)C(F)(F)F)C(F)(F)F,-0.22941316664218903,-0.48585736751556396,3,221
CCCC[N+]1(C)CCCC1|O=S(=O)([N-]S(=O)(=O)C(F)(F)F)C(F)(F)F,-0.2028508484363556,-0.4557546377182007,3,221
CCCC[N+]1(C)CCCC1|O=S(=O)([N-]S(=O)(=O)C(F)(F)F)C(F)(F)F,-0.17554457485675812,-0.42612671852111816,3,221
CCCC[N+]1(C)CCCC1|O=S(=O)([N-]S(=O)(=O)C(F)(F)F)C(F)(F)F,-0.1514044553041458,-0.3993173837661743,3,221
CCCC[N+]1(C)CCCC1|O=S(=O)([N-]S(=O)(=O)C(F)(F)F)C(F)(F)F,-0.12329821288585663,-0.37249696254730225,3,221
CCCC[N+]1(C)CCCC1|O=S(=O)([N-]S(=O)(=O)C(F)(F)F)C(F)(F)F,-0.09321238100528717,-0.34485065937042236,3,221
CCCC[N+]1(C)CCCC1|O=S(=O)([N-]S(=O)(=O)C(F)(F)F)C(F)(F)F,-0.06400533020496368,-0.3184359073638916,3,221
CCCC[N+]1(C)CCCC1|O=S(=O)([N-]S(=O)(=O)C(F)(F)F)C(F)(F)F,-0.035627178847789764,-0.2933170795440674,3,221
CCCC[N+]1(C)CCCC1|O=S(=O)([N-]S(=O)(=O)C(F)(F)F)C(F)(F)F,-0.007024615071713924,-0.2681983709335327,3,221
CCCC[N+]1(C)CCCC1|O=S(=O)([N-]S(=O)(=O)C(F)(F)F)C(F)(F)F,0.019802628085017204,-0.24307942390441895,3,221
CCCC[N+]1(C)CCCC1|O=S(=O)([N-]S(=O)(=O)C(F)(F)F)C(F)(F)F,0.04783732816576958,-0.21796059608459473,3,221
CCCC[N+]1(C)CCCC1|O=S(=O)([N-]S(=O)(=O)C(F)(F)F)C(F)(F)F,0.07417939603328705,-0.19284188747406006,3,221
CCCC[N+]1(C)CCCC1|O=S(=O)([N-]S(=O)(=O)C(F)(F)F)C(F)(F)F,0.1007499024271965,-0.16772305965423584,3,221
CCCC[N+]1(C)CCCC1|O=S(=O)([N-]S(=O)(=O)C(F)(F)F)C(F)(F)F,0.1248689815402031,-0.14260411262512207,3,221
CCCC[N+]1(C)CCCC1|O=S(=O)([N-]S(=O)(=O)C(F)(F)F)C(F)(F)F,0.1527210921049118,-0.11748552322387695,3,221
CCCC[N+]1(C)CCCC1|O=S(=O)([N-]S(=O)(=O)C(F)(F)F)C(F)(F)F,0.18065349757671356,-0.09236657619476318,3,221
CCCC[N+]1(C)CCCC1|O=S(=O)([N-]S(=O)(=O)C(F)(F)F)C(F)(F)F,0.20375683903694153,-0.067574143409729,3,221
CCCC[N+]1(C)CCCC1|O=S(=O)([N-]S(=O)(=O)C(F)(F)F)C(F)(F)F,0.22952315211296082,-0.04321873188018799,3,221
CCCC[N+]1(C)CCCC1|O=S(=O)([N-]S(=O)(=O)C(F)(F)F)C(F)(F)F,0.2561914026737213,-0.02043628692626953,3,221
CCCC[N+]1(C)CCCC1|O=S(=O)([N-]S(=O)(=O)C(F)(F)F)C(F)(F)F,0.2799018919467926,0.00195467472076416,3,221
CCCC[N+]1(C)CCCC1|O=S(=O)([N-]S(=O)(=O)C(F)(F)F)C(F)(F)F,0.30453920364379883,0.024345755577087402,3,221
CCCC[N+]1(C)CCCC1|O=S(=O)([N-]S(=O)(=O)C(F)(F)F)C(F)(F)F,0.3328944146633148,0.045946717262268066,3,221
CCCC[N+]1(C)CCCC1|O=S(=O)([N-]S(=O)(=O)C(F)(F)F)C(F)(F)F,0.35697489976882935,0.06698262691497803,3,221
CCCC[N+]1(C)CCCC1|O=S(=O)([N-]S(=O)(=O)C(F)(F)F)C(F)(F)F,0.3804891109466553,0.08767294883728027,3,221
CCCC[N+]1(C)CCCC1|O=S(=O)([N-]S(=O)(=O)C(F)(F)F)C(F)(F)F,0.40011751651763916,0.1088019609451294,3,221
CCCC[n+]1ccn(C)c1|F[P-](F)(F)(F)(F)F,-2.6809215545654297,-3.618407726287842,3,168
CCCC[n+]1ccn(C)c1|F[P-](F)(F)(F)(F)F,-2.9169211387634277,-3.618407726287842,3,168
CCCC[n+]1ccn(C)c1|F[P-](F)(F)(F)(F)F,-3.14888334274292,-3.618407726287842,3,168
CCCC[n+]1ccn(C)c1|F[P-](F)(F)(F)(F)F,-1.9220960140228271,-3.617253303527832,3,168
CCCC[n+]1ccn(C)c1|F[P-](F)(F)(F)(F)F,-2.419118881225586,-3.617253303527832,3,168
CCCC[n+]1ccn(C)c1|F[P-](F)(F)(F)(F)F,-1.9812264442443848,-3.6161017417907715,3,168
CCCC[n+]1ccn(C)c1|F[P-](F)(F)(F)(F)F,-1.919365644454956,-3.6161017417907715,3,168
CCCC[n+]1ccn(C)c1|F[P-](F)(F)(F)(F)F,-2.1803674697875977,-3.6161017417907715,3,168
CCCC[n+]1ccn(C)c1|F[P-](F)(F)(F)(F)F,-2.2547478675842285,-3.6161017417907715,3,168
CCCC[n+]1ccn(C)c1|F[P-](F)(F)(F)(F)F,-3.14888334274292,-3.6161017417907715,3,168
CCCC[n+]1ccn(C)c1|F[P-](F)(F)(F)(F)F,-1.9351680278778076,-3.6149470806121826,3,168
CCCC[n+]1ccn(C)c1|F[P-](F)(F)(F)(F)F,-2.5536139011383057,-3.6149470806121826,3,168
CCCC[n+]1ccn(C)c1|F[P-](F)(F)(F)(F)F,-2.8490378856658936,-3.6149470806121826,3,168
CCCC[n+]1ccn(C)c1|F[P-](F)(F)(F)(F)F,-1.9400274753570557,-3.6137924194335938,3,168
CCCC[n+]1ccn(C)c1|F[P-](F)(F)(F)(F)F,-1.4610179662704468,-2.5000758171081543,3,168
CCCC[n+]1ccn(C)c1|F[P-](F)(F)(F)(F)F,-1.0161110162734985,-1.7316583395004272,3,168
CCCC[n+]1ccn(C)c1|F[P-](F)(F)(F)(F)F,-0.8187103867530823,-1.493330717086792,3,168
CCCC[n+]1ccn(C)c1|F[P-](F)(F)(F)(F)F,-2.21000599861145,-1.4924874305725098,3,168
CCCC[n+]1ccn(C)c1|F[P-](F)(F)(F)(F)F,-2.202739715576172,-1.4924874305725098,3,168
CCCC[n+]1ccn(C)c1|F[P-](F)(F)(F)(F)F,-2.4281482696533203,-1.4920650720596313,3,168
CCCC[n+]1ccn(C)c1|F[P-](F)(F)(F)(F)F,-1.272965669631958,-1.4916425943374634,3,168
CCCC[n+]1ccn(C)c1|F[P-](F)(F)(F)(F)F,-1.5095925331115723,-1.4916425943374634,3,168
CCCC[n+]1ccn(C)c1|F[P-](F)(F)(F)(F)F,-1.7487000226974487,-1.4916425943374634,3,168
CCCC[n+]1ccn(C)c1|F[P-](F)(F)(F)(F)F,-1.9768849611282349,-1.4916425943374634,3,168
CCCC[n+]1ccn(C)c1|F[P-](F)(F)(F)(F)F,-1.9732813835144043,-1.4916425943374634,3,168
CCCC[n+]1ccn(C)c1|F[P-](F)(F)(F)(F)F,-2.662121295928955,-1.4916425943374634,3,168
CCCC[n+]1ccn(C)c1|F[P-](F)(F)(F)(F)F,-0.7985076904296875,-1.4912216663360596,3,168
CCCC[n+]1ccn(C)c1|F[P-](F)(F)(F)(F)F,-1.272965669631958,-1.4912216663360596,3,168
CCCC[n+]1ccn(C)c1|F[P-](F)(F)(F)(F)F,-1.5095925331115723,-1.4912216663360596,3,168
CCCC[n+]1ccn(C)c1|F[P-](F)(F)(F)(F)F,-2.433833360671997,-1.4912216663360596,3,168
CCCC[n+]1ccn(C)c1|F[P-](F)(F)(F)(F)F,-2.6592600345611572,-1.4912216663360596,3,168
CCCC[n+]1ccn(C)c1|F[P-](F)(F)(F)(F)F,-0.7918631434440613,-1.4907993078231812,3,168
CCCC[n+]1ccn(C)c1|F[P-](F)(F)(F)(F)F,-1.0356374979019165,-1.4907993078231812,3,168
CCCC[n+]1ccn(C)c1|F[P-](F)(F)(F)(F)F,-1.742969274520874,-1.4903769493103027,3,168
CCCC[n+]1ccn(C)c1|F[P-](F)(F)(F)(F)F,-1.0328245162963867,-1.4853140115737915,3,168
CCCC[n+]1ccn(C)c1|F[P-](F)(F)(F)(F)F,-0.6329932808876038,-1.3091713190078735,3,168
CCCC[n+]1ccn(C)c1|F[P-](F)(F)(F)(F)F,-0.4636240303516388,-1.1513986587524414,3,168
CCCC[n+]1ccn(C)c1|F[P-](F)(F)(F)(F)F,-0.30516737699508667,-0.9925961494445801,3,168
CCCC[n+]1ccn(C)c1|F[P-](F)(F)(F)(F)F,-0.936493456363678,-0.8486593961715698,3,168
CCCC[n+]1ccn(C)c1|F[P-](F)(F)(F)(F)F,-0.15315118432044983,-0.8483851552009583,3,168
CCCC[n+]1ccn(C)c1|F[P-](F)(F)(F)(F)F,-1.1332037448883057,-0.8483851552009583,3,168
CCCC[n+]1ccn(C)c1|F[P-](F)(F)(F)(F)F,-1.5095925331115723,-0.8483851552009583,3,168
CCCC[n+]1ccn(C)c1|F[P-](F)(F)(F)(F)F,-0.548181414604187,-0.848111629486084,3,168
CCCC[n+]1ccn(C)c1|F[P-](F)(F)(F)(F)F,-0.7465479373931885,-0.848111629486084,3,168
CCCC[n+]1ccn(C)c1|F[P-](F)(F)(F)(F)F,-0.1554848998785019,-0.8478372097015381,3,168
CCCC[n+]1ccn(C)c1|F[P-](F)(F)(F)(F)F,-0.3566749393939972,-0.8478372097015381,3,168
CCCC[n+]1ccn(C)c1|F[P-](F)(F)(F)(F)F,-1.3205065727233887,-0.8478372097015381,3,168
CCCC[n+]1ccn(C)c1|F[P-](F)(F)(F)(F)F,-1.6982691287994385,-0.8478372097015381,3,168
CCCC[n+]1ccn(C)c1|F[P-](F)(F)(F)(F)F,-0.009040744975209236,-0.7151641845703125,3,168
CCCC[n+]1ccn(C)c1|F[P-](F)(F)(F)(F)F,0.12619201838970184,-0.596165657043457,3,168
CCCC[N+]1(C)CCCC1|O=S(=O)([N-]S(=O)(=O)C(F)(F)F)C(F)(F)F,-2.1202635765075684,-2.1926705837249756,3,221
CCCC[N+]1(C)CCCC1|O=S(=O)([N-]S(=O)(=O)C(F)(F)F)C(F)(F)F,-1.8971199989318848,-1.8713995218276978,3,221
CCCC[N+]1(C)CCCC1|O=S(=O)([N-]S(=O)(=O)C(F)(F)F)C(F)(F)F,-1.6094379425048828,-1.6061280965805054,3,221
CCCC[N+]1(C)CCCC1|O=S(=O)([N-]S(=O)(=O)C(F)(F)F)C(F)(F)F,-1.3470736742019653,-1.367584466934204,3,221
CCCC[N+]1(C)CCCC1|O=S(=O)([N-]S(=O)(=O)C(F)(F)F)C(F)(F)F,-1.2039728164672852,-1.1576720476150513,3,221
CCCC[N+]1(C)CCCC1|O=S(=O)([N-]S(=O)(=O)C(F)(F)F)C(F)(F)F,-0.9942522644996643,-0.9834858775138855,3,221
CCCC[N+]1(C)CCCC1|O=S(=O)([N-]S(=O)(=O)C(F)(F)F)C(F)(F)F,-0.7765287756919861,-0.8146785497665405,3,221
CCCC[N+]1(C)CCCC1|O=S(=O)([N-]S(=O)(=O)C(F)(F)F)C(F)(F)F,-0.6161861419677734,-0.6659509539604187,3,221
CCCC[N+]1(C)CCCC1|O=S(=O)([N-]S(=O)(=O)C(F)(F)F)C(F)(F)F,-0.4620354473590851,-0.5159602165222168,3,221
CCCC[N+]1(C)CCCC1|O=S(=O)([N-]S(=O)(=O)C(F)(F)F)C(F)(F)F,-0.3011050820350647,-0.3670079708099365,3,221
CCCC[N+]1(C)CCCC1|O=S(=O)([N-]S(=O)(=O)C(F)(F)F)C(F)(F)F,-0.17435339093208313,-0.24559128284454346,3,221
CCCC[N+]1(C)CCCC1|O=S(=O)([N-]S(=O)(=O)C(F)(F)F)C(F)(F)F,-0.040821995586156845,-0.11497342586517334,3,221
CCCC[N+]1(C)CCCC1|O=S(=O)([N-]S(=O)(=O)C(F)(F)F)C(F)(F)F,0.08617769926786423,0.008672475814819336,3,221
CCCC[N+]1(C)CCCC1|O=S(=O)([N-]S(=O)(=O)C(F)(F)F)C(F)(F)F,0.2151113748550415,0.1130286455154419,3,221
CCCC[N+]1(C)CCCC1|O=S(=O)([N-]S(=O)(=O)C(F)(F)F)C(F)(F)F,0.3293037414550781,0.21552717685699463,3,221
CCCC[N+]1(C)CCCC1|O=S(=O)([N-]S(=O)(=O)C(F)(F)F)C(F)(F)F,0.4382549226284027,0.30593037605285645,3,221
CCCC[N+]1(C)CCCC1|O=S(=O)([N-]S(=O)(=O)C(F)(F)F)C(F)(F)F,0.43178242444992065,0.3108011484146118,3,221
CCCC[N+]1(C)CCCC1|O=S(=O)([N-]S(=O)(=O)C(F)(F)F)C(F)(F)F,0.5364933609962463,0.4057563543319702,3,221
CCCC[N+]1(C)CCCC1|O=S(=O)([N-]S(=O)(=O)C(F)(F)F)C(F)(F)F,0.6365768313407898,0.4941173791885376,3,221
CCCC[N+]1(C)CCCC1|O=S(=O)([N-]S(=O)(=O)C(F)(F)F)C(F)(F)F,0.6312717795372009,0.5024758577346802,3,221
CCCC[N+]1(C)CCCC1|O=S(=O)([N-]S(=O)(=O)C(F)(F)F)C(F)(F)F,0.7227059602737427,0.5932093858718872,3,221
CCCC[N+]1(C)CCCC1|O=S(=O)([N-]S(=O)(=O)C(F)(F)F)C(F)(F)F,0.8153648376464844,0.6765154600143433,3,221
CCCC[N+]1(C)CCCC1|O=S(=O)([N-]S(=O)(=O)C(F)(F)F)C(F)(F)F,0.8153648376464844,0.6809946298599243,3,221
CCCC[N+]1(C)CCCC1|O=S(=O)([N-]S(=O)(=O)C(F)(F)F)C(F)(F)F,0.9162907600402832,0.7705711126327515,3,221
CCCC[N+]1(C)CCCC1|O=S(=O)([N-]S(=O)(=O)C(F)(F)F)C(F)(F)F,0.9932518005371094,0.855664849281311,3,221
CCCC[N+]1(C)CCCC1|O=S(=O)([N-]S(=O)(=O)C(F)(F)F)C(F)(F)F,0.9932518005371094,0.8583515882492065,3,221
CCCC[N+]1(C)CCCC1|O=S(=O)([N-]S(=O)(=O)C(F)(F)F)C(F)(F)F,1.0681530237197876,0.9499856233596802,3,221
CCCC[N+]1(C)CCCC1|O=S(=O)([N-]S(=O)(=O)C(F)(F)F)C(F)(F)F,1.1378329992294312,1.0318511724472046,3,221
CCCC[N+]1(C)CCCC1|O=S(=O)([N-]S(=O)(=O)C(F)(F)F)C(F)(F)F,1.1474024057388306,1.0380128622055054,3,221
CCCC[N+]1(C)CCCC1|O=S(=O)([N-]S(=O)(=O)C(F)(F)F)C(F)(F)F,1.2119410037994385,1.1242800951004028,3,221
CCCC[N+]1(C)CCCC1|O=S(=O)([N-]S(=O)(=O)C(F)(F)F)C(F)(F)F,1.2809338569641113,1.207905888557434,3,221
CCCC[N+]1(C)CCCC1|O=S(=O)([N-]S(=O)(=O)C(F)(F)F)C(F)(F)F,1.2781522274017334,1.2123075723648071,3,221
CC[n+]1ccn(C)c1|[I-],-6.1376471519470215,-7.536877632141113,3,91
CC[n+]1ccn(C)c1|[I-],-5.8889079093933105,-6.973385810852051,3,91
CC[n+]1ccn(C)c1|[I-],-5.602128982543945,-6.317469120025635,3,91
CC[n+]1ccn(C)c1|[I-],-5.463191986083984,-5.650010585784912,3,91
CC[n+]1ccn(C)c1|[I-],-5.408132076263428,-5.650010585784912,3,91
CC[n+]1ccn(C)c1|[I-],-5.21950626373291,-4.976469993591309,3,91
CC[n+]1ccn(C)c1|[I-],-5.15681791305542,-4.300869941711426,3,91
CC[n+]1ccn(C)c1|[I-],-5.0896782875061035,-4.300869941711426,3,91
CC[n+]1ccn(C)c1|[I-],-5.049896240234375,-4.300869941711426,3,91
CC[n+]1ccn(C)c1|[I-],-4.939245223999023,-3.668947696685791,3,91
CC[n+]1ccn(C)c1|[I-],-4.908981800079346,-3.0868515968322754,3,91
CC[n+]1ccn(C)c1|[I-],-4.791499614715576,-3.0868515968322754,3,91
CC[n+]1ccn(C)c1|[I-],-4.654360294342041,-2.6906747817993164,3,91
CC[n+]1ccn(C)c1|[I-],-4.648077487945557,-2.554985523223877,3,91
CC[n+]1ccn(C)c1|[I-],-4.709420204162598,-2.0545759201049805,3,91
CC[n+]1ccn(C)c1|[I-],-4.500810146331787,-2.0545759201049805,3,91
CC[n+]1ccn(C)c1|[I-],-4.342805862426758,-1.6315399408340454,3,91
CC[n+]1ccn(C)c1|[I-],-4.4918413162231445,-1.307861566543579,3,91
CC[n+]1ccn(C)c1|[I-],-4.350527763366699,-1.307861566543579,3,91
CC[n+]1ccn(C)c1|[I-],-4.166915416717529,-1.307861566543579,3,91
CC[n+]1ccn(C)c1|[I-],-3.9220733642578125,-1.0509967803955078,3,91
CC[n+]1ccn(C)c1|[I-],-3.8922204971313477,-0.8319199681282043,3,91
CC[n+]1ccn(C)c1|[I-],-3.5684332847595215,-0.8319199681282043,3,91
CC[n+]1ccn(C)c1|[I-],-3.5755507946014404,-0.6351748704910278,3,91
CC[n+]1ccn(C)c1|[I-],-3.2493350505828857,-0.6351748704910278,3,91
CC[n+]1ccn(C)c1|[I-],-3.3639016151428223,-0.5668855905532837,3,91
CC[n+]1ccn(C)c1|[I-],-3.12129545211792,-0.4750562906265259,3,91
CC[n+]1ccn(C)c1|[I-],-2.950758934020996,-0.4160299301147461,3,91
CC[n+]1ccn(C)c1|[I-],-2.602339744567871,-0.3282698392868042,3,91
CC[n+]1ccn(C)c1|[I-],-2.4057259559631348,-0.2719419002532959,3,91
CC[n+]1ccn(C)c1|[I-],-1.8630406856536865,-0.1904759407043457,3,91
CC[n+]1ccn(C)c1|[I-],-1.5186835527420044,-0.13795793056488037,3,91
CC[n+]1ccn(C)c1|[I-],-0.8651224374771118,-0.06257832050323486,3,91
CCCCCCCCCC[n+]1ccn(C)c1|F[B-](F)(F)F,-6.049093723297119,-7.338603496551514,3,50
CCCCCCCCCC[n+]1ccn(C)c1|F[B-](F)(F)F,-5.585999488830566,-6.945797920227051,3,50
CCCCCCCCCC[n+]1ccn(C)c1|F[B-](F)(F)F,-5.153351783752441,-6.539856910705566,3,50
CCCCCCCCCC[n+]1ccn(C)c1|F[B-](F)(F)F,-4.74443244934082,-6.121899127960205,3,50
CCCCCCCCCC[n+]1ccn(C)c1|F[B-](F)(F)F,-4.358310222625732,-5.67137336730957,3,50
CCCCCCCCCC[n+]1ccn(C)c1|F[B-](F)(F)F,-4.350527763366699,-5.67137336730957,3,50
CCCCCCCCCC[n+]1ccn(C)c1|F[B-](F)(F)F,-3.9954047203063965,-5.198484420776367,3,50
CCCCCCCCCC[n+]1ccn(C)c1|F[B-](F)(F)F,-3.9899845123291016,-5.198484420776367,3,50
CCCCCCCCCC[n+]1ccn(C)c1|F[B-](F)(F)F,-3.661264181137085,-4.707645893096924,3,50
CCCCCCCCCC[n+]1ccn(C)c1|F[B-](F)(F)F,-3.6573808193206787,-4.707645893096924,3,50
CCCCCCCCCC[n+]1ccn(C)c1|F[B-](F)(F)F,-3.3552684783935547,-4.184864044189453,3,50
CCCCCCCCCC[n+]1ccn(C)c1|F[B-](F)(F)F,-3.3495540618896484,-4.184864044189453,3,50
CCCCCCCCCC[n+]1ccn(C)c1|F[B-](F)(F)F,-3.07045578956604,-3.6744518280029297,3,50
CCCCCCCCCC[n+]1ccn(C)c1|F[B-](F)(F)F,-3.0640110969543457,-3.6744518280029297,3,50
CCCCCCCCCC[n+]1ccn(C)c1|F[B-](F)(F)F,-2.8001654148101807,-3.159158229827881,3,50
CCCCCCCCCC[n+]1ccn(C)c1|F[B-](F)(F)F,-2.7985219955444336,-3.159158229827881,3,50
CCCCCCCCCC[n+]1ccn(C)c1|F[B-](F)(F)F,-2.5472075939178467,-2.685731887817383,3,50
CCCCCCCCCC[n+]1ccn(C)c1|F[B-](F)(F)F,-2.545931339263916,-2.685731887817383,3,50
CCCCCCCCCC[n+]1ccn(C)c1|F[B-](F)(F)F,-2.314657688140869,-2.291048049926758,3,50
CCCCCCCCCC[n+]1ccn(C)c1|F[B-](F)(F)F,-2.3126354217529297,-2.291048049926758,3,50
CCCCCCCCCC[n+]1ccn(C)c1|F[B-](F)(F)F,-2.0874736309051514,-2.009812116622925,3,50
CCCCCCCCCC[n+]1ccn(C)c1|F[B-](F)(F)F,-1.8773173093795776,-1.771772027015686,3,50
CCCCCCCCCC[n+]1ccn(C)c1|F[B-](F)(F)F,-1.6660082340240479,-1.5595409870147705,3,50
CCCCCCCCCC[n+]1ccn(C)c1|F[B-](F)(F)F,-1.4696760177612305,-1.3869141340255737,3,50
CCCCCCCCCC[n+]1ccn(C)c1|F[B-](F)(F)F,-1.4653375148773193,-1.3869141340255737,3,50
CCCCCCCCCC[n+]1ccn(C)c1|F[B-](F)(F)F,-1.2552660703659058,-1.223572015762329,3,50
CCCCCCCCCC[n+]1ccn(C)c1|F[B-](F)(F)F,-1.2517634630203247,-1.223572015762329,3,50
CCCCCCCCCC[n+]1ccn(C)c1|F[B-](F)(F)F,-1.075872778892517,-1.0696511268615723,3,50
CCCCCCCCCC[n+]1ccn(C)c1|F[B-](F)(F)F,-1.0469690561294556,-1.0696511268615723,3,50
CCCCCCCCCC[n+]1ccn(C)c1|F[B-](F)(F)F,-0.9038681983947754,-0.9293931722640991,3,50
CC[n+]1ccn(C)c1|CCCCCCCCOS(=O)(=O)[O-],-6.214608192443848,-8.467511177062988,3,24
CC[n+]1ccn(C)c1|CCCCCCCCOS(=O)(=O)[O-],-5.80914306640625,-8.018882751464844,3,24
CC[n+]1ccn(C)c1|CCCCCCCCOS(=O)(=O)[O-],-5.2983174324035645,-7.588352680206299,3,24
CC[n+]1ccn(C)c1|CCCCCCCCOS(=O)(=O)[O-],-4.828313827514648,-7.1549835205078125,3,24
CC[n+]1ccn(C)c1|CCCCCCCCOS(=O)(=O)[O-],-4.422848701477051,-6.721561908721924,3,24
CC[n+]1ccn(C)c1|CCCCCCCCOS(=O)(=O)[O-],-4.074542045593262,-6.287614822387695,3,24
CC[n+]1ccn(C)c1|CCCCCCCCOS(=O)(=O)[O-],-3.6888794898986816,-5.838337421417236,3,24
CC[n+]1ccn(C)c1|CCCCCCCCOS(=O)(=O)[O-],-3.381394863128662,-5.37025785446167,3,24
CC[n+]1ccn(C)c1|CCCCCCCCOS(=O)(=O)[O-],-3.0791139602661133,-4.901541709899902,3,24
CC[n+]1ccn(C)c1|CCCCCCCCOS(=O)(=O)[O-],-2.813410758972168,-4.432919979095459,3,24
CC[n+]1ccn(C)c1|CCCCCCCCOS(=O)(=O)[O-],-2.551046371459961,-4.011737823486328,3,24
CC[n+]1ccn(C)c1|CCCCCCCCOS(=O)(=O)[O-],-2.3227877616882324,-3.610948085784912,3,24
CC[n+]1ccn(C)c1|CCCCCCCCOS(=O)(=O)[O-],-2.0874736309051514,-3.2475225925445557,3,24
CC[n+]1ccn(C)c1|CCCCCCCCOS(=O)(=O)[O-],-1.8773173093795776,-2.898731231689453,3,24
CC[n+]1ccn(C)c1|CCCCCCCCOS(=O)(=O)[O-],-1.6450650691986084,-2.5925192832946777,3,24
CC[n+]1ccn(C)c1|CCCCCCCCOS(=O)(=O)[O-],-1.4610179662704468,-2.3017168045043945,3,24
CC[n+]1ccn(C)c1|CCCCCCCCOS(=O)(=O)[O-],-1.2765434980392456,-2.054636001586914,3,24
CC[n+]1ccn(C)c1|CCCCCCCCOS(=O)(=O)[O-],-1.1116975545883179,-1.8754068613052368,3,24
CC[n+]1ccn(C)c1|CCCCCCCCOS(=O)(=O)[O-],-0.9545119404792786,-1.6973540782928467,3,24
CC[n+]1ccn(C)c1|CCCCCCCCOS(=O)(=O)[O-],-0.8051967024803162,-1.5452059507369995,3,24
CC[n+]1ccn(C)c1|CCCCCCCCOS(=O)(=O)[O-],-0.6655319929122925,-1.4105974435806274,3,24
CC[n+]1ccn(C)c1|CCCCCCCCOS(=O)(=O)[O-],-0.5378543138504028,-1.2909154891967773,3,24
CC[n+]1ccn(C)c1|CCCCCCCCOS(=O)(=O)[O-],-0.4140014350414276,-1.1826269626617432,3,24
CC[n+]1ccn(C)c1|CCCCCCCCOS(=O)(=O)[O-],-0.31334182620048523,-1.0677051544189453,3,24
CCCCCC[n+]1ccccc1|O=S(=O)([N-]S(=O)(=O)C(F)(F)F)C(F)(F)F,-3.123565673828125,-3.5503687858581543,3,58
CCCCCC[n+]1ccccc1|O=S(=O)([N-]S(=O)(=O)C(F)(F)F)C(F)(F)F,-2.9374632835388184,-3.3573107719421387,3,58
CCCCCC[n+]1ccccc1|O=S(=O)([N-]S(=O)(=O)C(F)(F)F)C(F)(F)F,-2.780620813369751,-3.1571578979492188,3,58
CCCCCC[n+]1ccccc1|O=S(=O)([N-]S(=O)(=O)C(F)(F)F)C(F)(F)F,-2.617295742034912,-2.9561400413513184,3,58
CCCCCC[n+]1ccccc1|O=S(=O)([N-]S(=O)(=O)C(F)(F)F)C(F)(F)F,-2.4534080028533936,-2.7667925357818604,3,58
CCCCCC[n+]1ccccc1|O=S(=O)([N-]S(=O)(=O)C(F)(F)F)C(F)(F)F,-2.3126354217529297,-2.5876498222351074,3,58
CCCCCC[n+]1ccccc1|O=S(=O)([N-]S(=O)(=O)C(F)(F)F)C(F)(F)F,-2.1803674697875977,-2.40488338470459,3,58
CCCCCC[n+]1ccccc1|O=S(=O)([N-]S(=O)(=O)C(F)(F)F)C(F)(F)F,-2.047942876815796,-2.226853847503662,3,58
CCCCCC[n+]1ccccc1|O=S(=O)([N-]S(=O)(=O)C(F)(F)F)C(F)(F)F,-1.924148678779602,-2.0676944255828857,3,58
CCCCCC[n+]1ccccc1|O=S(=O)([N-]S(=O)(=O)C(F)(F)F)C(F)(F)F,-1.7957675457000732,-1.9333363771438599,3,58
CCCCCC[n+]1ccccc1|O=S(=O)([N-]S(=O)(=O)C(F)(F)F)C(F)(F)F,-1.6766467094421387,-1.8160954713821411,3,58
CCCCCC[n+]1ccccc1|O=S(=O)([N-]S(=O)(=O)C(F)(F)F)C(F)(F)F,-1.5654209852218628,-1.7076903581619263,3,58
CCCCCC[n+]1ccccc1|O=S(=O)([N-]S(=O)(=O)C(F)(F)F)C(F)(F)F,-1.456716775894165,-1.5985909700393677,3,58
CCCCCC[n+]1ccccc1|O=S(=O)([N-]S(=O)(=O)C(F)(F)F)C(F)(F)F,-1.3509272336959839,-1.5066423416137695,3,58
CCCCCC[n+]1ccccc1|O=S(=O)([N-]S(=O)(=O)C(F)(F)F)C(F)(F)F,-1.2241754531860352,-1.4302258491516113,3,58
CCCCCC[n+]1ccccc1|O=S(=O)([N-]S(=O)(=O)C(F)(F)F)C(F)(F)F,-1.1301029920578003,-1.3572146892547607,3,58
CCCCCC[n+]1ccccc1|O=S(=O)([N-]S(=O)(=O)C(F)(F)F)C(F)(F)F,-1.0356374979019165,-1.290193796157837,3,58
CCCCCC[n+]1ccccc1|O=S(=O)([N-]S(=O)(=O)C(F)(F)F)C(F)(F)F,-0.9441759586334229,-1.2241429090499878,3,58
CCCCCC[n+]1ccccc1|O=S(=O)([N-]S(=O)(=O)C(F)(F)F)C(F)(F)F,-0.8603830933570862,-1.1599061489105225,3,58
CCCCCC[n+]1ccccc1|O=S(=O)([N-]S(=O)(=O)C(F)(F)F)C(F)(F)F,-0.774357259273529,-1.0937916040420532,3,58
CCCCCC[n+]1ccccc1|O=S(=O)([N-]S(=O)(=O)C(F)(F)F)C(F)(F)F,-0.6931471824645996,-1.0304611921310425,3,58
CCCCCC[n+]1ccccc1|O=S(=O)([N-]S(=O)(=O)C(F)(F)F)C(F)(F)F,-0.6161861419677734,-0.9701856374740601,3,58
CCCCCC[n+]1ccccc1|O=S(=O)([N-]S(=O)(=O)C(F)(F)F)C(F)(F)F,-0.5430045127868652,-0.9145600199699402,3,58
CCCCCC[n+]1ccccc1|O=S(=O)([N-]S(=O)(=O)C(F)(F)F)C(F)(F)F,-0.4668087363243103,-0.8595597147941589,3,58
CCCCCC[n+]1ccccc1|O=S(=O)([N-]S(=O)(=O)C(F)(F)F)C(F)(F)F,-0.39749693870544434,-0.8056007027626038,3,58
CCC[n+]1ccccc1|F[B-](F)(F)F,-2.2837634086608887,-3.35500431060791,3,25
CCC[n+]1ccccc1|F[B-](F)(F)F,-2.093134880065918,-3.0257582664489746,3,25
CCC[n+]1ccccc1|F[B-](F)(F)F,-1.8878298997879028,-2.7020223140716553,3,25
CCC[n+]1ccccc1|F[B-](F)(F)F,-1.7070508003234863,-2.3793275356292725,3,25
CCC[n+]1ccccc1|F[B-](F)(F)F,-1.5371172428131104,-2.1067757606506348,3,25
CCC[n+]1ccccc1|F[B-](F)(F)F,-1.378326177597046,-1.8707414865493774,3,25
CCC[n+]1ccccc1|F[B-](F)(F)F,-1.1973282098770142,-1.6583186388015747,3,25
CCC[n+]1ccccc1|F[B-](F)(F)F,-1.0441241264343262,-1.4630939960479736,3,25
CCC[n+]1ccccc1|F[B-](F)(F)F,-0.9137938618659973,-1.2786962985992432,3,25
CCC[n+]1ccccc1|F[B-](F)(F)F,-0.7852624654769897,-1.1185952425003052,3,25
CCC[n+]1ccccc1|F[B-](F)(F)F,-0.6616485118865967,-0.9688187837600708,3,25
CCC[n+]1ccccc1|F[B-](F)(F)F,-0.5430045127868652,-0.8455328941345215,3,25
CCC[n+]1ccccc1|F[B-](F)(F)F,-0.43232256174087524,-0.7331200242042542,3,25
CCC[n+]1ccccc1|F[B-](F)(F)F,-0.3257301449775696,-0.6230000257492065,3,25
CCC[n+]1ccccc1|F[B-](F)(F)F,-0.22439433634281158,-0.5228015184402466,3,25
CCC[n+]1ccccc1|F[B-](F)(F)F,-0.12669765949249268,-0.4300508499145508,3,25
CCC[n+]1ccccc1|F[B-](F)(F)F,-0.035627178847789764,-0.3424224853515625,3,25
CCC[n+]1ccccc1|F[B-](F)(F)F,0.06859279423952103,-0.26442527770996094,3,25
CCC[n+]1ccccc1|F[B-](F)(F)F,0.14323416352272034,-0.19001471996307373,3,25
CCC[n+]1ccccc1|F[B-](F)(F)F,0.22872793674468994,-0.1152881383895874,3,25
CCC[n+]1ccccc1|F[B-](F)(F)F,0.3118867576122284,-0.04056131839752197,3,25
CCC[n+]1ccccc1|F[B-](F)(F)F,0.39271754026412964,0.03416550159454346,3,25
CCC[n+]1ccccc1|F[B-](F)(F)F,0.4725005030632019,0.10484945774078369,3,25
CCC[n+]1ccccc1|F[B-](F)(F)F,0.549854040145874,0.16887116432189941,3,25
CCC[n+]1ccccc1|F[B-](F)(F)F,0.6254035234451294,0.22845780849456787,3,25
CCCC[n+]1ccc(C)cc1|F[B-](F)(F)F,-3.26754093170166,-4.362403869628906,3,25
CCCC[n+]1ccc(C)cc1|F[B-](F)(F)F,-3.026191473007202,-4.034688472747803,3,25
CCCC[n+]1ccc(C)cc1|F[B-](F)(F)F,-2.8117454051971436,-3.7067718505859375,3,25
CCCC[n+]1ccc(C)cc1|F[B-](F)(F)F,-2.5902671813964844,-3.3788554668426514,3,25
CCCC[n+]1ccc(C)cc1|F[B-](F)(F)F,-2.3957974910736084,-3.052572011947632,3,25
CCCC[n+]1ccc(C)cc1|F[B-](F)(F)F,-2.18302583694458,-2.7444849014282227,3,25
CCCC[n+]1ccc(C)cc1|F[B-](F)(F)F,-2.0264697074890137,-2.4575307369232178,3,25
CCCC[n+]1ccc(C)cc1|F[B-](F)(F)F,-1.8489649295806885,-2.1921348571777344,3,25
CCCC[n+]1ccc(C)cc1|F[B-](F)(F)F,-1.6852396726608276,-1.979654312133789,3,25
CCCC[n+]1ccc(C)cc1|F[B-](F)(F)F,-1.523260235786438,-1.802125096321106,3,25
CCCC[n+]1ccc(C)cc1|F[B-](F)(F)F,-1.370421051979065,-1.6308856010437012,3,25
CCCC[n+]1ccc(C)cc1|F[B-](F)(F)F,-1.2140231132507324,-1.4601669311523438,3,25
CCCC[n+]1ccc(C)cc1|F[B-](F)(F)F,-1.0817551612854004,-1.3139686584472656,3,25
CCCC[n+]1ccc(C)cc1|F[B-](F)(F)F,-0.9416085481643677,-1.1826053857803345,3,25
CCCC[n+]1ccc(C)cc1|F[B-](F)(F)F,-0.8232558369636536,-1.0621085166931152,3,25
CCCC[n+]1ccc(C)cc1|F[B-](F)(F)F,-0.6991652250289917,-0.95870041847229,3,25
CCCC[n+]1ccc(C)cc1|F[B-](F)(F)F,-0.5887871384620667,-0.8542625308036804,3,25
CCCC[n+]1ccc(C)cc1|F[B-](F)(F)F,-0.4764241874217987,-0.7530268430709839,3,25
CCCC[n+]1ccc(C)cc1|F[B-](F)(F)F,-0.3754209876060486,-0.6654260158538818,3,25
CCCC[n+]1ccc(C)cc1|F[B-](F)(F)F,-0.265268474817276,-0.5825409889221191,3,25
CCCC[n+]1ccc(C)cc1|F[B-](F)(F)F,-0.1660545915365219,-0.500617265701294,3,25
CCCC[n+]1ccc(C)cc1|F[B-](F)(F)F,-0.07042246311903,-0.4197509288787842,3,25
CCCC[n+]1ccc(C)cc1|F[B-](F)(F)F,0.02078253962099552,-0.3384439945220947,3,25
CCCC[n+]1ccc(C)cc1|F[B-](F)(F)F,0.10165365040302277,-0.2594587802886963,3,25
CCCC[n+]1ccc(C)cc1|F[B-](F)(F)F,0.1914464682340622,-0.18443810939788818,3,25
CCCC[n+]1ccn(C)c1|F[P-](F)(F)(F)(F)F,-13.815510749816895,-11.162018775939941,3,168
CCCC[n+]1ccn(C)c1|F[P-](F)(F)(F)(F)F,-10.819778442382812,-10.668763160705566,3,168
CCCC[n+]1ccn(C)c1|F[P-](F)(F)(F)(F)F,-8.703522682189941,-10.173135757446289,3,168
CCCC[n+]1ccn(C)c1|F[P-](F)(F)(F)(F)F,-7.223836898803711,-9.68075180053711,3,168
CCCC[n+]1ccn(C)c1|F[P-](F)(F)(F)(F)F,-6.394931793212891,-9.191612243652344,3,168
CCCC[n+]1ccn(C)c1|F[P-](F)(F)(F)(F)F,-5.757183074951172,-8.679018020629883,3,168
CCCC[n+]1ccn(C)c1|F[P-](F)(F)(F)(F)F,-5.181423664093018,-8.159889221191406,3,168
CCCC[n+]1ccn(C)c1|F[P-](F)(F)(F)(F)F,-4.605170249938965,-7.629317760467529,3,168
CCCC[n+]1ccn(C)c1|F[P-](F)(F)(F)(F)F,-4.098352432250977,-7.087016582489014,3,168
CCCC[n+]1ccn(C)c1|F[P-](F)(F)(F)(F)F,-3.645819902420044,-6.526724338531494,3,168
CCCC[n+]1ccn(C)c1|F[P-](F)(F)(F)(F)F,-3.254503011703491,-5.955571174621582,3,168
CCCC[n+]1ccn(C)c1|F[P-](F)(F)(F)(F)F,-2.8735146522521973,-5.379817485809326,3,168
CCCC[n+]1ccn(C)c1|F[P-](F)(F)(F)(F)F,-2.551046371459961,-4.795996189117432,3,168
CCCC[n+]1ccn(C)c1|F[P-](F)(F)(F)(F)F,-2.234926462173462,-4.213558673858643,3,168
CCCC[n+]1ccn(C)c1|F[P-](F)(F)(F)(F)F,-1.9173226356506348,-3.6334056854248047,3,168
CCCC[n+]1ccn(C)c1|F[P-](F)(F)(F)(F)F,-1.594549298286438,-3.056598663330078,3,168
CC[n+]1ccccc1|O=S(=O)([N-]S(=O)(=O)C(F)(F)F)C(F)(F)F,-0.6443570256233215,-1.369909644126892,3,38
CC[n+]1ccccc1|O=S(=O)([N-]S(=O)(=O)C(F)(F)F)C(F)(F)F,-0.5499129891395569,-1.2461073398590088,3,38
CC[n+]1ccccc1|O=S(=O)([N-]S(=O)(=O)C(F)(F)F)C(F)(F)F,-0.44005656242370605,-1.1360373497009277,3,38
CC[n+]1ccccc1|O=S(=O)([N-]S(=O)(=O)C(F)(F)F)C(F)(F)F,-0.33687230944633484,-1.0382779836654663,3,38
CC[n+]1ccccc1|O=S(=O)([N-]S(=O)(=O)C(F)(F)F)C(F)(F)F,-0.2407984882593155,-0.9391685724258423,3,38
CC[n+]1ccccc1|O=S(=O)([N-]S(=O)(=O)C(F)(F)F)C(F)(F)F,-0.15082289278507233,-0.8405676484107971,3,38
CC[n+]1ccccc1|O=S(=O)([N-]S(=O)(=O)C(F)(F)F)C(F)(F)F,-0.05129329487681389,-0.7476182579994202,3,38
CC[n+]1ccccc1|O=S(=O)([N-]S(=O)(=O)C(F)(F)F)C(F)(F)F,0.038258712738752365,-0.6647382974624634,3,38
CC[n+]1ccccc1|O=S(=O)([N-]S(=O)(=O)C(F)(F)F)C(F)(F)F,0.1151128038764,-0.5935523509979248,3,38
CC[n+]1ccccc1|O=S(=O)([N-]S(=O)(=O)C(F)(F)F)C(F)(F)F,0.16720791161060333,-0.5231138467788696,3,38
CC[n+]1ccccc1|O=S(=O)([N-]S(=O)(=O)C(F)(F)F)C(F)(F)F,0.23665189743041992,-0.45267534255981445,3,38
CC[n+]1ccccc1|O=S(=O)([N-]S(=O)(=O)C(F)(F)F)C(F)(F)F,0.30084505677223206,-0.38223695755004883,3,38
CC[n+]1ccccc1|O=S(=O)([N-]S(=O)(=O)C(F)(F)F)C(F)(F)F,0.36325326561927795,-0.31217634677886963,3,38
CC[n+]1ccccc1|O=S(=O)([N-]S(=O)(=O)C(F)(F)F)C(F)(F)F,0.4239597022533417,-0.24513566493988037,3,38
CC[n+]1ccccc1|O=S(=O)([N-]S(=O)(=O)C(F)(F)F)C(F)(F)F,0.477475643157959,-0.17979943752288818,3,38
CC[n+]1ccccc1|O=S(=O)([N-]S(=O)(=O)C(F)(F)F)C(F)(F)F,0.5359084010124207,-0.11679708957672119,3,38
CC[n+]1ccccc1|O=S(=O)([N-]S(=O)(=O)C(F)(F)F)C(F)(F)F,0.5922212600708008,-0.06017136573791504,3,38
CC[n+]1ccccc1|O=S(=O)([N-]S(=O)(=O)C(F)(F)F)C(F)(F)F,0.6439569592475891,-0.005244255065917969,3,38
CC[n+]1ccccc1|O=S(=O)([N-]S(=O)(=O)C(F)(F)F)C(F)(F)F,0.6941466927528381,0.0496828556060791,3,38
CC[n+]1ccccc1|O=S(=O)([N-]S(=O)(=O)C(F)(F)F)C(F)(F)F,0.7466879487037659,0.10114777088165283,3,38
CC[n+]1ccccc1|O=S(=O)([N-]S(=O)(=O)C(F)(F)F)C(F)(F)F,0.7907274961471558,0.15034472942352295,3,38
CC[n+]1ccn(C)c1|[I-],-0.4572848677635193,-0.4750562906265259,3,91
CC[n+]1ccn(C)c1|[I-],-0.2850189507007599,-0.3282698392868042,3,91
CC[n+]1ccn(C)c1|[I-],-0.13811330497264862,-0.1904759407043457,3,91
CC[n+]1ccn(C)c1|[I-],0.0,-0.06257832050323486,3,91
CC[n+]1ccn(C)c1|[I-],-0.1899505853652954,-0.012324929237365723,3,91
CC[n+]1ccn(C)c1|[I-],0.13102826476097107,0.0600208044052124,3,91
CC[n+]1ccn(C)c1|[I-],0.1988508552312851,0.0600208044052124,3,91
CC[n+]1ccn(C)c1|[I-],0.3364722430706024,0.2840768098831177,3,91
CC[n+]1ccn(C)c1|[I-],0.4574248492717743,0.48643743991851807,3,91
CC[n+]1ccn(C)c1|[I-],0.6575199961662292,0.6758333444595337,3,91
CC[n+]1ccn(C)c1|[I-],0.8064758777618408,0.8553894758224487,3,91
CC[n+]1ccn(C)c1|[I-],0.9360933303833008,1.0311883687973022,3,91
CC[n+]1ccn(C)c1|[I-],1.0438040494918823,1.2056857347488403,3,91
CC[n+]1ccn(C)c1|[I-],1.1442228555679321,1.3786264657974243,3,91
CC[n+]1ccn(C)c1|[I-],1.2325602769851685,1.5506397485733032,3,91
CC[n+]1ccn(C)c1|[I-],1.3190855979919434,1.7224351167678833,3,91
CC[n+]1ccn(C)c1|[I-],1.3635374307632446,1.8962324857711792,3,91
CC[S+](C)CC|O=S(=O)([N-]S(=O)(=O)C(F)(F)F)C(F)(F)F,-2.3279027938842773,-3.507598400115967,3,18
CC[S+](C)CC|O=S(=O)([N-]S(=O)(=O)C(F)(F)F)C(F)(F)F,-1.705948829650879,-2.5945539474487305,3,18
CC[S+](C)CC|O=S(=O)([N-]S(=O)(=O)C(F)(F)F)C(F)(F)F,-1.1858055591583252,-1.8021550178527832,3,18
CC[S+](C)CC|O=S(=O)([N-]S(=O)(=O)C(F)(F)F)C(F)(F)F,-0.748237133026123,-1.248365879058838,3,18
CC[S+](C)CC|O=S(=O)([N-]S(=O)(=O)C(F)(F)F)C(F)(F)F,-0.3739664554595947,-0.8956747651100159,3,18
CC[S+](C)CC|O=S(=O)([N-]S(=O)(=O)C(F)(F)F)C(F)(F)F,-0.05129329487681389,-0.6143196821212769,3,18
CC[S+](C)CC|O=S(=O)([N-]S(=O)(=O)C(F)(F)F)C(F)(F)F,0.23031775653362274,-0.3746384382247925,3,18
CC[S+](C)CC|O=S(=O)([N-]S(=O)(=O)C(F)(F)F)C(F)(F)F,0.4768550992012024,-0.17260050773620605,3,18
CC[S+](C)CC|O=S(=O)([N-]S(=O)(=O)C(F)(F)F)C(F)(F)F,0.693647027015686,0.01828467845916748,3,18
CC[S+](C)CC|O=S(=O)([N-]S(=O)(=O)C(F)(F)F)C(F)(F)F,0.8866559267044067,0.20569145679473877,3,18
CC[S+](C)CC|O=S(=O)([N-]S(=O)(=O)C(F)(F)F)C(F)(F)F,1.0595248937606812,0.39025580883026123,3,18
CC[S+](C)CC|O=S(=O)([N-]S(=O)(=O)C(F)(F)F)C(F)(F)F,1.2160990238189697,0.5744973421096802,3,18
CC[S+](C)CC|O=S(=O)([N-]S(=O)(=O)C(F)(F)F)C(F)(F)F,1.3578948974609375,0.75605309009552,3,18
CC[S+](C)CC|O=S(=O)([N-]S(=O)(=O)C(F)(F)F)C(F)(F)F,1.4879480600357056,0.9376088380813599,3,18
CC[S+](C)CC|O=S(=O)([N-]S(=O)(=O)C(F)(F)F)C(F)(F)F,1.6072354316711426,1.118780255317688,3,18
CC[S+](C)CC|O=S(=O)([N-]S(=O)(=O)C(F)(F)F)C(F)(F)F,1.8182390928268433,1.4808346033096313,3,18
CC[S+](C)CC|O=S(=O)([N-]S(=O)(=O)C(F)(F)F)C(F)(F)F,1.9987736940383911,1.8408304452896118,3,18
CC[S+](C)CC|O=S(=O)([N-]S(=O)(=O)C(F)(F)F)C(F)(F)F,2.1551287174224854,2.2006382942199707,3,18
CCCC[n+]1cccc(C)c1|O=S(=O)([N-]S(=O)(=O)C(F)(F)F)C(F)(F)F,-2.3025851249694824,-3.111830711364746,3,16
CCCC[n+]1cccc(C)c1|O=S(=O)([N-]S(=O)(=O)C(F)(F)F)C(F)(F)F,-2.0249533653259277,-2.7081382274627686,3,16
CCCC[n+]1cccc(C)c1|O=S(=O)([N-]S(=O)(=O)C(F)(F)F)C(F)(F)F,-1.760260820388794,-2.335484743118286,3,16
CCCC[n+]1cccc(C)c1|O=S(=O)([N-]S(=O)(=O)C(F)(F)F)C(F)(F)F,-1.5278578996658325,-2.01578426361084,3,16
CCCC[n+]1cccc(C)c1|O=S(=O)([N-]S(=O)(=O)C(F)(F)F)C(F)(F)F,-1.3019531965255737,-1.7813698053359985,3,16
CCCC[n+]1cccc(C)c1|O=S(=O)([N-]S(=O)(=O)C(F)(F)F)C(F)(F)F,-1.0936247110366821,-1.572394609451294,3,16
CCCC[n+]1cccc(C)c1|O=S(=O)([N-]S(=O)(=O)C(F)(F)F)C(F)(F)F,-0.8940401077270508,-1.3661760091781616,3,16
CCCC[n+]1cccc(C)c1|O=S(=O)([N-]S(=O)(=O)C(F)(F)F)C(F)(F)F,-0.7133498787879944,-1.1716433763504028,3,16
CCCC[n+]1cccc(C)c1|O=S(=O)([N-]S(=O)(=O)C(F)(F)F)C(F)(F)F,-0.5516476035118103,-1.0227664709091187,3,16
CCCC[n+]1cccc(C)c1|O=S(=O)([N-]S(=O)(=O)C(F)(F)F)C(F)(F)F,-0.3710636794567108,-0.8788841962814331,3,16
CCCC[n+]1cccc(C)c1|O=S(=O)([N-]S(=O)(=O)C(F)(F)F)C(F)(F)F,-0.22815608978271484,-0.737907350063324,3,16
CCCC[n+]1cccc(C)c1|O=S(=O)([N-]S(=O)(=O)C(F)(F)F)C(F)(F)F,-0.09431067854166031,-0.5961357355117798,3,16
CCCC[n+]1cccc(C)c1|O=S(=O)([N-]S(=O)(=O)C(F)(F)F)C(F)(F)F,0.0305292047560215,-0.46586108207702637,3,16
CCCC[n+]1cccc(C)c1|O=S(=O)([N-]S(=O)(=O)C(F)(F)F)C(F)(F)F,0.14842000603675842,-0.3519090414047241,3,16
CCCC[n+]1cccc(C)c1|O=S(=O)([N-]S(=O)(=O)C(F)(F)F)C(F)(F)F,0.25928258895874023,-0.24742138385772705,3,16
CCCC[n+]1cccc(C)c1|O=S(=O)([N-]S(=O)(=O)C(F)(F)F)C(F)(F)F,0.36255761981010437,-0.1451934576034546,3,16
CCCC[n+]1ccn(C)c1|F[P-](F)(F)(F)(F)F,-4.110474109649658,-7.070498943328857,3,168
CCCC[n+]1ccn(C)c1|F[P-](F)(F)(F)(F)F,-3.257097005844116,-5.9382853507995605,3,168
CCCC[n+]1ccn(C)c1|F[P-](F)(F)(F)(F)F,-2.5357789993286133,-4.778316497802734,3,168
CCCC[n+]1ccn(C)c1|F[P-](F)(F)(F)(F)F,-1.9207298755645752,-3.6161017417907715,3,168
CCCC[n+]1ccn(C)c1|F[P-](F)(F)(F)(F)F,-1.3943265676498413,-2.5000758171081543,3,168
CCCC[n+]1ccn(C)c1|F[P-](F)(F)(F)(F)F,-0.9416085481643677,-1.7316583395004272,3,168
CCCC[n+]1ccn(C)c1|F[P-](F)(F)(F)(F)F,-0.548181414604187,-1.3098528385162354,3,168
CCCC[n+]1ccn(C)c1|F[P-](F)(F)(F)(F)F,-0.20456716418266296,-0.9925961494445801,3,168
CCCC[n+]1ccn(C)c1|F[P-](F)(F)(F)(F)F,0.09712670743465424,-0.7151641845703125,3,168
CCCC[n+]1ccn(C)c1|F[P-](F)(F)(F)(F)F,0.3646431267261505,-0.4913482666015625,3,168
CCCC[n+]1ccn(C)c1|F[P-](F)(F)(F)(F)F,0.6015799641609192,-0.27701079845428467,3,168
CCCC[n+]1ccn(C)c1|F[P-](F)(F)(F)(F)F,0.8153648376464844,-0.07613241672515869,3,168
CCCC[n+]1ccn(C)c1|F[P-](F)(F)(F)(F)F,1.007957935333252,0.11086845397949219,3,168
CCCC[n+]1ccn(C)c1|F[P-](F)(F)(F)(F)F,1.1786550283432007,0.2932720184326172,3,168
CCCC[n+]1ccn(C)c1|F[P-](F)(F)(F)(F)F,1.3376291990280151,0.47210371494293213,3,168
CCCC[n+]1ccn(C)c1|F[P-](F)(F)(F)(F)F,1.479329228401184,0.6431666612625122,3,168
CCCC[n+]1ccn(C)c1|F[P-](F)(F)(F)(F)F,1.611435890197754,0.8156636953353882,3,168
CCCC[n+]1ccn(C)c1|F[P-](F)(F)(F)(F)F,1.7316555976867676,0.9881201982498169,3,168
CCCC[n+]1ccn(C)c1|F[P-](F)(F)(F)(F)F,1.8421356678009033,1.1600135564804077,3,168
CCCC[n+]1ccn(C)c1|F[P-](F)(F)(F)(F)F,1.945910096168518,1.33184015750885,3,168
CCCC[n+]1ccn(C)c1|F[P-](F)(F)(F)(F)F,2.0399208068847656,1.5033832788467407,3,168
CC[N+]1(C)CCCC1|O=S(=O)([N-]S(=O)(=O)C(F)(F)F)C(F)(F)F,0.7793248891830444,0.832945704460144,3,17
CC[N+]1(C)CCCC1|O=S(=O)([N-]S(=O)(=O)C(F)(F)F)C(F)(F)F,0.7793248891830444,0.8374391794204712,3,17
CC[N+]1(C)CCCC1|O=S(=O)([N-]S(=O)(=O)C(F)(F)F)C(F)(F)F,0.8628899455070496,0.927312970161438,3,17
CC[N+]1(C)CCCC1|O=S(=O)([N-]S(=O)(=O)C(F)(F)F)C(F)(F)F,0.9360933303833008,1.0120562314987183,3,17
CC[N+]1(C)CCCC1|O=S(=O)([N-]S(=O)(=O)C(F)(F)F)C(F)(F)F,0.9400072693824768,1.0201858282089233,3,17
CC[N+]1(C)CCCC1|O=S(=O)([N-]S(=O)(=O)C(F)(F)F)C(F)(F)F,1.0116009712219238,1.105789065361023,3,17
CC[N+]1(C)CCCC1|O=S(=O)([N-]S(=O)(=O)C(F)(F)F)C(F)(F)F,1.0851892232894897,1.1959465742111206,3,17
CC[N+]1(C)CCCC1|O=S(=O)([N-]S(=O)(=O)C(F)(F)F)C(F)(F)F,1.0851892232894897,1.2041343450546265,3,17
CC[N+]1(C)CCCC1|O=S(=O)([N-]S(=O)(=O)C(F)(F)F)C(F)(F)F,1.1505720615386963,1.294899344444275,3,17
CC[N+]1(C)CCCC1|O=S(=O)([N-]S(=O)(=O)C(F)(F)F)C(F)(F)F,1.220829963684082,1.3761783838272095,3,17
CC[N+]1(C)CCCC1|O=S(=O)([N-]S(=O)(=O)C(F)(F)F)C(F)(F)F,1.2237753868103027,1.3842161893844604,3,17
CC[N+]1(C)CCCC1|O=S(=O)([N-]S(=O)(=O)C(F)(F)F)C(F)(F)F,1.2809338569641113,1.4681748151779175,3,17
CC[N+]1(C)CCCC1|O=S(=O)([N-]S(=O)(=O)C(F)(F)F)C(F)(F)F,1.3454723358154297,1.5548125505447388,3,17
CC[N+]1(C)CCCC1|O=S(=O)([N-]S(=O)(=O)C(F)(F)F)C(F)(F)F,1.348073124885559,1.5557056665420532,3,17
CC[N+]1(C)CCCC1|O=S(=O)([N-]S(=O)(=O)C(F)(F)F)C(F)(F)F,1.401183009147644,1.6485956907272339,3,17
CC[N+]1(C)CCCC1|O=S(=O)([N-]S(=O)(=O)C(F)(F)F)C(F)(F)F,1.4586150646209717,1.733446717262268,3,17
CC[N+]1(C)CCCC1|O=S(=O)([N-]S(=O)(=O)C(F)(F)F)C(F)(F)F,1.4609378576278687,1.7450577020645142,3,17
CCCC[n+]1ccn(C)c1|[I-],-13.815510749816895,-10.16560173034668,3,34
CCCC[n+]1ccn(C)c1|[I-],-12.716897964477539,-9.688935279846191,3,34
CCCC[n+]1ccn(C)c1|[I-],-11.417614936828613,-9.210366249084473,3,34
CCCC[n+]1ccn(C)c1|[I-],-10.177924156188965,-8.727238655090332,3,34
CCCC[n+]1ccn(C)c1|[I-],-9.21034049987793,-8.242984771728516,3,34
CCCC[n+]1ccn(C)c1|[I-],-8.302082061767578,-7.7474775314331055,3,34
CCCC[n+]1ccn(C)c1|[I-],-7.454207897186279,-7.229311466217041,3,34
CCCC[n+]1ccn(C)c1|[I-],-6.742240905761719,-6.667832851409912,3,34
CCCC[n+]1ccn(C)c1|[I-],-6.032286643981934,-6.072011470794678,3,34
CCCC[n+]1ccn(C)c1|[I-],-5.446817398071289,-5.475907325744629,3,34
CCCC[n+]1ccn(C)c1|[I-],-4.926753997802734,-4.8885817527771,3,34
CCCC[n+]1ccn(C)c1|[I-],-4.342805862426758,-4.28478479385376,3,34
CCCC[n+]1ccn(C)c1|[I-],-3.8873302936553955,-3.7029151916503906,3,34
CCCC[n+]1ccn(C)c1|[I-],-3.4933125972747803,-3.160947799682617,3,34
CCCC[n+]1ccn(C)c1|[I-],-3.1122660636901855,-2.650829792022705,3,34
CCCC[n+]1ccn(C)c1|[I-],-2.7196168899536133,-2.1915011405944824,3,34
CCCC[n+]1ccn(C)c1C.[N-]=[N+]=[N-]|[N-]=[N+]=[N-],-3.0200250148773193,-2.018681287765503,3,14
CCCC[n+]1ccn(C)c1C.[N-]=[N+]=[N-]|[N-]=[N+]=[N-],-2.582298994064331,-1.7618378400802612,3,14
CCCC[n+]1ccn(C)c1C.[N-]=[N+]=[N-]|[N-]=[N+]=[N-],-2.1910436153411865,-1.527985692024231,3,14
CCCC[n+]1ccn(C)c1C.[N-]=[N+]=[N-]|[N-]=[N+]=[N-],-1.8382223844528198,-1.3136403560638428,3,14
CCCC[n+]1ccn(C)c1C.[N-]=[N+]=[N-]|[N-]=[N+]=[N-],-1.517770767211914,-1.1210203170776367,3,14
CCCC[n+]1ccn(C)c1C.[N-]=[N+]=[N-]|[N-]=[N+]=[N-],-1.2241754531860352,-0.9580727219581604,3,14
CCCC[n+]1ccn(C)c1C.[N-]=[N+]=[N-]|[N-]=[N+]=[N-],-0.9597203135490417,-0.8234438300132751,3,14
CCCC[n+]1ccn(C)c1C.[N-]=[N+]=[N-]|[N-]=[N+]=[N-],-0.7133498787879944,-0.7036756277084351,3,14
CCCC[n+]1ccn(C)c1C.[N-]=[N+]=[N-]|[N-]=[N+]=[N-],-0.48776036500930786,-0.5828394889831543,3,14
CCCC[n+]1ccn(C)c1C.[N-]=[N+]=[N-]|[N-]=[N+]=[N-],-0.279713898897171,-0.4647637605667114,3,14
CCCC[n+]1ccn(C)c1C.[N-]=[N+]=[N-]|[N-]=[N+]=[N-],-0.08555788546800613,-0.34725940227508545,3,14
CCCC[n+]1ccn(C)c1C.[N-]=[N+]=[N-]|[N-]=[N+]=[N-],0.09385457634925842,-0.23046720027923584,3,14
CCCC[n+]1ccn(C)c1C.[N-]=[N+]=[N-]|[N-]=[N+]=[N-],0.2615177631378174,-0.11369812488555908,3,14
CCCC[n+]1ccn(C)c1C.[N-]=[N+]=[N-]|[N-]=[N+]=[N-],0.4181838929653168,-0.01104736328125,3,14
CCCC[n+]1ccn(C)c1|F[P-](F)(F)(F)(F)F,-3.4737679958343506,-6.470109462738037,3,168
CCCC[n+]1ccn(C)c1|F[P-](F)(F)(F)(F)F,-3.296837329864502,-6.185181617736816,3,168
CCCC[n+]1ccn(C)c1|F[P-](F)(F)(F)(F)F,-3.1700856685638428,-5.955571174621582,3,168
CCCC[n+]1ccn(C)c1|F[P-](F)(F)(F)(F)F,-2.8302178382873535,-5.379817485809326,3,168
CCCC[n+]1ccn(C)c1|F[P-](F)(F)(F)(F)F,-2.5010359287261963,-4.795996189117432,3,168
CCCC[n+]1ccn(C)c1|F[P-](F)(F)(F)(F)F,-2.1202635765075684,-4.155746936798096,3,168
CCCC[n+]1ccn(C)c1|F[P-](F)(F)(F)(F)F,-1.8451602458953857,-3.5757248401641846,3,168
CCCC[n+]1ccn(C)c1|F[P-](F)(F)(F)(F)F,-1.594549298286438,-3.0332188606262207,3,168
CCCC[n+]1ccn(C)c1|F[P-](F)(F)(F)(F)F,-1.414693832397461,-2.4652209281921387,3,168
CCCC[n+]1ccn(C)c1|F[P-](F)(F)(F)(F)F,-1.2006449699401855,-2.05842924118042,3,168
CCCC[n+]1ccn(C)c1|F[P-](F)(F)(F)(F)F,-0.9942522644996643,-1.7396371364593506,3,168
CCCC[n+]1ccn(C)c1|F[P-](F)(F)(F)(F)F,-0.7808861136436462,-1.4975502490997314,3,168
CCCC[n+]1ccn(C)c1|F[P-](F)(F)(F)(F)F,-0.6069694757461548,-1.3218293190002441,3,168
CCCC[n+]1ccn(C)c1|F[P-](F)(F)(F)(F)F,-0.3011050820350647,-1.0280017852783203,3,168
CCCC[n+]1ccn(C)c1|F[P-](F)(F)(F)(F)F,0.059211861342191696,-0.6823806166648865,3,168
CCCC[N+]1(C)CCCC1|F[B-](F)(F)F,-1.8451602458953857,-1.9392352104187012,3,15
CCCC[N+]1(C)CCCC1|F[B-](F)(F)F,-1.6713132858276367,-1.7561538219451904,3,15
CCCC[N+]1(C)CCCC1|F[B-](F)(F)F,-1.4696760177612305,-1.3488458395004272,3,15
CCCC[N+]1(C)CCCC1|F[B-](F)(F)F,-1.2623083591461182,-0.9979668259620667,3,15
CCCC[N+]1(C)CCCC1|F[B-](F)(F)F,-1.090644121170044,-0.7465898394584656,3,15
CCCC[N+]1(C)CCCC1|F[B-](F)(F)F,-0.9137938618659973,-0.5688009262084961,3,15
CCCC[N+]1(C)CCCC1|F[B-](F)(F)F,-0.7423374056816101,-0.37405169010162354,3,15
CCCC[N+]1(C)CCCC1|F[B-](F)(F)F,-0.6069694757461548,-0.18294310569763184,3,15
CCCC[N+]1(C)CCCC1|F[B-](F)(F)F,-0.5327304601669312,-0.05993914604187012,3,15
CCCC[N+]1(C)CCCC1|F[B-](F)(F)F,-0.37833642959594727,0.0792776346206665,3,15
CCCC[N+]1(C)CCCC1|F[B-](F)(F)F,-0.23825718462467194,0.22773492336273193,3,15
CCCC[N+]1(C)CCCC1|F[B-](F)(F)F,-0.10647224634885788,0.43067944049835205,3,15
CCCC[N+]1(C)CCCC1|F[B-](F)(F)F,0.04879016429185867,0.626181960105896,3,15
CCCC[N+]1(C)CCCC1|F[B-](F)(F)F,0.20701417326927185,0.7804857492446899,3,15
CCCC[N+]1(C)CCCC1|F[B-](F)(F)F,0.246860072016716,0.8712676763534546,3,15
CCCCCCCCCCCCCC[P+](CCCCCC)(CCCCCC)CCCCCC|O=S(=O)([O-])C(F)(F)C(F)(F)C(F)(F)C(F)(F)F,-6.074846267700195,-5.847104072570801,3,14
CCCCCCCCCCCCCC[P+](CCCCCC)(CCCCCC)CCCCCC|O=S(=O)([O-])C(F)(F)C(F)(F)C(F)(F)C(F)(F)F,-5.744604587554932,-5.523693561553955,3,14
CCCCCCCCCCCCCC[P+](CCCCCC)(CCCCCC)CCCCCC|O=S(=O)([O-])C(F)(F)C(F)(F)C(F)(F)C(F)(F)F,-5.472670555114746,-5.2245073318481445,3,14
CCCCCCCCCCCCCC[P+](CCCCCC)(CCCCCC)CCCCCC|O=S(=O)([O-])C(F)(F)C(F)(F)C(F)(F)C(F)(F)F,-5.203007221221924,-4.959174156188965,3,14
CCCCCCCCCCCCCC[P+](CCCCCC)(CCCCCC)CCCCCC|O=S(=O)([O-])C(F)(F)C(F)(F)C(F)(F)C(F)(F)F,-4.990832805633545,-4.713619232177734,3,14
CCCCCCCCCCCCCC[P+](CCCCCC)(CCCCCC)CCCCCC|O=S(=O)([O-])C(F)(F)C(F)(F)C(F)(F)C(F)(F)F,-4.767689228057861,-4.451719284057617,3,14
CCCCCCCCCCCCCC[P+](CCCCCC)(CCCCCC)CCCCCC|O=S(=O)([O-])C(F)(F)C(F)(F)C(F)(F)C(F)(F)F,-4.546901226043701,-4.208419322967529,3,14
CCCCCCCCCCCCCC[P+](CCCCCC)(CCCCCC)CCCCCC|O=S(=O)([O-])C(F)(F)C(F)(F)C(F)(F)C(F)(F)F,-4.32753849029541,-3.9654269218444824,3,14
CCCCCCCCCCCCCC[P+](CCCCCC)(CCCCCC)CCCCCC|O=S(=O)([O-])C(F)(F)C(F)(F)C(F)(F)C(F)(F)F,-4.110474109649658,-3.713834285736084,3,14
CCCCCCCCCCCCCC[P+](CCCCCC)(CCCCCC)CCCCCC|O=S(=O)([O-])C(F)(F)C(F)(F)C(F)(F)C(F)(F)F,-3.9633162021636963,-3.5228817462921143,3,14
CCCCCCCCCCCCCC[P+](CCCCCC)(CCCCCC)CCCCCC|O=S(=O)([O-])C(F)(F)C(F)(F)C(F)(F)C(F)(F)F,-3.7679226398468018,-3.3027820587158203,3,14
CCCCCCCCCCCCCC[P+](CCCCCC)(CCCCCC)CCCCCC|O=S(=O)([O-])C(F)(F)C(F)(F)C(F)(F)C(F)(F)F,-3.6008684635162354,-3.131333351135254,3,14
CCCCCCCCCCCCCC[P+](CCCCCC)(CCCCCC)CCCCCC|O=S(=O)([O-])C(F)(F)C(F)(F)C(F)(F)C(F)(F)F,-3.476999044418335,-2.9516677856445312,3,14
CCCCCCCCCCCCCC[P+](CCCCCC)(CCCCCC)CCCCCC|O=S(=O)([O-])C(F)(F)C(F)(F)C(F)(F)C(F)(F)F,-3.2807512283325195,-2.7872629165649414,3,14
Cn1cc[n+](C)c1|CC(=O)[O-],-1.2909841537475586,-2.1517879962921143,3,13
Cn1cc[n+](C)c1|CC(=O)[O-],-1.2765434980392456,-1.9249467849731445,3,13
Cn1cc[n+](C)c1|CC(=O)[O-],-1.2517634630203247,-1.6133884191513062,3,13
Cn1cc[n+](C)c1|CC(=O)[O-],-1.2275826930999756,-1.167232871055603,3,13
Cn1cc[n+](C)c1|CC(=O)[O-],-1.187443494796753,-0.8518528938293457,3,13
Cn1cc[n+](C)c1|CC(=O)[O-],-1.1488535404205322,-0.6194765567779541,3,13
Cn1cc[n+](C)c1|CC(=O)[O-],-1.1116975545883179,-0.4398813247680664,3,13
Cn1cc[n+](C)c1|CC(=O)[O-],-1.0788096189498901,-0.28960156440734863,3,13
Cn1cc[n+](C)c1|CC(=O)[O-],-1.0526833534240723,-0.1607985496520996,3,13
Cn1cc[n+](C)c1|CC(=O)[O-],-1.0469690561294556,-0.1141592264175415,3,13
Cn1cc[n+](C)c1|CC(=O)[O-],-1.0328245162963867,-0.04178881645202637,3,13
Cn1cc[n+](C)c1|CC(=O)[O-],-1.024432897567749,0.0022585391998291016,3,13
Cn1cc[n+](C)c1|CC(=O)[O-],-1.0106014013290405,0.07210397720336914,3,13
CCCC[N+]1(C)CCCC1|O=S(=O)([N-]S(=O)(=O)C(F)(F)F)C(F)(F)F,-2.602339744567871,-3.560387134552002,3,221
CCCC[N+]1(C)CCCC1|O=S(=O)([N-]S(=O)(=O)C(F)(F)F)C(F)(F)F,-2.290656566619873,-3.070249557495117,3,221
CCCC[N+]1(C)CCCC1|O=S(=O)([N-]S(=O)(=O)C(F)(F)F)C(F)(F)F,-2.0076792240142822,-2.616790294647217,3,221
CCCC[N+]1(C)CCCC1|O=S(=O)([N-]S(=O)(=O)C(F)(F)F)C(F)(F)F,-1.7458305358886719,-2.2162182331085205,3,221
CCCC[N+]1(C)CCCC1|O=S(=O)([N-]S(=O)(=O)C(F)(F)F)C(F)(F)F,-1.508687973022461,-1.8778197765350342,3,221
CCCC[N+]1(C)CCCC1|O=S(=O)([N-]S(=O)(=O)C(F)(F)F)C(F)(F)F,-1.2873544692993164,-1.6220723390579224,3,221
CCCC[N+]1(C)CCCC1|O=S(=O)([N-]S(=O)(=O)C(F)(F)F)C(F)(F)F,-1.2909841537475586,-1.6215590238571167,3,221
CCCC[N+]1(C)CCCC1|O=S(=O)([N-]S(=O)(=O)C(F)(F)F)C(F)(F)F,-1.0847094058990479,-1.377158761024475,3,221
CCCC[N+]1(C)CCCC1|O=S(=O)([N-]S(=O)(=O)C(F)(F)F)C(F)(F)F,-0.7215466499328613,-0.9869131445884705,3,221
CCCC[N+]1(C)CCCC1|O=S(=O)([N-]S(=O)(=O)C(F)(F)F)C(F)(F)F,-0.40496522188186646,-0.6662441492080688,3,221
CCCC[N+]1(C)CCCC1|O=S(=O)([N-]S(=O)(=O)C(F)(F)F)C(F)(F)F,-0.12897038459777832,-0.37249696254730225,3,221
CCCC[N+]1(C)CCCC1|O=S(=O)([N-]S(=O)(=O)C(F)(F)F)C(F)(F)F,0.1151128038764,-0.11773598194122314,3,221
CCCC[N+]1(C)CCCC1|O=S(=O)([N-]S(=O)(=O)C(F)(F)F)C(F)(F)F,0.3307415544986725,0.1088019609451294,3,221
CCCn1cc[n+](C)c1|O=S(=O)([N-]S(=O)(=O)C(F)(F)F)C(F)(F)F,-1.024432897567749,-1.4895340204238892,3,45
CCCn1cc[n+](C)c1|O=S(=O)([N-]S(=O)(=O)C(F)(F)F)C(F)(F)F,-0.8187103867530823,-1.2462399005889893,3,45
CCCn1cc[n+](C)c1|O=S(=O)([N-]S(=O)(=O)C(F)(F)F)C(F)(F)F,-0.6124892830848694,-1.0503439903259277,3,45
CCCn1cc[n+](C)c1|O=S(=O)([N-]S(=O)(=O)C(F)(F)F)C(F)(F)F,-0.4385049641132355,-0.8914417028427124,3,45
CCCn1cc[n+](C)c1|O=S(=O)([N-]S(=O)(=O)C(F)(F)F)C(F)(F)F,-0.267879456281662,-0.7338122725486755,3,45
CCCn1cc[n+](C)c1|O=S(=O)([N-]S(=O)(=O)C(F)(F)F)C(F)(F)F,-0.10647224634885788,-0.5789074897766113,3,45
CCCn1cc[n+](C)c1|O=S(=O)([N-]S(=O)(=O)C(F)(F)F)C(F)(F)F,0.04879016429185867,-0.43146848678588867,3,45
CCCn1cc[n+](C)c1|O=S(=O)([N-]S(=O)(=O)C(F)(F)F)C(F)(F)F,0.17395330965518951,-0.29632461071014404,3,45
CCCn1cc[n+](C)c1|O=S(=O)([N-]S(=O)(=O)C(F)(F)F)C(F)(F)F,0.3001045882701874,-0.1706167459487915,3,45
CCCn1cc[n+](C)c1|O=S(=O)([N-]S(=O)(=O)C(F)(F)F)C(F)(F)F,0.4252677261829376,-0.06219172477722168,3,45
CCCn1cc[n+](C)c1|O=S(=O)([N-]S(=O)(=O)C(F)(F)F)C(F)(F)F,0.5364933609962463,0.04014718532562256,3,45
CCCn1cc[n+](C)c1|O=S(=O)([N-]S(=O)(=O)C(F)(F)F)C(F)(F)F,0.6471032500267029,0.1348179578781128,3,45
CCCn1cc[n+](C)c1|O=S(=O)([N-]S(=O)(=O)C(F)(F)F)C(F)(F)F,0.7514160871505737,0.2266939878463745,3,45
C(CCC)N1C(=[N+](C=C1)C)C|FC(S(=O)(=O)[N-]S(=O)(=O)C(F)(F)F)(F)F,-1.439695119857788,-1.7122505903244019,3,29
C(CCC)N1C(=[N+](C=C1)C)C|FC(S(=O)(=O)[N-]S(=O)(=O)C(F)(F)F)(F)F,-1.1973282098770142,-1.5125048160552979,3,29
C(CCC)N1C(=[N+](C=C1)C)C|FC(S(=O)(=O)[N-]S(=O)(=O)C(F)(F)F)(F)F,-0.970219075679779,-1.32511305809021,3,29
C(CCC)N1C(=[N+](C=C1)C)C|FC(S(=O)(=O)[N-]S(=O)(=O)C(F)(F)F)(F)F,-0.7657178640365601,-1.1685662269592285,3,29
C(CCC)N1C(=[N+](C=C1)C)C|FC(S(=O)(=O)[N-]S(=O)(=O)C(F)(F)F)(F)F,-0.5691611766815186,-1.0196888446807861,3,29
C(CCC)N1C(=[N+](C=C1)C)C|FC(S(=O)(=O)[N-]S(=O)(=O)C(F)(F)F)(F)F,-0.4079682528972626,-0.8748591542243958,3,29
C(CCC)N1C(=[N+](C=C1)C)C|FC(S(=O)(=O)[N-]S(=O)(=O)C(F)(F)F)(F)F,-0.2523149251937866,-0.746321976184845,3,29
C(CCC)N1C(=[N+](C=C1)C)C|FC(S(=O)(=O)[N-]S(=O)(=O)C(F)(F)F)(F)F,-0.10425002127885818,-0.6252256631851196,3,29
C(CCC)N1C(=[N+](C=C1)C)C|FC(S(=O)(=O)[N-]S(=O)(=O)C(F)(F)F)(F)F,0.03536714240908623,-0.5043103694915771,3,29
C(CCC)N1C(=[N+](C=C1)C)C|FC(S(=O)(=O)[N-]S(=O)(=O)C(F)(F)F)(F)F,0.16636154055595398,-0.3863335847854614,3,29
C(CCC)N1C(=[N+](C=C1)C)C|FC(S(=O)(=O)[N-]S(=O)(=O)C(F)(F)F)(F)F,0.31481075286865234,-0.2777822017669678,3,29
C(CCC)N1C(=[N+](C=C1)C)C|FC(S(=O)(=O)[N-]S(=O)(=O)C(F)(F)F)(F)F,0.4350239038467407,-0.17641150951385498,3,29
C(CCC)N1C(=[N+](C=C1)C)C|FC(S(=O)(=O)[N-]S(=O)(=O)C(F)(F)F)(F)F,0.5353230834007263,-0.07649493217468262,3,29
C(CCC)N1C(=[N+](C=C1)C)C|FC(S(=O)(=O)[N-]S(=O)(=O)C(F)(F)F)(F)F,0.626473069190979,0.019187569618225098,3,29
CCCCCCCC[P+](CC)(CC)CC|O=S(=O)([N-]S(=O)(=O)C(F)(F)F)C(F)(F)F,-3.9435136318206787,-4.0431694984436035,3,103
CCCCCCCC[P+](CC)(CC)CC|O=S(=O)([N-]S(=O)(=O)C(F)(F)F)C(F)(F)F,-3.5913898944854736,-3.8005032539367676,3,103
CCCCCCCC[P+](CC)(CC)CC|O=S(=O)([N-]S(=O)(=O)C(F)(F)F)C(F)(F)F,-3.26596736907959,-3.5680220127105713,3,103
CCCCCCCC[P+](CC)(CC)CC|O=S(=O)([N-]S(=O)(=O)C(F)(F)F)C(F)(F)F,-2.9661734104156494,-3.3464860916137695,3,103
CCCCCCCC[P+](CC)(CC)CC|O=S(=O)([N-]S(=O)(=O)C(F)(F)F)C(F)(F)F,-2.6853106021881104,-3.111497163772583,3,103
CCCCCCCC[P+](CC)(CC)CC|O=S(=O)([N-]S(=O)(=O)C(F)(F)F)C(F)(F)F,-2.4270150661468506,-2.8607025146484375,3,103
CCCCCCCC[P+](CC)(CC)CC|O=S(=O)([N-]S(=O)(=O)C(F)(F)F)C(F)(F)F,-2.4258832931518555,-2.8607025146484375,3,103
CCCCCCCC[P+](CC)(CC)CC|O=S(=O)([N-]S(=O)(=O)C(F)(F)F)C(F)(F)F,-2.183913469314575,-2.6247081756591797,3,103
CCCCCCCC[P+](CC)(CC)CC|O=S(=O)([N-]S(=O)(=O)C(F)(F)F)C(F)(F)F,-1.7492748498916626,-2.170175552368164,3,103
CCCCCCCC[P+](CC)(CC)CC|O=S(=O)([N-]S(=O)(=O)C(F)(F)F)C(F)(F)F,-1.3716027736663818,-1.7454661130905151,3,103
CCCCCCCC[P+](CC)(CC)CC|O=S(=O)([N-]S(=O)(=O)C(F)(F)F)C(F)(F)F,-1.037329077720642,-1.4493626356124878,3,103
CCCCCCCC[P+](CC)(CC)CC|O=S(=O)([N-]S(=O)(=O)C(F)(F)F)C(F)(F)F,-0.7440195083618164,-1.2595617771148682,3,103
CCCCCCCC[P+](CC)(CC)CC|O=S(=O)([N-]S(=O)(=O)C(F)(F)F)C(F)(F)F,-0.48288625478744507,-1.1092079877853394,3,103
CCCn1cc[n+](C)c1|O=S(=O)([N-]S(=O)(=O)C(F)(F)F)C(F)(F)F,-4.828313827514648,-6.931576251983643,3,45
CCCn1cc[n+](C)c1|O=S(=O)([N-]S(=O)(=O)C(F)(F)F)C(F)(F)F,-3.772261142730713,-5.8390607833862305,3,45
CCCn1cc[n+](C)c1|O=S(=O)([N-]S(=O)(=O)C(F)(F)F)C(F)(F)F,-2.9374632835388184,-4.7409443855285645,3,45
CCCn1cc[n+](C)c1|O=S(=O)([N-]S(=O)(=O)C(F)(F)F)C(F)(F)F,-2.189256429672241,-3.616999864578247,3,45
CCCn1cc[n+](C)c1|O=S(=O)([N-]S(=O)(=O)C(F)(F)F)C(F)(F)F,-1.62455153465271,-2.5963854789733887,3,45
CCCn1cc[n+](C)c1|O=S(=O)([N-]S(=O)(=O)C(F)(F)F)C(F)(F)F,-1.1363141536712646,-1.7626852989196777,3,45
CCCn1cc[n+](C)c1|O=S(=O)([N-]S(=O)(=O)C(F)(F)F)C(F)(F)F,-0.7402387857437134,-1.2984282970428467,3,45
CCCn1cc[n+](C)c1|O=S(=O)([N-]S(=O)(=O)C(F)(F)F)C(F)(F)F,-0.3424903154373169,-0.89630526304245,3,45
CCCn1cc[n+](C)c1|O=S(=O)([N-]S(=O)(=O)C(F)(F)F)C(F)(F)F,-0.029428809881210327,-0.5834565162658691,3,45
CCCn1cc[n+](C)c1|O=S(=O)([N-]S(=O)(=O)C(F)(F)F)C(F)(F)F,0.22474227845668793,-0.3001757860183716,3,45
CCCn1cc[n+](C)c1|O=S(=O)([N-]S(=O)(=O)C(F)(F)F)C(F)(F)F,0.45298463106155396,-0.04479384422302246,3,45
CCCn1cc[n+](C)c1|O=S(=O)([N-]S(=O)(=O)C(F)(F)F)C(F)(F)F,0.6528458595275879,0.11361861228942871,3,45
CCCn1cc[n+](C)c1|O=S(=O)([N-]S(=O)(=O)C(F)(F)F)C(F)(F)F,0.8237367272377014,0.3142045736312866,3,45
CCCC[N+]1(C)CCCC1|CCCCO[PH](=O)[O-],-3.8167128562927246,-3.1898841857910156,3,13
CCCC[N+]1(C)CCCC1|CCCCO[PH](=O)[O-],-3.6888794898986816,-3.022340774536133,3,13
CCCC[N+]1(C)CCCC1|CCCCO[PH](=O)[O-],-3.6119184494018555,-2.8673508167266846,3,13
CCCC[N+]1(C)CCCC1|CCCCO[PH](=O)[O-],-3.5065579414367676,-2.734039783477783,3,13
CCCC[N+]1(C)CCCC1|CCCCO[PH](=O)[O-],-3.381394863128662,-2.61369252204895,3,13
CCCC[N+]1(C)CCCC1|CCCCO[PH](=O)[O-],-3.296837329864502,-2.5074174404144287,3,13
CCCC[N+]1(C)CCCC1|CCCCO[PH](=O)[O-],-3.194183111190796,-2.4014148712158203,3,13
CCCC[N+]1(C)CCCC1|CCCCO[PH](=O)[O-],-3.10109281539917,-2.2883150577545166,3,13
CCCC[N+]1(C)CCCC1|CCCCO[PH](=O)[O-],-2.995732307434082,-2.177198648452759,3,13
CCCC[N+]1(C)CCCC1|CCCCO[PH](=O)[O-],-2.882403612136841,-2.0741384029388428,3,13
CCCC[N+]1(C)CCCC1|CCCCO[PH](=O)[O-],-2.780620813369751,-1.9898009300231934,3,13
CCCC[N+]1(C)CCCC1|CCCCO[PH](=O)[O-],-2.6882476806640625,-1.8993277549743652,3,13
CCCC[N+]1(C)CCCC1|CCCCO[PH](=O)[O-],-2.5902671813964844,-1.816392421722412,3,13
CCCC[n+]1ccn(C)c1|O=S(=O)([O-])C(F)(F)F,-2.9206247329711914,-4.326572418212891,3,67
CCCC[n+]1ccn(C)c1|O=S(=O)([O-])C(F)(F)F,-2.265289306640625,-3.135523557662964,3,67
CCCC[n+]1ccn(C)c1|O=S(=O)([O-])C(F)(F)F,-1.7103638648986816,-2.101386070251465,3,67
CCCC[n+]1ccn(C)c1|O=S(=O)([O-])C(F)(F)F,-1.2378743886947632,-1.422701120376587,3,67
CCCC[n+]1ccn(C)c1|O=S(=O)([O-])C(F)(F)F,-0.8301130533218384,-0.97322678565979,3,67
CCCC[n+]1ccn(C)c1|O=S(=O)([O-])C(F)(F)F,-0.4764241874217987,-0.6730058789253235,3,67
CCCC[n+]1ccn(C)c1|O=S(=O)([O-])C(F)(F)F,-0.16487464308738708,-0.41113710403442383,3,67
CCCC[n+]1ccn(C)c1|O=S(=O)([O-])C(F)(F)F,0.11064652353525162,-0.1777806282043457,3,67
CCCC[n+]1ccn(C)c1|O=S(=O)([O-])C(F)(F)F,0.35487332940101624,0.025632143020629883,3,67
CCCC[n+]1ccn(C)c1|O=S(=O)([O-])C(F)(F)F,0.5738004446029663,0.21260499954223633,3,67
CCCC[n+]1ccn(C)c1|O=S(=O)([O-])C(F)(F)F,0.7701082229614258,0.39375436305999756,3,67
CCCC[n+]1ccn(C)c1|O=S(=O)([O-])C(F)(F)F,0.9555114507675171,0.5714038610458374,3,67
CCCC[n+]1ccn(C)c1|O=S(=O)([O-])C(F)(F)F,1.111857533454895,0.7443457841873169,3,67
CCCC[n+]1ccn(C)c1|O=S(=O)([O-])C(F)(F)F,1.2584609985351562,0.9152246713638306,3,67
CCCC[n+]1ccn(C)c1|O=S(=O)([O-])C(F)(F)F,1.3937664031982422,1.086103081703186,3,67
CCCC[n+]1ccn(C)c1|O=S(=O)([O-])C(F)(F)F,1.5173226594924927,1.2582916021347046,3,67
CCCC[n+]1ccn(C)c1|O=S(=O)([O-])C(F)(F)F,1.6331543922424316,1.4374059438705444,3,67
CCCC[n+]1ccn(C)c1|O=S(=O)([O-])C(F)(F)F,1.7387102842330933,1.6172617673873901,3,67
CCCC[n+]1ccn(C)c1|O=S(=O)([O-])C(F)(F)F,1.8373700380325317,1.7967771291732788,3,67
CCCC[n+]1ccn(C)c1|O=S(=O)([O-])C(F)(F)F,1.9286186695098877,1.9754611253738403,3,67
CCCC[n+]1ccn(C)c1|O=S(=O)([O-])C(F)(F)F,2.0149030685424805,2.1538567543029785,3,67
CCCCCCCC[N+]1(C)CCOCC1|CCCCCCCCO[PH](=O)[O-],-4.135166645050049,-4.353909492492676,3,13
CCCCCCCC[N+]1(C)CCOCC1|CCCCCCCCO[PH](=O)[O-],-4.074542045593262,-4.1796417236328125,3,13
CCCCCCCC[N+]1(C)CCOCC1|CCCCCCCCO[PH](=O)[O-],-4.017383575439453,-4.021590232849121,3,13
CCCCCCCC[N+]1(C)CCOCC1|CCCCCCCCO[PH](=O)[O-],-3.9633162021636963,-3.8776769638061523,3,13
CCCCCCCC[N+]1(C)CCOCC1|CCCCCCCCO[PH](=O)[O-],-3.8632328510284424,-3.750509262084961,3,13
CCCCCCCC[N+]1(C)CCOCC1|CCCCCCCCO[PH](=O)[O-],-3.8167128562927246,-3.6258151531219482,3,13
CCCCCCCC[N+]1(C)CCOCC1|CCCCCCCCO[PH](=O)[O-],-3.729701519012451,-3.5075907707214355,3,13
CCCCCCCC[N+]1(C)CCOCC1|CCCCCCCCO[PH](=O)[O-],-3.6888794898986816,-3.3971190452575684,3,13
CCCCCCCC[N+]1(C)CCOCC1|CCCCCCCCO[PH](=O)[O-],-3.6119184494018555,-3.293555736541748,3,13
CCCCCCCC[N+]1(C)CCOCC1|CCCCCCCCO[PH](=O)[O-],-3.540459394454956,-3.190568447113037,3,13
CCCCCCCC[N+]1(C)CCOCC1|CCCCCCCCO[PH](=O)[O-],-3.4737679958343506,-3.096114158630371,3,13
CCCCCCCC[N+]1(C)CCOCC1|CCCCCCCCO[PH](=O)[O-],-3.411247730255127,-3.0123515129089355,3,13
CCCCCCCC[N+]1(C)CCOCC1|CCCCCCCCO[PH](=O)[O-],-3.352407217025757,-2.9354310035705566,3,13
CC[N+]1(C)CCCCC1|CCO[PH](=O)[O-],-2.6882476806640625,-2.0789034366607666,3,13
CC[N+]1(C)CCCCC1|CCO[PH](=O)[O-],-2.617295742034912,-1.8912779092788696,3,13
CC[N+]1(C)CCCCC1|CCO[PH](=O)[O-],-2.551046371459961,-1.706770658493042,3,13
CC[N+]1(C)CCCCC1|CCO[PH](=O)[O-],-2.476938486099243,-1.520538091659546,3,13
CC[N+]1(C)CCCCC1|CCO[PH](=O)[O-],-2.4079456329345703,-1.3526803255081177,3,13
CC[N+]1(C)CCCCC1|CCO[PH](=O)[O-],-2.343407154083252,-1.2054873704910278,3,13
CC[N+]1(C)CCCCC1|CCO[PH](=O)[O-],-2.27302622795105,-1.083092451095581,3,13
CC[N+]1(C)CCCCC1|CCO[PH](=O)[O-],-2.1982250213623047,-0.9657343029975891,3,13
CC[N+]1(C)CCCCC1|CCO[PH](=O)[O-],-2.137070655822754,-0.8598641157150269,3,13
CC[N+]1(C)CCCCC1|CCO[PH](=O)[O-],-2.0714733600616455,-0.7648659944534302,3,13
CC[N+]1(C)CCCCC1|CCO[PH](=O)[O-],-2.0024805068969727,-0.6780218482017517,3,13
CC[N+]1(C)CCCCC1|CCO[PH](=O)[O-],-1.9310215711593628,-0.603034496307373,3,13
CC[N+]1(C)CCCCC1|CCO[PH](=O)[O-],-1.8643301725387573,-0.5333156585693359,3,13
CC[n+]1ccn(C)c1|[I-],-1.7778565883636475,-3.0976743698120117,3,91
CC[n+]1ccn(C)c1|[I-],-1.614450454711914,-2.6906747817993164,3,91
CC[n+]1ccn(C)c1|[I-],-1.5371172428131104,-2.5654239654541016,3,91
CC[n+]1ccn(C)c1|[I-],-1.370421051979065,-2.083123207092285,3,91
CC[n+]1ccn(C)c1|[I-],-1.2006449699401855,-1.6698590517044067,3,91
CC[n+]1ccn(C)c1|[I-],-1.4828052520751953,-1.3309128284454346,3,91
CC[n+]1ccn(C)c1|[I-],-1.3130439519882202,-1.074188470840454,3,91
CC[n+]1ccn(C)c1|[I-],-1.1647521257400513,-0.8486504554748535,3,91
CC[n+]1ccn(C)c1|[I-],-1.2378743886947632,-0.6422747373580933,3,91
CC[n+]1ccn(C)c1|[I-],-0.9213032722473145,-0.49254655838012695,3,91
CC[n+]1ccn(C)c1|[I-],0.8241754174232483,-0.23084616661071777,3,91
CC[n+]1ccn(C)c1|[I-],0.8878912329673767,-0.20124125480651855,3,91
CCCC[N+]1(C)CCCC1|O=S(=O)([N-]S(=O)(=O)C(F)(F)F)C(F)(F)F,-2.103734254837036,-2.7053062915802,3,221
CCCC[N+]1(C)CCCC1|O=S(=O)([N-]S(=O)(=O)C(F)(F)F)C(F)(F)F,-1.6928194761276245,-2.1668097972869873,3,221
CCCC[N+]1(C)CCCC1|O=S(=O)([N-]S(=O)(=O)C(F)(F)F)C(F)(F)F,-1.4229583740234375,-1.8109276294708252,3,221
CCCC[N+]1(C)CCCC1|O=S(=O)([N-]S(=O)(=O)C(F)(F)F)C(F)(F)F,-1.2344319820404053,-1.5342167615890503,3,221
CCCC[N+]1(C)CCCC1|O=S(=O)([N-]S(=O)(=O)C(F)(F)F)C(F)(F)F,-0.9675840139389038,-1.234735369682312,3,221
CCCC[N+]1(C)CCCC1|O=S(=O)([N-]S(=O)(=O)C(F)(F)F)C(F)(F)F,-0.6991652250289917,-0.9783454537391663,3,221
CCCC[N+]1(C)CCCC1|O=S(=O)([N-]S(=O)(=O)C(F)(F)F)C(F)(F)F,-0.5293291211128235,-0.7722437381744385,3,221
CCCC[N+]1(C)CCCC1|O=S(=O)([N-]S(=O)(=O)C(F)(F)F)C(F)(F)F,-0.3609698712825775,-0.6086784601211548,3,221
CCCC[N+]1(C)CCCC1|O=S(=O)([N-]S(=O)(=O)C(F)(F)F)C(F)(F)F,-0.16723592579364777,-0.42190515995025635,3,221
CCCC[N+]1(C)CCCC1|O=S(=O)([N-]S(=O)(=O)C(F)(F)F)C(F)(F)F,0.026641931384801865,-0.18153810501098633,3,221
CCCC[N+]1(C)CCCC1|O=S(=O)([N-]S(=O)(=O)C(F)(F)F)C(F)(F)F,0.21833199262619019,-0.014838337898254395,3,221
CCCC[N+]1(C)CCCC1|O=S(=O)([N-]S(=O)(=O)C(F)(F)F)C(F)(F)F,0.38730114698410034,0.1478949785232544,3,221
CCCC[N+]1(C)CCCC1|O=S(=O)([N-]S(=O)(=O)C(F)(F)F)C(F)(F)F,0.5092243552207947,0.3156721591949463,3,221
CCCC[N+]1(C)CCCC1|O=S(=O)([N-]S(=O)(=O)C(F)(F)F)C(F)(F)F,0.728031575679779,0.5145488977432251,3,221
CCCC[N+]1(C)CCCC1|O=S(=O)([N-]S(=O)(=O)C(F)(F)F)C(F)(F)F,0.8969039916992188,0.6962226629257202,3,221
CCCC[N+]1(C)CCCC1|O=S(=O)([N-]S(=O)(=O)C(F)(F)F)C(F)(F)F,1.0909160375595093,0.9649499654769897,3,221
CCCC[N+]1(C)CCCC1|O=S(=O)([N-]S(=O)(=O)C(F)(F)F)C(F)(F)F,1.2104517221450806,1.1304422616958618,3,221
CCCC[N+]1(C)CCCC1|O=S(=O)([N-]S(=O)(=O)C(F)(F)F)C(F)(F)F,1.3321021795272827,1.3293839693069458,3,221
CCCCCCn1c[n+](C)cn1|O=S(=O)([N-]S(=O)(=O)C(F)(F)F)C(F)(F)F,-2.752002000808716,-2.131105899810791,3,12
CCCCCCn1c[n+](C)cn1|O=S(=O)([N-]S(=O)(=O)C(F)(F)F)C(F)(F)F,-2.4580700397491455,-1.9265851974487305,3,12
CCCCCCn1c[n+](C)cn1|O=S(=O)([N-]S(=O)(=O)C(F)(F)F)C(F)(F)F,-2.189256429672241,-1.763521671295166,3,12
CCCCCCn1c[n+](C)cn1|O=S(=O)([N-]S(=O)(=O)C(F)(F)F)C(F)(F)F,-1.9449106454849243,-1.6099698543548584,3,12
CCCCCCn1c[n+](C)cn1|O=S(=O)([N-]S(=O)(=O)C(F)(F)F)C(F)(F)F,-1.7203694581985474,-1.4628952741622925,3,12
CCCCCCn1c[n+](C)cn1|O=S(=O)([N-]S(=O)(=O)C(F)(F)F)C(F)(F)F,-1.5186835527420044,-1.327561378479004,3,12
CCCCCCn1c[n+](C)cn1|O=S(=O)([N-]S(=O)(=O)C(F)(F)F)C(F)(F)F,-1.328025460243225,-1.1967928409576416,3,12
CCCCCCn1c[n+](C)cn1|O=S(=O)([N-]S(=O)(=O)C(F)(F)F)C(F)(F)F,-1.1520130634307861,-1.0773886442184448,3,12
CCCCCCn1c[n+](C)cn1|O=S(=O)([N-]S(=O)(=O)C(F)(F)F)C(F)(F)F,-0.9861768484115601,-0.9673126339912415,3,12
CCCCCCn1c[n+](C)cn1|O=S(=O)([N-]S(=O)(=O)C(F)(F)F)C(F)(F)F,-0.8347107172012329,-0.8602793216705322,3,12
CCCCCCn1c[n+](C)cn1|O=S(=O)([N-]S(=O)(=O)C(F)(F)F)C(F)(F)F,-0.6931471824645996,-0.7552518844604492,3,12
CCCCCCn1c[n+](C)cn1|O=S(=O)([N-]S(=O)(=O)C(F)(F)F)C(F)(F)F,-0.5621189475059509,-0.6525219082832336,3,12
CCCC[n+]1ccn(C)c1|[I-],-2.864703893661499,-3.160947799682617,3,34
CCCC[n+]1ccn(C)c1|[I-],-2.263364315032959,-2.4645614624023438,3,34
CCCC[n+]1ccn(C)c1|[I-],-1.6347557306289673,-1.6836745738983154,3,34
CCCC[n+]1ccn(C)c1|[I-],-1.0729445219039917,-1.2339234352111816,3,34
CCCC[n+]1ccn(C)c1|[I-],-0.5499129891395569,-0.8873341083526611,3,34
CCCC[n+]1ccn(C)c1|[I-],-0.25102874636650085,-0.7079176306724548,3,34
CCCC[n+]1ccn(C)c1|[I-],0.18232156336307526,-0.40651965141296387,3,34
CCCC[n+]1ccn(C)c1|[I-],0.4574248492717743,-0.23944604396820068,3,34
CCCC[n+]1ccn(C)c1|[I-],0.8197798132896423,0.027308225631713867,3,34
CCCC[n+]1ccn(C)c1|[I-],0.9707789421081543,0.19700586795806885,3,34
CCCC[n+]1ccn(C)c1|[I-],1.1151416301727295,0.39169085025787354,3,34
CCCC[n+]1ccn(C)c1|[I-],1.3402503728866577,0.5572866201400757,3,34
CCCC[N+]1(C)CCCC1|N#C[C-](C#N)C#N,-1.0788096189498901,-4.327666282653809,3,31
CCCC[N+]1(C)CCCC1|N#C[C-](C#N)C#N,-0.6539264917373657,-2.941868305206299,3,31
CCCC[N+]1(C)CCCC1|N#C[C-](C#N)C#N,-0.21072103083133698,-1.8198418617248535,3,31
CCCC[N+]1(C)CCCC1|N#C[C-](C#N)C#N,0.18232156336307526,-1.0625767707824707,3,31
CCCC[N+]1(C)CCCC1|N#C[C-](C#N)C#N,0.4700036346912384,-0.498468279838562,3,31
CCCC[N+]1(C)CCCC1|N#C[C-](C#N)C#N,0.7419373393058777,-0.10310125350952148,3,31
CCCC[N+]1(C)CCCC1|N#C[C-](C#N)C#N,0.9162907600402832,0.24466073513031006,3,31
CCCC[N+]1(C)CCCC1|N#C[C-](C#N)C#N,1.0986123085021973,0.5681489706039429,3,31
CCCC[N+]1(C)CCCC1|N#C[C-](C#N)C#N,1.2527629137039185,0.8145993947982788,3,31
CCCC[N+]1(C)CCCC1|N#C[C-](C#N)C#N,1.3609765768051147,1.014732003211975,3,31
CCCC[N+]1(C)CCCC1|N#C[C-](C#N)C#N,1.4816045761108398,1.1883033514022827,3,31
CCCC[N+]1(C)CCCC1|N#C[C-](C#N)C#N,1.6292405128479004,1.3692744970321655,3,31
CCC[n+]1cn(C)cn1|O=S(=O)([O-])C(F)(F)F,-1.5721421241760254,-1.4625205993652344,3,12
CCC[n+]1cn(C)cn1|O=S(=O)([O-])C(F)(F)F,-1.3205065727233887,-1.2522838115692139,3,12
CCC[n+]1cn(C)cn1|O=S(=O)([O-])C(F)(F)F,-1.090644121170044,-1.0535515546798706,3,12
CCC[n+]1cn(C)cn1|O=S(=O)([O-])C(F)(F)F,-0.881889283657074,-0.8916113376617432,3,12
CCC[n+]1cn(C)cn1|O=S(=O)([O-])C(F)(F)F,-0.6713857054710388,-0.7336487770080566,3,12
CCC[n+]1cn(C)cn1|O=S(=O)([O-])C(F)(F)F,-0.4893903434276581,-0.602697491645813,3,12
CCC[n+]1cn(C)cn1|O=S(=O)([O-])C(F)(F)F,-0.31334182620048523,-0.4728306531906128,3,12
CCC[n+]1cn(C)cn1|O=S(=O)([O-])C(F)(F)F,-0.16134315729141235,-0.3555152416229248,3,12
CCC[n+]1cn(C)cn1|O=S(=O)([O-])C(F)(F)F,-0.008032171986997128,-0.23953473567962646,3,12
CCC[n+]1cn(C)cn1|O=S(=O)([O-])C(F)(F)F,0.13505522906780243,-0.12584137916564941,3,12
CCC[n+]1cn(C)cn1|O=S(=O)([O-])C(F)(F)F,0.26773443818092346,-0.01573646068572998,3,12
CCC[n+]1cn(C)cn1|O=S(=O)([O-])C(F)(F)F,0.3904191553592682,0.08461058139801025,3,12
C=CC[N+](C)(C)CC|O=S(=O)([O-])C(F)(F)F,-1.594549298286438,-1.3972179889678955,3,12
C=CC[N+](C)(C)CC|O=S(=O)([O-])C(F)(F)F,-1.3394107818603516,-1.134155511856079,3,12
C=CC[N+](C)(C)CC|O=S(=O)([O-])C(F)(F)F,-1.1177951097488403,-0.9234841465950012,3,12
C=CC[N+](C)(C)CC|O=S(=O)([O-])C(F)(F)F,-0.8675005435943604,-0.7370039820671082,3,12
C=CC[N+](C)(C)CC|O=S(=O)([O-])C(F)(F)F,-0.6851789951324463,-0.5939427614212036,3,12
C=CC[N+](C)(C)CC|O=S(=O)([O-])C(F)(F)F,-0.5108256340026855,-0.4731251001358032,3,12
C=CC[N+](C)(C)CC|O=S(=O)([O-])C(F)(F)F,-0.32434606552124023,-0.3575572967529297,3,12
C=CC[N+](C)(C)CC|O=S(=O)([O-])C(F)(F)F,-0.1578240841627121,-0.24351656436920166,3,12
C=CC[N+](C)(C)CC|O=S(=O)([O-])C(F)(F)F,0.00498754158616066,-0.13394999504089355,3,12
C=CC[N+](C)(C)CC|O=S(=O)([O-])C(F)(F)F,0.14928169548511505,-0.03444349765777588,3,12
C=CC[N+](C)(C)CC|O=S(=O)([O-])C(F)(F)F,0.2859305441379547,0.06301486492156982,3,12
C=CC[N+](C)(C)CC|O=S(=O)([O-])C(F)(F)F,0.4134332835674286,0.1558016538619995,3,12
OCC[n+]1ccccc1|O=S(=O)([N-]S(=O)(=O)C(F)(F)F)C(F)(F)F,-3.123565673828125,-4.3449225425720215,3,12
OCC[n+]1ccccc1|O=S(=O)([N-]S(=O)(=O)C(F)(F)F)C(F)(F)F,-2.7181005477905273,-3.827629566192627,3,12
OCC[n+]1ccccc1|O=S(=O)([N-]S(=O)(=O)C(F)(F)F)C(F)(F)F,-2.3538784980773926,-3.3518009185791016,3,12
OCC[n+]1ccccc1|O=S(=O)([N-]S(=O)(=O)C(F)(F)F)C(F)(F)F,-2.0249533653259277,-2.9071450233459473,3,12
OCC[n+]1ccccc1|O=S(=O)([N-]S(=O)(=O)C(F)(F)F)C(F)(F)F,-1.7259716987609863,-2.5300028324127197,3,12
OCC[n+]1ccccc1|O=S(=O)([N-]S(=O)(=O)C(F)(F)F)C(F)(F)F,-1.456716775894165,-2.167337417602539,3,12
OCC[n+]1ccccc1|O=S(=O)([N-]S(=O)(=O)C(F)(F)F)C(F)(F)F,-1.207311749458313,-1.8806090354919434,3,12
OCC[n+]1ccccc1|O=S(=O)([N-]S(=O)(=O)C(F)(F)F)C(F)(F)F,-0.774357259273529,-1.4183850288391113,3,12
OCC[n+]1ccccc1|O=S(=O)([N-]S(=O)(=O)C(F)(F)F)C(F)(F)F,-0.4034671187400818,-1.087251901626587,3,12
OCC[n+]1ccccc1|O=S(=O)([N-]S(=O)(=O)C(F)(F)F)C(F)(F)F,-0.09211529046297073,-0.8026342391967773,3,12
OCC[n+]1ccccc1|O=S(=O)([N-]S(=O)(=O)C(F)(F)F)C(F)(F)F,0.1856493502855301,-0.5478430986404419,3,12
OCC[n+]1ccccc1|O=S(=O)([N-]S(=O)(=O)C(F)(F)F)C(F)(F)F,0.4167346954345703,-0.3014223575592041,3,12
CCCCCC[n+]1ccccc1|O=S(=O)([N-]S(=O)(=O)C(F)(F)F)C(F)(F)F,-2.577021837234497,-3.1571578979492188,3,58
CCCCCC[n+]1ccccc1|O=S(=O)([N-]S(=O)(=O)C(F)(F)F)C(F)(F)F,-2.3025851249694824,-2.7667925357818604,3,58
CCCCCC[n+]1ccccc1|O=S(=O)([N-]S(=O)(=O)C(F)(F)F)C(F)(F)F,-2.0402207374572754,-2.40488338470459,3,58
CCCCCC[n+]1ccccc1|O=S(=O)([N-]S(=O)(=O)C(F)(F)F)C(F)(F)F,-1.7957675457000732,-2.0676944255828857,3,58
CCCCCC[n+]1ccccc1|O=S(=O)([N-]S(=O)(=O)C(F)(F)F)C(F)(F)F,-1.570217251777649,-1.8160954713821411,3,58
CCCCCC[n+]1ccccc1|O=S(=O)([N-]S(=O)(=O)C(F)(F)F)C(F)(F)F,-1.358679175376892,-1.5985909700393677,3,58
CCCCCC[n+]1ccccc1|O=S(=O)([N-]S(=O)(=O)C(F)(F)F)C(F)(F)F,-1.1679623126983643,-1.4302258491516113,3,58
CCCCCC[n+]1ccccc1|O=S(=O)([N-]S(=O)(=O)C(F)(F)F)C(F)(F)F,-0.9493305683135986,-1.290193796157837,3,58
CCCCCC[n+]1ccccc1|O=S(=O)([N-]S(=O)(=O)C(F)(F)F)C(F)(F)F,-0.8074363470077515,-1.1599061489105225,3,58
CCCCCC[n+]1ccccc1|O=S(=O)([N-]S(=O)(=O)C(F)(F)F)C(F)(F)F,-0.6198967099189758,-1.0304611921310425,3,58
CCCCCC[n+]1ccccc1|O=S(=O)([N-]S(=O)(=O)C(F)(F)F)C(F)(F)F,-0.4764241874217987,-0.9145600199699402,3,58
CCCCCC[n+]1ccccc1|O=S(=O)([N-]S(=O)(=O)C(F)(F)F)C(F)(F)F,-0.3396773636341095,-0.8056007027626038,3,58
CCCCn1cc[n+](C)c1|O=C(O[B-](F)(F)OC(=O)C(F)(F)F)C(F)(F)F,-3.7640340328216553,-5.015722751617432,3,12
CCCCn1cc[n+](C)c1|O=C(O[B-](F)(F)OC(=O)C(F)(F)F)C(F)(F)F,-2.8585824966430664,-3.9432854652404785,3,12
CCCCn1cc[n+](C)c1|O=C(O[B-](F)(F)OC(=O)C(F)(F)F)C(F)(F)F,-2.121931552886963,-3.0029406547546387,3,12
CCCCn1cc[n+](C)c1|O=C(O[B-](F)(F)OC(=O)C(F)(F)F)C(F)(F)F,-1.5205117464065552,-2.1717798709869385,3,12
CCCCn1cc[n+](C)c1|O=C(O[B-](F)(F)OC(=O)C(F)(F)F)C(F)(F)F,-1.0238759517669678,-1.568176507949829,3,12
CCCCn1cc[n+](C)c1|O=C(O[B-](F)(F)OC(=O)C(F)(F)F)C(F)(F)F,-0.6089898943901062,-1.1792577505111694,3,12
CCCCn1cc[n+](C)c1|O=C(O[B-](F)(F)OC(=O)C(F)(F)F)C(F)(F)F,-0.42648446559906006,-1.041183590888977,3,12
CCCCn1cc[n+](C)c1|O=C(O[B-](F)(F)OC(=O)C(F)(F)F)C(F)(F)F,-0.10147916525602341,-0.7933201193809509,3,12
CCCCn1cc[n+](C)c1|O=C(O[B-](F)(F)OC(=O)C(F)(F)F)C(F)(F)F,0.17831353843212128,-0.5327310562133789,3,12
CCCCn1cc[n+](C)c1|O=C(O[B-](F)(F)OC(=O)C(F)(F)F)C(F)(F)F,0.42179766297340393,-0.3098560571670532,3,12
CCCCn1cc[n+](C)c1|O=C(O[B-](F)(F)OC(=O)C(F)(F)F)C(F)(F)F,0.6362593173980713,-0.0961456298828125,3,12
CCCCn1cc[n+](C)c1|O=C(O[B-](F)(F)OC(=O)C(F)(F)F)C(F)(F)F,0.8253589272499084,0.08960747718811035,3,12
C[N+](C)(C)CCO|NCCC(=O)[O-],-7.250245571136475,-5.759112358093262,3,12
C[N+](C)(C)CCO|NCCC(=O)[O-],-6.5500807762146,-5.274988651275635,3,12
C[N+](C)(C)CCO|NCCC(=O)[O-],-5.921938419342041,-4.80296516418457,3,12
C[N+](C)(C)CCO|NCCC(=O)[O-],-5.310389995574951,-4.360809326171875,3,12
C[N+](C)(C)CCO|NCCC(=O)[O-],-4.702783107757568,-3.9487104415893555,3,12
C[N+](C)(C)CCO|NCCC(=O)[O-],-4.315490245819092,-3.589658260345459,3,12
C[N+](C)(C)CCO|NCCC(=O)[O-],-4.029681205749512,-3.2496657371520996,3,12
C[N+](C)(C)CCO|NCCC(=O)[O-],-3.7845096588134766,-2.9260382652282715,3,12
C[N+](C)(C)CCO|NCCC(=O)[O-],-3.5216715335845947,-2.6302905082702637,3,12
C[N+](C)(C)CCO|NCCC(=O)[O-],-3.2728042602539062,-2.3468916416168213,3,12
C[N+](C)(C)CCO|NCCC(=O)[O-],-3.0037643909454346,-2.1034560203552246,3,12
C[N+](C)(C)CCO|NCCC(=O)[O-],-2.7887179851531982,-1.910240650177002,3,12
CC[n+]1ccc(C)cc1|O=S(=O)([N-]S(=O)(=O)C(F)(F)F)C(F)(F)F,-0.8580217957496643,-2.0476555824279785,3,14
CC[n+]1ccc(C)cc1|O=S(=O)([N-]S(=O)(=O)C(F)(F)F)C(F)(F)F,-0.6443570256233215,-1.7108124494552612,3,14
CC[n+]1ccc(C)cc1|O=S(=O)([N-]S(=O)(=O)C(F)(F)F)C(F)(F)F,-0.44941699504852295,-1.4479453563690186,3,14
CC[n+]1ccc(C)cc1|O=S(=O)([N-]S(=O)(=O)C(F)(F)F)C(F)(F)F,-0.27049726247787476,-1.2109756469726562,3,14
CC[n+]1ccc(C)cc1|O=S(=O)([N-]S(=O)(=O)C(F)(F)F)C(F)(F)F,-0.10425002127885818,-1.0051095485687256,3,14
CC[n+]1ccc(C)cc1|O=S(=O)([N-]S(=O)(=O)C(F)(F)F)C(F)(F)F,0.04879016429185867,-0.8237294554710388,3,14
CC[n+]1ccc(C)cc1|O=S(=O)([N-]S(=O)(=O)C(F)(F)F)C(F)(F)F,0.18896609544754028,-0.6517312526702881,3,14
CC[n+]1ccc(C)cc1|O=S(=O)([N-]S(=O)(=O)C(F)(F)F)C(F)(F)F,0.3206331729888916,-0.5008649826049805,3,14
CC[n+]1ccc(C)cc1|O=S(=O)([N-]S(=O)(=O)C(F)(F)F)C(F)(F)F,0.440832257270813,-0.34922492504119873,3,14
CC[n+]1ccc(C)cc1|O=S(=O)([N-]S(=O)(=O)C(F)(F)F)C(F)(F)F,0.5596157908439636,-0.2005159854888916,3,14
CC[n+]1ccc(C)cc1|O=S(=O)([N-]S(=O)(=O)C(F)(F)F)C(F)(F)F,0.6703901886940002,-0.06882667541503906,3,14
CC[n+]1ccc(C)cc1|O=S(=O)([N-]S(=O)(=O)C(F)(F)F)C(F)(F)F,0.7747271656990051,0.04646873474121094,3,14
CC[n+]1ccn(C)c1|[I-],0.8109301924705505,-0.22008109092712402,3,91
CC[n+]1ccn(C)c1|[I-],0.8919980525970459,-0.1904759407043457,3,91
CC[n+]1ccn(C)c1|[I-],1.0224509239196777,0.0600208044052124,3,91
CC[n+]1ccn(C)c1|[I-],1.1693813800811768,0.1669851541519165,3,91
CC[n+]1ccn(C)c1|[I-],1.0919233560562134,0.16919469833374023,3,91
CC[n+]1ccn(C)c1|[I-],1.2325602769851685,0.27744877338409424,3,91
CC[n+]1ccn(C)c1|[I-],1.2864739894866943,0.3852728605270386,3,91
CC[n+]1ccn(C)c1|[I-],1.3506672382354736,0.48454368114471436,3,91
CC[n+]1ccn(C)c1|[I-],1.5325568914413452,0.48643743991851807,3,91
CC[n+]1ccn(C)c1|[I-],1.599387526512146,0.6701511144638062,3,91
CC[n+]1ccn(C)c1|[I-],1.7422189712524414,0.8536287546157837,3,91
CCCC[N+](C)(C)C|O=S(=O)([N-]S(=O)(=O)C(F)(F)F)C(F)(F)F,-3.8873302936553955,-4.116750717163086,3,26
CCCC[N+](C)(C)C|O=S(=O)([N-]S(=O)(=O)C(F)(F)F)C(F)(F)F,-3.0554823875427246,-3.3509531021118164,3,26
CCCC[N+](C)(C)C|O=S(=O)([N-]S(=O)(=O)C(F)(F)F)C(F)(F)F,-2.3751556873321533,-2.632202625274658,3,26
CCCC[N+](C)(C)C|O=S(=O)([N-]S(=O)(=O)C(F)(F)F)C(F)(F)F,-1.8201589584350586,-1.9378300905227661,3,26
CCCC[N+](C)(C)C|O=S(=O)([N-]S(=O)(=O)C(F)(F)F)C(F)(F)F,-1.3509272336959839,-1.3922367095947266,3,26
CCCC[N+](C)(C)C|O=S(=O)([N-]S(=O)(=O)C(F)(F)F)C(F)(F)F,-0.9493305683135986,-1.0594420433044434,3,26
CCCC[N+](C)(C)C|O=S(=O)([N-]S(=O)(=O)C(F)(F)F)C(F)(F)F,-0.6033064723014832,-0.8048565983772278,3,26
CCCC[N+](C)(C)C|O=S(=O)([N-]S(=O)(=O)C(F)(F)F)C(F)(F)F,-0.3011050820350647,-0.5862933397293091,3,26
CCCC[N+](C)(C)C|O=S(=O)([N-]S(=O)(=O)C(F)(F)F)C(F)(F)F,-0.040821995586156845,-0.39367127418518066,3,26
CCCC[N+](C)(C)C|O=S(=O)([N-]S(=O)(=O)C(F)(F)F)C(F)(F)F,0.1996701955795288,-0.20601403713226318,3,26
CCCC[N+](C)(C)C|O=S(=O)([N-]S(=O)(=O)C(F)(F)F)C(F)(F)F,0.40945711731910706,-0.027228593826293945,3,26
CCCC[N+](C)(C)C|O=S(=O)([N-]S(=O)(=O)C(F)(F)F)C(F)(F)F,0.5982869267463684,0.15679359436035156,3,26
CCCC[n+]1ccccc1|F[B-](F)(F)c1ccccc1,-1.5558971166610718,-2.687649726867676,3,12
CCCC[n+]1ccccc1|F[B-](F)(F)c1ccccc1,-1.3509272336959839,-2.261892318725586,3,12
CCCC[n+]1ccccc1|F[B-](F)(F)c1ccccc1,-1.1239300966262817,-1.9456284046173096,3,12
CCCC[n+]1ccccc1|F[B-](F)(F)c1ccccc1,-0.9213032722473145,-1.655574917793274,3,12
CCCC[n+]1ccccc1|F[B-](F)(F)c1ccccc1,-0.719491183757782,-1.3728145360946655,3,12
CCCC[n+]1ccccc1|F[B-](F)(F)c1ccccc1,-0.5464528203010559,-1.1234208345413208,3,12
CCCC[n+]1ccccc1|F[B-](F)(F)c1ccccc1,-0.35953617095947266,-0.9293889403343201,3,12
CCCC[n+]1ccccc1|F[B-](F)(F)c1ccccc1,-0.23067182302474976,-0.7538036108016968,3,12
CCCC[n+]1ccccc1|F[B-](F)(F)c1ccccc1,-0.08664780855178833,-0.6046667098999023,3,12
CCCC[n+]1ccccc1|F[B-](F)(F)c1ccccc1,0.043059490621089935,-0.47746193408966064,3,12
CCCC[n+]1ccccc1|F[B-](F)(F)c1ccccc1,0.17311261594295502,-0.35504889488220215,3,12
CCCC[N+](C)(CCCC)CCCC|F[B-](F)(F)c1ccccc1,-4.509860038757324,-3.919210910797119,3,12
CCCC[N+](C)(CCCC)CCCC|F[B-](F)(F)c1ccccc1,-4.135166645050049,-3.544064998626709,3,12
CCCC[N+](C)(CCCC)CCCC|F[B-](F)(F)c1ccccc1,-3.8167128562927246,-3.1767473220825195,3,12
CCCC[N+](C)(CCCC)CCCC|F[B-](F)(F)c1ccccc1,-3.411247730255127,-2.8808701038360596,3,12
CCCC[N+](C)(CCCC)CCCC|F[B-](F)(F)c1ccccc1,-3.1700856685638428,-2.61008620262146,3,12
CCCC[N+](C)(CCCC)CCCC|F[B-](F)(F)c1ccccc1,-2.864703893661499,-2.3520965576171875,3,12
CCCC[N+](C)(CCCC)CCCC|F[B-](F)(F)c1ccccc1,-2.577021837234497,-2.1260409355163574,3,12
CCCC[N+](C)(CCCC)CCCC|F[B-](F)(F)c1ccccc1,-2.3025851249694824,-1.9229300022125244,3,12
CCCC[N+](C)(CCCC)CCCC|F[B-](F)(F)c1ccccc1,-2.032557964324951,-1.7514556646347046,3,12
CCCC[N+](C)(CCCC)CCCC|F[B-](F)(F)c1ccccc1,-1.7837913036346436,-1.5804845094680786,3,12
CCCC[N+](C)(CCCC)CCCC|F[B-](F)(F)c1ccccc1,-1.4828052520751953,-1.4206640720367432,3,12
CCCCn1cc[n+](C)c1|N#Cc1ccc([B-](F)(F)F)cc1,-1.980501651763916,-2.0023000240325928,3,11
CCCCn1cc[n+](C)c1|N#Cc1ccc([B-](F)(F)F)cc1,-1.7203694581985474,-1.5924038887023926,3,11
CCCCn1cc[n+](C)c1|N#Cc1ccc([B-](F)(F)F)cc1,-1.570217251777649,-1.282285451889038,3,11
CCCCn1cc[n+](C)c1|N#Cc1ccc([B-](F)(F)F)cc1,-1.3470736742019653,-0.9746687412261963,3,11
CCCCn1cc[n+](C)c1|N#Cc1ccc([B-](F)(F)F)cc1,-1.1239300966262817,-0.7131667733192444,3,11
CCCCn1cc[n+](C)c1|N#Cc1ccc([B-](F)(F)F)cc1,-0.9942522644996643,-0.5127710103988647,3,11
CCCCn1cc[n+](C)c1|N#Cc1ccc([B-](F)(F)F)cc1,-0.7507762908935547,-0.3437410593032837,3,11
CCCCn1cc[n+](C)c1|N#Cc1ccc([B-](F)(F)F)cc1,-0.6198967099189758,-0.19614815711975098,3,11
CCCCn1cc[n+](C)c1|N#Cc1ccc([B-](F)(F)F)cc1,-0.43078291416168213,-0.05709052085876465,3,11
CCCCn1cc[n+](C)c1|N#Cc1ccc([B-](F)(F)F)cc1,-0.2446225881576538,0.09318757057189941,3,11
CCCCn1cc[n+](C)c1|N#Cc1ccc([B-](F)(F)F)cc1,-0.16960278153419495,0.22577548027038574,3,11
CCCC[n+]1ccn(C)c1|F[B-](F)(F)c1ccccc1,-1.4229583740234375,-2.4824256896972656,3,23
CCCC[n+]1ccn(C)c1|F[B-](F)(F)c1ccccc1,-1.2241754531860352,-2.075326919555664,3,23
CCCC[n+]1ccn(C)c1|F[B-](F)(F)c1ccccc1,-1.021651268005371,-1.7444802522659302,3,23
CCCC[n+]1ccn(C)c1|F[B-](F)(F)c1ccccc1,-0.8347107172012329,-1.4459593296051025,3,23
CCCC[n+]1ccn(C)c1|F[B-](F)(F)c1ccccc1,-0.6616485118865967,-1.1687109470367432,3,23
CCCC[n+]1ccn(C)c1|F[B-](F)(F)c1ccccc1,-0.5175145864486694,-0.9461922645568848,3,23
CCCC[n+]1ccn(C)c1|F[B-](F)(F)c1ccccc1,-0.3453111946582794,-0.7818005084991455,3,23
CCCC[n+]1ccn(C)c1|F[B-](F)(F)c1ccccc1,-0.20089294016361237,-0.6369431018829346,3,23
CCCC[n+]1ccn(C)c1|F[B-](F)(F)c1ccccc1,-0.08664780855178833,-0.4952133893966675,3,23
CCCC[n+]1ccn(C)c1|F[B-](F)(F)c1ccccc1,0.05732506513595581,-0.3568481206893921,3,23
CCCC[n+]1ccn(C)c1|F[B-](F)(F)c1ccccc1,0.17395330965518951,-0.22272241115570068,3,23
CCCCCCn1cc[n+](C)c1|FC(F)(F)C(F)(F)[P-](F)(F)(F)(C(F)(F)C(F)(F)F)C(F)(F)C(F)(F)F,-2.0379157066345215,-2.0538134574890137,3,22
CCCCCCn1cc[n+](C)c1|FC(F)(F)C(F)(F)[P-](F)(F)(F)(C(F)(F)C(F)(F)F)C(F)(F)C(F)(F)F,-1.7927600145339966,-1.8555207252502441,3,22
CCCCCCn1cc[n+](C)c1|FC(F)(F)C(F)(F)[P-](F)(F)(F)(C(F)(F)C(F)(F)F)C(F)(F)C(F)(F)F,-1.5654209852218628,-1.66219961643219,3,22
CCCCCCn1cc[n+](C)c1|FC(F)(F)C(F)(F)[P-](F)(F)(F)(C(F)(F)C(F)(F)F)C(F)(F)C(F)(F)F,-1.3547956943511963,-1.4911478757858276,3,22
CCCCCCn1cc[n+](C)c1|FC(F)(F)C(F)(F)[P-](F)(F)(F)(C(F)(F)C(F)(F)F)C(F)(F)C(F)(F)F,-1.16155207157135,-1.344321608543396,3,22
CCCCCCn1cc[n+](C)c1|FC(F)(F)C(F)(F)[P-](F)(F)(F)(C(F)(F)C(F)(F)F)C(F)(F)C(F)(F)F,-0.9834994673728943,-1.2130327224731445,3,22
CCCCCCn1cc[n+](C)c1|FC(F)(F)C(F)(F)[P-](F)(F)(F)(C(F)(F)C(F)(F)F)C(F)(F)C(F)(F)F,-0.8209805488586426,-1.0980820655822754,3,22
CCCCCCn1cc[n+](C)c1|FC(F)(F)C(F)(F)[P-](F)(F)(F)(C(F)(F)C(F)(F)F)C(F)(F)C(F)(F)F,-0.6655319929122925,-0.9880580306053162,3,22
CCCCCCn1cc[n+](C)c1|FC(F)(F)C(F)(F)[P-](F)(F)(F)(C(F)(F)C(F)(F)F)C(F)(F)C(F)(F)F,-0.5225608944892883,-0.8900125026702881,3,22
CCCCCCn1cc[n+](C)c1|FC(F)(F)C(F)(F)[P-](F)(F)(F)(C(F)(F)C(F)(F)F)C(F)(F)C(F)(F)F,-0.39156219363212585,-0.7944021224975586,3,22
CCCCCCn1cc[n+](C)c1|FC(F)(F)C(F)(F)[P-](F)(F)(F)(C(F)(F)C(F)(F)F)C(F)(F)C(F)(F)F,-0.2626643180847168,-0.7173515558242798,3,22
CCCCn1cc[n+](C)c1|F[B-](F)(F)c1ccc(C(F)(F)F)cc1,-2.0402207374572754,-2.4969675540924072,3,11
CCCCn1cc[n+](C)c1|F[B-](F)(F)c1ccc(C(F)(F)F)cc1,-1.8325815200805664,-2.091670274734497,3,11
CCCCn1cc[n+](C)c1|F[B-](F)(F)c1ccc(C(F)(F)F)cc1,-1.5511690378189087,-1.7482643127441406,3,11
CCCCn1cc[n+](C)c1|F[B-](F)(F)c1ccc(C(F)(F)F)cc1,-1.3470736742019653,-1.4508310556411743,3,11
CCCCn1cc[n+](C)c1|F[B-](F)(F)c1ccc(C(F)(F)F)cc1,-1.1239300966262817,-1.212693691253662,3,11
CCCCn1cc[n+](C)c1|F[B-](F)(F)c1ccc(C(F)(F)F)cc1,-0.9545119404792786,-0.998633623123169,3,11
CCCCn1cc[n+](C)c1|F[B-](F)(F)c1ccc(C(F)(F)F)cc1,-0.7874578833580017,-0.8277210593223572,3,11
CCCCn1cc[n+](C)c1|F[B-](F)(F)c1ccc(C(F)(F)F)cc1,-0.6198967099189758,-0.6631320118904114,3,11
CCCCn1cc[n+](C)c1|F[B-](F)(F)c1ccc(C(F)(F)F)cc1,-0.4509856104850769,-0.5423376560211182,3,11
CCCCn1cc[n+](C)c1|F[B-](F)(F)c1ccc(C(F)(F)F)cc1,-0.3396773636341095,-0.39777302742004395,3,11
CCCCn1cc[n+](C)c1|F[B-](F)(F)c1ccc(C(F)(F)F)cc1,-0.16960278153419495,-0.23800432682037354,3,11
CCCC[n+]1ccn(C)c1|F[B-](F)(F)c1ccccc1,-1.4229583740234375,-2.5087099075317383,3,23
CCCC[n+]1ccn(C)c1|F[B-](F)(F)c1ccccc1,-1.1973282098770142,-2.0669188499450684,3,23
CCCC[n+]1ccn(C)c1|F[B-](F)(F)c1ccccc1,-1.0106014013290405,-1.725751280784607,3,23
CCCC[n+]1ccn(C)c1|F[B-](F)(F)c1ccccc1,-0.8232558369636536,-1.4436407089233398,3,23
CCCC[n+]1ccn(C)c1|F[B-](F)(F)c1ccccc1,-0.5996568202972412,-1.151087999343872,3,23
CCCC[n+]1ccn(C)c1|F[B-](F)(F)c1ccccc1,-0.4509856104850769,-0.94807368516922,3,23
CCCC[n+]1ccn(C)c1|F[B-](F)(F)c1ccccc1,-0.3202052712440491,-0.7712668776512146,3,23
CCCC[n+]1ccn(C)c1|F[B-](F)(F)c1ccccc1,-0.20702417194843292,-0.6294646263122559,3,23
CCCC[n+]1ccn(C)c1|F[B-](F)(F)c1ccccc1,-0.0397808700799942,-0.4869072437286377,3,23
CCCC[n+]1ccn(C)c1|F[B-](F)(F)c1ccccc1,0.07232066243886948,-0.34396040439605713,3,23
CCCC[n+]1ccn(C)c1|F[B-](F)(F)c1ccccc1,0.1475575715303421,-0.2144399881362915,3,23
CC[n+]1ccn(C)c1|F[B-](F)(F)c1ccccc1,-0.4034671187400818,-2.250061273574829,3,12
CC[n+]1ccn(C)c1|F[B-](F)(F)c1ccccc1,-0.2446225881576538,-1.7270246744155884,3,12
CC[n+]1ccn(C)c1|F[B-](F)(F)c1ccccc1,-0.05762911215424538,-1.3332202434539795,3,12
CC[n+]1ccn(C)c1|F[B-](F)(F)c1ccccc1,0.08617769926786423,-0.9869930148124695,3,12
CC[n+]1ccn(C)c1|F[B-](F)(F)c1ccccc1,0.21591751277446747,-0.6845356225967407,3,12
CC[n+]1ccn(C)c1|F[B-](F)(F)c1ccccc1,0.3307415544986725,-0.46765363216400146,3,12
CC[n+]1ccn(C)c1|F[B-](F)(F)c1ccccc1,0.47499117255210876,-0.30931758880615234,3,12
CC[n+]1ccn(C)c1|F[B-](F)(F)c1ccccc1,0.618962287902832,-0.1524333953857422,3,12
CC[n+]1ccn(C)c1|F[B-](F)(F)c1ccccc1,0.7481087446212769,-0.0013365745544433594,3,12
CC[n+]1ccn(C)c1|F[B-](F)(F)c1ccccc1,0.8346467614173889,0.13540112972259521,3,12
CC[n+]1ccn(C)c1|F[B-](F)(F)c1ccccc1,0.9928813576698303,0.2616157531738281,3,12
CCCC[n+]1ccn(C)c1|F[P-](F)(F)(F)(F)F,-2.861201286315918,-5.308208465576172,3,168
CCCC[n+]1ccn(C)c1|F[P-](F)(F)(F)(F)F,-2.518256664276123,-4.736862659454346,3,168
CCCC[n+]1ccn(C)c1|F[P-](F)(F)(F)(F)F,-2.2009315490722656,-4.166152477264404,3,168
CCCC[n+]1ccn(C)c1|F[P-](F)(F)(F)(F)F,-1.9085180759429932,-3.5976438522338867,3,168
CCCC[n+]1ccn(C)c1|F[P-](F)(F)(F)(F)F,-1.6373231410980225,-3.0297024250030518,3,168
CCCC[n+]1ccn(C)c1|F[P-](F)(F)(F)(F)F,-1.3850951194763184,-2.5000758171081543,3,168
CCCC[n+]1ccn(C)c1|F[P-](F)(F)(F)(F)F,-1.1507480144500732,-2.0599381923675537,3,168
CCCC[n+]1ccn(C)c1|F[P-](F)(F)(F)(F)F,-0.9314043521881104,-1.740169644355774,3,168
CCCC[n+]1ccn(C)c1|F[P-](F)(F)(F)(F)F,-0.727738618850708,-1.500925064086914,3,168
CCCC[n+]1ccn(C)c1|F[P-](F)(F)(F)(F)F,-0.5378543138504028,-1.3211193084716797,3,168
CCCC[n+]1ccn(C)c1|F[P-](F)(F)(F)(F)F,-0.3609698712825775,-1.1648359298706055,3,168
CCCCCCCCCC[n+]1ccn(C)c1|F[B-](F)(F)F,-4.074542045593262,-5.630838394165039,3,50
CCCCCCCCCC[n+]1ccn(C)c1|F[B-](F)(F)F,-3.7172789573669434,-5.1664137840271,3,50
CCCCCCCCCC[n+]1ccn(C)c1|F[B-](F)(F)F,-3.381394863128662,-4.681908130645752,3,50
CCCCCCCCCC[n+]1ccn(C)c1|F[B-](F)(F)F,-3.07045578956604,-4.164525032043457,3,50
CCCCCCCCCC[n+]1ccn(C)c1|F[B-](F)(F)F,-2.7790093421936035,-3.6600680351257324,3,50
CCCCCCCCCC[n+]1ccn(C)c1|F[B-](F)(F)F,-2.5071523189544678,-3.1493287086486816,3,50
CCCCCCCCCC[n+]1ccn(C)c1|F[B-](F)(F)F,-2.252842903137207,-2.6803088188171387,3,50
CCCCCCCCCC[n+]1ccn(C)c1|F[B-](F)(F)F,-2.0136537551879883,-2.290381908416748,3,50
CCCCCCCCCC[n+]1ccn(C)c1|F[B-](F)(F)F,-1.7873691320419312,-2.0117886066436768,3,50
CCCCCCCCCC[n+]1ccn(C)c1|F[B-](F)(F)F,-1.5740708112716675,-1.7763760089874268,3,50
CCCCCCCCCC[n+]1ccn(C)c1|F[B-](F)(F)F,-1.3751566410064697,-1.5659232139587402,3,50
CCCC[N+]1(C)CCCC1|O=S(=O)([N-]S(=O)(=O)C(F)(F)F)C(F)(F)F,-1.3862943649291992,-1.8772372007369995,3,221
CCCC[N+]1(C)CCCC1|O=S(=O)([N-]S(=O)(=O)C(F)(F)F)C(F)(F)F,-0.7550225853919983,-0.9869131445884705,3,221
CCCC[N+]1(C)CCCC1|O=S(=O)([N-]S(=O)(=O)C(F)(F)F)C(F)(F)F,-0.4620354473590851,-0.6659509539604187,3,221
CCCC[N+]1(C)CCCC1|O=S(=O)([N-]S(=O)(=O)C(F)(F)F)C(F)(F)F,-0.2231435477733612,-0.37249696254730225,3,221
CCCC[N+]1(C)CCCC1|O=S(=O)([N-]S(=O)(=O)C(F)(F)F)C(F)(F)F,0.00995033048093319,-0.11748552322387695,3,221
CCCC[N+]1(C)CCCC1|O=S(=O)([N-]S(=O)(=O)C(F)(F)F)C(F)(F)F,0.19062036275863647,0.1088019609451294,3,221
CCCC[N+]1(C)CCCC1|O=S(=O)([N-]S(=O)(=O)C(F)(F)F)C(F)(F)F,0.5538851022720337,0.49690330028533936,3,221
CCCC[N+]1(C)CCCC1|O=S(=O)([N-]S(=O)(=O)C(F)(F)F)C(F)(F)F,0.832909107208252,0.8565603494644165,3,221
CCCC[N+]1(C)CCCC1|O=S(=O)([N-]S(=O)(=O)C(F)(F)F)C(F)(F)F,1.07158362865448,1.208785891532898,3,221
CCCC[N+]1(C)CCCC1|O=S(=O)([N-]S(=O)(=O)C(F)(F)F)C(F)(F)F,1.2837077379226685,1.5666366815567017,3,221
CCCC[N+]1(C)CCCC1|O=S(=O)([N-]S(=O)(=O)C(F)(F)F)C(F)(F)F,1.4655675888061523,1.9299482107162476,3,221
CCCC[N+]1(C)CCCC1|O=S(=O)([N-]S(=O)(=O)C(F)(F)F)C(F)(F)F,-1.9848588705062866,-2.577646255493164,3,221
CCCC[N+]1(C)CCCC1|O=S(=O)([N-]S(=O)(=O)C(F)(F)F)C(F)(F)F,-1.7265336513519287,-2.189532995223999,3,221
CCCC[N+]1(C)CCCC1|O=S(=O)([N-]S(=O)(=O)C(F)(F)F)C(F)(F)F,-1.4889917373657227,-1.86497962474823,3,221
CCCC[N+]1(C)CCCC1|O=S(=O)([N-]S(=O)(=O)C(F)(F)F)C(F)(F)F,-1.2694005966186523,-1.6159006357192993,3,221
CCCC[N+]1(C)CCCC1|O=S(=O)([N-]S(=O)(=O)C(F)(F)F)C(F)(F)F,-1.0671136379241943,-1.3776365518569946,3,221
CCCC[N+]1(C)CCCC1|O=S(=O)([N-]S(=O)(=O)C(F)(F)F)C(F)(F)F,-0.8770700097084045,-1.1688454151153564,3,221
CCCC[N+]1(C)CCCC1|O=S(=O)([N-]S(=O)(=O)C(F)(F)F)C(F)(F)F,-0.7031975388526917,-0.9944526553153992,3,221
CCCC[N+]1(C)CCCC1|O=S(=O)([N-]S(=O)(=O)C(F)(F)F)C(F)(F)F,-0.5395680665969849,-0.828276515007019,3,221
CCCC[N+]1(C)CCCC1|O=S(=O)([N-]S(=O)(=O)C(F)(F)F)C(F)(F)F,-0.3886079788208008,-0.6785796284675598,3,221
CCCC[N+]1(C)CCCC1|O=S(=O)([N-]S(=O)(=O)C(F)(F)F)C(F)(F)F,-0.24590054154396057,-0.5330653190612793,3,221
CCCC[N+]1(C)CCCC1|O=S(=O)([N-]S(=O)(=O)C(F)(F)F)C(F)(F)F,-0.11316870152950287,-0.39054763317108154,3,221
CCCn1cc[n+](C)c1|O=S(=O)([N-]S(=O)(=O)C(F)(F)F)C(F)(F)F,-1.2289488315582275,-1.7199585437774658,3,45
CCCn1cc[n+](C)c1|O=S(=O)([N-]S(=O)(=O)C(F)(F)F)C(F)(F)F,-0.9996723532676697,-1.4721089601516724,3,45
CCCn1cc[n+](C)c1|O=S(=O)([N-]S(=O)(=O)C(F)(F)F)C(F)(F)F,-0.7874578833580017,-1.2361013889312744,3,45
CCCn1cc[n+](C)c1|O=S(=O)([N-]S(=O)(=O)C(F)(F)F)C(F)(F)F,-0.5923972725868225,-1.045990228652954,3,45
CCCn1cc[n+](C)c1|O=S(=O)([N-]S(=O)(=O)C(F)(F)F)C(F)(F)F,-0.41248971223831177,-0.8898199200630188,3,45
CCCn1cc[n+](C)c1|O=S(=O)([N-]S(=O)(=O)C(F)(F)F)C(F)(F)F,-0.24590054154396057,-0.7350719571113586,3,45
CCCn1cc[n+](C)c1|O=S(=O)([N-]S(=O)(=O)C(F)(F)F)C(F)(F)F,-0.0910193994641304,-0.5828502178192139,3,45
CCCn1cc[n+](C)c1|O=S(=O)([N-]S(=O)(=O)C(F)(F)F)C(F)(F)F,0.05325636640191078,-0.437764048576355,3,45
CCCn1cc[n+](C)c1|O=S(=O)([N-]S(=O)(=O)C(F)(F)F)C(F)(F)F,0.1876407116651535,-0.3047969341278076,3,45
CCCn1cc[n+](C)c1|O=S(=O)([N-]S(=O)(=O)C(F)(F)F)C(F)(F)F,0.31342291831970215,-0.18136072158813477,3,45
CCCn1cc[n+](C)c1|O=S(=O)([N-]S(=O)(=O)C(F)(F)F)C(F)(F)F,0.431327760219574,-0.07372689247131348,3,45
CCCC[N+]1(C)CCCC1|O=S(=O)([N-]S(=O)(=O)C(F)(F)F)C(F)(F)F,-5.221356391906738,-6.636073112487793,3,221
CCCC[N+]1(C)CCCC1|O=S(=O)([N-]S(=O)(=O)C(F)(F)F)C(F)(F)F,-4.160484313964844,-5.620606422424316,3,221
CCCC[N+]1(C)CCCC1|O=S(=O)([N-]S(=O)(=O)C(F)(F)F)C(F)(F)F,-3.302257537841797,-4.600689888000488,3,221
CCCC[N+]1(C)CCCC1|O=S(=O)([N-]S(=O)(=O)C(F)(F)F)C(F)(F)F,-2.573082447052002,-3.575496196746826,3,221
CCCC[N+]1(C)CCCC1|O=S(=O)([N-]S(=O)(=O)C(F)(F)F)C(F)(F)F,-1.98777437210083,-2.629282236099243,3,221
CCCC[N+]1(C)CCCC1|O=S(=O)([N-]S(=O)(=O)C(F)(F)F)C(F)(F)F,-1.4828052520751953,-1.8859926462173462,3,221
CCCC[N+]1(C)CCCC1|O=S(=O)([N-]S(=O)(=O)C(F)(F)F)C(F)(F)F,-1.272965669631958,-1.6241300106048584,3,221
CCCC[N+]1(C)CCCC1|O=S(=O)([N-]S(=O)(=O)C(F)(F)F)C(F)(F)F,-1.0613164901733398,-1.3843388557434082,3,221
CCCC[N+]1(C)CCCC1|O=S(=O)([N-]S(=O)(=O)C(F)(F)F)C(F)(F)F,-0.7423374056816101,-0.9920535087585449,3,221
CCCC[N+]1(C)CCCC1|O=S(=O)([N-]S(=O)(=O)C(F)(F)F)C(F)(F)F,-0.42771071195602417,-0.6703561544418335,3,221
CCCC[N+]1(C)CCCC1|O=S(=O)([N-]S(=O)(=O)C(F)(F)F)C(F)(F)F,-0.16016875207424164,-0.3766132593154907,3,221
CCCCCCCC[n+]1ccn(C)c1|O=S(=O)([O-])C(F)(F)F,-3.661264181137085,-4.1138691902160645,3,11
CCCCCCCC[n+]1ccn(C)c1|O=S(=O)([O-])C(F)(F)F,-3.335409641265869,-3.679950714111328,3,11
CCCCCCCC[n+]1ccn(C)c1|O=S(=O)([O-])C(F)(F)F,-3.0303237438201904,-3.246802806854248,3,11
CCCCCCCC[n+]1ccn(C)c1|O=S(=O)([O-])C(F)(F)F,-2.7473108768463135,-2.8318543434143066,3,11
CCCCCCCC[n+]1ccn(C)c1|O=S(=O)([O-])C(F)(F)F,-2.48410701751709,-2.450587749481201,3,11
CCCCCCCC[n+]1ccn(C)c1|O=S(=O)([O-])C(F)(F)F,-2.237734079360962,-2.1536381244659424,3,11
CCCCCCCC[n+]1ccn(C)c1|O=S(=O)([O-])C(F)(F)F,-2.0076792240142822,-1.8836487531661987,3,11
CCCCCCCC[n+]1ccn(C)c1|O=S(=O)([O-])C(F)(F)F,-1.7921595573425293,-1.695357322692871,3,11
CCCCCCCC[n+]1ccn(C)c1|O=S(=O)([O-])C(F)(F)F,-1.5891451835632324,-1.5261138677597046,3,11
CCCCCCCC[n+]1ccn(C)c1|O=S(=O)([O-])C(F)(F)F,-1.39877188205719,-1.3816567659378052,3,11
CCCCCCCC[n+]1ccn(C)c1|O=S(=O)([O-])C(F)(F)F,-1.2194249629974365,-1.242776870727539,3,11
CCCCCCCCCCCCCC[P+](CCCCCC)(CCCCCC)CCCCCC|CC(=O)[O-],-5.195760726928711,-5.791402816772461,3,11
CCCCCCCCCCCCCC[P+](CCCCCC)(CCCCCC)CCCCCC|CC(=O)[O-],-4.870438575744629,-5.502944469451904,3,11
CCCCCCCCCCCCCC[P+](CCCCCC)(CCCCCC)CCCCCC|CC(=O)[O-],-4.597201824188232,-5.208647727966309,3,11
CCCCCCCCCCCCCC[P+](CCCCCC)(CCCCCC)CCCCCC|CC(=O)[O-],-4.3489789962768555,-4.90944766998291,3,11
CCCCCCCCCCCCCC[P+](CCCCCC)(CCCCCC)CCCCCC|CC(=O)[O-],-4.094744682312012,-4.635092258453369,3,11
CCCCCCCCCCCCCC[P+](CCCCCC)(CCCCCC)CCCCCC|CC(=O)[O-],-3.8680062294006348,-4.386607646942139,3,11
CCCCCCCCCCCCCC[P+](CCCCCC)(CCCCCC)CCCCCC|CC(=O)[O-],-3.649658679962158,-4.148891925811768,3,11
CCCCCCCCCCCCCC[P+](CCCCCC)(CCCCCC)CCCCCC|CC(=O)[O-],-3.4514386653900146,-3.9169082641601562,3,11
CCCCCCCCCCCCCC[P+](CCCCCC)(CCCCCC)CCCCCC|CC(=O)[O-],-3.262305498123169,-3.6947264671325684,3,11
CCCCCCCCCCCCCC[P+](CCCCCC)(CCCCCC)CCCCCC|CC(=O)[O-],-3.0834712982177734,-3.4854371547698975,3,11
CCCCCCCCCCCCCC[P+](CCCCCC)(CCCCCC)CCCCCC|CC(=O)[O-],-2.915074348449707,-3.3069136142730713,3,11
CCCCCCn1cc[n+](C)c1|FC(F)(F)C(F)(F)[P-](F)(F)(F)(C(F)(F)C(F)(F)F)C(F)(F)C(F)(F)F,-2.5433835983276367,-2.519315719604492,3,22
CCCCCCn1cc[n+](C)c1|FC(F)(F)C(F)(F)[P-](F)(F)(F)(C(F)(F)C(F)(F)F)C(F)(F)C(F)(F)F,-2.2576117515563965,-2.2570996284484863,3,22
CCCCCCn1cc[n+](C)c1|FC(F)(F)C(F)(F)[P-](F)(F)(F)(C(F)(F)C(F)(F)F)C(F)(F)C(F)(F)F,-1.9943653345108032,-2.0411312580108643,3,22
CCCCCCn1cc[n+](C)c1|FC(F)(F)C(F)(F)[P-](F)(F)(F)(C(F)(F)C(F)(F)F)C(F)(F)C(F)(F)F,-1.7527310848236084,-1.849569320678711,3,22
CCCCCCn1cc[n+](C)c1|FC(F)(F)C(F)(F)[P-](F)(F)(F)(C(F)(F)C(F)(F)F)C(F)(F)C(F)(F)F,-1.5292413234710693,-1.6614559888839722,3,22
CCCCCCn1cc[n+](C)c1|FC(F)(F)C(F)(F)[P-](F)(F)(F)(C(F)(F)C(F)(F)F)C(F)(F)C(F)(F)F,-1.322756290435791,-1.4945262670516968,3,22
CCCCCCn1cc[n+](C)c1|FC(F)(F)C(F)(F)[P-](F)(F)(F)(C(F)(F)C(F)(F)F)C(F)(F)C(F)(F)F,-1.1319622993469238,-1.3508368730545044,3,22
CCCCCCn1cc[n+](C)c1|FC(F)(F)C(F)(F)[P-](F)(F)(F)(C(F)(F)C(F)(F)F)C(F)(F)C(F)(F)F,-0.9545119404792786,-1.2222875356674194,3,22
CCCCCCn1cc[n+](C)c1|FC(F)(F)C(F)(F)[P-](F)(F)(F)(C(F)(F)C(F)(F)F)C(F)(F)C(F)(F)F,-0.7896580696105957,-1.10953950881958,3,22
CCCCCCn1cc[n+](C)c1|FC(F)(F)C(F)(F)[P-](F)(F)(F)(C(F)(F)C(F)(F)F)C(F)(F)C(F)(F)F,-0.6348782777786255,-1.0002155303955078,3,22
CCCCCCn1cc[n+](C)c1|FC(F)(F)C(F)(F)[P-](F)(F)(F)(C(F)(F)C(F)(F)F)C(F)(F)C(F)(F)F,-0.4910230040550232,-0.9049150347709656,3,22
CCCC[n+]1ccn(C)c1|O=S(=O)([O-])C(F)(F)F,-0.6014800071716309,-2.539907455444336,3,67
CCCC[n+]1ccn(C)c1|O=S(=O)([O-])C(F)(F)F,-0.40947312116622925,-2.065916061401367,3,67
CCCC[n+]1ccn(C)c1|O=S(=O)([O-])C(F)(F)F,-0.23193205893039703,-1.7001088857650757,3,67
CCCC[n+]1ccn(C)c1|O=S(=O)([O-])C(F)(F)F,-0.06507200002670288,-1.4119192361831665,3,67
CCCC[n+]1ccn(C)c1|O=S(=O)([O-])C(F)(F)F,0.08984070271253586,-1.1708903312683105,3,67
CCCC[n+]1ccn(C)c1|O=S(=O)([O-])C(F)(F)F,0.2352302074432373,-0.972547173500061,3,67
CCCC[n+]1ccn(C)c1|O=S(=O)([O-])C(F)(F)F,0.37163251638412476,-0.8160350322723389,3,67
CCCC[n+]1ccn(C)c1|O=S(=O)([O-])C(F)(F)F,0.5000477433204651,-0.6768674254417419,3,67
CCCC[n+]1ccn(C)c1|O=S(=O)([O-])C(F)(F)F,0.6211677193641663,-0.5461190938949585,3,67
CCCC[n+]1ccn(C)c1|O=S(=O)([O-])C(F)(F)F,0.7355838418006897,-0.4192310571670532,3,67
CCCC[n+]1ccn(C)c1|O=S(=O)([O-])C(F)(F)F,0.8438490629196167,-0.2996649742126465,3,67
CCCC[n+]1ccn(C)c1|O=S(=O)([O-])C(F)(F)F,-1.4696760177612305,-1.173003911972046,3,67
CCCC[n+]1ccn(C)c1|O=S(=O)([O-])C(F)(F)F,-1.2517634630203247,-0.9715288877487183,3,67
CCCC[n+]1ccn(C)c1|O=S(=O)([O-])C(F)(F)F,-1.0272222757339478,-0.8126541376113892,3,67
CCCC[n+]1ccn(C)c1|O=S(=O)([O-])C(F)(F)F,-0.8278220891952515,-0.6716259717941284,3,67
CCCC[n+]1ccn(C)c1|O=S(=O)([O-])C(F)(F)F,-0.6520052552223206,-0.5386778116226196,3,67
CCCC[n+]1ccn(C)c1|O=S(=O)([O-])C(F)(F)F,-0.47965002059936523,-0.40991032123565674,3,67
CCCC[n+]1ccn(C)c1|O=S(=O)([O-])C(F)(F)F,-0.3229638934135437,-0.2883976697921753,3,67
CCCC[n+]1ccn(C)c1|O=S(=O)([O-])C(F)(F)F,-0.17316362261772156,-0.176721453666687,3,67
CCCC[n+]1ccn(C)c1|O=S(=O)([O-])C(F)(F)F,-0.03355678170919418,-0.07158362865447998,3,67
CCCC[n+]1ccn(C)c1|O=S(=O)([O-])C(F)(F)F,0.227135568857193,0.02659916877746582,3,67
CCCC[n+]1ccn(C)c1|O=S(=O)([O-])C(F)(F)F,0.45425528287887573,0.12213897705078125,3,67
CCCC[n+]1ccn(C)c1|N[C@@H](CC(=O)O)C(=O)[O-],-2.5902671813964844,-4.943421840667725,3,11
CCCC[n+]1ccn(C)c1|N[C@@H](CC(=O)O)C(=O)[O-],-2.5010359287261963,-4.493767738342285,3,11
CCCC[n+]1ccn(C)c1|N[C@@H](CC(=O)O)C(=O)[O-],-2.3227877616882324,-4.026301860809326,3,11
CCCC[n+]1ccn(C)c1|N[C@@H](CC(=O)O)C(=O)[O-],-2.0955710411071777,-3.5579633712768555,3,11
CCCC[n+]1ccn(C)c1|N[C@@H](CC(=O)O)C(=O)[O-],-1.8325815200805664,-3.119643211364746,3,11
CCCC[n+]1ccn(C)c1|N[C@@H](CC(=O)O)C(=O)[O-],-1.62455153465271,-2.7315216064453125,3,11
CCCC[n+]1ccn(C)c1|N[C@@H](CC(=O)O)C(=O)[O-],-1.4524341821670532,-2.411897897720337,3,11
CCCC[n+]1ccn(C)c1|N[C@@H](CC(=O)O)C(=O)[O-],-1.2801342010498047,-2.1658263206481934,3,11
CCCC[n+]1ccn(C)c1|N[C@@H](CC(=O)O)C(=O)[O-],-1.1208579540252686,-1.9730569124221802,3,11
CCCC[n+]1ccn(C)c1|N[C@@H](CC(=O)O)C(=O)[O-],-0.9996723532676697,-1.8064601421356201,3,11
CCCC[n+]1ccn(C)c1|N[C@@H](CC(=O)O)C(=O)[O-],-0.7962879538536072,-1.6543468236923218,3,11
CCCCC[n+]1ccccc1|CC(=O)[O-],-5.716867923736572,-3.2507503032684326,3,11
CCCCC[n+]1ccccc1|CC(=O)[O-],-5.276556015014648,-2.846946954727173,3,11
CCCCC[n+]1ccccc1|CC(=O)[O-],-4.867834568023682,-2.4673585891723633,3,11
CCCCC[n+]1ccccc1|CC(=O)[O-],-4.466278076171875,-2.139097213745117,3,11
CCCCC[n+]1ccccc1|CC(=O)[O-],-4.039856433868408,-1.8566645383834839,3,11
CCCCC[n+]1ccccc1|CC(=O)[O-],-3.676555633544922,-1.6212352514266968,3,11
CCCCC[n+]1ccccc1|CC(=O)[O-],-3.4354782104492188,-1.4229743480682373,3,11
CCCCC[n+]1ccccc1|CC(=O)[O-],-3.146555185317993,-1.2485895156860352,3,11
CCCCC[n+]1ccccc1|CC(=O)[O-],-2.918771266937256,-1.091761589050293,3,11
CCCCC[n+]1ccccc1|CC(=O)[O-],-2.620039224624634,-0.96439129114151,3,11
CCCCC[n+]1ccccc1|CC(=O)[O-],-2.400197982788086,-0.8306393623352051,3,11
CCCCn1cc[n+](C)c1.CCCCn1cc[n+](C)c1.CCCCn1cc[n+](C)c1.CCCCn1cc[n+](C)c1|S=C=N[Mn-4](N=C=S)(N=C=S)(N=C=S)(N=C=S)N=C=S,-4.128314971923828,-8.1253023147583,3,10
CCCCn1cc[n+](C)c1.CCCCn1cc[n+](C)c1.CCCCn1cc[n+](C)c1.CCCCn1cc[n+](C)c1|S=C=N[Mn-4](N=C=S)(N=C=S)(N=C=S)(N=C=S)N=C=S,-3.1167705059051514,-7.283308506011963,3,10
CCCCn1cc[n+](C)c1.CCCCn1cc[n+](C)c1.CCCCn1cc[n+](C)c1.CCCCn1cc[n+](C)c1|S=C=N[Mn-4](N=C=S)(N=C=S)(N=C=S)(N=C=S)N=C=S,-2.3176987171173096,-6.4226884841918945,3,10
CCCCn1cc[n+](C)c1.CCCCn1cc[n+](C)c1.CCCCn1cc[n+](C)c1.CCCCn1cc[n+](C)c1|S=C=N[Mn-4](N=C=S)(N=C=S)(N=C=S)(N=C=S)N=C=S,-1.6628386974334717,-5.546830177307129,3,10
CCCCn1cc[n+](C)c1.CCCCn1cc[n+](C)c1.CCCCn1cc[n+](C)c1.CCCCn1cc[n+](C)c1|S=C=N[Mn-4](N=C=S)(N=C=S)(N=C=S)(N=C=S)N=C=S,-1.090644121170044,-4.676547527313232,3,10
CCCCn1cc[n+](C)c1.CCCCn1cc[n+](C)c1.CCCCn1cc[n+](C)c1.CCCCn1cc[n+](C)c1|S=C=N[Mn-4](N=C=S)(N=C=S)(N=C=S)(N=C=S)N=C=S,-0.6424540877342224,-3.7637643814086914,3,10
CCCCn1cc[n+](C)c1.CCCCn1cc[n+](C)c1.CCCCn1cc[n+](C)c1.CCCCn1cc[n+](C)c1|S=C=N[Mn-4](N=C=S)(N=C=S)(N=C=S)(N=C=S)N=C=S,-0.267879456281662,-2.9859724044799805,3,10
CCCCn1cc[n+](C)c1.CCCCn1cc[n+](C)c1.CCCCn1cc[n+](C)c1.CCCCn1cc[n+](C)c1|S=C=N[Mn-4](N=C=S)(N=C=S)(N=C=S)(N=C=S)N=C=S,0.05732506513595581,-2.4309802055358887,3,10
CCCCn1cc[n+](C)c1.CCCCn1cc[n+](C)c1.CCCCn1cc[n+](C)c1.CCCCn1cc[n+](C)c1|S=C=N[Mn-4](N=C=S)(N=C=S)(N=C=S)(N=C=S)N=C=S,0.3414597809314728,-1.9820008277893066,3,10
CCCCn1cc[n+](C)c1.CCCCn1cc[n+](C)c1.CCCCn1cc[n+](C)c1.CCCCn1cc[n+](C)c1|S=C=N[Mn-4](N=C=S)(N=C=S)(N=C=S)(N=C=S)N=C=S,0.6259384155273438,-1.6278904676437378,3,10
CCCC[n+]1ccn(C)c1|F[P-](F)(F)(F)(F)F,-2.1715569496154785,-3.0332188606262207,3,168
CCCC[n+]1ccn(C)c1|F[P-](F)(F)(F)(F)F,-1.9038089513778687,-2.4950947761535645,3,168
CCCC[n+]1ccn(C)c1|F[P-](F)(F)(F)(F)F,-1.6450650691986084,-2.0508921146392822,3,168
CCCC[n+]1ccn(C)c1|F[P-](F)(F)(F)(F)F,-1.4064971208572388,-1.7289977073669434,3,168
CCCC[n+]1ccn(C)c1|F[P-](F)(F)(F)(F)F,-1.1776554584503174,-1.4891111850738525,3,168
CCCC[n+]1ccn(C)c1|F[P-](F)(F)(F)(F)F,-0.9597203135490417,-1.3081501722335815,3,168
CCCC[n+]1ccn(C)c1|F[P-](F)(F)(F)(F)F,-0.7592869997024536,-1.1497933864593506,3,168
CCCC[n+]1ccn(C)c1|F[P-](F)(F)(F)(F)F,-0.5869869589805603,-0.9910678863525391,3,168
CCCC[n+]1ccn(C)c1|F[P-](F)(F)(F)(F)F,-0.40947312116622925,-0.8467406034469604,3,168
CCCC[n+]1ccn(C)c1|F[P-](F)(F)(F)(F)F,-0.08664780855178833,-0.713930606842041,3,168
CCCC[n+]1ccn(C)c1|F[P-](F)(F)(F)(F)F,0.19392068684101105,-0.5945161581039429,3,168
CCC[n+]1ccn(C)c1|N#C[S-],-0.4019712209701538,-0.679153561592102,3,11
CCC[n+]1ccn(C)c1|N#C[S-],-0.29705923795700073,-0.43238508701324463,3,11
CCC[n+]1ccn(C)c1|N#C[S-],-0.17435339093208313,-0.22067010402679443,3,11
CCC[n+]1ccn(C)c1|N#C[S-],-0.06935007870197296,-0.04593479633331299,3,11
CCC[n+]1ccn(C)c1|N#C[S-],0.0421011745929718,0.09624016284942627,3,11
CCC[n+]1ccn(C)c1|N#C[S-],0.14323416352272034,0.23056292533874512,3,11
CCC[n+]1ccn(C)c1|N#C[S-],0.2639015316963196,0.35525381565093994,3,11
CCC[n+]1ccn(C)c1|N#C[S-],0.3653373122215271,0.47491419315338135,3,11
CCC[n+]1ccn(C)c1|N#C[S-],0.474369078874588,0.5739887952804565,3,11
CCC[n+]1ccn(C)c1|N#C[S-],0.5641767978668213,0.6656109094619751,3,11
CCC[n+]1ccn(C)c1|N#C[S-],0.6632032990455627,0.7561875581741333,3,11
CC[n+]1ccn(C)c1|[I-],-1.7897614240646362,-3.1195003986358643,3,91
CC[n+]1ccn(C)c1|[I-],-1.6094379425048828,-2.6697988510131836,3,91
CC[n+]1ccn(C)c1|[I-],-1.5558971166610718,-2.5654239654541016,3,91
CC[n+]1ccn(C)c1|[I-],-1.3743658065795898,-2.0736074447631836,3,91
CC[n+]1ccn(C)c1|[I-],-1.207311749458313,-1.6545329093933105,3,91
CC[n+]1ccn(C)c1|[I-],-1.4784096479415894,-1.319093942642212,3,91
CC[n+]1ccn(C)c1|[I-],-1.3167682886123657,-1.064885139465332,3,91
CC[n+]1ccn(C)c1|[I-],-1.1711829900741577,-0.8443676829338074,3,91
CC[n+]1ccn(C)c1|[I-],-1.2482730150222778,-0.6351748704910278,3,91
CC[n+]1ccn(C)c1|[I-],-0.9339456558227539,-0.47800660133361816,3,91
CCCC[N+]1(C)CCCC1|O=S(=O)([N-]S(=O)(=O)C(F)(F)F)C(F)(F)F,-3.296837329864502,-4.600689888000488,3,221
CCCC[N+]1(C)CCCC1|O=S(=O)([N-]S(=O)(=O)C(F)(F)F)C(F)(F)F,-2.5902671813964844,-3.575496196746826,3,221
CCCC[N+]1(C)CCCC1|O=S(=O)([N-]S(=O)(=O)C(F)(F)F)C(F)(F)F,-2.0402207374572754,-2.629282236099243,3,221
CCCC[N+]1(C)CCCC1|O=S(=O)([N-]S(=O)(=O)C(F)(F)F)C(F)(F)F,-1.5141277313232422,-1.8772372007369995,3,221
CCCC[N+]1(C)CCCC1|O=S(=O)([N-]S(=O)(=O)C(F)(F)F)C(F)(F)F,-1.272965669631958,-1.6215590238571167,3,221
CCCC[N+]1(C)CCCC1|O=S(=O)([N-]S(=O)(=O)C(F)(F)F)C(F)(F)F,-1.0788096189498901,-1.377158761024475,3,221
CCCC[N+]1(C)CCCC1|O=S(=O)([N-]S(=O)(=O)C(F)(F)F)C(F)(F)F,-0.7133498787879944,-0.9869131445884705,3,221
CCCC[N+]1(C)CCCC1|O=S(=O)([N-]S(=O)(=O)C(F)(F)F)C(F)(F)F,-0.15082289278507233,-0.37249696254730225,3,221
CCCC[N+]1(C)CCCC1|O=S(=O)([N-]S(=O)(=O)C(F)(F)F)C(F)(F)F,0.3364722430706024,0.1088019609451294,3,221
CCCC[N+]1(C)CCCC1|O=S(=O)([N-]S(=O)(=O)C(F)(F)F)C(F)(F)F,0.6931471824645996,0.4941173791885376,3,221
CCCC[N+]1(C)CCCC1|N#C[C-](C#N)C#N,-0.4109802842140198,-2.310802459716797,3,31
CCCC[N+]1(C)CCCC1|N#C[C-](C#N)C#N,-0.2206466645002365,-1.774950623512268,3,31
CCCC[N+]1(C)CCCC1|N#C[C-](C#N)C#N,-0.04709160700440407,-1.3923594951629639,3,31
CCCC[N+]1(C)CCCC1|N#C[C-](C#N)C#N,0.11332868784666061,-1.0559823513031006,3,31
CCCC[N+]1(C)CCCC1|N#C[C-](C#N)C#N,0.2623642683029175,-0.7325514554977417,3,31
CCCC[N+]1(C)CCCC1|N#C[C-](C#N)C#N,0.40346309542655945,-0.4806535243988037,3,31
CCCC[N+]1(C)CCCC1|N#C[C-](C#N)C#N,0.5300398468971252,-0.25882744789123535,3,31
CCCC[N+]1(C)CCCC1|N#C[C-](C#N)C#N,0.6528458595275879,-0.06618237495422363,3,31
CCCC[N+]1(C)CCCC1|N#C[C-](C#N)C#N,0.7659328579902649,0.10772502422332764,3,31
CCCC[N+]1(C)CCCC1|N#C[C-](C#N)C#N,0.8812851309776306,0.27125537395477295,3,31
CCCC[n+]1ccn(C)c1|F[P-](F)(F)(F)(F)F,-1.85150945186615,-3.6161017417907715,3,168
CCCC[n+]1ccn(C)c1|F[P-](F)(F)(F)(F)F,-1.5750365257263184,-3.0390818119049072,3,168
CCCC[n+]1ccn(C)c1|F[P-](F)(F)(F)(F)F,-1.343234896659851,-2.5000758171081543,3,168
CCCC[n+]1ccn(C)c1|F[P-](F)(F)(F)(F)F,-1.1208579540252686,-2.054661750793457,3,168
CCCC[n+]1ccn(C)c1|F[P-](F)(F)(F)(F)F,-0.7153927683830261,-1.7316583395004272,3,168
CCCC[n+]1ccn(C)c1|F[P-](F)(F)(F)(F)F,-0.5447271466255188,-1.4912216663360596,3,168
CCCC[n+]1ccn(C)c1|F[P-](F)(F)(F)(F)F,-0.37687766551971436,-1.3098528385162354,3,168
CCCC[n+]1ccn(C)c1|F[P-](F)(F)(F)(F)F,-0.22189433872699738,-1.1513986587524414,3,168
CCCC[n+]1ccn(C)c1|F[P-](F)(F)(F)(F)F,-0.07257069647312164,-0.9925961494445801,3,168
CCCC[n+]1ccn(C)c1|F[P-](F)(F)(F)(F)F,0.18232156336307526,-0.848111629486084,3,168
CC[n+]1ccccc1|O=S(=O)([N-]S(=O)(=O)C(F)(F)F)C(F)(F)F,-0.6911491751670837,-1.1360373497009277,3,38
CC[n+]1ccccc1|O=S(=O)([N-]S(=O)(=O)C(F)(F)F)C(F)(F)F,-0.5124936699867249,-0.9391685724258423,3,38
CC[n+]1ccccc1|O=S(=O)([N-]S(=O)(=O)C(F)(F)F)C(F)(F)F,-0.34814003109931946,-0.7476182579994202,3,38
CC[n+]1ccccc1|O=S(=O)([N-]S(=O)(=O)C(F)(F)F)C(F)(F)F,-0.19358475506305695,-0.5935523509979248,3,38
CC[n+]1ccccc1|O=S(=O)([N-]S(=O)(=O)C(F)(F)F)C(F)(F)F,-0.048140376806259155,-0.45267534255981445,3,38
CC[n+]1ccccc1|O=S(=O)([N-]S(=O)(=O)C(F)(F)F)C(F)(F)F,0.08617769926786423,-0.31217634677886963,3,38
CC[n+]1ccccc1|O=S(=O)([N-]S(=O)(=O)C(F)(F)F)C(F)(F)F,0.20945023000240326,-0.17979943752288818,3,38
CC[n+]1ccccc1|O=S(=O)([N-]S(=O)(=O)C(F)(F)F)C(F)(F)F,0.35627487301826477,-0.06017136573791504,3,38
CC[n+]1ccccc1|O=S(=O)([N-]S(=O)(=O)C(F)(F)F)C(F)(F)F,0.4756128787994385,0.0496828556060791,3,38
CC[n+]1ccccc1|O=S(=O)([N-]S(=O)(=O)C(F)(F)F)C(F)(F)F,0.5788580179214478,0.15034472942352295,3,38
CCCC[n+]1ccn(C)c1|F[P-](F)(F)(F)(F)F,-3.649658679962158,-6.526724338531494,3,168
CCCC[n+]1ccn(C)c1|F[P-](F)(F)(F)(F)F,-2.882403612136841,-5.379817485809326,3,168
CCCC[n+]1ccn(C)c1|F[P-](F)(F)(F)(F)F,-2.207274913787842,-4.196215629577637,3,168
CCCC[n+]1ccn(C)c1|F[P-](F)(F)(F)(F)F,-1.8971199989318848,-3.6161017417907715,3,168
CCCC[n+]1ccn(C)c1|F[P-](F)(F)(F)(F)F,-1.6607311964035034,-3.0390818119049072,3,168
CCCC[n+]1ccn(C)c1|F[P-](F)(F)(F)(F)F,-1.1711829900741577,-2.054661750793457,3,168
CCCC[n+]1ccn(C)c1|F[P-](F)(F)(F)(F)F,-0.4004775583744049,-1.1513986587524414,3,168
CCCC[n+]1ccn(C)c1|F[P-](F)(F)(F)(F)F,0.18232156336307526,-0.5955473184585571,3,168
CCCC[n+]1ccn(C)c1|F[P-](F)(F)(F)(F)F,0.6931471824645996,-0.17752671241760254,3,168
CCCC[n+]1ccn(C)c1|O=S(=O)([O-])C(F)(F)F,-3.2441935539245605,-4.932743072509766,3,67
CCCC[n+]1ccn(C)c1|O=S(=O)([O-])C(F)(F)F,-2.551046371459961,-3.741180419921875,3,67
CCCC[n+]1ccn(C)c1|O=S(=O)([O-])C(F)(F)F,-1.9661128520965576,-2.6087374687194824,3,67
CCCC[n+]1ccn(C)c1|O=S(=O)([O-])C(F)(F)F,-1.4696760177612305,-1.7189091444015503,3,67
CCCC[n+]1ccn(C)c1|O=S(=O)([O-])C(F)(F)F,-1.021651268005371,-1.1751188039779663,3,67
CCCC[n+]1ccn(C)c1|O=S(=O)([O-])C(F)(F)F,-0.6539264917373657,-0.8141911029815674,3,67
CCCC[n+]1ccn(C)c1|O=S(=O)([O-])C(F)(F)F,-0.06187540292739868,-0.28959691524505615,3,67
CCCC[n+]1ccn(C)c1|O=S(=O)([O-])C(F)(F)F,0.4700036346912384,0.12119603157043457,3,67
CCCC[n+]1ccn(C)c1|O=S(=O)([O-])C(F)(F)F,0.832909107208252,0.481380820274353,3,67
CCCC[N+](C)(C)C|O=S(=O)([N-]S(=O)(=O)C(F)(F)F)C(F)(F)F,-3.8632328510284424,-4.12509822845459,3,26
CCCC[N+](C)(C)C|O=S(=O)([N-]S(=O)(=O)C(F)(F)F)C(F)(F)F,-3.057607650756836,-3.3578648567199707,3,26
CCCC[N+](C)(C)C|O=S(=O)([N-]S(=O)(=O)C(F)(F)F)C(F)(F)F,-2.3859667778015137,-2.639533042907715,3,26
CCCC[N+](C)(C)C|O=S(=O)([N-]S(=O)(=O)C(F)(F)F)C(F)(F)F,-1.8325815200805664,-1.9348278045654297,3,26
CCCC[N+](C)(C)C|O=S(=O)([N-]S(=O)(=O)C(F)(F)F)C(F)(F)F,-1.56064772605896,-1.6284745931625366,3,26
CCCC[N+](C)(C)C|O=S(=O)([N-]S(=O)(=O)C(F)(F)F)C(F)(F)F,-1.3470736742019653,-1.3902699947357178,3,26
CCCC[N+](C)(C)C|O=S(=O)([N-]S(=O)(=O)C(F)(F)F)C(F)(F)F,-0.9416085481643677,-1.0580756664276123,3,26
CCCC[N+](C)(C)C|O=S(=O)([N-]S(=O)(=O)C(F)(F)F)C(F)(F)F,-0.3011050820350647,-0.585293173789978,3,26
CCCC[N+](C)(C)C|O=S(=O)([N-]S(=O)(=O)C(F)(F)F)C(F)(F)F,0.18232156336307526,-0.2051093578338623,3,26
CCCC[N+](C)(C)C|O=S(=O)([N-]S(=O)(=O)C(F)(F)F)C(F)(F)F,0.5877866744995117,0.15497887134552002,3,26
C=C[n+]1ccn(CC(=O)OCC)c1|[Cl-],-5.197567462921143,-3.2077884674072266,3,10
C=C[n+]1ccn(CC(=O)OCC)c1|[Cl-],-4.818363189697266,-2.8886356353759766,3,10
C=C[n+]1ccn(CC(=O)OCC)c1|[Cl-],-4.462802886962891,-2.5862107276916504,3,10
C=C[n+]1ccn(CC(=O)OCC)c1|[Cl-],-4.062845706939697,-2.324172019958496,3,10
C=C[n+]1ccn(CC(=O)OCC)c1|[Cl-],-3.7853903770446777,-2.1174368858337402,3,10
C=C[n+]1ccn(CC(=O)OCC)c1|[Cl-],-3.509896755218506,-1.9681477546691895,3,10
C=C[n+]1ccn(CC(=O)OCC)c1|[Cl-],-3.228926181793213,-1.8414610624313354,3,10
C=C[n+]1ccn(CC(=O)OCC)c1|[Cl-],-2.9681169986724854,-1.7046252489089966,3,10
C=C[n+]1ccn(CC(=O)OCC)c1|[Cl-],-2.7426416873931885,-1.5700554847717285,3,10
C=C[n+]1ccn(CC(=O)OCC)c1|[Cl-],-2.5232317447662354,-1.4468094110488892,3,10
CCCCCCCC[P+](CCCC)(CCCC)CCCC|O=C(C=C([O-])c1ccccc1)c1ccccc1,-5.423880577087402,-6.547181606292725,3,10
CCCCCCCC[P+](CCCC)(CCCC)CCCC|O=C(C=C([O-])c1ccccc1)c1ccccc1,-5.19215726852417,-6.242818355560303,3,10
CCCCCCCC[P+](CCCC)(CCCC)CCCC|O=C(C=C([O-])c1ccccc1)c1ccccc1,-4.967576026916504,-5.942358016967773,3,10
CCCCCCCC[P+](CCCC)(CCCC)CCCC|O=C(C=C([O-])c1ccccc1)c1ccccc1,-4.7571563720703125,-5.654045104980469,3,10
CCCCCCCC[P+](CCCC)(CCCC)CCCC|O=C(C=C([O-])c1ccccc1)c1ccccc1,-4.565949440002441,-5.361913204193115,3,10
CCCCCCCC[P+](CCCC)(CCCC)CCCC|O=C(C=C([O-])c1ccccc1)c1ccccc1,-4.382026672363281,-5.088921546936035,3,10
CCCCCCCC[P+](CCCC)(CCCC)CCCC|O=C(C=C([O-])c1ccccc1)c1ccccc1,-4.1884355545043945,-4.827507972717285,3,10
CCCCCCCC[P+](CCCC)(CCCC)CCCC|O=C(C=C([O-])c1ccccc1)c1ccccc1,-4.019051551818848,-4.5644989013671875,3,10
CCCCCCCC[P+](CCCC)(CCCC)CCCC|O=C(C=C([O-])c1ccccc1)c1ccccc1,-3.872802257537842,-4.311359882354736,3,10
CCCCCCCC[P+](CCCC)(CCCC)CCCC|O=C(C=C([O-])c1ccccc1)c1ccccc1,-3.7292847633361816,-4.061291694641113,3,10
CCCCC[n+]1ccn(C)c1C|O=S(=O)([O-])O,-2.5902671813964844,-2.455918788909912,3,10
CCCCC[n+]1ccn(C)c1C|O=S(=O)([O-])O,-2.2537949085235596,-2.1602635383605957,3,10
CCCCC[n+]1ccn(C)c1C|O=S(=O)([O-])O,-1.9310215711593628,-1.895322322845459,3,10
CCCCC[n+]1ccn(C)c1C|O=S(=O)([O-])O,-1.62455153465271,-1.6705857515335083,3,10
CCCCC[n+]1ccn(C)c1C|O=S(=O)([O-])O,-1.358679175376892,-1.482387900352478,3,10
CCCCC[n+]1ccn(C)c1C|O=S(=O)([O-])O,-1.127011775970459,-1.3282992839813232,3,10
CCCCC[n+]1ccn(C)c1C|O=S(=O)([O-])O,-0.9187938570976257,-1.1842496395111084,3,10
CCCCC[n+]1ccn(C)c1C|O=S(=O)([O-])O,-0.7236064076423645,-1.0465152263641357,3,10
CCCCC[n+]1ccn(C)c1C|O=S(=O)([O-])O,-0.5568695664405823,-0.9105138182640076,3,10
CCCCC[n+]1ccn(C)c1C|O=S(=O)([O-])O,-0.39304259419441223,-0.7799109816551208,3,10
CCCC[n+]1ccn(C)c1|CC(=O)[O-],-4.335143089294434,-3.6150131225585938,3,40
CCCC[n+]1ccn(C)c1|CC(=O)[O-],-3.8397023677825928,-3.086576223373413,3,40
CCCC[n+]1ccn(C)c1|CC(=O)[O-],-3.408221960067749,-2.594961166381836,3,40
CCCC[n+]1ccn(C)c1|CC(=O)[O-],-3.015934944152832,-2.154959201812744,3,40
CCCC[n+]1ccn(C)c1|CC(=O)[O-],-2.66068959236145,-1.7960416078567505,3,40
CCCC[n+]1ccn(C)c1|CC(=O)[O-],-2.3351082801818848,-1.515323281288147,3,40
CCCC[n+]1ccn(C)c1|CC(=O)[O-],-2.032557964324951,-1.276036262512207,3,40
CCCC[n+]1ccn(C)c1|CC(=O)[O-],-1.760260820388794,-1.0977833271026611,3,40
CCCC[n+]1ccn(C)c1|CC(=O)[O-],-1.5095925331115723,-0.9367685914039612,3,40
COCC[n+]1ccn(C)c1|O=S(=O)([N-]S(=O)(=O)C(F)(F)F)C(F)(F)F,-1.1711829900741577,-1.880941390991211,3,11
COCC[n+]1ccn(C)c1|O=S(=O)([N-]S(=O)(=O)C(F)(F)F)C(F)(F)F,-0.874669075012207,-1.476243495941162,3,11
COCC[n+]1ccn(C)c1|O=S(=O)([N-]S(=O)(=O)C(F)(F)F)C(F)(F)F,-0.7592869997024536,-1.306262493133545,3,11
COCC[n+]1ccn(C)c1|O=S(=O)([N-]S(=O)(=O)C(F)(F)F)C(F)(F)F,-0.6443570256233215,-1.1478325128555298,3,11
COCC[n+]1ccn(C)c1|O=S(=O)([N-]S(=O)(=O)C(F)(F)F)C(F)(F)F,-0.4588658809661865,-0.8459987044334412,3,11
COCC[n+]1ccn(C)c1|O=S(=O)([N-]S(=O)(=O)C(F)(F)F)C(F)(F)F,-0.29705923795700073,-0.5697060823440552,3,11
COCC[n+]1ccn(C)c1|O=S(=O)([N-]S(=O)(=O)C(F)(F)F)C(F)(F)F,-0.16134315729141235,-0.3253207206726074,3,11
COCC[n+]1ccn(C)c1|O=S(=O)([N-]S(=O)(=O)C(F)(F)F)C(F)(F)F,-0.05129329487681389,-0.10649454593658447,3,11
COCC[n+]1ccn(C)c1|O=S(=O)([N-]S(=O)(=O)C(F)(F)F)C(F)(F)F,0.06109509989619255,0.08588671684265137,3,11
CCOC[n+]1ccccc1|O=S(=O)([N-]S(=O)(=O)C(F)(F)F)C(F)(F)F,-1.3394107818603516,-1.942818284034729,3,9
CCOC[n+]1ccccc1|O=S(=O)([N-]S(=O)(=O)C(F)(F)F)C(F)(F)F,-0.9834994673728943,-1.5074670314788818,3,9
CCOC[n+]1ccccc1|O=S(=O)([N-]S(=O)(=O)C(F)(F)F)C(F)(F)F,-0.881889283657074,-1.339613676071167,3,9
CCOC[n+]1ccccc1|O=S(=O)([N-]S(=O)(=O)C(F)(F)F)C(F)(F)F,-0.7657178640365601,-1.1812248229980469,3,9
CCOC[n+]1ccccc1|O=S(=O)([N-]S(=O)(=O)C(F)(F)F)C(F)(F)F,-0.5533852577209473,-0.8927437663078308,3,9
CCOC[n+]1ccccc1|O=S(=O)([N-]S(=O)(=O)C(F)(F)F)C(F)(F)F,-0.39156219363212585,-0.6463005542755127,3,9
CCOC[n+]1ccccc1|O=S(=O)([N-]S(=O)(=O)C(F)(F)F)C(F)(F)F,-0.24334625899791718,-0.4036896228790283,3,9
CCOC[n+]1ccccc1|O=S(=O)([N-]S(=O)(=O)C(F)(F)F)C(F)(F)F,-0.11765804141759872,-0.17256438732147217,3,9
CCOC[n+]1ccccc1|O=S(=O)([N-]S(=O)(=O)C(F)(F)F)C(F)(F)F,-0.0100503358989954,0.04163169860839844,3,9
COCCC[n+]1ccccc1|O=S(=O)([N-]S(=O)(=O)C(F)(F)F)C(F)(F)F,-1.6094379425048828,-2.302171230316162,3,9
COCCC[n+]1ccccc1|O=S(=O)([N-]S(=O)(=O)C(F)(F)F)C(F)(F)F,-1.2909841537475586,-1.7986574172973633,3,9
COCCC[n+]1ccccc1|O=S(=O)([N-]S(=O)(=O)C(F)(F)F)C(F)(F)F,-1.1583622694015503,-1.6010746955871582,3,9
COCCC[n+]1ccccc1|O=S(=O)([N-]S(=O)(=O)C(F)(F)F)C(F)(F)F,-1.0161110162734985,-1.430245041847229,3,9
COCCC[n+]1ccccc1|O=S(=O)([N-]S(=O)(=O)C(F)(F)F)C(F)(F)F,-0.8141855001449585,-1.1653053760528564,3,9
COCCC[n+]1ccccc1|O=S(=O)([N-]S(=O)(=O)C(F)(F)F)C(F)(F)F,-0.6329932808876038,-0.9315791130065918,3,9
COCCC[n+]1ccccc1|O=S(=O)([N-]S(=O)(=O)C(F)(F)F)C(F)(F)F,-0.4748151898384094,-0.6987208127975464,3,9
COCCC[n+]1ccccc1|O=S(=O)([N-]S(=O)(=O)C(F)(F)F)C(F)(F)F,-0.3453111946582794,-0.46986985206604004,3,9
COCCC[n+]1ccccc1|O=S(=O)([N-]S(=O)(=O)C(F)(F)F)C(F)(F)F,-0.23067182302474976,-0.2516326904296875,3,9
C[N+](CCO)(CCO)CCO|O=S(=O)([N-]S(=O)(=O)C(F)(F)F)C(F)(F)F,-4.605170249938965,-4.534739017486572,3,9
C[N+](CCO)(CCO)CCO|O=S(=O)([N-]S(=O)(=O)C(F)(F)F)C(F)(F)F,-4.074542045593262,-4.198035717010498,3,9
C[N+](CCO)(CCO)CCO|O=S(=O)([N-]S(=O)(=O)C(F)(F)F)C(F)(F)F,-3.6888794898986816,-3.8619909286499023,3,9
C[N+](CCO)(CCO)CCO|O=S(=O)([N-]S(=O)(=O)C(F)(F)F)C(F)(F)F,-3.3242363929748535,-3.5473222732543945,3,9
C[N+](CCO)(CCO)CCO|O=S(=O)([N-]S(=O)(=O)C(F)(F)F)C(F)(F)F,-2.995732307434082,-3.2329154014587402,3,9
C[N+](CCO)(CCO)CCO|O=S(=O)([N-]S(=O)(=O)C(F)(F)F)C(F)(F)F,-2.6882476806640625,-2.915095329284668,3,9
C[N+](CCO)(CCO)CCO|O=S(=O)([N-]S(=O)(=O)C(F)(F)F)C(F)(F)F,-2.4079456329345703,-2.6288042068481445,3,9
C[N+](CCO)(CCO)CCO|O=S(=O)([N-]S(=O)(=O)C(F)(F)F)C(F)(F)F,-2.1455812454223633,-2.377382278442383,3,9
C[N+](CCO)(CCO)CCO|O=S(=O)([N-]S(=O)(=O)C(F)(F)F)C(F)(F)F,-1.9038089513778687,-2.134223461151123,3,9
CC[N+](CCO)(CCO)CCO|O=S(=O)([N-]S(=O)(=O)C(F)(F)F)C(F)(F)F,-4.9618449211120605,-4.480474472045898,3,9
CC[N+](CCO)(CCO)CCO|O=S(=O)([N-]S(=O)(=O)C(F)(F)F)C(F)(F)F,-4.509860038757324,-4.143569469451904,3,9
CC[N+](CCO)(CCO)CCO|O=S(=O)([N-]S(=O)(=O)C(F)(F)F)C(F)(F)F,-4.017383575439453,-3.8165392875671387,3,9
CC[N+](CCO)(CCO)CCO|O=S(=O)([N-]S(=O)(=O)C(F)(F)F)C(F)(F)F,-3.649658679962158,-3.507932424545288,3,9
CC[N+](CCO)(CCO)CCO|O=S(=O)([N-]S(=O)(=O)C(F)(F)F)C(F)(F)F,-3.296837329864502,-3.2083981037139893,3,9
CC[N+](CCO)(CCO)CCO|O=S(=O)([N-]S(=O)(=O)C(F)(F)F)C(F)(F)F,-2.9565114974975586,-2.9158101081848145,3,9
CC[N+](CCO)(CCO)CCO|O=S(=O)([N-]S(=O)(=O)C(F)(F)F)C(F)(F)F,-2.6592600345611572,-2.6418113708496094,3,9
CC[N+](CCO)(CCO)CCO|O=S(=O)([N-]S(=O)(=O)C(F)(F)F)C(F)(F)F,-2.3859667778015137,-2.3912477493286133,3,9
CC[N+](CCO)(CCO)CCO|O=S(=O)([N-]S(=O)(=O)C(F)(F)F)C(F)(F)F,-2.137070655822754,-2.149940013885498,3,9
Cn1cc[n+](CCO)c1|O=S(=O)([O-])C(F)(F)C(F)(F)C(F)(F)C(F)(F)F,-4.335143089294434,-3.6621127128601074,3,10
Cn1cc[n+](CCO)c1|O=S(=O)([O-])C(F)(F)C(F)(F)C(F)(F)C(F)(F)F,-3.9528450965881348,-3.133505344390869,3,10
Cn1cc[n+](CCO)c1|O=S(=O)([O-])C(F)(F)C(F)(F)C(F)(F)C(F)(F)F,-3.582719326019287,-2.6236090660095215,3,10
Cn1cc[n+](CCO)c1|O=S(=O)([O-])C(F)(F)C(F)(F)C(F)(F)C(F)(F)F,-3.257097005844116,-2.211013078689575,3,10
Cn1cc[n+](CCO)c1|O=S(=O)([O-])C(F)(F)C(F)(F)C(F)(F)C(F)(F)F,-2.918771266937256,-1.8756935596466064,3,10
Cn1cc[n+](CCO)c1|O=S(=O)([O-])C(F)(F)C(F)(F)C(F)(F)C(F)(F)F,-2.6450753211975098,-1.6285324096679688,3,10
Cn1cc[n+](CCO)c1|O=S(=O)([O-])C(F)(F)C(F)(F)C(F)(F)C(F)(F)F,-2.3751556873321533,-1.4442543983459473,3,10
Cn1cc[n+](CCO)c1|O=S(=O)([O-])C(F)(F)C(F)(F)C(F)(F)C(F)(F)F,-2.128631830215454,-1.2673687934875488,3,10
Cn1cc[n+](CCO)c1|O=S(=O)([O-])C(F)(F)C(F)(F)C(F)(F)C(F)(F)F,-1.8904753923416138,-1.103156566619873,3,10
CCCCCCC[n+]1ccccc1|O=S(=O)([N-]S(=O)(=O)C(F)(F)F)C(F)(F)F,-2.2896687984466553,-2.727130889892578,3,9
CCCCCCC[n+]1ccccc1|O=S(=O)([N-]S(=O)(=O)C(F)(F)F)C(F)(F)F,-2.031794786453247,-2.3963685035705566,3,9
CCCCCCC[n+]1ccccc1|O=S(=O)([N-]S(=O)(=O)C(F)(F)F)C(F)(F)F,-1.7927600145339966,-2.0856289863586426,3,9
CCCCCCC[n+]1ccccc1|O=S(=O)([N-]S(=O)(=O)C(F)(F)F)C(F)(F)F,-1.5706981420516968,-1.8462018966674805,3,9
CCCCCCC[n+]1ccccc1|O=S(=O)([N-]S(=O)(=O)C(F)(F)F)C(F)(F)F,-1.3653159141540527,-1.6356511116027832,3,9
CCCCCCC[n+]1ccccc1|O=S(=O)([N-]S(=O)(=O)C(F)(F)F)C(F)(F)F,-1.1747376918792725,-1.4757566452026367,3,9
CCCCCCC[n+]1ccccc1|O=S(=O)([N-]S(=O)(=O)C(F)(F)F)C(F)(F)F,-0.9969586133956909,-1.3335984945297241,3,9
CCCCCCC[n+]1ccccc1|O=S(=O)([N-]S(=O)(=O)C(F)(F)F)C(F)(F)F,-0.8324092626571655,-1.2110655307769775,3,9
CCCCCCC[n+]1ccccc1|O=S(=O)([N-]S(=O)(=O)C(F)(F)F)C(F)(F)F,-0.6772738099098206,-1.0889065265655518,3,9
CCCn1cc[n+](C)c1|N[C@@H](CO)C(=O)[O-],-4.2903594970703125,-4.610835075378418,3,9
CCCn1cc[n+](C)c1|N[C@@H](CO)C(=O)[O-],-3.755019187927246,-4.0894622802734375,3,9
CCCn1cc[n+](C)c1|N[C@@H](CO)C(=O)[O-],-3.262305498123169,-3.5925681591033936,3,9
CCCn1cc[n+](C)c1|N[C@@H](CO)C(=O)[O-],-2.8629512786865234,-3.143725872039795,3,9
CCCn1cc[n+](C)c1|N[C@@H](CO)C(=O)[O-],-2.4757487773895264,-2.730825901031494,3,9
CCCn1cc[n+](C)c1|N[C@@H](CO)C(=O)[O-],-2.154165029525757,-2.3501622676849365,3,9
CCCn1cc[n+](C)c1|N[C@@H](CO)C(=O)[O-],-1.8388510942459106,-2.05336332321167,3,9
CCCn1cc[n+](C)c1|N[C@@H](CO)C(=O)[O-],-1.5417792797088623,-1.8165620565414429,3,9
CCCn1cc[n+](C)c1|N[C@@H](CO)C(=O)[O-],-1.265848159790039,-1.6116926670074463,3,9
CCCCn1cc[n+](C)c1|O=C1CC(=O)O[B-](F)(F)O1,-4.21854829788208,-4.738879680633545,3,10
CCCCn1cc[n+](C)c1|O=C1CC(=O)O[B-](F)(F)O1,-3.1881041526794434,-3.6577301025390625,3,10
CCCCn1cc[n+](C)c1|O=C1CC(=O)O[B-](F)(F)O1,-2.3545100688934326,-2.7149136066436768,3,10
CCCCn1cc[n+](C)c1|O=C1CC(=O)O[B-](F)(F)O1,-1.6681269407272339,-2.054359197616577,3,10
CCCCn1cc[n+](C)c1|O=C1CC(=O)O[B-](F)(F)O1,-1.3688474893569946,-1.7964304685592651,3,10
CCCCn1cc[n+](C)c1|O=C1CC(=O)O[B-](F)(F)O1,-0.8490994572639465,-1.3355259895324707,3,10
CCCCn1cc[n+](C)c1|O=C1CC(=O)O[B-](F)(F)O1,-0.4114328920841217,-1.0174223184585571,3,10
CCCCn1cc[n+](C)c1|O=C1CC(=O)O[B-](F)(F)O1,-0.0397808700799942,-0.7385780811309814,3,10
CCCCn1cc[n+](C)c1|O=C1CC(=O)O[B-](F)(F)O1,0.27967509627342224,-0.4801907539367676,3,10
CCCCn1cc[n+](C)c1|O=C1CC(=O)O[B-](F)(F)O1,0.5565252900123596,-0.232214093208313,3,10
CCCCCC[n+]1ccccc1|O=S(=O)([N-]S(=O)(=O)C(F)(F)F)C(F)(F)F,-2.0061910152435303,-2.4077043533325195,3,58
CCCCCC[n+]1ccccc1|O=S(=O)([N-]S(=O)(=O)C(F)(F)F)C(F)(F)F,-1.7561992406845093,-2.07114577293396,3,58
CCCCCC[n+]1ccccc1|O=S(=O)([N-]S(=O)(=O)C(F)(F)F)C(F)(F)F,-1.526016354560852,-1.819563865661621,3,58
CCCCCC[n+]1ccccc1|O=S(=O)([N-]S(=O)(=O)C(F)(F)F)C(F)(F)F,-1.312300682067871,-1.6025660037994385,3,58
CCCCCC[n+]1ccccc1|O=S(=O)([N-]S(=O)(=O)C(F)(F)F)C(F)(F)F,-1.1147416830062866,-1.4332400560379028,3,58
CCCCCC[n+]1ccccc1|O=S(=O)([N-]S(=O)(=O)C(F)(F)F)C(F)(F)F,-0.9314043521881104,-1.2934119701385498,3,58
CCCCCC[n+]1ccccc1|O=S(=O)([N-]S(=O)(=O)C(F)(F)F)C(F)(F)F,-0.7614260315895081,-1.1632466316223145,3,58
CCCCCC[n+]1ccccc1|O=S(=O)([N-]S(=O)(=O)C(F)(F)F)C(F)(F)F,-0.6014800071716309,-1.0344456434249878,3,58
CCCCCC[n+]1ccccc1|O=S(=O)([N-]S(=O)(=O)C(F)(F)F)C(F)(F)F,-0.45413029193878174,-0.9187400937080383,3,58
CCCCn1cc[n+](C)c1|O=C([O-])c1ccccc1,-4.1165900230407715,-3.3858695030212402,3,9
CCCCn1cc[n+](C)c1|O=C([O-])c1ccccc1,-3.6809113025665283,-2.845126152038574,3,9
CCCCn1cc[n+](C)c1|O=C([O-])c1ccccc1,-3.2914464473724365,-2.3532562255859375,3,9
CCCCn1cc[n+](C)c1|O=C([O-])c1ccccc1,-2.933696985244751,-1.9566056728363037,3,9
CCCCn1cc[n+](C)c1|O=C([O-])c1ccccc1,-2.6091103553771973,-1.678598403930664,3,9
CCCCn1cc[n+](C)c1|O=C([O-])c1ccccc1,-2.3015856742858887,-1.441774606704712,3,9
CCCCn1cc[n+](C)c1|O=C([O-])c1ccccc1,-2.032557964324951,-1.2227370738983154,3,9
CCCCn1cc[n+](C)c1|O=C([O-])c1ccccc1,-1.7837913036346436,-1.0231008529663086,3,9
CCCCn1cc[n+](C)c1|O=C([O-])c1ccccc1,-1.546463131904602,-0.8656834363937378,3,9
CCCC[N+]1(C)CCCC1|O=S(=O)([N-]S(=O)(=O)C(F)(F)F)C(F)(F)F,-1.5141277313232422,-1.8626441955566406,3,221
CCCC[N+]1(C)CCCC1|O=S(=O)([N-]S(=O)(=O)C(F)(F)F)C(F)(F)F,-1.3903024196624756,-1.7253878116607666,3,221
CCCC[N+]1(C)CCCC1|O=S(=O)([N-]S(=O)(=O)C(F)(F)F)C(F)(F)F,-1.2552660703659058,-1.5636707544326782,3,221
CCCC[N+]1(C)CCCC1|O=S(=O)([N-]S(=O)(=O)C(F)(F)F)C(F)(F)F,-1.0966142416000366,-1.369978666305542,3,221
CCCC[N+]1(C)CCCC1|O=S(=O)([N-]S(=O)(=O)C(F)(F)F)C(F)(F)F,-0.8698843717575073,-1.1235237121582031,3,221
CCCC[N+]1(C)CCCC1|O=S(=O)([N-]S(=O)(=O)C(F)(F)F)C(F)(F)F,-0.7318879961967468,-0.985198974609375,3,221
CCCC[N+]1(C)CCCC1|O=S(=O)([N-]S(=O)(=O)C(F)(F)F)C(F)(F)F,-0.5108256340026855,-0.7597329616546631,3,221
CCCC[N+]1(C)CCCC1|O=S(=O)([N-]S(=O)(=O)C(F)(F)F)C(F)(F)F,-0.4155154526233673,-0.6644819974899292,3,221
CCCC[N+]1(C)CCCC1|O=S(=O)([N-]S(=O)(=O)C(F)(F)F)C(F)(F)F,-0.12783336639404297,-0.3628915548324585,3,221
CCCC[n+]1ccn(C)c1|CC(=O)[O-],-4.828313827514648,-4.158447265625,3,40
CCCC[n+]1ccn(C)c1|CC(=O)[O-],-3.9633162021636963,-3.086576223373413,3,40
CCCC[n+]1ccn(C)c1|CC(=O)[O-],-3.1700856685638428,-2.154959201812744,3,40
CCCC[n+]1ccn(C)c1|CC(=O)[O-],-2.488914728164673,-1.515323281288147,3,40
CCCC[n+]1ccn(C)c1|CC(=O)[O-],-1.870802640914917,-1.0977833271026611,3,40
CCCC[n+]1ccn(C)c1|CC(=O)[O-],-1.398366928100586,-0.7874294519424438,3,40
CCCC[n+]1ccn(C)c1|CC(=O)[O-],-0.9888614416122437,-0.5213043689727783,3,40
CCCC[n+]1ccn(C)c1|CC(=O)[O-],-0.6236211061477661,-0.28794705867767334,3,40
CCCC[n+]1ccn(C)c1|CC(=O)[O-],-0.30652517080307007,-0.06933605670928955,3,40
CCCC[n+]1ccn(C)c1|CC(=O)[O-],-2.6156532764434814,-1.7960416078567505,3,40
CCCC[n+]1ccn(C)c1|CC(=O)[O-],-2.288682222366333,-1.515323281288147,3,40
CCCC[n+]1ccn(C)c1|CC(=O)[O-],-1.9943653345108032,-1.276036262512207,3,40
CCCC[n+]1ccn(C)c1|CC(=O)[O-],-1.7231667041778564,-1.0977833271026611,3,40
CCCC[n+]1ccn(C)c1|CC(=O)[O-],-1.4735966920852661,-0.9367685914039612,3,40
CCCC[n+]1ccn(C)c1|CC(=O)[O-],-1.2371848821640015,-0.7874294519424438,3,40
CCCC[n+]1ccn(C)c1|CC(=O)[O-],-1.0222069025039673,-0.6505966186523438,3,40
CCCC[n+]1ccn(C)c1|CC(=O)[O-],-0.8214352130889893,-0.5213043689727783,3,40
CCCC[n+]1ccn(C)c1|CC(=O)[O-],-0.6312997937202454,-0.3988076448440552,3,40
CCCC[n+]1ccn(C)c1|O=S(=O)([O-])C(F)(F)F,-3.057607650756836,-4.6866984367370605,3,67
CCCC[n+]1ccn(C)c1|O=S(=O)([O-])C(F)(F)F,-2.5902671813964844,-3.741180419921875,3,67
CCCC[n+]1ccn(C)c1|O=S(=O)([O-])C(F)(F)F,-2.3025851249694824,-3.1412692070007324,3,67
CCCC[n+]1ccn(C)c1|O=S(=O)([O-])C(F)(F)F,-1.9038089513778687,-2.3141064643859863,3,67
CCCC[n+]1ccn(C)c1|O=S(=O)([O-])C(F)(F)F,-1.4481697082519531,-1.5425435304641724,3,67
CCCC[n+]1ccn(C)c1|O=S(=O)([O-])C(F)(F)F,-0.9808292388916016,-0.9817125201225281,3,67
CCCC[n+]1ccn(C)c1|O=S(=O)([O-])C(F)(F)F,-0.5395680665969849,-0.5546233654022217,3,67
CCCC[n+]1ccn(C)c1|O=S(=O)([O-])C(F)(F)F,0.08342161029577255,0.02659916877746582,3,67
CCCC[n+]1ccn(C)c1|NCC(=O)[O-],-4.892852306365967,-3.620323896408081,3,9
CCCC[n+]1ccn(C)c1|NCC(=O)[O-],-4.4063191413879395,-3.1458935737609863,3,9
CCCC[n+]1ccn(C)c1|NCC(=O)[O-],-3.979231834411621,-2.722134590148926,3,9
CCCC[n+]1ccn(C)c1|NCC(=O)[O-],-3.582719326019287,-2.3835811614990234,3,9
CCCC[n+]1ccn(C)c1|NCC(=O)[O-],-3.2114038467407227,-2.1163246631622314,3,9
CCCC[n+]1ccn(C)c1|NCC(=O)[O-],-2.8629512786865234,-1.9058486223220825,3,9
CCCC[n+]1ccn(C)c1|NCC(=O)[O-],-2.5433835983276367,-1.701126217842102,3,9
CCCC[n+]1ccn(C)c1|NCC(=O)[O-],-2.239610195159912,-1.5045068264007568,3,9
CCCC[n+]1ccn(C)c1|NCC(=O)[O-],-1.9661128520965576,-1.3268260955810547,3,9
CCCCCCCC[n+]1ccccc1|O=S(=O)([N-]S(=O)(=O)C(F)(F)F)C(F)(F)F,-2.5472075939178467,-3.031423568725586,3,16
CCCCCCCC[n+]1ccccc1|O=S(=O)([N-]S(=O)(=O)C(F)(F)F)C(F)(F)F,-2.2808237075805664,-2.674259662628174,3,16
CCCCCCCC[n+]1ccccc1|O=S(=O)([N-]S(=O)(=O)C(F)(F)F)C(F)(F)F,-2.0333216190338135,-2.348863363265991,3,16
CCCCCCCC[n+]1ccccc1|O=S(=O)([N-]S(=O)(=O)C(F)(F)F)C(F)(F)F,-1.8042370080947876,-2.0749218463897705,3,16
CCCCCCCC[n+]1ccccc1|O=S(=O)([N-]S(=O)(=O)C(F)(F)F)C(F)(F)F,-1.5915980339050293,-1.846032738685608,3,16
CCCCCCCC[n+]1ccccc1|O=S(=O)([N-]S(=O)(=O)C(F)(F)F)C(F)(F)F,-1.3939234018325806,-1.6642533540725708,3,16
CCCCCCCC[n+]1ccccc1|O=S(=O)([N-]S(=O)(=O)C(F)(F)F)C(F)(F)F,-1.2096556425094604,-1.5171074867248535,3,16
CCCCCCCC[n+]1ccccc1|O=S(=O)([N-]S(=O)(=O)C(F)(F)F)C(F)(F)F,-1.0384583473205566,-1.3803491592407227,3,16
CCCCCCCC[n+]1ccccc1|O=S(=O)([N-]S(=O)(=O)C(F)(F)F)C(F)(F)F,-0.8770700097084045,-1.2533200979232788,3,16
CC[n+]1ccn(C)c1|[I-],1.0224509239196777,0.05293083190917969,3,91
CC[n+]1ccn(C)c1|[I-],1.1019400358200073,0.16477644443511963,3,91
CC[n+]1ccn(C)c1|[I-],1.2470322847366333,0.2796577215194702,3,91
CC[n+]1ccn(C)c1|[I-],1.2974631786346436,0.3813852071762085,3,91
CC[n+]1ccn(C)c1|[I-],1.5195132493972778,0.47492682933807373,3,91
CC[n+]1ccn(C)c1|[I-],1.376244068145752,0.4769023656845093,3,91
CC[n+]1ccn(C)c1|[I-],1.5912739038467407,0.6682575941085815,3,91
CC[n+]1ccn(C)c1|[I-],1.7263317108154297,0.8448268175125122,3,91
c(N(CC)CC)1c(N(CC)CC)[c+]1N(CCCCCC)CCCCCC|[N-](C#N)C#N,-2.2749698162078857,-1.823449730873108,3,8
c(N(CC)CC)1c(N(CC)CC)[c+]1N(CCCCCC)CCCCCC|[N-](C#N)C#N,-1.7660917043685913,-1.5733388662338257,3,8
c(N(CC)CC)1c(N(CC)CC)[c+]1N(CCCCCC)CCCCCC|[N-](C#N)C#N,-1.3579013347625732,-1.3665357828140259,3,8
c(N(CC)CC)1c(N(CC)CC)[c+]1N(CCCCCC)CCCCCC|[N-](C#N)C#N,-1.0103267431259155,-1.1826852560043335,3,8
c(N(CC)CC)1c(N(CC)CC)[c+]1N(CCCCCC)CCCCCC|[N-](C#N)C#N,-0.7054222226142883,-1.0301120281219482,3,8
c(N(CC)CC)1c(N(CC)CC)[c+]1N(CCCCCC)CCCCCC|[N-](C#N)C#N,-0.4369557797908783,-0.8823219537734985,3,8
c(N(CC)CC)1c(N(CC)CC)[c+]1N(CCCCCC)CCCCCC|[N-](C#N)C#N,-0.1972321718931198,-0.7435892820358276,3,8
c(N(CC)CC)1c(N(CC)CC)[c+]1N(CCCCCC)CCCCCC|[N-](C#N)C#N,0.016266971826553345,-0.6153339147567749,3,8
c(N(CCCCCCCCCC)CCCCCCCCCC)1c(N(CCCCCCCCCC)CCCCCCCCCC)[c+]1N(CCCCCCCCCC)CCCCCCCCCC|[N-](C#N)C#N,-6.119297981262207,-6.952188491821289,3,8
c(N(CCCCCCCCCC)CCCCCCCCCC)1c(N(CCCCCCCCCC)CCCCCCCCCC)[c+]1N(CCCCCCCCCC)CCCCCCCCCC|[N-](C#N)C#N,-5.4491400718688965,-6.324563026428223,3,8
c(N(CCCCCCCCCC)CCCCCCCCCC)1c(N(CCCCCCCCCC)CCCCCCCCCC)[c+]1N(CCCCCCCCCC)CCCCCCCCCC|[N-](C#N)C#N,-4.853631496429443,-5.773603439331055,3,8
c(N(CCCCCCCCCC)CCCCCCCCCC)1c(N(CCCCCCCCCC)CCCCCCCCCC)[c+]1N(CCCCCCCCCC)CCCCCCCCCC|[N-](C#N)C#N,-4.342805862426758,-5.306922435760498,3,8
c(N(CCCCCCCCCC)CCCCCCCCCC)1c(N(CCCCCCCCCC)CCCCCCCCCC)[c+]1N(CCCCCCCCCC)CCCCCCCCCC|[N-](C#N)C#N,-3.8873302936553955,-4.8565826416015625,3,8
c(N(CCCCCCCCCC)CCCCCCCCCC)1c(N(CCCCCCCCCC)CCCCCCCCCC)[c+]1N(CCCCCCCCCC)CCCCCCCCCC|[N-](C#N)C#N,-3.483492612838745,-4.438053131103516,3,8
c(N(CCCCCCCCCC)CCCCCCCCCC)1c(N(CCCCCCCCCC)CCCCCCCCCC)[c+]1N(CCCCCCCCCC)CCCCCCCCCC|[N-](C#N)C#N,-3.123565673828125,-4.0315093994140625,3,8
c(N(CCCCCCCCCC)CCCCCCCCCC)1c(N(CCCCCCCCCC)CCCCCCCCCC)[c+]1N(CCCCCCCCCC)CCCCCCCCCC|[N-](C#N)C#N,-2.7968814373016357,-3.723153591156006,3,8
CCCC[n+]1ccn(C)c1|F[P-](F)(F)(F)(F)F,-2.249992609024048,-4.778316497802734,3,168
CCCC[n+]1ccn(C)c1|F[P-](F)(F)(F)(F)F,-1.9540431499481201,-4.196215629577637,3,168
CCCC[n+]1ccn(C)c1|F[P-](F)(F)(F)(F)F,-1.6868590116500854,-3.6161017417907715,3,168
CCCC[n+]1ccn(C)c1|F[P-](F)(F)(F)(F)F,-1.4271163940429688,-3.0390818119049072,3,168
CCCC[n+]1ccn(C)c1|F[P-](F)(F)(F)(F)F,-1.174414038658142,-2.5000758171081543,3,168
CCCC[n+]1ccn(C)c1|F[P-](F)(F)(F)(F)F,-0.957112729549408,-2.054661750793457,3,168
CCCC[n+]1ccn(C)c1|F[P-](F)(F)(F)(F)F,-0.8651224374771118,-1.7316583395004272,3,168
CCCC[n+]1ccn(C)c1|F[P-](F)(F)(F)(F)F,-0.6851789951324463,-1.4912216663360596,3,168
CCCC[N+]1(C)CCCC1|N#C[C-](C#N)C#N,-0.9416085481643677,-3.6215085983276367,3,31
CCCC[N+]1(C)CCCC1|N#C[C-](C#N)C#N,-0.5798184871673584,-2.6064279079437256,3,31
CCCC[N+]1(C)CCCC1|N#C[C-](C#N)C#N,-0.28768208622932434,-1.7357546091079712,3,31
CCCC[N+]1(C)CCCC1|N#C[C-](C#N)C#N,-0.13926206529140472,-1.3818024396896362,3,31
CCCC[N+]1(C)CCCC1|N#C[C-](C#N)C#N,0.019802628085017204,-1.0197136402130127,3,31
CCCC[N+]1(C)CCCC1|N#C[C-](C#N)C#N,0.2926696240901947,-0.4828798770904541,3,31
CCCC[N+]1(C)CCCC1|N#C[C-](C#N)C#N,0.5187938213348389,-0.07910418510437012,3,31
CCCC[N+]1(C)CCCC1|N#C[C-](C#N)C#N,0.717839777469635,0.27956604957580566,3,31
CCCC[N+]1(C)CCCC1|O=S(=O)([N-]S(=O)(=O)C(F)(F)F)C(F)(F)F,-0.9339456558227539,-1.6215590238571167,3,221
CCCC[N+]1(C)CCCC1|O=S(=O)([N-]S(=O)(=O)C(F)(F)F)C(F)(F)F,-0.8603830933570862,-1.521944284439087,3,221
CCCC[N+]1(C)CCCC1|O=S(=O)([N-]S(=O)(=O)C(F)(F)F)C(F)(F)F,-0.6539264917373657,-1.240920901298523,3,221
CCCC[N+]1(C)CCCC1|O=S(=O)([N-]S(=O)(=O)C(F)(F)F)C(F)(F)F,-0.44941699504852295,-1.0211836099624634,3,221
CCCC[N+]1(C)CCCC1|O=S(=O)([N-]S(=O)(=O)C(F)(F)F)C(F)(F)F,-0.25877073407173157,-0.8179162740707397,3,221
CCCC[N+]1(C)CCCC1|O=S(=O)([N-]S(=O)(=O)C(F)(F)F)C(F)(F)F,-0.07904320955276489,-0.6365816593170166,3,221
CCCC[N+]1(C)CCCC1|O=S(=O)([N-]S(=O)(=O)C(F)(F)F)C(F)(F)F,0.07696104049682617,-0.4557546377182007,3,221
CCCC[N+]1(C)CCCC1|O=S(=O)([N-]S(=O)(=O)C(F)(F)F)C(F)(F)F,0.23111172020435333,-0.2933170795440674,3,221
CCCC[N+]1(C)CCCC1|O=S(=O)([N-]S(=O)(=O)C(F)(F)F)C(F)(F)F,0.4946962296962738,0.00195467472076416,3,221
CCCC[N+]1(C)CCCC1|O=S(=O)([N-]S(=O)(=O)C(F)(F)F)C(F)(F)F,0.7466879487037659,0.26990020275115967,3,221
CC[P+](CC)(CC)CCOC|O=S(=O)([N-]S(=O)(=O)C(F)(F)F)C(F)(F)F,-0.957112729549408,-1.7238802909851074,3,10
CC[P+](CC)(CC)CCOC|O=S(=O)([N-]S(=O)(=O)C(F)(F)F)C(F)(F)F,-0.8891620635986328,-1.6426019668579102,3,10
CC[P+](CC)(CC)CCOC|O=S(=O)([N-]S(=O)(=O)C(F)(F)F)C(F)(F)F,-0.6971551775932312,-1.4357768297195435,3,10
CC[P+](CC)(CC)CCOC|O=S(=O)([N-]S(=O)(=O)C(F)(F)F)C(F)(F)F,-0.4975804090499878,-1.2617003917694092,3,10
CC[P+](CC)(CC)CCOC|O=S(=O)([N-]S(=O)(=O)C(F)(F)F)C(F)(F)F,-0.32989391684532166,-1.1052396297454834,3,10
CC[P+](CC)(CC)CCOC|O=S(=O)([N-]S(=O)(=O)C(F)(F)F)C(F)(F)F,-0.1625189334154129,-0.9680352807044983,3,10
CC[P+](CC)(CC)CCOC|O=S(=O)([N-]S(=O)(=O)C(F)(F)F)C(F)(F)F,-0.0100503358989954,-0.8636496067047119,3,10
CC[P+](CC)(CC)CCOC|O=S(=O)([N-]S(=O)(=O)C(F)(F)F)C(F)(F)F,0.12221763283014297,-0.7578514814376831,3,10
CC[P+](CC)(CC)CCOC|O=S(=O)([N-]S(=O)(=O)C(F)(F)F)C(F)(F)F,0.37156355381011963,-0.5278358459472656,3,10
CC[P+](CC)(CC)CCOC|O=S(=O)([N-]S(=O)(=O)C(F)(F)F)C(F)(F)F,0.6097655892372131,-0.29123520851135254,3,10
C1C[C@@H]2[N+](CCCC)(C)[C@H]1C[C@H](O)C2|C1=CC=C(C=C1)C[C@@H](C(=O)[O-])N,-11.6182861328125,-12.939393043518066,3,9
C1C[C@@H]2[N+](CCCC)(C)[C@H]1C[C@H](O)C2|C1=CC=C(C=C1)C[C@@H](C(=O)[O-])N,-11.512925148010254,-12.397417068481445,3,9
C1C[C@@H]2[N+](CCCC)(C)[C@H]1C[C@H](O)C2|C1=CC=C(C=C1)C[C@@H](C(=O)[O-])N,-10.596634864807129,-12.035700798034668,3,9
C1C[C@@H]2[N+](CCCC)(C)[C@H]1C[C@H](O)C2|C1=CC=C(C=C1)C[C@@H](C(=O)[O-])N,-10.177924156188965,-11.6030912399292,3,9
C1C[C@@H]2[N+](CCCC)(C)[C@H]1C[C@H](O)C2|C1=CC=C(C=C1)C[C@@H](C(=O)[O-])N,-9.52505111694336,-11.175759315490723,3,9
C1C[C@@H]2[N+](CCCC)(C)[C@H]1C[C@H](O)C2|C1=CC=C(C=C1)C[C@@H](C(=O)[O-])N,-8.963479995727539,-10.741759300231934,3,9
C1C[C@@H]2[N+](CCCC)(C)[C@H]1C[C@H](O)C2|C1=CC=C(C=C1)C[C@@H](C(=O)[O-])N,-8.662219047546387,-10.312935829162598,3,9
C1C[C@@H]2[N+](CCCC)(C)[C@H]1C[C@H](O)C2|C1=CC=C(C=C1)C[C@@H](C(=O)[O-])N,-8.156028747558594,-9.879283905029297,3,9
CCCCCCCCCCCC[P+](CC)(CC)CC|N#Cc1ccc[n-]1,-4.828313827514648,-4.185482501983643,3,8
CCCCCCCCCCCC[P+](CC)(CC)CC|N#Cc1ccc[n-]1,-4.135166645050049,-3.580876588821411,3,8
CCCCCCCCCCCC[P+](CC)(CC)CC|N#Cc1ccc[n-]1,-3.8167128562927246,-3.3137764930725098,3,8
CCCCCCCCCCCC[P+](CC)(CC)CC|N#Cc1ccc[n-]1,-3.4737679958343506,-3.0850398540496826,3,8
CCCCCCCCCCCC[P+](CC)(CC)CC|N#Cc1ccc[n-]1,-2.9374632835388184,-2.6010584831237793,3,8
CCCCCCCCCCCC[P+](CC)(CC)CC|N#Cc1ccc[n-]1,-2.441847085952759,-2.210793972015381,3,8
CCCCCCCCCCCC[P+](CC)(CC)CC|N#Cc1ccc[n-]1,-2.0024805068969727,-1.9117283821105957,3,8
CCCCCCCCCCCC[P+](CC)(CC)CC|N#Cc1ccc[n-]1,-1.61948823928833,-1.6902557611465454,3,8
CCCC[n+]1ccn(C)c1|CC(=O)[O-],-2.882403612136841,-2.154959201812744,3,40
CCCC[n+]1ccn(C)c1|CC(=O)[O-],-2.525728702545166,-1.7960416078567505,3,40
CCCC[n+]1ccn(C)c1|CC(=O)[O-],-2.2443161010742188,-1.515323281288147,3,40
CCCC[n+]1ccn(C)c1|CC(=O)[O-],-1.9379420280456543,-1.276036262512207,3,40
CCCC[n+]1ccn(C)c1|CC(=O)[O-],-1.7203694581985474,-1.0977833271026611,3,40
CCCC[n+]1ccn(C)c1|CC(=O)[O-],-1.3205065727233887,-0.9367685914039612,3,40
CCCC[n+]1ccn(C)c1|CC(=O)[O-],-1.2378743886947632,-0.7874294519424438,3,40
CCCC[n+]1ccn(C)c1|CC(=O)[O-],-0.9808292388916016,-0.6505966186523438,3,40
c(N(C)C)1c(N(C)C)[c+]1N(CCC)C|[N-](S(=O)(=O)C(F)(F)F)S(=O)(=O)C(F)(F)F,-1.3056364059448242,-1.5972161293029785,3,8
c(N(C)C)1c(N(C)C)[c+]1N(CCC)C|[N-](S(=O)(=O)C(F)(F)F)S(=O)(=O)C(F)(F)F,-0.874669075012207,-1.2517024278640747,3,8
c(N(C)C)1c(N(C)C)[c+]1N(CCC)C|[N-](S(=O)(=O)C(F)(F)F)S(=O)(=O)C(F)(F)F,-0.49922648072242737,-0.9545385837554932,3,8
c(N(C)C)1c(N(C)C)[c+]1N(CCC)C|[N-](S(=O)(=O)C(F)(F)F)S(=O)(=O)C(F)(F)F,-0.18632957339286804,-0.7182520031929016,3,8
c(N(C)C)1c(N(C)C)[c+]1N(CCC)C|[N-](S(=O)(=O)C(F)(F)F)S(=O)(=O)C(F)(F)F,0.07973496615886688,-0.5404820442199707,3,8
c(N(C)C)1c(N(C)C)[c+]1N(CCC)C|[N-](S(=O)(=O)C(F)(F)F)S(=O)(=O)C(F)(F)F,0.3191807270050049,-0.3722703456878662,3,8
c(N(C)C)1c(N(C)C)[c+]1N(CCC)C|[N-](S(=O)(=O)C(F)(F)F)S(=O)(=O)C(F)(F)F,0.5276827216148376,-0.19616568088531494,3,8
c(N(C)C)1c(N(C)C)[c+]1N(CCC)C|[N-](S(=O)(=O)C(F)(F)F)S(=O)(=O)C(F)(F)F,0.7227059602737427,-0.02303612232208252,3,8
c(N(CC)C)1c(N(CC)C)[c+]1N(CC)C|[N-](S(=O)(=O)C(F)(F)F)S(=O)(=O)C(F)(F)F,-1.4188175201416016,-1.6531442403793335,3,8
c(N(CC)C)1c(N(CC)C)[c+]1N(CC)C|[N-](S(=O)(=O)C(F)(F)F)S(=O)(=O)C(F)(F)F,-1.0161110162734985,-1.2892158031463623,3,8
c(N(CC)C)1c(N(CC)C)[c+]1N(CC)C|[N-](S(=O)(=O)C(F)(F)F)S(=O)(=O)C(F)(F)F,-0.655851423740387,-0.9887192249298096,3,8
c(N(CC)C)1c(N(CC)C)[c+]1N(CC)C|[N-](S(=O)(=O)C(F)(F)F)S(=O)(=O)C(F)(F)F,-0.349557489156723,-0.7326672673225403,3,8
c(N(CC)C)1c(N(CC)C)[c+]1N(CC)C|[N-](S(=O)(=O)C(F)(F)F)S(=O)(=O)C(F)(F)F,-0.08555788546800613,-0.5303095579147339,3,8
c(N(CC)C)1c(N(CC)C)[c+]1N(CC)C|[N-](S(=O)(=O)C(F)(F)F)S(=O)(=O)C(F)(F)F,0.1458304524421692,-0.3596101999282837,3,8
c(N(CC)C)1c(N(CC)C)[c+]1N(CC)C|[N-](S(=O)(=O)C(F)(F)F)S(=O)(=O)C(F)(F)F,0.35487332940101624,-0.18790483474731445,3,8
c(N(CC)C)1c(N(CC)C)[c+]1N(CC)C|[N-](S(=O)(=O)C(F)(F)F)S(=O)(=O)C(F)(F)F,0.541742742061615,-0.00854802131652832,3,8
CCCCCn1cc[n+](CCCC)c1|O=S(=O)([N-]S(=O)(=O)C(F)(F)F)C(F)(F)F,-1.8078888654708862,-2.328455924987793,3,7
CCCCCn1cc[n+](CCCC)c1|O=S(=O)([N-]S(=O)(=O)C(F)(F)F)C(F)(F)F,-1.5847452878952026,-2.041268825531006,3,7
CCCCCn1cc[n+](CCCC)c1|O=S(=O)([N-]S(=O)(=O)C(F)(F)F)C(F)(F)F,-1.1940224170684814,-1.6346023082733154,3,7
CCCCCn1cc[n+](CCCC)c1|O=S(=O)([N-]S(=O)(=O)C(F)(F)F)C(F)(F)F,-0.8509712815284729,-1.3262839317321777,3,7
CCCCCn1cc[n+](CCCC)c1|O=S(=O)([N-]S(=O)(=O)C(F)(F)F)C(F)(F)F,-0.5447271466255188,-1.0691943168640137,3,7
CCCCCn1cc[n+](CCCC)c1|O=S(=O)([N-]S(=O)(=O)C(F)(F)F)C(F)(F)F,-0.2783920168876648,-0.8480798602104187,3,7
CCCCCn1cc[n+](CCCC)c1|O=S(=O)([N-]S(=O)(=O)C(F)(F)F)C(F)(F)F,-0.040821995586156845,-0.644768238067627,3,7
CCCC[n+]1ccn(C)c1|F[P-](F)(F)(F)(F)F,-1.989235281944275,-4.196215629577637,3,168
CCCC[n+]1ccn(C)c1|F[P-](F)(F)(F)(F)F,-1.6982691287994385,-3.6161017417907715,3,168
CCCC[n+]1ccn(C)c1|F[P-](F)(F)(F)(F)F,-1.4961092472076416,-3.0390818119049072,3,168
CCCC[n+]1ccn(C)c1|F[P-](F)(F)(F)(F)F,-1.3205065727233887,-2.5000758171081543,3,168
CCCC[n+]1ccn(C)c1|F[P-](F)(F)(F)(F)F,-1.1583622694015503,-2.054661750793457,3,168
CCCC[n+]1ccn(C)c1|F[P-](F)(F)(F)(F)F,-0.957112729549408,-1.7316583395004272,3,168
CCCC[n+]1ccn(C)c1|F[P-](F)(F)(F)(F)F,-0.7787050604820251,-1.4912216663360596,3,168
c(N(CCCC)CCCC)1c(N(CCCC)CCCC)[c+]1N(CCCC)CCCC|[N-](S(=O)(=O)C(F)(F)F)S(=O)(=O)C(F)(F)F,-3.151217222213745,-2.996359348297119,3,8
c(N(CCCC)CCCC)1c(N(CCCC)CCCC)[c+]1N(CCCC)CCCC|[N-](S(=O)(=O)C(F)(F)F)S(=O)(=O)C(F)(F)F,-2.6678683757781982,-2.6517388820648193,3,8
c(N(CCCC)CCCC)1c(N(CCCC)CCCC)[c+]1N(CCCC)CCCC|[N-](S(=O)(=O)C(F)(F)F)S(=O)(=O)C(F)(F)F,-2.247150421142578,-2.351332426071167,3,8
c(N(CCCC)CCCC)1c(N(CCCC)CCCC)[c+]1N(CCCC)CCCC|[N-](S(=O)(=O)C(F)(F)F)S(=O)(=O)C(F)(F)F,-1.8740546703338623,-2.0913426876068115,3,8
c(N(CCCC)CCCC)1c(N(CCCC)CCCC)[c+]1N(CCCC)CCCC|[N-](S(=O)(=O)C(F)(F)F)S(=O)(=O)C(F)(F)F,-1.5399118661880493,-1.8569526672363281,3,8
c(N(CCCC)CCCC)1c(N(CCCC)CCCC)[c+]1N(CCCC)CCCC|[N-](S(=O)(=O)C(F)(F)F)S(=O)(=O)C(F)(F)F,-1.2327152490615845,-1.704035758972168,3,8
c(N(CCCC)CCCC)1c(N(CCCC)CCCC)[c+]1N(CCCC)CCCC|[N-](S(=O)(=O)C(F)(F)F)S(=O)(=O)C(F)(F)F,-0.9625964760780334,-1.593430995941162,3,8
c(N(CCCC)CCCC)1c(N(CCCC)CCCC)[c+]1N(CCCC)CCCC|[N-](S(=O)(=O)C(F)(F)F)S(=O)(=O)C(F)(F)F,-0.719491183757782,-1.492722988128662,3,8
CCCCCCCC[n+]1ccn(CO[C@@H]2C[C@H](C)CC[C@H]2C(C)C)c1|O=S(=O)([N-]S(=O)(=O)C(F)(F)F)C(F)(F)F,-5.50903844833374,-5.993600845336914,3,7
CCCCCCCC[n+]1ccn(CO[C@@H]2C[C@H](C)CC[C@H]2C(C)C)c1|O=S(=O)([N-]S(=O)(=O)C(F)(F)F)C(F)(F)F,-5.025241374969482,-5.596164226531982,3,7
CCCCCCCC[n+]1ccn(CO[C@@H]2C[C@H](C)CC[C@H]2C(C)C)c1|O=S(=O)([N-]S(=O)(=O)C(F)(F)F)C(F)(F)F,-4.579502582550049,-5.19108772277832,3,7
CCCCCCCC[n+]1ccn(CO[C@@H]2C[C@H](C)CC[C@H]2C(C)C)c1|O=S(=O)([N-]S(=O)(=O)C(F)(F)F)C(F)(F)F,-4.170793533325195,-4.793083190917969,3,7
CCCCCCCC[n+]1ccn(CO[C@@H]2C[C@H](C)CC[C@H]2C(C)C)c1|O=S(=O)([N-]S(=O)(=O)C(F)(F)F)C(F)(F)F,-3.796910285949707,-4.39742374420166,3,7
CCCCCCCC[n+]1ccn(CO[C@@H]2C[C@H](C)CC[C@H]2C(C)C)c1|O=S(=O)([N-]S(=O)(=O)C(F)(F)F)C(F)(F)F,-3.4545981884002686,-4.028666973114014,3,7
CCCCCCCC[n+]1ccn(CO[C@@H]2C[C@H](C)CC[C@H]2C(C)C)c1|O=S(=O)([N-]S(=O)(=O)C(F)(F)F)C(F)(F)F,-3.1419148445129395,-3.668933391571045,3,7
C[N+](C)(C)CCO|C[C@H](O)C(=O)[O-],-4.286716461181641,-4.318785667419434,3,7
C[N+](C)(C)CCO|C[C@H](O)C(=O)[O-],-3.8212685585021973,-3.936431407928467,3,7
C[N+](C)(C)CCO|C[C@H](O)C(=O)[O-],-3.420380115509033,-3.5455217361450195,3,7
C[N+](C)(C)CCO|C[C@H](O)C(=O)[O-],-3.090043067932129,-3.173694372177124,3,7
C[N+](C)(C)CCO|C[C@H](O)C(=O)[O-],-2.7379941940307617,-2.817403554916382,3,7
C[N+](C)(C)CCO|C[C@H](O)C(=O)[O-],-2.4112844467163086,-2.4725396633148193,3,7
C[N+](C)(C)CCO|C[C@H](O)C(=O)[O-],-2.2127444744110107,-2.1378228664398193,3,7
CCCC[n+]1ccn(CO[C@@H]2C[C@H](C)CC[C@H]2C(C)C)c1|O=S(=O)([N-]S(=O)(=O)C(F)(F)F)C(F)(F)F,-5.10935115814209,-4.6746697425842285,3,7
CCCC[n+]1ccn(CO[C@@H]2C[C@H](C)CC[C@H]2C(C)C)c1|O=S(=O)([N-]S(=O)(=O)C(F)(F)F)C(F)(F)F,-4.644950866699219,-4.2572245597839355,3,7
CCCC[n+]1ccn(CO[C@@H]2C[C@H](C)CC[C@H]2C(C)C)c1|O=S(=O)([N-]S(=O)(=O)C(F)(F)F)C(F)(F)F,-4.22263240814209,-3.8612937927246094,3,7
CCCC[n+]1ccn(CO[C@@H]2C[C@H](C)CC[C@H]2C(C)C)c1|O=S(=O)([N-]S(=O)(=O)C(F)(F)F)C(F)(F)F,-3.8392374515533447,-3.4890785217285156,3,7
CCCC[n+]1ccn(CO[C@@H]2C[C@H](C)CC[C@H]2C(C)C)c1|O=S(=O)([N-]S(=O)(=O)C(F)(F)F)C(F)(F)F,-3.491997718811035,-3.1390881538391113,3,7
CCCC[n+]1ccn(CO[C@@H]2C[C@H](C)CC[C@H]2C(C)C)c1|O=S(=O)([N-]S(=O)(=O)C(F)(F)F)C(F)(F)F,-3.1772541999816895,-2.8350090980529785,3,7
CCCC[n+]1ccn(CO[C@@H]2C[C@H](C)CC[C@H]2C(C)C)c1|O=S(=O)([N-]S(=O)(=O)C(F)(F)F)C(F)(F)F,-2.8931756019592285,-2.576186180114746,3,7
CCCC[N+]1(C)CCCC1|O=S(=O)([N-]S(=O)(=O)C(F)(F)F)C(F)(F)F,-1.5324769020080566,-1.8772372007369995,3,221
CCCC[N+]1(C)CCCC1|O=S(=O)([N-]S(=O)(=O)C(F)(F)F)C(F)(F)F,-0.8891620635986328,-1.164861798286438,3,221
CCCC[N+]1(C)CCCC1|O=S(=O)([N-]S(=O)(=O)C(F)(F)F)C(F)(F)F,-0.7113111615180969,-0.9869131445884705,3,221
CCCC[N+]1(C)CCCC1|O=S(=O)([N-]S(=O)(=O)C(F)(F)F)C(F)(F)F,-0.5430045127868652,-0.8179162740707397,3,221
CCCC[N+]1(C)CCCC1|O=S(=O)([N-]S(=O)(=O)C(F)(F)F)C(F)(F)F,-0.38419297337532043,-0.6659509539604187,3,221
CC[n+]1ccn(CO[C@@H]2C[C@H](C)CC[C@H]2C(C)C)c1|O=S(=O)([N-]S(=O)(=O)C(F)(F)F)C(F)(F)F,-4.686380386352539,-4.021717548370361,3,7
CC[n+]1ccn(CO[C@@H]2C[C@H](C)CC[C@H]2C(C)C)c1|O=S(=O)([N-]S(=O)(=O)C(F)(F)F)C(F)(F)F,-4.22263240814209,-3.6277308464050293,3,7
CC[n+]1ccn(CO[C@@H]2C[C@H](C)CC[C@H]2C(C)C)c1|O=S(=O)([N-]S(=O)(=O)C(F)(F)F)C(F)(F)F,-3.805413246154785,-3.2492380142211914,3,7
CC[n+]1ccn(CO[C@@H]2C[C@H](C)CC[C@H]2C(C)C)c1|O=S(=O)([N-]S(=O)(=O)C(F)(F)F)C(F)(F)F,-3.432687997817993,-2.893169641494751,3,7
CC[n+]1ccn(CO[C@@H]2C[C@H](C)CC[C@H]2C(C)C)c1|O=S(=O)([N-]S(=O)(=O)C(F)(F)F)C(F)(F)F,-3.0988731384277344,-2.579146146774292,3,7
CC[n+]1ccn(CO[C@@H]2C[C@H](C)CC[C@H]2C(C)C)c1|O=S(=O)([N-]S(=O)(=O)C(F)(F)F)C(F)(F)F,-2.801811695098877,-2.3068909645080566,3,7
CC[n+]1ccn(CO[C@@H]2C[C@H](C)CC[C@H]2C(C)C)c1|O=S(=O)([N-]S(=O)(=O)C(F)(F)F)C(F)(F)F,-2.5383074283599854,-2.064964771270752,3,7
CCCC[N+]1(C)CCOCC1|N#C[N-]C#N,-1.9589953422546387,-1.3397270441055298,3,8
CCCC[N+]1(C)CCOCC1|N#C[N-]C#N,-1.5417792797088623,-0.8827040791511536,3,8
CCCC[N+]1(C)CCOCC1|N#C[N-]C#N,-1.210661768913269,-0.5048398971557617,3,8
CCCC[N+]1(C)CCOCC1|N#C[N-]C#N,-0.9390476942062378,-0.18392598628997803,3,8
CCCC[N+]1(C)CCOCC1|N#C[N-]C#N,-0.7133498787879944,0.1043936014175415,3,8
CCCC[N+]1(C)CCOCC1|N#C[N-]C#N,-0.5191938877105713,0.34364986419677734,3,8
CCCC[N+]1(C)CCOCC1|N#C[N-]C#N,-0.3552473783493042,0.5392314195632935,3,8
CC(C)[C@@H]1CC[C@@H](C)C[C@H]1OCn1cc[n+](C)c1|O=S(=O)([N-]S(=O)(=O)C(F)(F)F)C(F)(F)F,-4.88886022567749,-3.7966361045837402,3,7
CC(C)[C@@H]1CC[C@@H](C)C[C@H]1OCn1cc[n+](C)c1|O=S(=O)([N-]S(=O)(=O)C(F)(F)F)C(F)(F)F,-4.412073612213135,-3.399444580078125,3,7
CC(C)[C@@H]1CC[C@@H](C)C[C@H]1OCn1cc[n+](C)c1|O=S(=O)([N-]S(=O)(=O)C(F)(F)F)C(F)(F)F,-3.984593629837036,-3.0109798908233643,3,7
CC(C)[C@@H]1CC[C@@H](C)C[C@H]1OCn1cc[n+](C)c1|O=S(=O)([N-]S(=O)(=O)C(F)(F)F)C(F)(F)F,-3.60233473777771,-2.661703586578369,3,7
CC(C)[C@@H]1CC[C@@H](C)C[C@H]1OCn1cc[n+](C)c1|O=S(=O)([N-]S(=O)(=O)C(F)(F)F)C(F)(F)F,-3.259697914123535,-2.3608620166778564,3,7
CC(C)[C@@H]1CC[C@@H](C)C[C@H]1OCn1cc[n+](C)c1|O=S(=O)([N-]S(=O)(=O)C(F)(F)F)C(F)(F)F,-2.9584364891052246,-2.10996675491333,3,7
CC(C)[C@@H]1CC[C@@H](C)C[C@H]1OCn1cc[n+](C)c1|O=S(=O)([N-]S(=O)(=O)C(F)(F)F)C(F)(F)F,-2.6897192001342773,-1.8707196712493896,3,7
CCCn1cc[n+](C)c1|O=S(=O)([N-]S(=O)(=O)C(F)(F)F)C(F)(F)F,-1.0356374979019165,-1.2462399005889893,3,45
CCCn1cc[n+](C)c1|O=S(=O)([N-]S(=O)(=O)C(F)(F)F)C(F)(F)F,-0.8324092626571655,-1.0503439903259277,3,45
CCCn1cc[n+](C)c1|O=S(=O)([N-]S(=O)(=O)C(F)(F)F)C(F)(F)F,-0.6520052552223206,-0.8914417028427124,3,45
CCCn1cc[n+](C)c1|O=S(=O)([N-]S(=O)(=O)C(F)(F)F)C(F)(F)F,-0.4926583170890808,-0.7338122725486755,3,45
CCCn1cc[n+](C)c1|O=S(=O)([N-]S(=O)(=O)C(F)(F)F)C(F)(F)F,-0.3424903154373169,-0.5789074897766113,3,45
CCCn1cc[n+](C)c1|O=S(=O)([N-]S(=O)(=O)C(F)(F)F)C(F)(F)F,-0.20702417194843292,-0.43146848678588867,3,45
CCCn1cc[n+](C)c1|O=S(=O)([N-]S(=O)(=O)C(F)(F)F)C(F)(F)F,-0.08012604713439941,-0.29632461071014404,3,45
CCC[N+]1(C)CCOCC1|N#C[N-]C#N,-2.0174062252044678,-0.8887219429016113,3,8
CCC[N+]1(C)CCOCC1|N#C[N-]C#N,-1.614450454711914,-0.498854398727417,3,8
CCC[N+]1(C)CCOCC1|N#C[N-]C#N,-1.2765434980392456,-0.14621186256408691,3,8
CCC[N+]1(C)CCOCC1|N#C[N-]C#N,-0.9888614416122437,0.14875638484954834,3,8
CCC[N+]1(C)CCOCC1|N#C[N-]C#N,-0.7423374056816101,0.41122710704803467,3,8
CCC[N+]1(C)CCOCC1|N#C[N-]C#N,-0.5276327133178711,0.6263035535812378,3,8
CCC[N+]1(C)CCOCC1|N#C[N-]C#N,-0.3382738530635834,0.8153027296066284,3,8
C(CCC)N1C(=[N+](C=C1)C)C|FC(S(=O)(=O)[N-]S(=O)(=O)C(F)(F)F)(F)F,-1.7259716987609863,-1.941924810409546,3,29
C(CCC)N1C(=[N+](C=C1)C)C|FC(S(=O)(=O)[N-]S(=O)(=O)C(F)(F)F)(F)F,-1.4696760177612305,-1.7122505903244019,3,29
C(CCC)N1C(=[N+](C=C1)C)C|FC(S(=O)(=O)[N-]S(=O)(=O)C(F)(F)F)(F)F,-1.2413285970687866,-1.5125048160552979,3,29
C(CCC)N1C(=[N+](C=C1)C)C|FC(S(=O)(=O)[N-]S(=O)(=O)C(F)(F)F)(F)F,-1.0469690561294556,-1.32511305809021,3,29
C(CCC)N1C(=[N+](C=C1)C)C|FC(S(=O)(=O)[N-]S(=O)(=O)C(F)(F)F)(F)F,-0.8533159494400024,-1.1685662269592285,3,29
C(CCC)N1C(=[N+](C=C1)C)C|FC(S(=O)(=O)[N-]S(=O)(=O)C(F)(F)F)(F)F,-0.6733445525169373,-1.0196888446807861,3,29
C(CCC)N1C(=[N+](C=C1)C)C|FC(S(=O)(=O)[N-]S(=O)(=O)C(F)(F)F)(F)F,-0.5124936699867249,-0.8748591542243958,3,29
c(N(CCCCCCCCCC)CCCCCCCCCC)1c(N(CCCCCCCCCC)CCCCCCCCCC)[c+]1N(CCCCCCCCCC)CCCCCCCCCC|[N-](S(=O)(=O)C(F)(F)F)S(=O)(=O)C(F)(F)F,-5.914503574371338,-8.2364501953125,3,7
c(N(CCCCCCCCCC)CCCCCCCCCC)1c(N(CCCCCCCCCC)CCCCCCCCCC)[c+]1N(CCCCCCCCCC)CCCCCCCCCC|[N-](S(=O)(=O)C(F)(F)F)S(=O)(=O)C(F)(F)F,-5.339139461517334,-7.5601277351379395,3,7
c(N(CCCCCCCCCC)CCCCCCCCCC)1c(N(CCCCCCCCCC)CCCCCCCCCC)[c+]1N(CCCCCCCCCC)CCCCCCCCCC|[N-](S(=O)(=O)C(F)(F)F)S(=O)(=O)C(F)(F)F,-4.803621292114258,-6.907613754272461,3,7
c(N(CCCCCCCCCC)CCCCCCCCCC)1c(N(CCCCCCCCCC)CCCCCCCCCC)[c+]1N(CCCCCCCCCC)CCCCCCCCCC|[N-](S(=O)(=O)C(F)(F)F)S(=O)(=O)C(F)(F)F,-4.335143089294434,-6.278353691101074,3,7
c(N(CCCCCCCCCC)CCCCCCCCCC)1c(N(CCCCCCCCCC)CCCCCCCCCC)[c+]1N(CCCCCCCCCC)CCCCCCCCCC|[N-](S(=O)(=O)C(F)(F)F)S(=O)(=O)C(F)(F)F,-3.9220733642578125,-5.722754001617432,3,7
c(N(CCCCCCCCCC)CCCCCCCCCC)1c(N(CCCCCCCCCC)CCCCCCCCCC)[c+]1N(CCCCCCCCCC)CCCCCCCCCC|[N-](S(=O)(=O)C(F)(F)F)S(=O)(=O)C(F)(F)F,-3.547379970550537,-5.222088813781738,3,7
c(N(CCCCCCCCCC)CCCCCCCCCC)1c(N(CCCCCCCCCC)CCCCCCCCCC)[c+]1N(CCCCCCCCCC)CCCCCCCCCC|[N-](S(=O)(=O)C(F)(F)F)S(=O)(=O)C(F)(F)F,-3.208925485610962,-4.782906532287598,3,7
CCCCCCCCCC[n+]1ccn(C)c1|F[B-](F)(F)F,-13.815510749816895,-8.097396850585938,3,50
CCCCCCCCCC[n+]1ccn(C)c1|F[B-](F)(F)F,-13.815510749816895,-7.71897554397583,3,50
CCCCCCCCCC[n+]1ccn(C)c1|F[B-](F)(F)F,-12.716897964477539,-7.71897554397583,3,50
CCCCCCCCCC[n+]1ccn(C)c1|F[B-](F)(F)F,-13.815510749816895,-7.338603496551514,3,50
CCCCCCCCCC[n+]1ccn(C)c1|F[B-](F)(F)F,-12.716897964477539,-6.945797920227051,3,50
CCCCCCCCCC[n+]1ccn(C)c1|F[B-](F)(F)F,-10.101938247680664,-6.539856910705566,3,50
CCCCCCCCCC[n+]1ccn(C)c1|F[B-](F)(F)F,-8.091925621032715,-6.121899127960205,3,50
CCCCCC[N+]1(C)CCOCC1|N#C[N-]C#N,-2.6036901473999023,-2.131901502609253,3,8
CCCCCC[N+]1(C)CCOCC1|N#C[N-]C#N,-2.1202635765075684,-1.666312336921692,3,8
CCCCCC[N+]1(C)CCOCC1|N#C[N-]C#N,-1.7316055297851562,-1.2097141742706299,3,8
CCCCCC[N+]1(C)CCOCC1|N#C[N-]C#N,-1.414693832397461,-0.8299013376235962,3,8
CCCCCC[N+]1(C)CCOCC1|N#C[N-]C#N,-1.1520130634307861,-0.5041929483413696,3,8
CCCCCC[N+]1(C)CCOCC1|N#C[N-]C#N,-0.9263410568237305,-0.23163890838623047,3,8
CCCCCC[N+]1(C)CCOCC1|N#C[N-]C#N,-0.7318879961967468,0.015625596046447754,3,8
C(CCC)N1C(=[N+](C=C1)C)C|FC(S(=O)(=O)[N-]S(=O)(=O)C(F)(F)F)(F)F,-1.7719568014144897,-1.941924810409546,3,29
C(CCC)N1C(=[N+](C=C1)C)C|FC(S(=O)(=O)[N-]S(=O)(=O)C(F)(F)F)(F)F,-1.5357228517532349,-1.7122505903244019,3,29
C(CCC)N1C(=[N+](C=C1)C)C|FC(S(=O)(=O)[N-]S(=O)(=O)C(F)(F)F)(F)F,-1.2898938655853271,-1.5125048160552979,3,29
C(CCC)N1C(=[N+](C=C1)C)C|FC(S(=O)(=O)[N-]S(=O)(=O)C(F)(F)F)(F)F,-1.0773401260375977,-1.32511305809021,3,29
C(CCC)N1C(=[N+](C=C1)C)C|FC(S(=O)(=O)[N-]S(=O)(=O)C(F)(F)F)(F)F,-0.881406307220459,-1.1685662269592285,3,29
C(CCC)N1C(=[N+](C=C1)C)C|FC(S(=O)(=O)[N-]S(=O)(=O)C(F)(F)F)(F)F,-0.6971551775932312,-1.0196888446807861,3,29
C(CCC)N1C(=[N+](C=C1)C)C|FC(S(=O)(=O)[N-]S(=O)(=O)C(F)(F)F)(F)F,-0.5276327133178711,-0.8748591542243958,3,29
C(C)OCCN1C=[N+](C=C1)C|C(C)(=O)[O-],-2.0402207374572754,-2.7979323863983154,3,7
C(C)OCCN1C=[N+](C=C1)C|C(C)(=O)[O-],-1.7147984504699707,-2.3782854080200195,3,7
C(C)OCCN1C=[N+](C=C1)C|C(C)(=O)[O-],-1.398366928100586,-2.008680582046509,3,7
C(C)OCCN1C=[N+](C=C1)C|C(C)(=O)[O-],-1.1116975545883179,-1.7055414915084839,3,7
C(C)OCCN1C=[N+](C=C1)C|C(C)(=O)[O-],-0.8324092626571655,-1.4715373516082764,3,7
C(C)OCCN1C=[N+](C=C1)C|C(C)(=O)[O-],-0.5656338334083557,-1.2819017171859741,3,7
C(C)OCCN1C=[N+](C=C1)C|C(C)(=O)[O-],-0.32989391684532166,-1.1028375625610352,3,7
CCCCCCCC[n+]1ccccc1|O=S(=O)([N-]S(=O)(=O)C(F)(F)F)C(F)(F)F,-2.882403612136841,-3.037306308746338,3,16
CCCCCCCC[n+]1ccccc1|O=S(=O)([N-]S(=O)(=O)C(F)(F)F)C(F)(F)F,-2.3968958854675293,-2.3514821529388428,3,16
CCCCCCCC[n+]1ccccc1|O=S(=O)([N-]S(=O)(=O)C(F)(F)F)C(F)(F)F,-1.9449106454849243,-1.84685480594635,3,16
CCCCCCCC[n+]1ccccc1|O=S(=O)([N-]S(=O)(=O)C(F)(F)F)C(F)(F)F,-1.5896352529525757,-1.5171074867248535,3,16
CCCCCCCC[n+]1ccccc1|O=S(=O)([N-]S(=O)(=O)C(F)(F)F)C(F)(F)F,-1.2552660703659058,-1.2518558502197266,3,16
CCCCCCCC[n+]1ccccc1|O=S(=O)([N-]S(=O)(=O)C(F)(F)F)C(F)(F)F,-0.9493305683135986,-1.0413835048675537,3,16
CCCCCC[n+]1ccccc1|O=S(=O)([N-]S(=O)(=O)C(F)(F)F)C(F)(F)F,-2.2926347255706787,-2.4154601097106934,3,58
CCCCCC[n+]1ccccc1|O=S(=O)([N-]S(=O)(=O)C(F)(F)F)C(F)(F)F,-1.8643301725387573,-1.8225995302200317,3,58
CCCCCC[n+]1ccccc1|O=S(=O)([N-]S(=O)(=O)C(F)(F)F)C(F)(F)F,-1.4696760177612305,-1.4347467422485352,3,58
CCCCCC[n+]1ccccc1|O=S(=O)([N-]S(=O)(=O)C(F)(F)F)C(F)(F)F,-1.0729445219039917,-1.1637601852416992,3,58
CCCCCC[n+]1ccccc1|O=S(=O)([N-]S(=O)(=O)C(F)(F)F)C(F)(F)F,-0.8255363702774048,-0.9178599119186401,3,58
CCCCCC[n+]1ccccc1|O=S(=O)([N-]S(=O)(=O)C(F)(F)F)C(F)(F)F,-0.5638748407363892,-0.6978713274002075,3,58
CCCCn1cc[n+](CCOCCOCCOCC[n+]2ccn(CCCC)c2)c1|N#C[N-]C#N.N#C[N-]C#N,-1.7719568014144897,-1.9167817831039429,3,6
CCCCn1cc[n+](CCOCCOCCOCC[n+]2ccn(CCCC)c2)c1|N#C[N-]C#N.N#C[N-]C#N,-1.62455153465271,-1.760605812072754,3,6
CCCCn1cc[n+](CCOCCOCCOCC[n+]2ccn(CCCC)c2)c1|N#C[N-]C#N.N#C[N-]C#N,-1.1907275915145874,-1.487536072731018,3,6
CCCCn1cc[n+](CCOCCOCCOCC[n+]2ccn(CCCC)c2)c1|N#C[N-]C#N.N#C[N-]C#N,-0.7298111915588379,-1.2831521034240723,3,6
CCCCn1cc[n+](CCOCCOCCOCC[n+]2ccn(CCCC)c2)c1|N#C[N-]C#N.N#C[N-]C#N,-0.33687230944633484,-1.0976946353912354,3,6
CCCCn1cc[n+](CCOCCOCCOCC[n+]2ccn(CCCC)c2)c1|N#C[N-]C#N.N#C[N-]C#N,0.0009995002765208483,-0.8987187743186951,3,6
CC[S+](CC)CCOCCOCC[S+](CC)CC|N#C[N-]C#N.N#C[N-]C#N,-2.7030627727508545,-1.0002779960632324,3,6
CC[S+](CC)CCOCCOCC[S+](CC)CC|N#C[N-]C#N.N#C[N-]C#N,-2.6036901473999023,-0.8796695470809937,3,6
CC[S+](CC)CCOCCOCC[S+](CC)CC|N#C[N-]C#N.N#C[N-]C#N,-1.980501651763916,-0.6688292622566223,3,6
CC[S+](CC)CCOCCOCC[S+](CC)CC|N#C[N-]C#N.N#C[N-]C#N,-1.474033236503601,-0.4995083808898926,3,6
CC[S+](CC)CCOCCOCC[S+](CC)CC|N#C[N-]C#N.N#C[N-]C#N,-0.891598105430603,-0.3482562303543091,3,6
CC[S+](CC)CCOCCOCC[S+](CC)CC|N#C[N-]C#N.N#C[N-]C#N,-0.6161861419677734,-0.1861555576324463,3,6
C[N+]1(CCOCCOCCOCCOCC[N+]2(C)CCCC2)CCCC1|O=S(=O)([N-]S(=O)(=O)C(F)(F)F)C(F)(F)F.O=S(=O)([N-]S(=O)(=O)C(F)(F)F)C(F)(F)F,-2.3644604682922363,-2.8885390758514404,3,6
C[N+]1(CCOCCOCCOCCOCC[N+]2(C)CCCC2)CCCC1|O=S(=O)([N-]S(=O)(=O)C(F)(F)F)C(F)(F)F.O=S(=O)([N-]S(=O)(=O)C(F)(F)F)C(F)(F)F,-2.1715569496154785,-2.6684961318969727,3,6
C[N+]1(CCOCCOCCOCCOCC[N+]2(C)CCCC2)CCCC1|O=S(=O)([N-]S(=O)(=O)C(F)(F)F)C(F)(F)F.O=S(=O)([N-]S(=O)(=O)C(F)(F)F)C(F)(F)F,-1.85150945186615,-2.2927017211914062,3,6
C[N+]1(CCOCCOCCOCCOCC[N+]2(C)CCCC2)CCCC1|O=S(=O)([N-]S(=O)(=O)C(F)(F)F)C(F)(F)F.O=S(=O)([N-]S(=O)(=O)C(F)(F)F)C(F)(F)F,-1.500583529472351,-2.001720905303955,3,6
C[N+]1(CCOCCOCCOCCOCC[N+]2(C)CCCC2)CCCC1|O=S(=O)([N-]S(=O)(=O)C(F)(F)F)C(F)(F)F.O=S(=O)([N-]S(=O)(=O)C(F)(F)F)C(F)(F)F,-1.1026203632354736,-1.7198468446731567,3,6
C[N+]1(CCOCCOCCOCCOCC[N+]2(C)CCCC2)CCCC1|O=S(=O)([N-]S(=O)(=O)C(F)(F)F)C(F)(F)F.O=S(=O)([N-]S(=O)(=O)C(F)(F)F)C(F)(F)F,-0.7940731048583984,-1.4614191055297852,3,6
CCCCCCCCCCCCCC[P+](CCCCCC)(CCCCCC)CCCCCC|O=S(=O)([N-]S(=O)(=O)C(F)(F)F)C(F)(F)F,-5.2983174324035645,-5.842597961425781,3,11
CCCCCCCCCCCCCC[P+](CCCCCC)(CCCCCC)CCCCCC|O=S(=O)([N-]S(=O)(=O)C(F)(F)F)C(F)(F)F,-4.9198808670043945,-5.557069778442383,3,11
CCCCCCCCCCCCCC[P+](CCCCCC)(CCCCCC)CCCCCC|O=S(=O)([N-]S(=O)(=O)C(F)(F)F)C(F)(F)F,-4.688551902770996,-5.271576404571533,3,11
CCCCCCCCCCCCCC[P+](CCCCCC)(CCCCCC)CCCCCC|O=S(=O)([N-]S(=O)(=O)C(F)(F)F)C(F)(F)F,-4.5189924240112305,-5.003628730773926,3,11
CCCCCCCCCCCCCC[P+](CCCCCC)(CCCCCC)CCCCCC|O=S(=O)([N-]S(=O)(=O)C(F)(F)F)C(F)(F)F,-4.305065631866455,-4.738057613372803,3,11
CCCCCCCCCCCCCC[P+](CCCCCC)(CCCCCC)CCCCCC|O=S(=O)([N-]S(=O)(=O)C(F)(F)F)C(F)(F)F,-3.14888334274292,-3.783756732940674,3,11
C[N+]1(CCOCC[N+]2(C)CCCC2)CCCC1|N#C[N-]C#N.N#C[N-]C#N,-3.1700856685638428,-1.0597856044769287,3,6
C[N+]1(CCOCC[N+]2(C)CCCC2)CCCC1|N#C[N-]C#N.N#C[N-]C#N,-2.733367919921875,-0.8673678040504456,3,6
C[N+]1(CCOCC[N+]2(C)CCCC2)CCCC1|N#C[N-]C#N.N#C[N-]C#N,-1.7957675457000732,-0.508979082107544,3,6
C[N+]1(CCOCC[N+]2(C)CCCC2)CCCC1|N#C[N-]C#N.N#C[N-]C#N,-0.9781661629676819,-0.19684827327728271,3,6
C[N+]1(CCOCC[N+]2(C)CCCC2)CCCC1|N#C[N-]C#N.N#C[N-]C#N,-0.48776036500930786,0.11640429496765137,3,6
C[N+]1(CCOCC[N+]2(C)CCCC2)CCCC1|N#C[N-]C#N.N#C[N-]C#N,-0.22564667463302612,0.4232710599899292,3,6
CCCCn1cc[n+](CCOCC[n+]2ccn(CCCC)c2)c1|O=S(=O)([N-]S(=O)(=O)C(F)(F)F)C(F)(F)F.O=S(=O)([N-]S(=O)(=O)C(F)(F)F)C(F)(F)F,-2.733367919921875,-2.4481959342956543,3,6
CCCCn1cc[n+](CCOCC[n+]2ccn(CCCC)c2)c1|O=S(=O)([N-]S(=O)(=O)C(F)(F)F)C(F)(F)F.O=S(=O)([N-]S(=O)(=O)C(F)(F)F)C(F)(F)F,-2.5010359287261963,-2.2425761222839355,3,6
CCCCn1cc[n+](CCOCC[n+]2ccn(CCCC)c2)c1|O=S(=O)([N-]S(=O)(=O)C(F)(F)F)C(F)(F)F.O=S(=O)([N-]S(=O)(=O)C(F)(F)F)C(F)(F)F,-1.9661128520965576,-1.9116339683532715,3,6
CCCCn1cc[n+](CCOCC[n+]2ccn(CCCC)c2)c1|O=S(=O)([N-]S(=O)(=O)C(F)(F)F)C(F)(F)F.O=S(=O)([N-]S(=O)(=O)C(F)(F)F)C(F)(F)F,-1.5324769020080566,-1.6740121841430664,3,6
CCCCn1cc[n+](CCOCC[n+]2ccn(CCCC)c2)c1|O=S(=O)([N-]S(=O)(=O)C(F)(F)F)C(F)(F)F.O=S(=O)([N-]S(=O)(=O)C(F)(F)F)C(F)(F)F,-1.1488535404205322,-1.4633289575576782,3,6
CCCCn1cc[n+](CCOCC[n+]2ccn(CCCC)c2)c1|O=S(=O)([N-]S(=O)(=O)C(F)(F)F)C(F)(F)F.O=S(=O)([N-]S(=O)(=O)C(F)(F)F)C(F)(F)F,-0.8119307160377502,-1.2692346572875977,3,6
CCCC[P+](C)(CCCC)CCCC|COS(=O)(=O)[O-],-4.894186496734619,-3.2565770149230957,3,6
CCCC[P+](C)(CCCC)CCCC|COS(=O)(=O)[O-],-4.147745132446289,-2.8173155784606934,3,6
CCCC[P+](C)(CCCC)CCCC|COS(=O)(=O)[O-],-3.582719326019287,-2.4125547409057617,3,6
CCCC[P+](C)(CCCC)CCCC|COS(=O)(=O)[O-],-3.0303237438201904,-2.01108980178833,3,6
CCCC[P+](C)(CCCC)CCCC|COS(=O)(=O)[O-],-2.4281482696533203,-1.7102681398391724,3,6
CCCC[P+](C)(CCCC)CCCC|COS(=O)(=O)[O-],-1.9732813835144043,-1.496207356452942,3,6
C(C)[P+](CCCC)(CCCC)CCCC|[N-](S(=O)(=O)C(F)(F)F)S(=O)(=O)C(F)(F)F,-2.5357789993286133,-2.8544869422912598,3,6
C(C)[P+](CCCC)(CCCC)CCCC|[N-](S(=O)(=O)C(F)(F)F)S(=O)(=O)C(F)(F)F,-2.0402207374572754,-2.3916351795196533,3,6
C(C)[P+](CCCC)(CCCC)CCCC|[N-](S(=O)(=O)C(F)(F)F)S(=O)(=O)C(F)(F)F,-1.6347557306289673,-1.9502217769622803,3,6
C(C)[P+](CCCC)(CCCC)CCCC|[N-](S(=O)(=O)C(F)(F)F)S(=O)(=O)C(F)(F)F,-1.2837377786636353,-1.5750694274902344,3,6
C(C)[P+](CCCC)(CCCC)CCCC|[N-](S(=O)(=O)C(F)(F)F)S(=O)(=O)C(F)(F)F,-0.9649559259414673,-1.3477599620819092,3,6
C(C)[P+](CCCC)(CCCC)CCCC|[N-](S(=O)(=O)C(F)(F)F)S(=O)(=O)C(F)(F)F,-0.6733445525169373,-1.185331106185913,3,6
CCCC[N+]1(C)CCCC1|O=S(=O)([N-]S(=O)(=O)C(F)(F)F)C(F)(F)F,-1.5371172428131104,-1.8772372007369995,3,221
CCCC[N+]1(C)CCCC1|O=S(=O)([N-]S(=O)(=O)C(F)(F)F)C(F)(F)F,-1.3205065727233887,-1.6215590238571167,3,221
CCCC[N+]1(C)CCCC1|O=S(=O)([N-]S(=O)(=O)C(F)(F)F)C(F)(F)F,-1.1177951097488403,-1.377158761024475,3,221
CCCC[N+]1(C)CCCC1|O=S(=O)([N-]S(=O)(=O)C(F)(F)F)C(F)(F)F,-0.7592869997024536,-0.9869131445884705,3,221
CCCC[N+]1(C)CCCC1|O=S(=O)([N-]S(=O)(=O)C(F)(F)F)C(F)(F)F,-0.4478508234024048,-0.6659509539604187,3,221
CCCC[N+]1(C)CCCC1|O=S(=O)([N-]S(=O)(=O)C(F)(F)F)C(F)(F)F,-0.17554457485675812,-0.37249696254730225,3,221
CCCCCCCCCCCCCC[P+](CCCCCC)(CCCCCC)CCCCCC|N#C[N-]C#N,-5.184988498687744,-4.780672073364258,3,6
CCCCCCCCCCCCCC[P+](CCCCCC)(CCCCCC)CCCCCC|N#C[N-]C#N,-4.853631496429443,-4.535181045532227,3,6
CCCCCCCCCCCCCC[P+](CCCCCC)(CCCCCC)CCCCCC|N#C[N-]C#N,-4.635629177093506,-4.3019890785217285,3,6
CCCCCCCCCCCCCC[P+](CCCCCC)(CCCCCC)CCCCCC|N#C[N-]C#N,-4.439655780792236,-4.078629970550537,3,6
CCCCCCCCCCCCCC[P+](CCCCCC)(CCCCCC)CCCCCC|N#C[N-]C#N,-4.254513263702393,-3.8614182472229004,3,6
CCCCCCCCCCCCCC[P+](CCCCCC)(CCCCCC)CCCCCC|N#C[N-]C#N,-2.911391019821167,-3.012678623199463,3,6
CCCC[n+]1ccn(C)c1|O=S(=O)([O-])C(F)(F)F,-1.2006449699401855,-1.422701120376587,3,67
CCCC[n+]1ccn(C)c1|O=S(=O)([O-])C(F)(F)F,-0.972861111164093,-1.1751188039779663,3,67
CCCC[n+]1ccn(C)c1|O=S(=O)([O-])C(F)(F)F,-0.5923972725868225,-0.8141911029815674,3,67
CCCC[n+]1ccn(C)c1|O=S(=O)([O-])C(F)(F)F,-0.27049726247787476,-0.5400072336196899,3,67
CCCC[n+]1ccn(C)c1|O=S(=O)([O-])C(F)(F)F,0.00995033048093319,-0.28959691524505615,3,67
CCCC[n+]1ccn(C)c1|O=S(=O)([O-])C(F)(F)F,0.25464221835136414,-0.07260191440582275,3,67
C(C)OCC[P+](CCCC)(CCCC)CCCC|CS(=O)(=O)[O-],-4.546901226043701,-3.263589382171631,3,6
C(C)OCC[P+](CCCC)(CCCC)CCCC|CS(=O)(=O)[O-],-3.8632328510284424,-2.8017678260803223,3,6
C(C)OCC[P+](CCCC)(CCCC)CCCC|CS(=O)(=O)[O-],-3.262305498123169,-2.377495050430298,3,6
C(C)OCC[P+](CCCC)(CCCC)CCCC|CS(=O)(=O)[O-],-2.7473108768463135,-2.096548080444336,3,6
C(C)OCC[P+](CCCC)(CCCC)CCCC|CS(=O)(=O)[O-],-2.2926347255706787,-1.907352089881897,3,6
C(C)OCC[P+](CCCC)(CCCC)CCCC|CS(=O)(=O)[O-],-1.8773173093795776,-1.7264446020126343,3,6
CCCCCCCC[P+](CC)(CC)CC|O=S(=O)([N-]S(=O)(=O)C(F)(F)F)C(F)(F)F,-2.6882476806640625,-3.111497163772583,3,103
CCCCCCCC[P+](CC)(CC)CC|O=S(=O)([N-]S(=O)(=O)C(F)(F)F)C(F)(F)F,-2.4304184913635254,-2.8607025146484375,3,103
CCCCCCCC[P+](CC)(CC)CC|O=S(=O)([N-]S(=O)(=O)C(F)(F)F)C(F)(F)F,-2.1982250213623047,-2.6247081756591797,3,103
CCCCCCCC[P+](CC)(CC)CC|O=S(=O)([N-]S(=O)(=O)C(F)(F)F)C(F)(F)F,-1.7660917043685913,-2.170175552368164,3,103
CCCCCCCC[P+](CC)(CC)CC|O=S(=O)([N-]S(=O)(=O)C(F)(F)F)C(F)(F)F,-1.3862943649291992,-1.7450624704360962,3,103
CCCCCCCC[P+](CC)(CC)CC|O=S(=O)([N-]S(=O)(=O)C(F)(F)F)C(F)(F)F,-1.058430552482605,-1.4493626356124878,3,103
CCCCCCCC[P+](CC)(CC)CC|O=S(=O)([N-]S(=O)(=O)C(F)(F)F)C(F)(F)F,-2.4179959297180176,-2.863093137741089,3,103
CCCCCCCC[P+](CC)(CC)CC|O=S(=O)([N-]S(=O)(=O)C(F)(F)F)C(F)(F)F,-1.9589953422546387,-2.4014573097229004,3,103
CCCCCCCC[P+](CC)(CC)CC|O=S(=O)([N-]S(=O)(=O)C(F)(F)F)C(F)(F)F,-1.5558971166610718,-1.955825924873352,3,103
CCCCCCCC[P+](CC)(CC)CC|O=S(=O)([N-]S(=O)(=O)C(F)(F)F)C(F)(F)F,-1.2140231132507324,-1.5790175199508667,3,103
CCCCCCCC[P+](CC)(CC)CC|O=S(=O)([N-]S(=O)(=O)C(F)(F)F)C(F)(F)F,-0.9063404202461243,-1.3469535112380981,3,103
CCCCCCCC[P+](CC)(CC)CC|O=S(=O)([N-]S(=O)(=O)C(F)(F)F)C(F)(F)F,-0.6292338371276855,-1.185356855392456,3,103
CCCC[N+]1(C)CCCC1|O=S(=O)([N-]S(=O)(=O)C(F)(F)F)C(F)(F)F,-0.8867319226264954,-1.164861798286438,3,221
CCCC[N+]1(C)CCCC1|O=S(=O)([N-]S(=O)(=O)C(F)(F)F)C(F)(F)F,-0.5464528203010559,-0.8179162740707397,3,221
CCCC[N+]1(C)CCCC1|O=S(=O)([N-]S(=O)(=O)C(F)(F)F)C(F)(F)F,-0.39749693870544434,-0.6659509539604187,3,221
CCCC[N+]1(C)CCCC1|O=S(=O)([N-]S(=O)(=O)C(F)(F)F)C(F)(F)F,-1.0847094058990479,-1.3843388557434082,3,221
CCCC[N+]1(C)CCCC1|O=S(=O)([N-]S(=O)(=O)C(F)(F)F)C(F)(F)F,-0.7174398899078369,-0.9920535087585449,3,221
CCCC[N+]1(C)CCCC1|O=S(=O)([N-]S(=O)(=O)C(F)(F)F)C(F)(F)F,-0.4004775583744049,-0.6703561544418335,3,221
CCCC[N+]1(C)CCCC1|O=S(=O)([N-]S(=O)(=O)C(F)(F)F)C(F)(F)F,-0.12669765949249268,-0.3766132593154907,3,221
CCCC[N+]1(C)CCCC1|O=S(=O)([N-]S(=O)(=O)C(F)(F)F)C(F)(F)F,0.1151128038764,-0.12125301361083984,3,221
CCCC[N+]1(C)CCCC1|O=S(=O)([N-]S(=O)(=O)C(F)(F)F)C(F)(F)F,0.3300229012966156,0.10563254356384277,3,221
CC[n+]1ccccc1|O=S(=O)([N-]S(=O)(=O)C(F)(F)F)C(F)(F)F,-0.6386590003967285,-0.7527825236320496,3,38
CC[n+]1ccccc1|O=S(=O)([N-]S(=O)(=O)C(F)(F)F)C(F)(F)F,-0.34814003109931946,-0.4569014310836792,3,38
CC[n+]1ccccc1|O=S(=O)([N-]S(=O)(=O)C(F)(F)F)C(F)(F)F,-0.10092591494321823,-0.18371951580047607,3,38
CC[n+]1ccccc1|O=S(=O)([N-]S(=O)(=O)C(F)(F)F)C(F)(F)F,0.10165365040302277,0.046387553215026855,3,38
CC[n+]1ccccc1|O=S(=O)([N-]S(=O)(=O)C(F)(F)F)C(F)(F)F,0.288931280374527,0.2448718547821045,3,38
CCCC[N+]1(C)CCCC1|O=S(=O)([N-]S(=O)(=O)C(F)(F)F)C(F)(F)F,-1.474033236503601,-1.8772372007369995,3,221
CCCC[N+]1(C)CCCC1|O=S(=O)([N-]S(=O)(=O)C(F)(F)F)C(F)(F)F,-1.265848159790039,-1.6215590238571167,3,221
CCCC[N+]1(C)CCCC1|O=S(=O)([N-]S(=O)(=O)C(F)(F)F)C(F)(F)F,-1.0671136379241943,-1.377158761024475,3,221
CCCC[N+]1(C)CCCC1|O=S(=O)([N-]S(=O)(=O)C(F)(F)F)C(F)(F)F,-0.87947678565979,-1.164861798286438,3,221
CCCC[N+]1(C)CCCC1|O=S(=O)([N-]S(=O)(=O)C(F)(F)F)C(F)(F)F,-0.7174398899078369,-0.9869131445884705,3,221
CCCC[N+]1(C)CCCC1|O=S(=O)([N-]S(=O)(=O)C(F)(F)F)C(F)(F)F,-0.5816057920455933,-0.8179162740707397,3,221
CCCCCC[n+]1ccccc1|O=S(=O)([N-]S(=O)(=O)C(F)(F)F)C(F)(F)F,-2.607752561569214,-3.1571578979492188,3,58
CCCCCC[n+]1ccccc1|O=S(=O)([N-]S(=O)(=O)C(F)(F)F)C(F)(F)F,-2.05572509765625,-2.40488338470459,3,58
CCCCCC[n+]1ccccc1|O=S(=O)([N-]S(=O)(=O)C(F)(F)F)C(F)(F)F,-2.047942876815796,-2.40488338470459,3,58
CCCCCC[n+]1ccccc1|O=S(=O)([N-]S(=O)(=O)C(F)(F)F)C(F)(F)F,-1.8140051364898682,-2.0676944255828857,3,58
CCCCCC[n+]1ccccc1|O=S(=O)([N-]S(=O)(=O)C(F)(F)F)C(F)(F)F,-1.5847452878952026,-1.8160954713821411,3,58
CCCCCC[n+]1ccccc1|O=S(=O)([N-]S(=O)(=O)C(F)(F)F)C(F)(F)F,-1.184170126914978,-1.4302258491516113,3,58
CC[N+]1=CSC=C1C|F[B-]1(F)OC(=O)C(=O)O1,-0.9113031625747681,-0.8062790036201477,3,5
CC[N+]1=CSC=C1C|F[B-]1(F)OC(=O)C(=O)O1,-0.5412848591804504,-0.5427666902542114,3,5
CC[N+]1=CSC=C1C|F[B-]1(F)OC(=O)C(=O)O1,-0.23445731401443481,-0.2859153747558594,3,5
CC[N+]1=CSC=C1C|F[B-]1(F)OC(=O)C(=O)O1,0.00995033048093319,-0.04264795780181885,3,5
CC[N+]1=CSC=C1C|F[B-]1(F)OC(=O)C(=O)O1,0.2707902193069458,0.1712961196899414,3,5
CCCC[n+]1ccn(C)c1|CC(=O)[O-],-4.231539726257324,-3.6150131225585938,3,40
CCCC[n+]1ccn(C)c1|CC(=O)[O-],-2.9526727199554443,-2.154959201812744,3,40
CCCC[n+]1ccn(C)c1|CC(=O)[O-],-1.980501651763916,-1.276036262512207,3,40
CCCC[n+]1ccn(C)c1|CC(=O)[O-],-1.924148678779602,-1.2317461967468262,3,40
CCCC[n+]1ccn(C)c1|CC(=O)[O-],-0.9969586133956909,-0.6505966186523438,3,40
CCCC[n+]1ccn(C)c1|F[P-](F)(F)(F)(F)F,-2.5383074283599854,-4.778316497802734,3,168
CCCC[n+]1ccn(C)c1|F[P-](F)(F)(F)(F)F,-2.216407299041748,-4.196215629577637,3,168
CCCC[n+]1ccn(C)c1|F[P-](F)(F)(F)(F)F,-1.924148678779602,-3.6161017417907715,3,168
CCCC[n+]1ccn(C)c1|F[P-](F)(F)(F)(F)F,-1.398366928100586,-2.5000758171081543,3,168
CCCC[n+]1ccn(C)c1|F[P-](F)(F)(F)(F)F,-0.7402387857437134,-1.4912216663360596,3,168
CCCCC[N+]1(C)CCCC1|O=S(=O)([N-]S(=O)(=O)C(F)(F)F)C(F)(F)F,-1.9011280536651611,-2.2915730476379395,3,4
CCCCC[N+]1(C)CCCC1|O=S(=O)([N-]S(=O)(=O)C(F)(F)F)C(F)(F)F,-1.6660082340240479,-1.954432725906372,3,4
CCCCC[N+]1(C)CCCC1|O=S(=O)([N-]S(=O)(=O)C(F)(F)F)C(F)(F)F,-1.2395999431610107,-1.4674890041351318,3,4
CCCCC[N+]1(C)CCCC1|O=S(=O)([N-]S(=O)(=O)C(F)(F)F)C(F)(F)F,-0.7072461247444153,-0.9277796149253845,3,4
CCCC[N+]1(C)CCCC1|O=S(=O)([N-]S(=O)(=O)C(F)(F)F)C(F)(F)F,-1.505077838897705,-1.8772372007369995,3,221
CCCC[N+]1(C)CCCC1|O=S(=O)([N-]S(=O)(=O)C(F)(F)F)C(F)(F)F,-0.7528972029685974,-0.9869131445884705,3,221
CCCC[N+]1(C)CCCC1|O=S(=O)([N-]S(=O)(=O)C(F)(F)F)C(F)(F)F,-0.1899505853652954,-0.37249696254730225,3,221
CCCC[N+]1(C)CCCC1|O=S(=O)([N-]S(=O)(=O)C(F)(F)F)C(F)(F)F,0.20701417326927185,0.1088019609451294,3,221
CCCC[N+]1(C)CCCC1|O=S(=O)([N-]S(=O)(=O)C(F)(F)F)C(F)(F)F,-1.5136733055114746,-1.8772372007369995,3,221
CCCC[N+]1(C)CCCC1|O=S(=O)([N-]S(=O)(=O)C(F)(F)F)C(F)(F)F,-1.2942622900009155,-1.6215590238571167,3,221
CCCC[N+]1(C)CCCC1|O=S(=O)([N-]S(=O)(=O)C(F)(F)F)C(F)(F)F,-0.8986964225769043,-1.164861798286438,3,221
CCCC[N+]1(C)CCCC1|O=S(=O)([N-]S(=O)(=O)C(F)(F)F)C(F)(F)F,-0.4034671187400818,-0.6659509539604187,3,221
CCCC[N+](C)(C)C|O=S(=O)([N-]S(=O)(=O)C(F)(F)F)C(F)(F)F,-1.5847452878952026,-1.9378300905227661,3,26
CCCC[N+](C)(C)C|O=S(=O)([N-]S(=O)(=O)C(F)(F)F)C(F)(F)F,-1.3951332569122314,-1.6313084363937378,3,26
CCCC[N+](C)(C)C|O=S(=O)([N-]S(=O)(=O)C(F)(F)F)C(F)(F)F,-1.2722516059875488,-1.3922367095947266,3,26
CCCCCCCC[N+](C)(C)C12CC3CC(CC(C3)C1)C2|O=S(=O)([N-]S(=O)(=O)C(F)(F)F)C(F)(F)F,-4.414549827575684,-4.858363151550293,3,3
CCCCCCCC[N+](C)(C)C12CC3CC(CC(C3)C1)C2|O=S(=O)([N-]S(=O)(=O)C(F)(F)F)C(F)(F)F,-3.721402645111084,-4.044910907745361,3,3
CCCCCCCC[N+](C)(C)C12CC3CC(CC(C3)C1)C2|O=S(=O)([N-]S(=O)(=O)C(F)(F)F)C(F)(F)F,-3.408221960067749,-3.304208755493164,3,3
CCCC[n+]1ccn(C)c1|[I-],-3.9120230674743652,-3.152372360229492,3,34
CCCC[n+]1ccn(C)c1|[I-],-2.995732307434082,-2.178513765335083,3,34
CCCC[n+]1ccn(C)c1|[I-],-2.3025851249694824,-1.521998405456543,3,34
CCCC[n+]1ccn(C)c1|[I-],-1.7147984504699707,-1.1101346015930176,3,34
c(N(CCC)CCC)1c(N(CCC)CCC)[c+]1N(CCC)CCC|[N-](C#N)C#N,-0.5327304601669312,-0.8063160181045532,3,4
c(N(CCC)CCC)1c(N(CCC)CCC)[c+]1N(CCC)CCC|[N-](C#N)C#N,-0.2206466645002365,-0.6639823913574219,3,4
c(N(CCC)CCC)1c(N(CCC)CCC)[c+]1N(CCC)CCC|[N-](C#N)C#N,0.046883586794137955,-0.5239413976669312,3,4
c(N(CCC)CCC)1c(N(CCC)CCC)[c+]1N(CCC)CCC|[N-](C#N)C#N,0.2814124524593353,-0.379679799079895,3,4
CCCCCCCCCCCCCC[P+](CCCCCC)(CCCCCC)CCCCCC|O=S(=O)([N-]S(=O)(=O)C(F)(F)F)C(F)(F)F,-4.935064315795898,-5.8340325355529785,3,11
CCCCCCCCCCCCCC[P+](CCCCCC)(CCCCCC)CCCCCC|O=S(=O)([N-]S(=O)(=O)C(F)(F)F)C(F)(F)F,-3.835062026977539,-4.730088233947754,3,11
CCCCCCCCCCCCCC[P+](CCCCCC)(CCCCCC)CCCCCC|O=S(=O)([N-]S(=O)(=O)C(F)(F)F)C(F)(F)F,-3.0512449741363525,-3.7776713371276855,3,11
CCCCCCCCCCCCCC[P+](CCCCCC)(CCCCCC)CCCCCC|O=S(=O)([N-]S(=O)(=O)C(F)(F)F)C(F)(F)F,-2.3936045169830322,-3.0031332969665527,3,11
CCCCCCCC[N+](C)(C)C|O=S(=O)([N-]S(=O)(=O)C(F)(F)F)C(F)(F)F,-2.6450753211975098,-1.7540316581726074,3,5
CCCCCCCC[N+](C)(C)C|O=S(=O)([N-]S(=O)(=O)C(F)(F)F)C(F)(F)F,-2.419118881225586,-1.4447808265686035,3,5
CCCCCCCC[N+](C)(C)C|O=S(=O)([N-]S(=O)(=O)C(F)(F)F)C(F)(F)F,-2.3025851249694824,-1.2079977989196777,3,5
CC[n+]1ccccc1|O=S(=O)([N-]S(=O)(=O)C(F)(F)F)C(F)(F)F,-0.4636240303516388,-0.9391685724258423,3,38
CC[n+]1ccccc1|O=S(=O)([N-]S(=O)(=O)C(F)(F)F)C(F)(F)F,-0.4620354473590851,-0.9391685724258423,3,38
C[N+](C)(C)CCO|O=S(=O)([N-]S(=O)(=O)C(F)(F)C(F)(F)C(F)(F)C(F)(F)F)C(F)(F)C(F)(F)C(F)(F)C(F)(F)F,-4.645992279052734,-1.465214729309082,3,4
C[N+](C)(C)CCO|O=S(=O)([N-]S(=O)(=O)C(F)(F)C(F)(F)C(F)(F)C(F)(F)F)C(F)(F)C(F)(F)C(F)(F)C(F)(F)F,-4.358310222625732,-1.2912369966506958,3,4
C[N+](C)(C)CCO|O=S(=O)([N-]S(=O)(=O)C(F)(F)C(F)(F)C(F)(F)C(F)(F)F)C(F)(F)C(F)(F)C(F)(F)C(F)(F)F,-4.074542045593262,-1.1304655075073242,3,4
C[N+](C)(C)CCO|O=S(=O)([N-]S(=O)(=O)C(F)(F)C(F)(F)C(F)(F)C(F)(F)F)C(F)(F)C(F)(F)C(F)(F)C(F)(F)F,-3.7853903770446777,-1.0037058591842651,3,4
CCCCn1cc[n+](CCCC)c1|[Br-],-1.4696760177612305,-2.6226584911346436,3,1
CCCCCCCC[n+]1ccccc1|O=S(=O)([N-]S(=O)(=O)C(F)(F)F)C(F)(F)F,-2.3330442905426025,-2.6682722568511963,3,16
CC[n+]1ccc(C)cc1|O=S(=O)([N-]S(=O)(=O)C(F)(F)F)C(F)(F)F,-0.2626643180847168,-1.2109756469726562,3,14
CC[n+]1ccc(C)cc1|O=S(=O)([N-]S(=O)(=O)C(F)(F)F)C(F)(F)F,-0.2600668966770172,-1.2109756469726562,3,14
CCCCO[n+]1ccn(CCCC)c1|F[B-](F)(F)F,-1.3862943649291992,-2.3949880599975586,3,1
COCC[n+]1ccn(C)c1|O=S(=O)([N-]S(=O)(=O)C(F)(F)F)C(F)(F)F,-0.8675005435943604,-1.4821250438690186,3,11
C[n+]1ccn(CC(F)(F)F)c1|O=S(=O)([N-]S(=O)(=O)C(F)(F)F)C(F)(F)F,-2.3227877616882324,-1.8471671342849731,3,1
CCCC[n+]1ccn(C)c1|O=S(=O)([O-])C(F)(F)F,-0.9942522644996643,-1.728980302810669,3,67
CC(C)C[n+]1ccn(C)c1|O=S(=O)([N-]S(=O)(=O)C(F)(F)F)C(F)(F)F,-1.3470736742019653,-1.5725951194763184,3,1
Cn1cc[n+](CCO)c1|O=S(=O)([O-])C(F)(F)C(F)(F)C(F)(F)C(F)(F)F,-3.411247730255127,-2.211013078689575,3,10
CCn1cc[n+](C)c1|NCCCC[C@H](N)C(=O)[O-],-4.853631496429443,-6.493313312530518,3,1
CCCC[n+]1ccn(C)c1|O=S(=O)([O-])C(F)(F)C(F)(F)C(F)(F)C(F)(F)F,-3.10109281539917,-1.8476016521453857,3,1
CC[n+]1ccn(C)c1|N[C@@H](Cc1c[nH]c2ccccc12)C(=O)[O-],-13.815510749816895,-10.517840385437012,3,1
CCCC[N+](C)(CCCC)CCCC|F[B-](F)(F)c1ccccc1,-4.4918413162231445,-3.919210910797119,3,12
CCCC[n+]1ccn(C)c1.O=[N+]([O-])[O-]|O=[N+]([O-])[O-],-3.669076919555664,-2.3263492584228516,3,1
CCCC[n+]1ccn(C)c1|F[P-](F)(F)(F)(F)F,-1.6094379425048828,-3.968993663787842,3,168
CC[n+]1ccn(C)c1|F[B-](F)(F)c1ccccc1,-0.34389975666999817,-2.250061273574829,3,12
CCCC[n+]1ccn(C)c1|F[B-](F)(F)c1ccccc1,-1.4188175201416016,-2.4824256896972656,3,23
CCCC[n+]1ccccc1|F[B-](F)(F)c1ccccc1,-1.5141277313232422,-2.687649726867676,3,12
CCCC[N+]1(C)CCCC1|O=S(=O)([N-]S(=O)(=O)C(F)(F)F)C(F)(F)F,-0.9675840139389038,-1.775192141532898,3,221
CC[n+]1ccn(C)c1|N=C(N)NCCC[C@H](N)C(=O)[O-],-9.31570053100586,-7.88255500793457,3,1
CCCC[N+](C)(C)C|O=S(=O)([N-]S(=O)(=O)C(F)(F)F)C(F)(F)F,-1.1086626052856445,-1.2081270217895508,3,26
C(CCC)[P+](CCCC)(CCCC)CCCC|O1C(CCC1)C(=O)[O-],-4.976233959197998,-4.785380840301514,3,1
CCC[N+](C)(CC)CCC|O=S(=O)([N-]S(=O)(=O)C(F)(F)F)C(F)(F)F,-1.56064772605896,-1.4284753799438477,3,1
CCCCCCCC[N+](C)(C)C|O=S(=O)([N-]S(=O)(=O)C(F)(F)F)C(F)(F)F,-2.207274913787842,-2.2352511882781982,3,5
CCCC[N+]1(C)CCCC1|O=S(=O)([N-]S(=O)(=O)C(F)(F)F)C(F)(F)F,-1.5141277313232422,-1.6241300106048584,3,221
CCCC[n+]1ccn(C)c1|F[P-](F)(F)(F)(F)F,-1.8971199989318848,-3.846825122833252,3,168
CCCn1cc[n+](C)c1|O=S(=O)([N-]S(=O)(=O)C(F)(F)F)C(F)(F)F,-1.0469690561294556,-1.0503439903259277,3,45
CCCC[n+]1ccn(C)c1|F[P-](F)(F)(F)(F)F,-1.8018097877502441,-3.62186861038208,3,168
CC[n+]1ccn(C)c1|O=S(=O)([N-]S(=O)(=O)C(F)(F)C(F)(F)F)C(F)(F)C(F)(F)F,-1.0788096189498901,-0.9446242451667786,3,1
CCCC[N+]1(C)CCCC1|N#C[C-](C#N)C#N,-0.13926206529140472,-1.3958779573440552,3,31
CCCC[n+]1ccn(C)c1|[I-],-2.9526727199554443,-2.636037826538086,3,34
COCC[n+]1ccn(C)c1|O=S(=O)([N-]S(=O)(=O)C(F)(F)F)C(F)(F)F,-0.7765287756919861,-1.3079383373260498,3,11
CCCC[N+]1(C)CCCC1|O=S(=O)([N-]S(=O)(=O)C(F)(F)F)C(F)(F)F,-1.309333324432373,-1.6241300106048584,3,221
C1C[C@@H]2[N+](CCCC)(C)[C@H]1C[C@H](O)C2|C1=CC=C(C=C1)C[C@@H](C(=O)[O-])N,-8.156028747558594,-9.884309768676758,3,9
CCOC[N+](C)(C)CCOC(C)=O|O=S(=O)([N-]S(=O)(=O)C(F)(F)F)C(F)(F)F,-2.009915590286255,-2.3115978240966797,3,1
CCCC[N+]1(C)CCCC1|O=S(=O)([N-]S(=O)(=O)C(F)(F)F)C(F)(F)F,-1.378326177597046,-1.8859926462173462,3,221
CCCCCCCCOC[N+](C)(C)CCOC(C)=O|O=S(=O)([N-]S(=O)(=O)C(F)(F)F)C(F)(F)F,-3.015934944152832,-3.0799217224121094,3,1
CCCCCCCCCCOC[N+](C)(C)CCO|O=S(=O)([N-]S(=O)(=O)C(F)(F)F)C(F)(F)F,-2.9004220962524414,-3.732128143310547,3,1
CCCCCCOC[N+](C)(C)CCO|O=S(=O)([N-]S(=O)(=O)C(F)(F)F)C(F)(F)F,-2.063568115234375,-2.9985711574554443,3,1
CCCCCCCOC[N+](C)(C)CCOC(C)=O|O=S(=O)([N-]S(=O)(=O)C(F)(F)F)C(F)(F)F,-2.813410758972168,-2.9394569396972656,3,1
CCCCCCCCCCCCOC[N+](C)(C)CCO|O=S(=O)([N-]S(=O)(=O)C(F)(F)F)C(F)(F)F,-3.2701690196990967,-4.0838303565979,3,1
CCCC[N+]1(C)CCCC1|O=S(=O)([N-]S(=O)(=O)C(F)(F)F)C(F)(F)F,-1.2413285970687866,-1.6215590238571167,3,221
CCCC[N+]1(C)CCOCC1|N#C[N-]C#N,-1.9589953422546387,-1.3325027227401733,3,8
CCC[N+]1(C)CCOCC1|N#C[N-]C#N,-2.009915590286255,-0.8822246193885803,3,8
CCCCCCn1cc[n+]([C@H](C)c2ccccc2)c1|F[B-](F)(F)F,-4.509860038757324,-4.0530314445495605,3,1
CC[P+](CC)(CC)CSC|O=S(=O)([N-]S(=O)(=O)C(F)(F)F)C(F)(F)F,-1.5324769020080566,-1.694015622138977,3,1
CCCC[n+]1ccn(C)c1|[I-],-3.352407217025757,-2.650829792022705,3,34
CCCCCC[N+]1(C)CCOCC1|N#C[N-]C#N,-2.657832384109497,-2.1246442794799805,3,8
CCCC[n+]1ccn(C)c1|F[P-](F)(F)(F)(F)F,-1.9180032014846802,-3.6161017417907715,3,168
CC[n+]1ccn(C)c1|CCOP(=O)([O-])OCC,-2.4079456329345703,-1.9350858926773071,3,1
CCCC[N+]1(C)CCCC1|O=S(=O)([N-]S(=O)(=O)C(F)(F)F)C(F)(F)F,-1.6044503450393677,-1.6215590238571167,3,221
OCC[N+](C)(C)C|N[C@@H]([C@H](O)C)C(=O)[O-],-5.045226573944092,-6.0783772468566895,3,1
CCCCCCCCCCCCCC[P+](CCCCCC)(CCCCCC)CCCCCC|O=S(=O)([N-]S(=O)(=O)C(F)(F)F)C(F)(F)F,-4.77595853805542,-5.54850435256958,3,11
CCCCCCCC[N+](C)(C)C|O=S(=O)([N-]S(=O)(=O)C(F)(F)F)C(F)(F)F,-3.352407217025757,-2.7775254249572754,3,5
C=CC[n+]1ccn(C)c1|O=C([O-])CO,-2.1413168907165527,-1.9395625591278076,3,1
CCCCCCn1cc[n+](CC)c1|F[B-](F)(F)F,-2.009915590286255,-2.5555639266967773,3,2
CCCCCCn1cc[n+](CC)c1|F[B-](F)(F)F,-1.9379420280456543,-2.5555639266967773,3,2
CCCCCCCCCC[n+]1ccn(C)c1|F[B-](F)(F)F,-3.3298072814941406,-4.184864044189453,3,50
CCCCCCCCCC[n+]1ccn(C)c1|F[B-](F)(F)F,-3.216378927230835,-4.184864044189453,3,50
C(CCC)N1C(=[N+](C=C1)C)C|FC(S(=O)(=O)[N-]S(=O)(=O)C(F)(F)F)(F)F,-1.505077838897705,-1.7142932415008545,3,29
CCCC[n+]1ccn(C)c1|F[P-](F)(F)(F)(F)F,-1.8773173093795776,-3.62186861038208,3,168
CC[N+](C)(C)CCOC|F[B-](F)(F)C(F)(F)C(F)(F)F,-0.9675840139389038,-1.6567003726959229,3,1
CC[N+](CC)(CC)CCOC|O=S(=O)([N-]S(=O)(=O)C(F)(F)F)C(F)(F)F,-1.56064772605896,-1.7855206727981567,3,1
CC[N+](C)(CC)CCOC|F[B-](F)(F)C(F)(F)C(F)(F)F,-1.1394343376159668,-1.7795263528823853,3,1
COCC[N+](C)(C)C|F[B-](F)(F)C(F)(F)C(F)(F)C(F)(F)F,-1.3862943649291992,-1.5248414278030396,3,1
CCCC[N+](C)(CC)CC|F[B-](F)(F)C(F)(F)F,-1.56064772605896,-2.1393351554870605,3,1
CCCCC[S+]1CCCC1|O=S(=O)([N-]S(=O)(=O)C(F)(F)F)C(F)(F)F,-1.924148678779602,-1.6933120489120483,3,1
CCCC[P+](CCCC)(CCCC)CSC|F[B-](F)(F)F,-3.2441935539245605,-3.919433116912842,3,1
CCCC[P+](CCCC)(CCCC)CCSCC|F[B-](F)(F)F,-3.405205488204956,-4.2147440910339355,3,1
CC[n+]1ccn(C)c1|[Br-],-5.347507476806641,-3.4022045135498047,4,95
CC[n+]1ccn(C)c1|[Br-],-5.314446926116943,-3.4022045135498047,4,95
CC[n+]1ccn(C)c1|[Br-],-5.2139763832092285,-2.6645514965057373,4,95
CC[n+]1ccn(C)c1|[Br-],-5.062455177307129,-2.0454249382019043,4,95
CC[n+]1ccn(C)c1|[Br-],-4.509860038757324,-1.5311362743377686,4,95
CC[n+]1ccn(C)c1|[Br-],-4.48295259475708,-1.5311362743377686,4,95
CC[n+]1ccn(C)c1|[Br-],-4.342805862426758,-1.1448969841003418,4,95
CC[n+]1ccn(C)c1|[Br-],-4.268697738647461,-1.137932538986206,4,95
CC[n+]1ccn(C)c1|[Br-],-4.074542045593262,-0.8505837917327881,4,95
CC[n+]1ccn(C)c1|[Br-],-4.147745132446289,-0.8447051644325256,4,95
CC[n+]1ccn(C)c1|[Br-],-3.973898410797119,-0.5627986192703247,4,95
CC[n+]1ccn(C)c1|[Br-],-3.8680062294006348,-0.5517547130584717,4,95
CC[n+]1ccn(C)c1|[Br-],-3.7898054122924805,-0.3027184009552002,4,95
CC[n+]1ccn(C)c1|[Br-],-3.6573808193206787,-0.29820048809051514,4,95
CC[n+]1ccn(C)c1|[Br-],-3.597212314605713,-0.08198308944702148,4,95
CC[n+]1ccn(C)c1|[Br-],-3.442019462585449,-0.06568288803100586,4,95
CC[n+]1ccn(C)c1|[Br-],-3.254503011703491,0.1191701889038086,4,95
CC[n+]1ccn(C)c1|[Br-],-3.438899278640747,0.12293553352355957,4,95
CC[n+]1ccn(C)c1|[Br-],-3.0640110969543457,0.2809947729110718,4,95
CC[n+]1ccn(C)c1|[Br-],-3.0037643909454346,0.4163433313369751,4,95
CC[n+]1ccn(C)c1|[Br-],-2.8490378856658936,0.43995749950408936,4,95
CC[n+]1ccn(C)c1|[Br-],-2.6450753211975098,0.5813311338424683,4,95
CC[n+]1ccn(C)c1|[Br-],-2.539574146270752,0.7145422697067261,4,95
CC[n+]1ccn(C)c1|[Br-],-2.384880304336548,0.7243305444717407,4,95
CC[n+]1ccn(C)c1|[Br-],-2.1202635765075684,0.8334864377975464,4,95
CC[n+]1ccn(C)c1|[Br-],-2.0402207374572754,0.8966909646987915,4,95
CC[n+]1ccn(C)c1|[Br-],-1.8773173093795776,0.9395798444747925,4,95
CC[n+]1ccn(C)c1|[Br-],-1.7719568014144897,0.9463518857955933,4,95
CC[n+]1ccn(C)c1|[Br-],-1.7037485837936401,0.980211615562439,4,95
CC[n+]1ccn(C)c1|[Br-],-1.599487543106079,1.0050424337387085,4,95
CC[n+]1ccn(C)c1|[Br-],-1.3394107818603516,1.0479310750961304,4,95
CC[n+]1ccn(C)c1|[Br-],-1.1394343376159668,1.082886815071106,4,95
CC[n+]1ccn(C)c1|[Br-],-0.7962879538536072,1.128640055656433,4,95
CC[n+]1ccn(C)c1|[Br-],-0.24718013405799866,1.179458737373352,4,95
CCCCCC[n+]1ccn(C)c1|O=S(=O)([N-]S(=O)(=O)C(F)(F)F)C(F)(F)F,-5.536574363708496,-5.489037990570068,4,173
CCCCCC[n+]1ccn(C)c1|O=S(=O)([N-]S(=O)(=O)C(F)(F)F)C(F)(F)F,-4.480301380157471,-4.7698235511779785,4,173
CCCCCC[n+]1ccn(C)c1|O=S(=O)([N-]S(=O)(=O)C(F)(F)F)C(F)(F)F,-3.5791285037994385,-4.113530158996582,4,173
CCCCCC[n+]1ccn(C)c1|O=S(=O)([N-]S(=O)(=O)C(F)(F)F)C(F)(F)F,-2.878838539123535,-3.4976553916931152,4,173
CCCCCC[n+]1ccn(C)c1|O=S(=O)([N-]S(=O)(=O)C(F)(F)F)C(F)(F)F,-2.8682188987731934,-3.483607530593872,4,173
CCCCCC[n+]1ccn(C)c1|O=S(=O)([N-]S(=O)(=O)C(F)(F)F)C(F)(F)F,-2.5613558292388916,-3.165433883666992,4,173
CCCCCC[n+]1ccn(C)c1|O=S(=O)([N-]S(=O)(=O)C(F)(F)F)C(F)(F)F,-2.2624032497406006,-2.8207778930664062,4,173
CCCCCC[n+]1ccn(C)c1|O=S(=O)([N-]S(=O)(=O)C(F)(F)F)C(F)(F)F,-2.2691502571105957,-2.8200998306274414,4,173
CCCCCC[n+]1ccn(C)c1|O=S(=O)([N-]S(=O)(=O)C(F)(F)F)C(F)(F)F,-2.2749698162078857,-2.8200998306274414,4,173
CCCCCC[n+]1ccn(C)c1|O=S(=O)([N-]S(=O)(=O)C(F)(F)F)C(F)(F)F,-2.2867116928100586,-2.8200998306274414,4,173
CCCCCC[n+]1ccn(C)c1|O=S(=O)([N-]S(=O)(=O)C(F)(F)F)C(F)(F)F,-2.296602964401245,-2.8200998306274414,4,173
CCCCCC[n+]1ccn(C)c1|O=S(=O)([N-]S(=O)(=O)C(F)(F)F)C(F)(F)F,-2.3258538246154785,-2.8200998306274414,4,173
CCCCCC[n+]1ccn(C)c1|O=S(=O)([N-]S(=O)(=O)C(F)(F)F)C(F)(F)F,-2.3859667778015137,-2.8200998306274414,4,173
CCCCCC[n+]1ccn(C)c1|O=S(=O)([N-]S(=O)(=O)C(F)(F)F)C(F)(F)F,-2.456902503967285,-2.8200998306274414,4,173
CCCCCC[n+]1ccn(C)c1|O=S(=O)([N-]S(=O)(=O)C(F)(F)F)C(F)(F)F,-2.5207409858703613,-2.8200998306274414,4,173
CCCCCC[n+]1ccn(C)c1|O=S(=O)([N-]S(=O)(=O)C(F)(F)F)C(F)(F)F,-2.6422624588012695,-2.8200998306274414,4,173
CCCCCC[n+]1ccn(C)c1|O=S(=O)([N-]S(=O)(=O)C(F)(F)F)C(F)(F)F,-2.7678000926971436,-2.8200998306274414,4,173
CCCCCC[n+]1ccn(C)c1|O=S(=O)([N-]S(=O)(=O)C(F)(F)F)C(F)(F)F,-2.833613395690918,-2.8200998306274414,4,173
CCCCCC[n+]1ccn(C)c1|O=S(=O)([N-]S(=O)(=O)C(F)(F)F)C(F)(F)F,-2.8913722038269043,-2.8200998306274414,4,173
CCCCCC[n+]1ccn(C)c1|O=S(=O)([N-]S(=O)(=O)C(F)(F)F)C(F)(F)F,-3.196625232696533,-2.8200998306274414,4,173
CCCCCC[n+]1ccn(C)c1|O=S(=O)([N-]S(=O)(=O)C(F)(F)F)C(F)(F)F,-3.483492612838745,-2.8200998306274414,4,173
CCCCCC[n+]1ccn(C)c1|O=S(=O)([N-]S(=O)(=O)C(F)(F)F)C(F)(F)F,-3.777492046356201,-2.8200998306274414,4,173
CCCCCC[n+]1ccn(C)c1|O=S(=O)([N-]S(=O)(=O)C(F)(F)F)C(F)(F)F,-4.081033706665039,-2.8200998306274414,4,173
CCCCCC[n+]1ccn(C)c1|O=S(=O)([N-]S(=O)(=O)C(F)(F)F)C(F)(F)F,-4.364579677581787,-2.8200998306274414,4,173
CCCCCC[n+]1ccn(C)c1|O=S(=O)([N-]S(=O)(=O)C(F)(F)F)C(F)(F)F,-4.637693405151367,-2.8200998306274414,4,173
CCCCCC[n+]1ccn(C)c1|O=S(=O)([N-]S(=O)(=O)C(F)(F)F)C(F)(F)F,-2.5849480628967285,-2.8194198608398438,4,173
CCCCCC[n+]1ccn(C)c1|O=S(=O)([N-]S(=O)(=O)C(F)(F)F)C(F)(F)F,-1.9995219707489014,-2.480423927307129,4,173
CCCCCC[n+]1ccn(C)c1|O=S(=O)([N-]S(=O)(=O)C(F)(F)F)C(F)(F)F,-1.7631720304489136,-2.1717278957366943,4,173
CCCCCC[n+]1ccn(C)c1|O=S(=O)([N-]S(=O)(=O)C(F)(F)F)C(F)(F)F,-1.7533082962036133,-2.165188789367676,4,173
CCCCCC[n+]1ccn(C)c1|O=S(=O)([N-]S(=O)(=O)C(F)(F)F)C(F)(F)F,-1.6255673170089722,-1.8991831541061401,4,173
CCCCCC[n+]1ccn(C)c1|O=S(=O)([N-]S(=O)(=O)C(F)(F)F)C(F)(F)F,-1.526016354560852,-1.8986787796020508,4,173
CCCCCC[n+]1ccn(C)c1|O=S(=O)([N-]S(=O)(=O)C(F)(F)F)C(F)(F)F,-1.5246373414993286,-1.8986787796020508,4,173
CCCCCC[n+]1ccn(C)c1|O=S(=O)([N-]S(=O)(=O)C(F)(F)F)C(F)(F)F,-1.5352585315704346,-1.8986787796020508,4,173
CCCCCC[n+]1ccn(C)c1|O=S(=O)([N-]S(=O)(=O)C(F)(F)F)C(F)(F)F,-1.545055627822876,-1.8986787796020508,4,173
CCCCCC[n+]1ccn(C)c1|O=S(=O)([N-]S(=O)(=O)C(F)(F)F)C(F)(F)F,-1.5587447881698608,-1.8986787796020508,4,173
CCCCCC[n+]1ccn(C)c1|O=S(=O)([N-]S(=O)(=O)C(F)(F)F)C(F)(F)F,-1.5784238576889038,-1.8986787796020508,4,173
CCCCCC[n+]1ccn(C)c1|O=S(=O)([N-]S(=O)(=O)C(F)(F)F)C(F)(F)F,-2.320749044418335,-1.8986787796020508,4,173
CCCCCC[n+]1ccn(C)c1|O=S(=O)([N-]S(=O)(=O)C(F)(F)F)C(F)(F)F,-2.592937469482422,-1.8986787796020508,4,173
CCCCCC[n+]1ccn(C)c1|O=S(=O)([N-]S(=O)(=O)C(F)(F)F)C(F)(F)F,-2.826833724975586,-1.8986787796020508,4,173
CCCCCC[n+]1ccn(C)c1|O=S(=O)([N-]S(=O)(=O)C(F)(F)F)C(F)(F)F,-3.0812902450561523,-1.8986787796020508,4,173
CCCCCC[n+]1ccn(C)c1|O=S(=O)([N-]S(=O)(=O)C(F)(F)F)C(F)(F)F,-3.321462392807007,-1.8986787796020508,4,173
CCCCCC[n+]1ccn(C)c1|O=S(=O)([N-]S(=O)(=O)C(F)(F)F)C(F)(F)F,-3.5648934841156006,-1.8986787796020508,4,173
CCCCCC[n+]1ccn(C)c1|O=S(=O)([N-]S(=O)(=O)C(F)(F)F)C(F)(F)F,-1.3130439519882202,-1.688600778579712,4,173
CCCCCC[n+]1ccn(C)c1|O=S(=O)([N-]S(=O)(=O)C(F)(F)F)C(F)(F)F,-0.9339456558227539,-1.3790267705917358,4,173
CCCCCC[n+]1ccn(C)c1|O=S(=O)([N-]S(=O)(=O)C(F)(F)F)C(F)(F)F,-0.8074363470077515,-1.0935802459716797,4,173
CCCCCC[n+]1ccn(C)c1|O=S(=O)([N-]S(=O)(=O)C(F)(F)F)C(F)(F)F,-0.6161861419677734,-1.093322515487671,4,173
CCCCCC[n+]1ccn(C)c1|O=S(=O)([N-]S(=O)(=O)C(F)(F)F)C(F)(F)F,-0.6069694757461548,-1.093322515487671,4,173
CCCCCC[n+]1ccn(C)c1|O=S(=O)([N-]S(=O)(=O)C(F)(F)F)C(F)(F)F,-0.6273594498634338,-1.093322515487671,4,173
CCCCCC[n+]1ccn(C)c1|O=S(=O)([N-]S(=O)(=O)C(F)(F)F)C(F)(F)F,-0.6386590003967285,-1.093322515487671,4,173
CCCCCC[n+]1ccn(C)c1|O=S(=O)([N-]S(=O)(=O)C(F)(F)F)C(F)(F)F,-0.655851423740387,-1.093322515487671,4,173
CCCCCC[n+]1ccn(C)c1|O=S(=O)([N-]S(=O)(=O)C(F)(F)F)C(F)(F)F,-0.6753072738647461,-1.093322515487671,4,173
CCCCCC[n+]1ccn(C)c1|O=S(=O)([N-]S(=O)(=O)C(F)(F)F)C(F)(F)F,-0.719491183757782,-1.093322515487671,4,173
CCCCCC[n+]1ccn(C)c1|O=S(=O)([N-]S(=O)(=O)C(F)(F)F)C(F)(F)F,-0.7614260315895081,-1.093322515487671,4,173
CCCCCC[n+]1ccn(C)c1|O=S(=O)([N-]S(=O)(=O)C(F)(F)F)C(F)(F)F,-0.8509712815284729,-1.093322515487671,4,173
CCCCCC[n+]1ccn(C)c1|O=S(=O)([N-]S(=O)(=O)C(F)(F)F)C(F)(F)F,-0.8964881300926208,-1.093322515487671,4,173
CCCCCC[n+]1ccn(C)c1|O=S(=O)([N-]S(=O)(=O)C(F)(F)F)C(F)(F)F,-0.9861768484115601,-1.093322515487671,4,173
CCCCCC[n+]1ccn(C)c1|O=S(=O)([N-]S(=O)(=O)C(F)(F)F)C(F)(F)F,-1.070024847984314,-1.093322515487671,4,173
CCCCCC[n+]1ccn(C)c1|O=S(=O)([N-]S(=O)(=O)C(F)(F)F)C(F)(F)F,-1.2623083591461182,-1.093322515487671,4,173
CCCCCC[n+]1ccn(C)c1|O=S(=O)([N-]S(=O)(=O)C(F)(F)F)C(F)(F)F,-1.4644721746444702,-1.093322515487671,4,173
CCCCCC[n+]1ccn(C)c1|O=S(=O)([N-]S(=O)(=O)C(F)(F)F)C(F)(F)F,-1.665479302406311,-1.093322515487671,4,173
CCCCCC[n+]1ccn(C)c1|O=S(=O)([N-]S(=O)(=O)C(F)(F)F)C(F)(F)F,-1.8578993082046509,-1.093322515487671,4,173
CCCCCC[n+]1ccn(C)c1|O=S(=O)([N-]S(=O)(=O)C(F)(F)F)C(F)(F)F,-2.058854818344116,-1.093322515487671,4,173
CCCCCC[n+]1ccn(C)c1|O=S(=O)([N-]S(=O)(=O)C(F)(F)F)C(F)(F)F,-2.247150421142578,-1.093322515487671,4,173
CCCCCC[n+]1ccn(C)c1|O=S(=O)([N-]S(=O)(=O)C(F)(F)F)C(F)(F)F,-2.4395508766174316,-1.093322515487671,4,173
CCCCCC[n+]1ccn(C)c1|O=S(=O)([N-]S(=O)(=O)C(F)(F)F)C(F)(F)F,-2.631089210510254,-1.093322515487671,4,173
CCCCCC[n+]1ccn(C)c1|O=S(=O)([N-]S(=O)(=O)C(F)(F)F)C(F)(F)F,-0.32434606552124023,-0.8450353145599365,4,173
CCCCCC[n+]1ccn(C)c1|O=S(=O)([N-]S(=O)(=O)C(F)(F)F)C(F)(F)F,-0.07149600237607956,-0.6199343204498291,4,173
CCCCCC[n+]1ccn(C)c1|O=S(=O)([N-]S(=O)(=O)C(F)(F)F)C(F)(F)F,-1.024432897567749,-0.5176818370819092,4,173
CCCCCC[n+]1ccn(C)c1|O=S(=O)([N-]S(=O)(=O)C(F)(F)F)C(F)(F)F,0.020194707438349724,-0.5174825191497803,4,173
CCCCCC[n+]1ccn(C)c1|O=S(=O)([N-]S(=O)(=O)C(F)(F)F)C(F)(F)F,0.03498096764087677,-0.5174825191497803,4,173
CCCCCC[n+]1ccn(C)c1|O=S(=O)([N-]S(=O)(=O)C(F)(F)F)C(F)(F)F,0.028878958895802498,-0.5174825191497803,4,173
CCCCCC[n+]1ccn(C)c1|O=S(=O)([N-]S(=O)(=O)C(F)(F)F)C(F)(F)F,0.02254396490752697,-0.5174825191497803,4,173
CCCCCC[n+]1ccn(C)c1|O=S(=O)([N-]S(=O)(=O)C(F)(F)F)C(F)(F)F,0.01469154842197895,-0.5174825191497803,4,173
CCCCCC[n+]1ccn(C)c1|O=S(=O)([N-]S(=O)(=O)C(F)(F)F)C(F)(F)F,-0.004008021205663681,-0.5174825191497803,4,173
CCCCCC[n+]1ccn(C)c1|O=S(=O)([N-]S(=O)(=O)C(F)(F)F)C(F)(F)F,-0.04290750250220299,-0.5174825191497803,4,173
CCCCCC[n+]1ccn(C)c1|O=S(=O)([N-]S(=O)(=O)C(F)(F)F)C(F)(F)F,-0.08121005445718765,-0.5174825191497803,4,173
CCCCCC[n+]1ccn(C)c1|O=S(=O)([N-]S(=O)(=O)C(F)(F)F)C(F)(F)F,-0.11878353357315063,-0.5174825191497803,4,173
CCCCCC[n+]1ccn(C)c1|O=S(=O)([N-]S(=O)(=O)C(F)(F)F)C(F)(F)F,-0.1554848998785019,-0.5174825191497803,4,173
CCCCCC[n+]1ccn(C)c1|O=S(=O)([N-]S(=O)(=O)C(F)(F)F)C(F)(F)F,-0.19116050004959106,-0.5174825191497803,4,173
CCCCCC[n+]1ccn(C)c1|O=S(=O)([N-]S(=O)(=O)C(F)(F)F)C(F)(F)F,-0.25877073407173157,-0.5174825191497803,4,173
CCCCCC[n+]1ccn(C)c1|O=S(=O)([N-]S(=O)(=O)C(F)(F)F)C(F)(F)F,-0.3326794505119324,-0.5174825191497803,4,173
CCCCCC[n+]1ccn(C)c1|O=S(=O)([N-]S(=O)(=O)C(F)(F)F)C(F)(F)F,-0.5041810870170593,-0.5174825191497803,4,173
CCCCCC[n+]1ccn(C)c1|O=S(=O)([N-]S(=O)(=O)C(F)(F)F)C(F)(F)F,-0.6792442798614502,-0.5174825191497803,4,173
CCCCCC[n+]1ccn(C)c1|O=S(=O)([N-]S(=O)(=O)C(F)(F)F)C(F)(F)F,-0.8439700603485107,-0.5174825191497803,4,173
CCCCCC[n+]1ccn(C)c1|O=S(=O)([N-]S(=O)(=O)C(F)(F)F)C(F)(F)F,0.15614868700504303,-0.4238487482070923,4,173
CCCCCCCCCCCCCCCC[n+]1ccn(C)c1|F[B-](F)(F)F,-10.101938247680664,-5.424816608428955,4,49
CCCCCCCCCCCCCCCC[n+]1ccn(C)c1|F[B-](F)(F)F,-9.338173866271973,-5.108428955078125,4,49
CCCCCCCCCCCCCCCC[n+]1ccn(C)c1|F[B-](F)(F)F,-8.563237190246582,-4.8148298263549805,4,49
CCCCCCCCCCCCCCCC[n+]1ccn(C)c1|F[B-](F)(F)F,-7.297839164733887,-4.557546615600586,4,49
CCCCCCCCCCCCCCCC[n+]1ccn(C)c1|F[B-](F)(F)F,-6.297989845275879,-4.2938408851623535,4,49
CCCCCCCCCCCCCCCC[n+]1ccn(C)c1|F[B-](F)(F)F,-6.165817737579346,-4.239168643951416,4,49
CCCCCCCCCCCCCCCC[n+]1ccn(C)c1|F[B-](F)(F)F,-5.786077499389648,-4.129390716552734,4,49
CCCCCCCCCCCCCCCC[n+]1ccn(C)c1|F[B-](F)(F)F,-5.419355869293213,-4.073477745056152,4,49
CCCCCCCCCCCCCCCC[n+]1ccn(C)c1|F[B-](F)(F)F,-3.7809946537017822,-3.9111666679382324,4,49
CCCCCCCCCCCCCCCC[n+]1ccn(C)c1|F[B-](F)(F)F,-3.442019462585449,-3.7590155601501465,4,49
CCCCCCCCCCCCCCCC[n+]1ccn(C)c1|F[B-](F)(F)F,-3.361015558242798,-3.655965805053711,4,49
CCCCCCCCCCCCCCCC[n+]1ccn(C)c1|F[B-](F)(F)F,-3.0988731384277344,-3.395512342453003,4,49
CCCCCCCCCCCCCCCC[n+]1ccn(C)c1|F[B-](F)(F)F,-2.8682188987731934,-3.1419053077697754,4,49
CCCCCCCCCCCCCCCC[n+]1ccn(C)c1|F[B-](F)(F)F,-2.6521425247192383,-2.881237506866455,4,49
CCCCCCCCCCCCCCCC[n+]1ccn(C)c1|F[B-](F)(F)F,-2.5096092224121094,-2.7211506366729736,4,49
CCCCCCCCCCCCCCCC[n+]1ccn(C)c1|F[B-](F)(F)F,-2.4057259559631348,-2.5691099166870117,4,49
CCCCCCCCCCCCCCCC[n+]1ccn(C)c1|F[B-](F)(F)F,-2.314657688140869,-2.4811525344848633,4,49
CCCCCCCCCCCCCCCC[n+]1ccn(C)c1|F[B-](F)(F)F,-2.2537949085235596,-2.4004435539245605,4,49
CCCCCCCCCCCCCCCC[n+]1ccn(C)c1|F[B-](F)(F)F,-2.128631830215454,-2.293238401412964,4,49
CCCCCCCCCCCCCCCC[n+]1ccn(C)c1|F[B-](F)(F)F,-2.05572509765625,-2.1888437271118164,4,49
CCCCCCCCCCCCCCCC[n+]1ccn(C)c1|F[B-](F)(F)F,-1.9449106454849243,-2.1188337802886963,4,49
CCCCCCCCCCCCCCCC[n+]1ccn(C)c1|F[B-](F)(F)F,-1.924148678779602,-2.0477120876312256,4,49
CCCCCCCCCCCCCCCC[n+]1ccn(C)c1|F[B-](F)(F)F,-1.7778565883636475,-1.943568229675293,4,49
CCCCCCCCCCCCCCCC[n+]1ccn(C)c1|F[B-](F)(F)F,-1.7660917043685913,-1.8774980306625366,4,49
CCCCCCCCCCCCCCCC[n+]1ccn(C)c1|F[B-](F)(F)F,-1.398366928100586,-1.5481611490249634,4,49
CCCCCCCCCCCCCCCC[n+]1ccn(C)c1|F[B-](F)(F)F,-1.2006449699401855,-1.3570616245269775,4,49
CCCCCCCCCCCCCCCC[n+]1ccn(C)c1|F[B-](F)(F)F,-1.1056369543075562,-1.2549456357955933,4,49
CCCCCCCCCCCCCCCC[n+]1ccn(C)c1|F[B-](F)(F)F,-0.9390476942062378,-1.0867549180984497,4,49
CCCCCCCCCCCCCCCC[n+]1ccn(C)c1|F[B-](F)(F)F,-0.8119307160377502,-0.9872346520423889,4,49
CCCCCCCCCCCCCCCC[n+]1ccn(C)c1|F[B-](F)(F)F,-0.6500877141952515,-0.8610014915466309,4,49
CCCCCCCCCCCCCCCC[n+]1ccn(C)c1|F[B-](F)(F)F,-0.5533852577209473,-0.759741485118866,4,49
CCCCCCCCCCCCCCCC[n+]1ccn(C)c1|F[B-](F)(F)F,-0.4748151898384094,-0.6849411725997925,4,49
CCCCCCCCCCCCCCCC[n+]1ccn(C)c1|F[B-](F)(F)F,-0.32158362865448,-0.6137609481811523,4,49
CCCCCCCCCCCCCCCC[n+]1ccn(C)c1|F[B-](F)(F)F,-0.1660545915365219,-0.5253899097442627,4,49
CCCCCCCCCCCCCCCC[n+]1ccn(C)c1|F[B-](F)(F)F,-0.13696585595607758,-0.5033257007598877,4,49
CCCCCCCCCCCCCCCC[n+]1ccn(C)c1|F[B-](F)(F)F,0.0,-0.44708144664764404,4,49
CCCCCCCCCCCCCCCC[n+]1ccn(C)c1|F[B-](F)(F)F,0.10436001420021057,-0.3570903539657593,4,49
CCCCCCCCCCCCCCCC[n+]1ccn(C)c1|F[B-](F)(F)F,0.1570037454366684,-0.3008459806442261,4,49
CCCCCCCCCCCCCCCC[n+]1ccn(C)c1|F[B-](F)(F)F,0.1988508552312851,-0.25585055351257324,4,49
CCCCCCCCCCCCCCCC[n+]1ccn(C)c1|F[B-](F)(F)F,0.23901690542697906,-0.19521498680114746,4,49
CC[n+]1ccn(C)c1|[Br-],0.05826890841126442,1.0027848482131958,4,95
CC[n+]1ccn(C)c1|[Br-],0.07696104049682617,1.0140711069107056,4,95
CC[n+]1ccn(C)c1|[Br-],0.09531018137931824,1.0253578424453735,4,95
CC[n+]1ccn(C)c1|[Br-],0.11332868784666061,1.0366443395614624,4,95
CC[n+]1ccn(C)c1|[Br-],0.12221763283014297,1.0411587953567505,4,95
CC[n+]1ccn(C)c1|[Br-],0.1570037454366684,1.0591641664505005,4,95
CC[n+]1ccn(C)c1|[Br-],0.19062036275863647,1.0808063745498657,4,95
CC[n+]1ccn(C)c1|[Br-],0.246860072016716,1.1120105981826782,4,95
CC[n+]1ccn(C)c1|[Br-],0.3293037414550781,1.1573957204818726,4,95
CC[n+]1ccn(C)c1|[Br-],0.3074846863746643,1.1634644269943237,4,95
CC[n+]1ccn(C)c1|[Br-],0.18232156336307526,1.205060601234436,4,95
CC[n+]1ccn(C)c1|[Br-],0.4700036346912384,1.258431077003479,4,95
CC[n+]1ccn(C)c1|[Br-],0.5007752776145935,1.258431077003479,4,95
CC[n+]1ccn(C)c1|[Br-],0.6523252129554749,1.348432183265686,4,95
CC[n+]1ccn(C)c1|[Br-],0.6523252129554749,1.3628321886062622,4,95
CC[n+]1ccn(C)c1|[Br-],0.7514160871505737,1.3934320211410522,4,95
CC[n+]1ccn(C)c1|[Br-],0.8197798132896423,1.4384323358535767,4,95
CC[n+]1ccn(C)c1|[Br-],0.9439058899879456,1.5278364419937134,4,95
CC[n+]1ccn(C)c1|[Br-],1.0612565279006958,1.6166459321975708,4,95
CC[n+]1ccn(C)c1|[Br-],1.1693813800811768,1.705041527748108,4,95
CC[n+]1ccn(C)c1|[Br-],1.2499017715454102,1.7757569551467896,4,95
CC[n+]1ccn(C)c1|[Br-],1.3787660598754883,1.8818544149398804,4,95
CC[n+]1ccn(C)c1|[Br-],1.398716926574707,1.8995469808578491,4,95
CC[n+]1ccn(C)c1|[Br-],1.474763035774231,1.9703162908554077,4,95
CC[n+]1ccn(C)c1|[Br-],1.562346339225769,2.0587778091430664,4,95
CC[n+]1ccn(C)c1|[Br-],1.6448050737380981,2.1474356651306152,4,95
CC[n+]1ccn(C)c1|[Br-],1.7209793329238892,2.2359485626220703,4,95
CC[n+]1ccn(C)c1|[Br-],1.8050047159194946,2.3243584632873535,4,95
CC[n+]1ccn(C)c1|[Br-],1.8916047811508179,2.4127683639526367,4,95
CC[n+]1ccn(C)c1|[Br-],1.9726911783218384,2.50117826461792,4,95
CC[n+]1ccn(C)c1|[Br-],2.042518138885498,2.589588165283203,4,95
CC[n+]1ccn(C)c1|[Br-],2.1016921997070312,2.6779980659484863,4,95
CC[n+]1ccn(C)c1|[Br-],2.1294214725494385,2.7222037315368652,4,95
CC[n+]1ccn(C)c1|[Br-],2.2813613414764404,2.943243980407715,4,95
CC[n+]1ccn(C)c1|[Br-],2.3223876953125,3.0317111015319824,4,95
CC[n+]1ccn(C)c1|[Br-],2.370243787765503,3.1206374168395996,4,95
CC[n+]1ccn(C)c1|[Br-],2.4159138202667236,3.2125940322875977,4,95
CC[n+]1ccn(C)c1|[Br-],2.4595887660980225,3.304551124572754,4,95
CC[n+]1ccn(C)c1|[Br-],2.5014359951019287,3.396507740020752,4,95
CC[n+]1ccn(C)c1|[Br-],2.525728702545166,3.4608778953552246,4,95
CC[n+]1ccn(C)c1|[Br-],2.549445152282715,3.4884657859802246,4,95
CC[n+]1ccn(C)c1|[Br-],2.580216884613037,3.5804224014282227,4,95
CC[n+]1ccn(C)c1|[Br-],2.59525465965271,3.63559627532959,4,95
CC[n+]1ccn(C)c1|[Br-],2.6173958778381348,3.6907706260681152,4,95
CCCC[n+]1ccn(C)c1|O=S(=O)([N-]S(=O)(=O)C(F)(F)C(F)(F)F)C(F)(F)C(F)(F)F,-3.4295969009399414,-2.8677306175231934,4,39
CCCC[n+]1ccn(C)c1|O=S(=O)([N-]S(=O)(=O)C(F)(F)C(F)(F)F)C(F)(F)C(F)(F)F,-3.0791139602661133,-2.5511350631713867,4,39
CCCC[n+]1ccn(C)c1|O=S(=O)([N-]S(=O)(=O)C(F)(F)C(F)(F)F)C(F)(F)C(F)(F)F,-2.758291482925415,-2.2654223442077637,4,39
CCCC[n+]1ccn(C)c1|O=S(=O)([N-]S(=O)(=O)C(F)(F)C(F)(F)F)C(F)(F)C(F)(F)F,-2.461580753326416,-1.9994308948516846,4,39
CCCC[n+]1ccn(C)c1|O=S(=O)([N-]S(=O)(=O)C(F)(F)C(F)(F)F)C(F)(F)C(F)(F)F,-2.187472343444824,-1.7770330905914307,4,39
CCCC[n+]1ccn(C)c1|O=S(=O)([N-]S(=O)(=O)C(F)(F)C(F)(F)F)C(F)(F)C(F)(F)F,-1.9310215711593628,-1.5808826684951782,4,39
CCCC[n+]1ccn(C)c1|O=S(=O)([N-]S(=O)(=O)C(F)(F)C(F)(F)F)C(F)(F)C(F)(F)F,-1.6988157033920288,-1.4123049974441528,4,39
CCCC[n+]1ccn(C)c1|O=S(=O)([N-]S(=O)(=O)C(F)(F)C(F)(F)F)C(F)(F)C(F)(F)F,-1.4810446500778198,-1.235813021659851,4,39
CCCC[n+]1ccn(C)c1|O=S(=O)([N-]S(=O)(=O)C(F)(F)C(F)(F)F)C(F)(F)C(F)(F)F,-1.2801342010498047,-1.0817325115203857,4,39
CCCC[n+]1ccn(C)c1|O=S(=O)([N-]S(=O)(=O)C(F)(F)C(F)(F)F)C(F)(F)C(F)(F)F,-1.0894542932510376,-0.9512831568717957,4,39
CCCC[n+]1ccn(C)c1|O=S(=O)([N-]S(=O)(=O)C(F)(F)C(F)(F)F)C(F)(F)C(F)(F)F,-0.9162907600402832,-0.8222797513008118,4,39
CCCC[n+]1ccn(C)c1|O=S(=O)([N-]S(=O)(=O)C(F)(F)C(F)(F)F)C(F)(F)C(F)(F)F,-0.7450722455978394,-0.7033498287200928,4,39
CCCC[n+]1ccn(C)c1|O=S(=O)([N-]S(=O)(=O)C(F)(F)C(F)(F)F)C(F)(F)C(F)(F)F,-0.5996568202972412,-0.5810455083847046,4,39
CCCC[n+]1ccn(C)c1|O=S(=O)([N-]S(=O)(=O)C(F)(F)C(F)(F)F)C(F)(F)C(F)(F)F,-0.44941699504852295,-0.46808528900146484,4,39
CCCC[n+]1ccn(C)c1|O=S(=O)([N-]S(=O)(=O)C(F)(F)C(F)(F)F)C(F)(F)C(F)(F)F,-0.3229638934135437,-0.35560154914855957,4,39
CCCC[n+]1ccn(C)c1|O=S(=O)([N-]S(=O)(=O)C(F)(F)C(F)(F)F)C(F)(F)C(F)(F)F,-0.18512548506259918,-0.24732398986816406,4,39
CCCC[n+]1ccn(C)c1|O=S(=O)([N-]S(=O)(=O)C(F)(F)C(F)(F)F)C(F)(F)C(F)(F)F,-0.07472354918718338,-0.14403831958770752,4,39
CCCC[n+]1ccn(C)c1|O=S(=O)([N-]S(=O)(=O)C(F)(F)C(F)(F)F)C(F)(F)C(F)(F)F,0.04879016429185867,-0.04150712490081787,4,39
CCCC[n+]1ccn(C)c1|O=S(=O)([N-]S(=O)(=O)C(F)(F)C(F)(F)F)C(F)(F)C(F)(F)F,0.25696510076522827,0.1411687135696411,4,39
CCCC[n+]1ccn(C)c1|O=S(=O)([N-]S(=O)(=O)C(F)(F)C(F)(F)F)C(F)(F)C(F)(F)F,0.44724664092063904,0.3112834692001343,4,39
CCCC[n+]1ccn(C)c1|O=S(=O)([N-]S(=O)(=O)C(F)(F)C(F)(F)F)C(F)(F)C(F)(F)F,0.6184236407279968,0.47571027278900146,4,39
CCCC[n+]1ccn(C)c1|O=S(=O)([N-]S(=O)(=O)C(F)(F)C(F)(F)F)C(F)(F)C(F)(F)F,0.7714961767196655,0.6543632745742798,4,39
CCCC[n+]1ccn(C)c1|O=S(=O)([N-]S(=O)(=O)C(F)(F)C(F)(F)F)C(F)(F)C(F)(F)F,0.9114791750907898,0.8331559896469116,4,39
CCCC[n+]1ccn(C)c1|O=S(=O)([N-]S(=O)(=O)C(F)(F)C(F)(F)F)C(F)(F)C(F)(F)F,1.0392160415649414,1.0111790895462036,4,39
CCCC[n+]1ccn(C)c1|O=S(=O)([N-]S(=O)(=O)C(F)(F)C(F)(F)F)C(F)(F)C(F)(F)F,1.158766269683838,1.1902157068252563,4,39
CCCC[n+]1ccn(C)c1|O=S(=O)([N-]S(=O)(=O)C(F)(F)C(F)(F)F)C(F)(F)C(F)(F)F,1.2700413465499878,1.3704315423965454,4,39
CCCC[n+]1ccn(C)c1|O=S(=O)([N-]S(=O)(=O)C(F)(F)C(F)(F)F)C(F)(F)C(F)(F)F,1.3704190254211426,1.5506480932235718,4,39
CCCC[n+]1ccn(C)c1|O=S(=O)([N-]S(=O)(=O)C(F)(F)C(F)(F)F)C(F)(F)C(F)(F)F,1.4667216539382935,1.7308648824691772,4,39
CCCC[n+]1ccn(C)c1|O=S(=O)([N-]S(=O)(=O)C(F)(F)C(F)(F)F)C(F)(F)C(F)(F)F,1.5515968799591064,1.9110807180404663,4,39
CCCCCC[n+]1ccn(C)c1|F[B-](F)(F)F,-7.811623573303223,-8.315719604492188,4,64
CCCCCC[n+]1ccn(C)c1|F[B-](F)(F)F,-6.385989665985107,-7.332744121551514,4,64
CCCCCC[n+]1ccn(C)c1|F[B-](F)(F)F,-5.2139763832092285,-6.344945430755615,4,64
CCCCCC[n+]1ccn(C)c1|F[B-](F)(F)F,-4.232917308807373,-5.261911869049072,4,64
CCCCCC[n+]1ccn(C)c1|F[B-](F)(F)F,-3.405205488204956,-4.174204349517822,4,64
CCCCCC[n+]1ccn(C)c1|F[B-](F)(F)F,-2.7000820636749268,-3.1157312393188477,4,64
CCCCCC[n+]1ccn(C)c1|F[B-](F)(F)F,-2.096384286880493,-2.1881906986236572,4,64
CCCCCC[n+]1ccn(C)c1|F[B-](F)(F)F,-1.5750365257263184,-1.6017268896102905,4,64
CCCCCC[n+]1ccn(C)c1|F[B-](F)(F)F,-1.1208579540252686,-1.184104084968567,4,64
CCCCCC[n+]1ccn(C)c1|F[B-](F)(F)F,-0.727738618850708,-0.8368008136749268,4,64
CCCCCC[n+]1ccn(C)c1|F[B-](F)(F)F,-0.3812604248523712,-0.5416392087936401,4,64
CCCCCC[n+]1ccn(C)c1|F[B-](F)(F)F,-0.076881043612957,-0.27428102493286133,4,64
CCCCCC[n+]1ccn(C)c1|F[B-](F)(F)F,0.19392068684101105,-0.0401759147644043,4,64
CCCCCC[n+]1ccn(C)c1|F[B-](F)(F)F,0.4350239038467407,0.16574394702911377,4,64
CCCCCC[n+]1ccn(C)c1|F[B-](F)(F)F,0.6523252129554749,0.35525310039520264,4,64
CCCCCC[n+]1ccn(C)c1|F[B-](F)(F)F,0.8458682894706726,0.5408896207809448,4,64
CCCCCC[n+]1ccn(C)c1|F[B-](F)(F)F,1.0224509239196777,0.7211836576461792,4,64
CCCCCC[n+]1ccn(C)c1|F[B-](F)(F)F,1.1817271709442139,0.8947721719741821,4,64
CCCCCC[n+]1ccn(C)c1|F[B-](F)(F)F,1.3270750045776367,1.0664530992507935,4,64
CCCCCC[n+]1ccn(C)c1|F[B-](F)(F)F,1.4609378576278687,1.2435723543167114,4,64
CCCCCC[n+]1ccn(C)c1|F[B-](F)(F)F,1.5851452350616455,1.4235206842422485,4,64
CCCCCC[n+]1ccn(C)c1|F[B-](F)(F)F,1.69744873046875,1.6034692525863647,4,64
CCCCCC[n+]1ccn(C)c1|F[B-](F)(F)F,1.803358554840088,1.78341805934906,4,64
CCCCCC[n+]1ccn(C)c1|F[B-](F)(F)F,1.9006139039993286,1.9633666276931763,4,64
CCCCCCCCn1cc[n+](C)c1|O=S(=O)([N-]S(=O)(=O)C(F)(F)F)C(F)(F)F,-3.4802405834198,-3.837149143218994,4,71
CCCCCCCCn1cc[n+](C)c1|O=S(=O)([N-]S(=O)(=O)C(F)(F)F)C(F)(F)F,-3.1419148445129395,-3.528485059738159,4,71
CCCCCCCCn1cc[n+](C)c1|O=S(=O)([N-]S(=O)(=O)C(F)(F)F)C(F)(F)F,-2.8302178382873535,-3.239807605743408,4,71
CCCCCCCCn1cc[n+](C)c1|O=S(=O)([N-]S(=O)(=O)C(F)(F)F)C(F)(F)F,-2.545931339263916,-2.9328413009643555,4,71
CCCCCCCCn1cc[n+](C)c1|O=S(=O)([N-]S(=O)(=O)C(F)(F)F)C(F)(F)F,-2.279845714569092,-2.6069326400756836,4,71
CCCCCCCCn1cc[n+](C)c1|O=S(=O)([N-]S(=O)(=O)C(F)(F)F)C(F)(F)F,-2.031794786453247,-2.291459083557129,4,71
CCCCCCCCn1cc[n+](C)c1|O=S(=O)([N-]S(=O)(=O)C(F)(F)F)C(F)(F)F,-1.808498740196228,-2.0558338165283203,4,71
CCCCCCCCn1cc[n+](C)c1|O=S(=O)([N-]S(=O)(=O)C(F)(F)F)C(F)(F)F,-1.590125560760498,-1.8558897972106934,4,71
CCCCCCCCn1cc[n+](C)c1|O=S(=O)([N-]S(=O)(=O)C(F)(F)F)C(F)(F)F,-1.4012049436569214,-1.7138828039169312,4,71
CCCCCCCCn1cc[n+](C)c1|O=S(=O)([N-]S(=O)(=O)C(F)(F)F)C(F)(F)F,-1.210997462272644,-1.590857744216919,4,71
CCCCCCCCn1cc[n+](C)c1|O=S(=O)([N-]S(=O)(=O)C(F)(F)F)C(F)(F)F,-1.0469690561294556,-1.4649310111999512,4,71
CCCCCCCCn1cc[n+](C)c1|O=S(=O)([N-]S(=O)(=O)C(F)(F)F)C(F)(F)F,-0.8792358040809631,-1.3369964361190796,4,71
CCCCCCCCn1cc[n+](C)c1|O=S(=O)([N-]S(=O)(=O)C(F)(F)F)C(F)(F)F,-0.7381445169448853,-1.2175825834274292,4,71
CCCCCCCCn1cc[n+](C)c1|O=S(=O)([N-]S(=O)(=O)C(F)(F)F)C(F)(F)F,-0.5869869589805603,-1.1121149063110352,4,71
CCCCCCCCn1cc[n+](C)c1|O=S(=O)([N-]S(=O)(=O)C(F)(F)F)C(F)(F)F,-0.4668087363243103,-1.012029767036438,4,71
CCCCCCCCn1cc[n+](C)c1|O=S(=O)([N-]S(=O)(=O)C(F)(F)F)C(F)(F)F,-0.3285040557384491,-0.919101893901825,4,71
CCCCCCCCn1cc[n+](C)c1|O=S(=O)([N-]S(=O)(=O)C(F)(F)F)C(F)(F)F,-0.22189433872699738,-0.8354045152664185,4,71
CCCCCCCCn1cc[n+](C)c1|O=S(=O)([N-]S(=O)(=O)C(F)(F)F)C(F)(F)F,-0.09871597588062286,-0.7577964663505554,4,71
CCCCCCCCn1cc[n+](C)c1|O=S(=O)([N-]S(=O)(=O)C(F)(F)F)C(F)(F)F,0.1079571396112442,-0.5956012010574341,4,71
CCCCCCCCn1cc[n+](C)c1|O=S(=O)([N-]S(=O)(=O)C(F)(F)F)C(F)(F)F,0.2926696240901947,-0.42662298679351807,4,71
CCCCCCCCn1cc[n+](C)c1|O=S(=O)([N-]S(=O)(=O)C(F)(F)F)C(F)(F)F,0.46247535943984985,-0.2542550563812256,4,71
CCCCCCCCn1cc[n+](C)c1|O=S(=O)([N-]S(=O)(=O)C(F)(F)F)C(F)(F)F,0.6151856184005737,-0.08842587471008301,4,71
CCCCCCCCn1cc[n+](C)c1|O=S(=O)([N-]S(=O)(=O)C(F)(F)F)C(F)(F)F,0.7542423009872437,0.07383871078491211,4,71
CCCCCCCCn1cc[n+](C)c1|O=S(=O)([N-]S(=O)(=O)C(F)(F)F)C(F)(F)F,0.8833542466163635,0.2431873083114624,4,71
CCCCCCCCn1cc[n+](C)c1|O=S(=O)([N-]S(=O)(=O)C(F)(F)F)C(F)(F)F,1.0013668537139893,0.4147759675979614,4,71
CCCCCCCCn1cc[n+](C)c1|O=S(=O)([N-]S(=O)(=O)C(F)(F)F)C(F)(F)F,1.1105408668518066,0.5822762250900269,4,71
CCCCCCCCn1cc[n+](C)c1|O=S(=O)([N-]S(=O)(=O)C(F)(F)F)C(F)(F)F,1.2116433382034302,0.7569934129714966,4,71
CCCCCCCCn1cc[n+](C)c1|O=S(=O)([N-]S(=O)(=O)C(F)(F)F)C(F)(F)F,1.3058974742889404,0.9359616041183472,4,71
CCCCCCCCn1cc[n+](C)c1|O=S(=O)([N-]S(=O)(=O)C(F)(F)F)C(F)(F)F,1.3935182094573975,1.116165280342102,4,71
CCCC[n+]1ccccc1C|O=S(=O)([N-]S(=O)(=O)C(F)(F)F)C(F)(F)F,-3.352407217025757,-3.1730661392211914,4,25
CCCC[n+]1ccccc1C|O=S(=O)([N-]S(=O)(=O)C(F)(F)F)C(F)(F)F,-3.10109281539917,-3.000652313232422,4,25
CCCC[n+]1ccccc1C|O=S(=O)([N-]S(=O)(=O)C(F)(F)F)C(F)(F)F,-2.8473122119903564,-2.819913864135742,4,25
CCCC[n+]1ccccc1C|O=S(=O)([N-]S(=O)(=O)C(F)(F)F)C(F)(F)F,-2.6450753211975098,-2.636265277862549,4,25
CCCC[n+]1ccccc1C|O=S(=O)([N-]S(=O)(=O)C(F)(F)F)C(F)(F)F,-2.419118881225586,-2.4526166915893555,4,25
CCCC[n+]1ccccc1C|O=S(=O)([N-]S(=O)(=O)C(F)(F)F)C(F)(F)F,-2.2443161010742188,-2.2847135066986084,4,25
CCCC[n+]1ccccc1C|O=S(=O)([N-]S(=O)(=O)C(F)(F)F)C(F)(F)F,-2.079441547393799,-2.1317648887634277,4,25
CCCC[n+]1ccccc1C|O=S(=O)([N-]S(=O)(=O)C(F)(F)F)C(F)(F)F,-1.9310215711593628,-1.9805724620819092,4,25
CCCC[n+]1ccccc1C|O=S(=O)([N-]S(=O)(=O)C(F)(F)F)C(F)(F)F,-1.7778565883636475,-1.8436163663864136,4,25
CCCC[n+]1ccccc1C|O=S(=O)([N-]S(=O)(=O)C(F)(F)F)C(F)(F)F,-1.61948823928833,-1.7378040552139282,4,25
CCCC[n+]1ccccc1C|O=S(=O)([N-]S(=O)(=O)C(F)(F)F)C(F)(F)F,-1.474033236503601,-1.6386966705322266,4,25
CCCC[n+]1ccccc1C|O=S(=O)([N-]S(=O)(=O)C(F)(F)F)C(F)(F)F,-1.3242589235305786,-1.5423179864883423,4,25
CCCC[n+]1ccccc1C|O=S(=O)([N-]S(=O)(=O)C(F)(F)F)C(F)(F)F,-1.1940224170684814,-1.4493893384933472,4,25
CCCC[n+]1ccccc1C|O=S(=O)([N-]S(=O)(=O)C(F)(F)F)C(F)(F)F,-1.075872778892517,-1.3614917993545532,4,25
CCCC[n+]1ccccc1C|O=S(=O)([N-]S(=O)(=O)C(F)(F)F)C(F)(F)F,-0.9623346924781799,-1.2745673656463623,4,25
CCCC[n+]1ccccc1C|O=S(=O)([N-]S(=O)(=O)C(F)(F)F)C(F)(F)F,-0.8556661009788513,-1.1894527673721313,4,25
CCCC[n+]1ccccc1C|O=S(=O)([N-]S(=O)(=O)C(F)(F)F)C(F)(F)F,-0.7528972029685974,-1.102536916732788,4,25
CCCC[n+]1ccccc1C|O=S(=O)([N-]S(=O)(=O)C(F)(F)F)C(F)(F)F,-0.655851423740387,-1.0185751914978027,4,25
CCCC[n+]1ccccc1C|O=S(=O)([N-]S(=O)(=O)C(F)(F)F)C(F)(F)F,-0.5621189475059509,-0.9440840482711792,4,25
CCCC[n+]1ccccc1C|O=S(=O)([N-]S(=O)(=O)C(F)(F)F)C(F)(F)F,-0.4732087552547455,-0.8738118410110474,4,25
CCCC[n+]1ccccc1C|O=S(=O)([N-]S(=O)(=O)C(F)(F)F)C(F)(F)F,-0.39008399844169617,-0.8120124936103821,4,25
CCCC[n+]1ccccc1C|O=S(=O)([N-]S(=O)(=O)C(F)(F)F)C(F)(F)F,-0.30516737699508667,-0.7541309595108032,4,25
CCCC[n+]1ccccc1C|O=S(=O)([N-]S(=O)(=O)C(F)(F)F)C(F)(F)F,-0.2269006073474884,-0.6995956897735596,4,25
CCCC[n+]1ccccc1C|O=S(=O)([N-]S(=O)(=O)C(F)(F)F)C(F)(F)F,-0.15198636054992676,-0.6454552412033081,4,25
CCCC[n+]1ccccc1C|O=S(=O)([N-]S(=O)(=O)C(F)(F)F)C(F)(F)F,-0.07796154171228409,-0.5882092714309692,4,25
CCCC[n+]1ccn(C)c1|N#C[N-]C#N,-3.0303237438201904,-4.1841816902160645,4,52
CCCC[n+]1ccn(C)c1|N#C[N-]C#N,-2.137070655822754,-2.69024658203125,4,52
CCCC[n+]1ccn(C)c1|N#C[N-]C#N,-1.4188175201416016,-1.6008329391479492,4,52
CCCC[n+]1ccn(C)c1|N#C[N-]C#N,-0.8370175361633301,-0.9465779066085815,4,52
CCCC[n+]1ccn(C)c1|N#C[N-]C#N,-0.35382187366485596,-0.4789092540740967,4,52
CCCC[n+]1ccn(C)c1|N#C[N-]C#N,0.05069311335682869,-0.13389313220977783,4,52
CCCC[n+]1ccn(C)c1|N#C[N-]C#N,0.39406704902648926,0.15720915794372559,4,52
CCCC[n+]1ccn(C)c1|N#C[N-]C#N,0.6886370182037354,0.3984571695327759,4,52
CCCC[n+]1ccn(C)c1|N#C[N-]C#N,0.9439058899879456,0.5912488698959351,4,52
CCCC[n+]1ccn(C)c1|N#C[N-]C#N,1.1693813800811768,0.7668851613998413,4,52
CCCC[n+]1ccn(C)c1|N#C[N-]C#N,1.3686394691467285,0.9401286840438843,4,52
CCCC[n+]1ccn(C)c1|N#C[N-]C#N,1.5454325675964355,1.1101855039596558,4,52
CCCC[n+]1ccn(C)c1|N#C[N-]C#N,1.688249111175537,1.2802420854568481,4,52
CCCC[n+]1ccn(C)c1|N#C[N-]C#N,1.8468787670135498,1.4517139196395874,4,52
CCCC[n+]1ccn(C)c1|N#C[N-]C#N,1.9823797941207886,1.6246839761734009,4,52
CCCC[n+]1ccn(C)c1|N#C[N-]C#N,2.1029138565063477,1.7995625734329224,4,52
CCCC[n+]1ccn(C)c1|N#C[N-]C#N,2.2137539386749268,1.9795106649398804,4,52
CCCC[n+]1ccn(C)c1|N#C[N-]C#N,2.314513683319092,2.1595540046691895,4,52
CCCC[n+]1ccn(C)c1|N#C[N-]C#N,2.408745288848877,2.3399763107299805,4,52
CCCC[n+]1ccn(C)c1|N#C[N-]C#N,2.4932055473327637,2.5203986167907715,4,52
CCCC[n+]1ccn(C)c1|N#C[N-]C#N,2.5718486309051514,2.7008209228515625,4,52
CCCC[n+]1ccn(C)c1|N#C[N-]C#N,2.6210389137268066,2.8812432289123535,4,52
CCCC[n+]1ccn(C)c1|N#C[N-]C#N,2.676903486251831,3.061633586883545,4,52
CCCCCCCCCCCC[n+]1ccn(C)c1|F[B-](F)(F)F,-4.110474109649658,-4.330969333648682,4,28
CCCCCCCCCCCC[n+]1ccn(C)c1|F[B-](F)(F)F,-3.7898054122924805,-4.01633358001709,4,28
CCCCCCCCCCCC[n+]1ccn(C)c1|F[B-](F)(F)F,-3.4933125972747803,-3.6801466941833496,4,28
CCCCCCCCCCCC[n+]1ccn(C)c1|F[B-](F)(F)F,-3.223888397216797,-3.3349838256835938,4,28
CCCCCCCCCCCC[n+]1ccn(C)c1|F[B-](F)(F)F,-3.2188758850097656,-3.3349838256835938,4,28
CCCCCCCCCCCC[n+]1ccn(C)c1|F[B-](F)(F)F,-2.9584364891052246,-3.000441074371338,4,28
CCCCCCCCCCCC[n+]1ccn(C)c1|F[B-](F)(F)F,-2.9565114974975586,-3.000441074371338,4,28
CCCCCCCCCCCC[n+]1ccn(C)c1|F[B-](F)(F)F,-2.7120583057403564,-2.6660866737365723,4,28
CCCCCCCCCCCC[n+]1ccn(C)c1|F[B-](F)(F)F,-2.7105534076690674,-2.6660866737365723,4,28
CCCCCCCCCCCC[n+]1ccn(C)c1|F[B-](F)(F)F,-2.447610855102539,-2.372528076171875,4,28
CCCCCCCCCCCC[n+]1ccn(C)c1|F[B-](F)(F)F,-2.441847085952759,-2.372528076171875,4,28
CCCCCCCCCCCC[n+]1ccn(C)c1|F[B-](F)(F)F,-2.234926462173462,-2.150425434112549,4,28
CCCCCCCCCCCC[n+]1ccn(C)c1|F[B-](F)(F)F,-2.032557964324951,-1.9675428867340088,4,28
CCCCCCCCCCCC[n+]1ccn(C)c1|F[B-](F)(F)F,-1.8388510942459106,-1.781844973564148,4,28
CCCCCCCCCCCC[n+]1ccn(C)c1|F[B-](F)(F)F,-1.8325815200805664,-1.781844973564148,4,28
CCCCCCCCCCCC[n+]1ccn(C)c1|F[B-](F)(F)F,-1.6502598524093628,-1.609674334526062,4,28
CCCCCCCCCCCC[n+]1ccn(C)c1|F[B-](F)(F)F,-1.6347557306289673,-1.609674334526062,4,28
CCCCCCCCCCCC[n+]1ccn(C)c1|F[B-](F)(F)F,-1.4696760177612305,-1.4599350690841675,4,28
CCCCCCCCCCCC[n+]1ccn(C)c1|F[B-](F)(F)F,-1.4229583740234375,-1.4599350690841675,4,28
CCCCCCCCCCCC[n+]1ccn(C)c1|F[B-](F)(F)F,-1.272965669631958,-1.3143930435180664,4,28
CCCCCCCCCCCC[n+]1ccn(C)c1|F[B-](F)(F)F,-1.2694005966186523,-1.3143930435180664,4,28
CCCC[n+]1ccccc1|O=S(=O)([N-]S(=O)(=O)C(F)(F)F)C(F)(F)F,-2.525728702545166,-2.8881337642669678,4,105
CCCC[n+]1ccccc1|O=S(=O)([N-]S(=O)(=O)C(F)(F)F)C(F)(F)F,-2.3025851249694824,-2.714787006378174,4,105
CCCC[n+]1ccccc1|O=S(=O)([N-]S(=O)(=O)C(F)(F)F)C(F)(F)F,-2.1202635765075684,-2.536055564880371,4,105
CCCC[n+]1ccccc1|O=S(=O)([N-]S(=O)(=O)C(F)(F)F)C(F)(F)F,-1.9589953422546387,-2.3606503009796143,4,105
CCCC[n+]1ccccc1|O=S(=O)([N-]S(=O)(=O)C(F)(F)F)C(F)(F)F,-1.7957675457000732,-2.2009952068328857,4,105
CCCC[n+]1ccccc1|O=S(=O)([N-]S(=O)(=O)C(F)(F)F)C(F)(F)F,-1.6347557306289673,-2.041945457458496,4,105
CCCC[n+]1ccccc1|O=S(=O)([N-]S(=O)(=O)C(F)(F)F)C(F)(F)F,-1.4961092472076416,-1.8896409273147583,4,105
CCCC[n+]1ccccc1|O=S(=O)([N-]S(=O)(=O)C(F)(F)F)C(F)(F)F,-1.3356012105941772,-1.753600835800171,4,105
CCCC[n+]1ccccc1|O=S(=O)([N-]S(=O)(=O)C(F)(F)F)C(F)(F)F,-1.210661768913269,-1.6466484069824219,4,105
CCCC[n+]1ccccc1|O=S(=O)([N-]S(=O)(=O)C(F)(F)F)C(F)(F)F,-1.0817551612854004,-1.54298734664917,4,105
CCCC[n+]1ccccc1|O=S(=O)([N-]S(=O)(=O)C(F)(F)F)C(F)(F)F,-0.9755101203918457,-1.4411145448684692,4,105
CCCC[n+]1ccccc1|O=S(=O)([N-]S(=O)(=O)C(F)(F)F)C(F)(F)F,-0.8603830933570862,-1.3435386419296265,4,105
CCCC[n+]1ccccc1|O=S(=O)([N-]S(=O)(=O)C(F)(F)F)C(F)(F)F,-0.7550225853919983,-1.2499830722808838,4,105
CCCC[n+]1ccccc1|O=S(=O)([N-]S(=O)(=O)C(F)(F)F)C(F)(F)F,-0.6635884046554565,-1.1588103771209717,4,105
CCCC[n+]1ccccc1|O=S(=O)([N-]S(=O)(=O)C(F)(F)F)C(F)(F)F,-0.555125892162323,-1.0712425708770752,4,105
CCCC[n+]1ccccc1|O=S(=O)([N-]S(=O)(=O)C(F)(F)F)C(F)(F)F,-0.4764241874217987,-0.9884188771247864,4,105
CCCC[n+]1ccccc1|O=S(=O)([N-]S(=O)(=O)C(F)(F)F)C(F)(F)F,-0.37833642959594727,-0.9114763736724854,4,105
CCCC[n+]1ccccc1|O=S(=O)([N-]S(=O)(=O)C(F)(F)F)C(F)(F)F,-0.2943710684776306,-0.8414812684059143,4,105
CCCC[n+]1ccccc1|O=S(=O)([N-]S(=O)(=O)C(F)(F)F)C(F)(F)F,-0.2231435477733612,-0.7786916494369507,4,105
CCCC[n+]1ccccc1|O=S(=O)([N-]S(=O)(=O)C(F)(F)F)C(F)(F)F,-0.15899573266506195,-0.7179074883460999,4,105
CCCC[n+]1ccccc1|O=S(=O)([N-]S(=O)(=O)C(F)(F)F)C(F)(F)F,-0.07580171525478363,-0.6608375310897827,4,105
CCCC[n+]1ccccc1|O=S(=O)([N-]S(=O)(=O)C(F)(F)F)C(F)(F)F,-0.02429269254207611,-0.60431969165802,4,105
CCCC[n+]1ccccc1|O=S(=O)([N-]S(=O)(=O)C(F)(F)F)C(F)(F)F,0.04879016429185867,-0.5505509376525879,4,105
CCCC[n+]1ccccc1|O=S(=O)([N-]S(=O)(=O)C(F)(F)F)C(F)(F)F,0.11243543028831482,-0.49705684185028076,4,105
CCCC[n+]1ccccc1|O=S(=O)([N-]S(=O)(=O)C(F)(F)F)C(F)(F)F,0.1747932881116867,-0.4450129270553589,4,105
C(CCC)[N+]1(CCCC1)C|FS(=O)(=O)[N-]S(=O)(=O)C(F)(F)F,-2.1202635765075684,-3.495087146759033,4,25
C(CCC)[N+]1(CCCC1)C|FS(=O)(=O)[N-]S(=O)(=O)C(F)(F)F,-1.8971199989318848,-3.118842601776123,4,25
C(CCC)[N+]1(CCCC1)C|FS(=O)(=O)[N-]S(=O)(=O)C(F)(F)F,-1.6094379425048828,-2.7504239082336426,4,25
C(CCC)[N+]1(CCCC1)C|FS(=O)(=O)[N-]S(=O)(=O)C(F)(F)F,-1.3862943649291992,-2.365051031112671,4,25
C(CCC)[N+]1(CCCC1)C|FS(=O)(=O)[N-]S(=O)(=O)C(F)(F)F,-1.2039728164672852,-2.0059731006622314,4,25
C(CCC)[N+]1(CCCC1)C|FS(=O)(=O)[N-]S(=O)(=O)C(F)(F)F,-0.9942522644996643,-1.7031629085540771,4,25
C(CCC)[N+]1(CCCC1)C|FS(=O)(=O)[N-]S(=O)(=O)C(F)(F)F,-0.8209805488586426,-1.4379807710647583,4,25
C(CCC)[N+]1(CCCC1)C|FS(=O)(=O)[N-]S(=O)(=O)C(F)(F)F,-0.6348782777786255,-1.2088158130645752,4,25
C(CCC)[N+]1(CCCC1)C|FS(=O)(=O)[N-]S(=O)(=O)C(F)(F)F,-0.4780358076095581,-1.0001424551010132,4,25
C(CCC)[N+]1(CCCC1)C|FS(=O)(=O)[N-]S(=O)(=O)C(F)(F)F,-0.3285040557384491,-0.825615644454956,4,25
C(CCC)[N+]1(CCCC1)C|FS(=O)(=O)[N-]S(=O)(=O)C(F)(F)F,-0.1984509378671646,-0.6714216470718384,4,25
C(CCC)[N+]1(CCCC1)C|FS(=O)(=O)[N-]S(=O)(=O)C(F)(F)F,-0.06187540292739868,-0.5276075601577759,4,25
C(CCC)[N+]1(CCCC1)C|FS(=O)(=O)[N-]S(=O)(=O)C(F)(F)F,0.05826890841126442,-0.4028280973434448,4,25
C(CCC)[N+]1(CCCC1)C|FS(=O)(=O)[N-]S(=O)(=O)C(F)(F)F,0.17395330965518951,-0.2989625930786133,4,25
C(CCC)[N+]1(CCCC1)C|FS(=O)(=O)[N-]S(=O)(=O)C(F)(F)F,0.28517892956733704,-0.19972240924835205,4,25
C(CCC)[N+]1(CCCC1)C|FS(=O)(=O)[N-]S(=O)(=O)C(F)(F)F,0.3920421004295349,-0.11360800266265869,4,25
C(CCC)[N+]1(CCCC1)C|FS(=O)(=O)[N-]S(=O)(=O)C(F)(F)F,0.4946962296962738,-0.02918839454650879,4,25
C(CCC)[N+]1(CCCC1)C|FS(=O)(=O)[N-]S(=O)(=O)C(F)(F)F,0.5933268666267395,0.055231332778930664,4,25
C(CCC)[N+]1(CCCC1)C|FS(=O)(=O)[N-]S(=O)(=O)C(F)(F)F,0.6830968260765076,0.13987183570861816,4,25
C(CCC)[N+]1(CCCC1)C|FS(=O)(=O)[N-]S(=O)(=O)C(F)(F)F,0.7747271656990051,0.22236955165863037,4,25
C(CCC)[N+]1(CCCC1)C|FS(=O)(=O)[N-]S(=O)(=O)C(F)(F)F,0.8544153571128845,0.30952751636505127,4,25
C(CCC)[N+]1(CCCC1)C|FS(=O)(=O)[N-]S(=O)(=O)C(F)(F)F,0.9360933303833008,0.396642804145813,4,25
C(CCC)[N+]1(CCCC1)C|FS(=O)(=O)[N-]S(=O)(=O)C(F)(F)F,1.015230655670166,0.48356473445892334,4,25
C(CCC)[N+]1(CCCC1)C|FS(=O)(=O)[N-]S(=O)(=O)C(F)(F)F,1.08856201171875,0.5723060369491577,4,25
C(CCC)[N+]1(CCCC1)C|FS(=O)(=O)[N-]S(=O)(=O)C(F)(F)F,1.1600209474563599,0.6621206998825073,4,25
CC[n+]1ccn(C)c1|O=S(=O)([N-]S(=O)(=O)C(F)(F)F)C(F)(F)F,-0.9755101203918457,-2.0965046882629395,4,191
CC[n+]1ccn(C)c1|O=S(=O)([N-]S(=O)(=O)C(F)(F)F)C(F)(F)F,-0.5851900577545166,-1.4969477653503418,4,191
CC[n+]1ccn(C)c1|O=S(=O)([N-]S(=O)(=O)C(F)(F)F)C(F)(F)F,-0.29571422934532166,-1.224222183227539,4,191
CC[n+]1ccn(C)c1|O=S(=O)([N-]S(=O)(=O)C(F)(F)F)C(F)(F)F,-0.18512548506259918,-1.0387609004974365,4,191
CC[n+]1ccn(C)c1|O=S(=O)([N-]S(=O)(=O)C(F)(F)F)C(F)(F)F,0.0,-0.9392530918121338,4,191
CC[n+]1ccn(C)c1|O=S(=O)([N-]S(=O)(=O)C(F)(F)F)C(F)(F)F,0.31481075286865234,-0.6053487062454224,4,191
CC[n+]1ccn(C)c1|O=S(=O)([N-]S(=O)(=O)C(F)(F)F)C(F)(F)F,0.5128236413002014,-0.43674588203430176,4,191
CC[n+]1ccn(C)c1|O=S(=O)([N-]S(=O)(=O)C(F)(F)F)C(F)(F)F,0.712949812412262,-0.13705229759216309,4,191
CC[n+]1ccn(C)c1|O=S(=O)([N-]S(=O)(=O)C(F)(F)F)C(F)(F)F,0.8712933659553528,0.10452616214752197,4,191
CC[n+]1ccn(C)c1|O=S(=O)([N-]S(=O)(=O)C(F)(F)F)C(F)(F)F,0.9895411729812622,0.2778431177139282,4,191
CC[n+]1ccn(C)c1|O=S(=O)([N-]S(=O)(=O)C(F)(F)F)C(F)(F)F,1.1346226930618286,0.4554375410079956,4,191
CC[n+]1ccn(C)c1|O=S(=O)([N-]S(=O)(=O)C(F)(F)F)C(F)(F)F,1.2584609985351562,0.6103025674819946,4,191
CC[n+]1ccn(C)c1|O=S(=O)([N-]S(=O)(=O)C(F)(F)F)C(F)(F)F,1.3164082765579224,0.7395423650741577,4,191
CC[n+]1ccn(C)c1|O=S(=O)([N-]S(=O)(=O)C(F)(F)F)C(F)(F)F,1.4609378576278687,0.9004038572311401,4,191
CC[n+]1ccn(C)c1|O=S(=O)([N-]S(=O)(=O)C(F)(F)F)C(F)(F)F,1.5390154123306274,1.0162938833236694,4,191
CC[n+]1ccn(C)c1|O=S(=O)([N-]S(=O)(=O)C(F)(F)F)C(F)(F)F,1.6601309776306152,1.1702371835708618,4,191
CC[n+]1ccn(C)c1|O=S(=O)([N-]S(=O)(=O)C(F)(F)F)C(F)(F)F,1.7457154989242554,1.3145827054977417,4,191
CC[n+]1ccn(C)c1|O=S(=O)([N-]S(=O)(=O)C(F)(F)F)C(F)(F)F,1.7630170583724976,1.4045566320419312,4,191
CCCCCC[n+]1ccn(C)c1|O=S(=O)([N-]S(=O)(=O)C(F)(F)F)C(F)(F)F,-2.556187868118286,-3.165433883666992,4,173
CCCCCC[n+]1ccn(C)c1|O=S(=O)([N-]S(=O)(=O)C(F)(F)F)C(F)(F)F,-1.9958359003067017,-2.480423927307129,4,173
CCCCCC[n+]1ccn(C)c1|O=S(=O)([N-]S(=O)(=O)C(F)(F)F)C(F)(F)F,-1.5241780281066895,-1.8986787796020508,4,173
CCCCCC[n+]1ccn(C)c1|O=S(=O)([N-]S(=O)(=O)C(F)(F)F)C(F)(F)F,-1.116267204284668,-1.5234031677246094,4,173
CCCCCC[n+]1ccn(C)c1|O=S(=O)([N-]S(=O)(=O)C(F)(F)F)C(F)(F)F,-0.7635696530342102,-1.2296861410140991,4,173
CCCCCC[n+]1ccn(C)c1|O=S(=O)([N-]S(=O)(=O)C(F)(F)F)C(F)(F)F,-0.45570632815361023,-0.9645183086395264,4,173
CCCCCC[n+]1ccn(C)c1|O=S(=O)([N-]S(=O)(=O)C(F)(F)F)C(F)(F)F,-0.18632957339286804,-0.7334042191505432,4,173
CCCCCC[n+]1ccn(C)c1|O=S(=O)([N-]S(=O)(=O)C(F)(F)F)C(F)(F)F,0.0525924488902092,-0.5174825191497803,4,173
CCCCCC[n+]1ccn(C)c1|O=S(=O)([N-]S(=O)(=O)C(F)(F)F)C(F)(F)F,0.26543647050857544,-0.3340599536895752,4,173
CCCCCC[n+]1ccn(C)c1|O=S(=O)([N-]S(=O)(=O)C(F)(F)F)C(F)(F)F,0.4567917287349701,-0.16599595546722412,4,173
CCCCCC[n+]1ccn(C)c1|O=S(=O)([N-]S(=O)(=O)C(F)(F)F)C(F)(F)F,0.6286086440086365,0.0019030570983886719,4,173
CCCCCC[n+]1ccn(C)c1|O=S(=O)([N-]S(=O)(=O)C(F)(F)F)C(F)(F)F,0.7848143577575684,0.17260217666625977,4,173
CCCCCC[n+]1ccn(C)c1|O=S(=O)([N-]S(=O)(=O)C(F)(F)F)C(F)(F)F,0.9266370534896851,0.3506840467453003,4,173
CCCCCC[n+]1ccn(C)c1|O=S(=O)([N-]S(=O)(=O)C(F)(F)F)C(F)(F)F,1.0570956468582153,0.5336915254592896,4,173
CCCCCC[n+]1ccn(C)c1|O=S(=O)([N-]S(=O)(=O)C(F)(F)F)C(F)(F)F,1.1764987707138062,0.7163771390914917,4,173
CCCCCC[n+]1ccn(C)c1|O=S(=O)([N-]S(=O)(=O)C(F)(F)F)C(F)(F)F,1.2870264053344727,0.897952675819397,4,173
CCCCCC[n+]1ccn(C)c1|O=S(=O)([N-]S(=O)(=O)C(F)(F)F)C(F)(F)F,1.3892898559570312,1.0779544115066528,4,173
CCCCCC[n+]1ccn(C)c1|O=S(=O)([N-]S(=O)(=O)C(F)(F)F)C(F)(F)F,1.484781265258789,1.2581583261489868,4,173
CCCCCC[n+]1ccn(C)c1|O=S(=O)([N-]S(=O)(=O)C(F)(F)F)C(F)(F)F,1.5731887817382812,1.4383620023727417,4,173
CCCCCC[n+]1ccn(C)c1|O=S(=O)([N-]S(=O)(=O)C(F)(F)F)C(F)(F)F,1.6557488441467285,1.6185656785964966,4,173
CCCCCC[n+]1ccn(C)c1|F[B-](F)(F)F,-3.8397023677825928,-4.737329959869385,4,64
CCCCCC[n+]1ccn(C)c1|F[B-](F)(F)F,-3.448288917541504,-4.168665409088135,4,64
CCCCCC[n+]1ccn(C)c1|F[B-](F)(F)F,-3.0769424438476562,-3.628645181655884,4,64
CCCCCC[n+]1ccn(C)c1|F[B-](F)(F)F,-2.7379941940307617,-3.1157312393188477,4,64
CCCCCC[n+]1ccn(C)c1|F[B-](F)(F)F,-2.4157538414001465,-2.6203553676605225,4,64
CCCCCC[n+]1ccn(C)c1|F[B-](F)(F)F,-2.1194305419921875,-2.1881906986236572,4,64
CCCCCC[n+]1ccn(C)c1|F[B-](F)(F)F,-1.8369660377502441,-1.856378197669983,4,64
CCCCCC[n+]1ccn(C)c1|F[B-](F)(F)F,-1.6204988956451416,-1.6017268896102905,4,64
CCCCCC[n+]1ccn(C)c1|F[B-](F)(F)F,-1.3874950408935547,-1.3751168251037598,4,64
CCCCCC[n+]1ccn(C)c1|F[B-](F)(F)F,-1.1718283891677856,-1.184104084968567,4,64
CCCCCC[n+]1ccn(C)c1|F[B-](F)(F)F,-0.9723321199417114,-1.0041718482971191,4,64
CCCCCC[n+]1ccn(C)c1|F[B-](F)(F)F,-0.7841665744781494,-0.83849036693573,4,64
CCCCCC[n+]1ccn(C)c1|F[B-](F)(F)F,-0.586807131767273,-0.6765455007553101,4,64
CCCCCC[n+]1ccn(C)c1|F[B-](F)(F)F,-0.42449504137039185,-0.542163610458374,4,64
CCCCCC[n+]1ccn(C)c1|F[B-](F)(F)F,-0.27010414004325867,-0.4086017608642578,4,64
CCCCCC[n+]1ccn(C)c1|F[B-](F)(F)F,-0.12228063493967056,-0.27334117889404297,4,64
CCCCCC[n+]1ccn(C)c1|F[B-](F)(F)F,0.015184135176241398,-0.1548832654953003,4,64
CCCC[n+]1ccn(C)c1|[Br-],-13.122363090515137,-5.989252090454102,4,15
CCCC[n+]1ccn(C)c1|[Br-],-12.023751258850098,-5.287806987762451,4,15
CCCC[n+]1ccn(C)c1|[Br-],-10.770988464355469,-4.668142318725586,4,15
CCCC[n+]1ccn(C)c1|[Br-],-9.721165657043457,-4.053005218505859,4,15
CCCC[n+]1ccn(C)c1|[Br-],-8.703522682189941,-3.423480987548828,4,15
CCCC[n+]1ccn(C)c1|[Br-],-7.859673023223877,-2.889974594116211,4,15
CCCC[n+]1ccn(C)c1|[Br-],-7.07973051071167,-2.398127555847168,4,15
CCCC[n+]1ccn(C)c1|[Br-],-6.342441558837891,-1.9364914894104004,4,15
CCCC[n+]1ccn(C)c1|[Br-],-5.726027965545654,-1.5815075635910034,4,15
CCCC[n+]1ccn(C)c1|[Br-],-5.106045246124268,-1.28081214427948,4,15
CCCC[n+]1ccn(C)c1|[Br-],-4.546901226043701,-1.0073803663253784,4,15
CCCC[n+]1ccn(C)c1|[Br-],-4.098352432250977,-0.7441001534461975,4,15
CCCC[n+]1ccn(C)c1|[Br-],-3.589939594268799,-0.5477007627487183,4,15
CC[N+](C)(CC)CCOC|F[B-](F)(F)F,-2.343407154083252,-2.4310691356658936,4,40
CC[N+](C)(CC)CCOC|F[B-](F)(F)F,-1.9951003789901733,-2.0989339351654053,4,40
CC[N+](C)(CC)CCOC|F[B-](F)(F)F,-1.6607311964035034,-1.79530668258667,4,40
CC[N+](C)(CC)CCOC|F[B-](F)(F)F,-1.366491675376892,-1.5475348234176636,4,40
CC[N+](C)(CC)CCOC|F[B-](F)(F)F,-1.070024847984314,-1.327547311782837,4,40
CC[N+](C)(CC)CCOC|F[B-](F)(F)F,-0.8278220891952515,-1.1319469213485718,4,40
CC[N+](C)(CC)CCOC|F[B-](F)(F)F,-0.5923972725868225,-0.9608995318412781,4,40
CC[N+](C)(CC)CCOC|F[B-](F)(F)F,-0.3856624662876129,-0.819962203502655,4,40
CC[N+](C)(CC)CCOC|F[B-](F)(F)F,-0.1875351220369339,-0.7045342922210693,4,40
CC[N+](C)(CC)CCOC|F[B-](F)(F)F,0.0,-0.5880482196807861,4,40
CC[N+](C)(CC)CCOC|F[B-](F)(F)F,0.16720791161060333,-0.47134673595428467,4,40
CC[N+](C)(CC)CCOC|F[B-](F)(F)F,0.32570013403892517,-0.36819541454315186,4,40
CC[N+](C)(CC)CCOC|F[B-](F)(F)F,0.48489224910736084,-0.26295602321624756,4,40
CC[N+](C)(CC)CCOC|F[B-](F)(F)F,0.6205765008926392,-0.15901148319244385,4,40
CC[N+](C)(CC)CCOC|F[B-](F)(F)F,0.7419373393058777,-0.05900287628173828,4,40
CCCC[n+]1ccccc1|N#C[N-]C#N,0.049742091447114944,-0.7008662223815918,4,23
CCCC[n+]1ccccc1|N#C[N-]C#N,0.21591751277446747,-0.4894847869873047,4,23
CCCC[n+]1ccccc1|N#C[N-]C#N,0.3920421004295349,-0.3114851713180542,4,23
CCCC[n+]1ccccc1|N#C[N-]C#N,0.5590441823005676,-0.15974271297454834,4,23
CCCC[n+]1ccccc1|N#C[N-]C#N,0.6966410875320435,-0.017343878746032715,4,23
CCCC[n+]1ccccc1|N#C[N-]C#N,0.8171331882476807,0.11466586589813232,4,23
CCCC[n+]1ccccc1|N#C[N-]C#N,0.9333444833755493,0.2334829568862915,4,23
CCCC[n+]1ccccc1|N#C[N-]C#N,1.0567480325698853,0.33998405933380127,4,23
CCCC[n+]1ccccc1|N#C[N-]C#N,1.1619000434875488,0.4346269369125366,4,23
CCCC[n+]1ccccc1|N#C[N-]C#N,1.2501882314682007,0.5261615514755249,4,23
CCCC[n+]1ccccc1|N#C[N-]C#N,1.3420811891555786,0.615165114402771,4,23
CCCC[n+]1ccccc1|N#C[N-]C#N,1.437937617301941,0.7013462781906128,4,23
CCCC[n+]1ccccc1|N#C[N-]C#N,1.5100594758987427,0.7870501279830933,4,23
CCCC[n+]1ccccc1|N#C[N-]C#N,1.594730257987976,0.8721781969070435,4,23
Cn1cc[n+](CC#N)c1|O=S(=O)([N-]S(=O)(=O)C(F)(F)F)C(F)(F)F,-3.5648934841156006,-3.4996254444122314,4,15
Cn1cc[n+](CC#N)c1|O=S(=O)([N-]S(=O)(=O)C(F)(F)F)C(F)(F)F,-3.125840902328491,-3.0718507766723633,4,15
Cn1cc[n+](CC#N)c1|O=S(=O)([N-]S(=O)(=O)C(F)(F)F)C(F)(F)F,-2.736449718475342,-2.6175098419189453,4,15
Cn1cc[n+](CC#N)c1|O=S(=O)([N-]S(=O)(=O)C(F)(F)F)C(F)(F)F,-2.387054204940796,-2.163803815841675,4,15
Cn1cc[n+](CC#N)c1|O=S(=O)([N-]S(=O)(=O)C(F)(F)F)C(F)(F)F,-2.044847011566162,-1.7781856060028076,4,15
Cn1cc[n+](CC#N)c1|O=S(=O)([N-]S(=O)(=O)C(F)(F)F)C(F)(F)F,-1.7561992406845093,-1.4898693561553955,4,15
Cn1cc[n+](CC#N)c1|O=S(=O)([N-]S(=O)(=O)C(F)(F)F)C(F)(F)F,-1.491654872894287,-1.2424736022949219,4,15
Cn1cc[n+](CC#N)c1|O=S(=O)([N-]S(=O)(=O)C(F)(F)F)C(F)(F)F,-1.2552660703659058,-1.0322442054748535,4,15
Cn1cc[n+](CC#N)c1|O=S(=O)([N-]S(=O)(=O)C(F)(F)F)C(F)(F)F,-1.021651268005371,-0.8624646663665771,4,15
Cn1cc[n+](CC#N)c1|O=S(=O)([N-]S(=O)(=O)C(F)(F)F)C(F)(F)F,-0.8187103867530823,-0.7263033390045166,4,15
Cn1cc[n+](CC#N)c1|O=S(=O)([N-]S(=O)(=O)C(F)(F)F)C(F)(F)F,-0.6236211061477661,-0.5954089164733887,4,15
Cn1cc[n+](CC#N)c1|O=S(=O)([N-]S(=O)(=O)C(F)(F)F)C(F)(F)F,-0.44005656242370605,-0.4708653688430786,4,15
Cn1cc[n+](CC#N)c1|O=S(=O)([N-]S(=O)(=O)C(F)(F)F)C(F)(F)F,-0.279713898897171,-0.35955262184143066,4,15
Cn1cc[n+](CC#N)c1|O=S(=O)([N-]S(=O)(=O)C(F)(F)F)C(F)(F)F,-0.13010868430137634,-0.25446105003356934,4,15
Cn1cc[n+](CC#N)c1|O=S(=O)([N-]S(=O)(=O)C(F)(F)F)C(F)(F)F,0.011928570456802845,-0.14946818351745605,4,15
Cn1cc[n+](CCO)c1|O=S(=O)([N-]S(=O)(=O)C(F)(F)F)C(F)(F)F,-1.6607311964035034,-2.874966621398926,4,29
Cn1cc[n+](CCO)c1|O=S(=O)([N-]S(=O)(=O)C(F)(F)F)C(F)(F)F,-1.378326177597046,-2.4742393493652344,4,29
Cn1cc[n+](CCO)c1|O=S(=O)([N-]S(=O)(=O)C(F)(F)F)C(F)(F)F,-1.127011775970459,-2.1176769733428955,4,29
Cn1cc[n+](CCO)c1|O=S(=O)([N-]S(=O)(=O)C(F)(F)F)C(F)(F)F,-0.9063404202461243,-1.8266500234603882,4,29
Cn1cc[n+](CCO)c1|O=S(=O)([N-]S(=O)(=O)C(F)(F)F)C(F)(F)F,-0.6891551613807678,-1.6072609424591064,4,29
Cn1cc[n+](CCO)c1|O=S(=O)([N-]S(=O)(=O)C(F)(F)F)C(F)(F)F,-0.5008752942085266,-1.4088451862335205,4,29
Cn1cc[n+](CCO)c1|O=S(=O)([N-]S(=O)(=O)C(F)(F)F)C(F)(F)F,-0.33407512307167053,-1.2225852012634277,4,29
Cn1cc[n+](CCO)c1|O=S(=O)([N-]S(=O)(=O)C(F)(F)F)C(F)(F)F,-0.15899573266506195,-1.056398630142212,4,29
Cn1cc[n+](CCO)c1|O=S(=O)([N-]S(=O)(=O)C(F)(F)F)C(F)(F)F,-0.008032171986997128,-0.9161357879638672,4,29
Cn1cc[n+](CCO)c1|O=S(=O)([N-]S(=O)(=O)C(F)(F)F)C(F)(F)F,0.13102826476097107,-0.7852372527122498,4,29
Cn1cc[n+](CCO)c1|O=S(=O)([N-]S(=O)(=O)C(F)(F)F)C(F)(F)F,0.2623642683029175,-0.6573270559310913,4,29
Cn1cc[n+](CCO)c1|O=S(=O)([N-]S(=O)(=O)C(F)(F)F)C(F)(F)F,0.4121096432209015,-0.5415338277816772,4,29
Cn1cc[n+](CCO)c1|O=S(=O)([N-]S(=O)(=O)C(F)(F)F)C(F)(F)F,0.5128236413002014,-0.43852341175079346,4,29
CC[N+](C)(CC)CCOC|F[B-](F)(F)F,-2.3644604682922363,-2.8279318809509277,4,40
CC[N+](C)(CC)CCOC|F[B-](F)(F)F,-1.9951003789901733,-2.4310691356658936,4,40
CC[N+](C)(CC)CCOC|F[B-](F)(F)F,-1.6660082340240479,-2.0989339351654053,4,40
CC[N+](C)(CC)CCOC|F[B-](F)(F)F,-1.3509272336959839,-1.79530668258667,4,40
CC[N+](C)(CC)CCOC|F[B-](F)(F)F,-1.058430552482605,-1.5475348234176636,4,40
CC[N+](C)(CC)CCOC|F[B-](F)(F)F,-0.8007323741912842,-1.327547311782837,4,40
CC[N+](C)(CC)CCOC|F[B-](F)(F)F,-0.5656338334083557,-1.1319469213485718,4,40
CC[N+](C)(CC)CCOC|F[B-](F)(F)F,-0.3410828411579132,-0.9608995318412781,4,40
CC[N+](C)(CC)CCOC|F[B-](F)(F)F,-0.1415635645389557,-0.819962203502655,4,40
CC[N+](C)(CC)CCOC|F[B-](F)(F)F,0.04783732816576958,-0.7045342922210693,4,40
CC[N+](C)(CC)CCOC|F[B-](F)(F)F,0.22154226899147034,-0.5880482196807861,4,40
CC[N+](C)(CC)CCOC|F[B-](F)(F)F,0.38865798711776733,-0.47134673595428467,4,40
CC[N+](C)(CC)CCOC|F[B-](F)(F)F,0.5492768287658691,-0.36819541454315186,4,40
CC[N+](C)(CC)CCOC|F[B-](F)(F)F,0.6871290802955627,-0.26295602321624756,4,40
Cn1cc[n+](CCO)c1|O=S(=O)([N-]S(=O)(=O)C(F)(F)F)C(F)(F)F,-2.0257112979888916,-3.2833290100097656,4,29
Cn1cc[n+](CCO)c1|O=S(=O)([N-]S(=O)(=O)C(F)(F)F)C(F)(F)F,-1.7181373834609985,-2.874966621398926,4,29
Cn1cc[n+](CCO)c1|O=S(=O)([N-]S(=O)(=O)C(F)(F)F)C(F)(F)F,-1.439695119857788,-2.4742393493652344,4,29
Cn1cc[n+](CCO)c1|O=S(=O)([N-]S(=O)(=O)C(F)(F)F)C(F)(F)F,-1.187443494796753,-2.1176769733428955,4,29
Cn1cc[n+](CCO)c1|O=S(=O)([N-]S(=O)(=O)C(F)(F)F)C(F)(F)F,-0.9493305683135986,-1.8266500234603882,4,29
Cn1cc[n+](CCO)c1|O=S(=O)([N-]S(=O)(=O)C(F)(F)F)C(F)(F)F,-0.7318879961967468,-1.6072609424591064,4,29
Cn1cc[n+](CCO)c1|O=S(=O)([N-]S(=O)(=O)C(F)(F)F)C(F)(F)F,-0.5293291211128235,-1.4088451862335205,4,29
Cn1cc[n+](CCO)c1|O=S(=O)([N-]S(=O)(=O)C(F)(F)F)C(F)(F)F,-0.3509769141674042,-1.2225852012634277,4,29
Cn1cc[n+](CCO)c1|O=S(=O)([N-]S(=O)(=O)C(F)(F)F)C(F)(F)F,-0.18632957339286804,-1.056398630142212,4,29
Cn1cc[n+](CCO)c1|O=S(=O)([N-]S(=O)(=O)C(F)(F)F)C(F)(F)F,-0.03355678170919418,-0.9161357879638672,4,29
Cn1cc[n+](CCO)c1|O=S(=O)([N-]S(=O)(=O)C(F)(F)F)C(F)(F)F,0.10616019368171692,-0.7852372527122498,4,29
Cn1cc[n+](CCO)c1|O=S(=O)([N-]S(=O)(=O)C(F)(F)F)C(F)(F)F,0.24451357126235962,-0.6573270559310913,4,29
Cn1cc[n+](CCO)c1|O=S(=O)([N-]S(=O)(=O)C(F)(F)F)C(F)(F)F,0.36949244141578674,-0.5415338277816772,4,29
Cn1cc[n+](CCO)c1|O=S(=O)([N-]S(=O)(=O)C(F)(F)F)C(F)(F)F,0.4861230254173279,-0.43852341175079346,4,29
Cn1cc[n+](CCO)c1|O=S(=O)([N-]S(=O)(=O)C(F)(F)F)C(F)(F)F,0.5960854887962341,-0.3373997211456299,4,29
CCCCCCCCCCCCCC[P+](CCCCCC)(CCCCCC)CCCCCC|O=S(=O)([O-])C(F)(F)C(F)(F)C(F)(F)C(F)(F)C(F)(F)C(F)(F)C(F)(F)C(F)(F)F,-7.264430046081543,-4.842121601104736,4,14
CCCCCCCCCCCCCC[P+](CCCCCC)(CCCCCC)CCCCCC|O=S(=O)([O-])C(F)(F)C(F)(F)C(F)(F)C(F)(F)C(F)(F)C(F)(F)C(F)(F)C(F)(F)F,-6.907755374908447,-4.631782531738281,4,14
CCCCCCCCCCCCCC[P+](CCCCCC)(CCCCCC)CCCCCC|O=S(=O)([O-])C(F)(F)C(F)(F)C(F)(F)C(F)(F)C(F)(F)C(F)(F)C(F)(F)C(F)(F)F,-6.64539098739624,-4.438658237457275,4,14
CCCCCCCCCCCCCC[P+](CCCCCC)(CCCCCC)CCCCCC|O=S(=O)([O-])C(F)(F)C(F)(F)C(F)(F)C(F)(F)C(F)(F)C(F)(F)C(F)(F)C(F)(F)F,-6.3199687004089355,-4.26365327835083,4,14
CCCCCCCCCCCCCC[P+](CCCCCC)(CCCCCC)CCCCCC|O=S(=O)([O-])C(F)(F)C(F)(F)C(F)(F)C(F)(F)C(F)(F)C(F)(F)C(F)(F)C(F)(F)F,-6.032286643981934,-4.092473983764648,4,14
CCCCCCCCCCCCCC[P+](CCCCCC)(CCCCCC)CCCCCC|O=S(=O)([O-])C(F)(F)C(F)(F)C(F)(F)C(F)(F)C(F)(F)C(F)(F)C(F)(F)C(F)(F)F,-5.776353359222412,-3.9220123291015625,4,14
CCCCCCCCCCCCCC[P+](CCCCCC)(CCCCCC)CCCCCC|O=S(=O)([O-])C(F)(F)C(F)(F)C(F)(F)C(F)(F)C(F)(F)C(F)(F)C(F)(F)C(F)(F)F,-5.521461009979248,-3.758634090423584,4,14
CCCCCCCCCCCCCC[P+](CCCCCC)(CCCCCC)CCCCCC|O=S(=O)([O-])C(F)(F)C(F)(F)C(F)(F)C(F)(F)C(F)(F)C(F)(F)C(F)(F)C(F)(F)F,-5.203007221221924,-3.5992391109466553,4,14
CCCCCCCCCCCCCC[P+](CCCCCC)(CCCCCC)CCCCCC|O=S(=O)([O-])C(F)(F)C(F)(F)C(F)(F)C(F)(F)C(F)(F)C(F)(F)C(F)(F)C(F)(F)F,-5.035953044891357,-3.4302797317504883,4,14
CCCCCCCCCCCCCC[P+](CCCCCC)(CCCCCC)CCCCCC|O=S(=O)([O-])C(F)(F)C(F)(F)C(F)(F)C(F)(F)C(F)(F)C(F)(F)C(F)(F)C(F)(F)F,-4.840892314910889,-3.290884017944336,4,14
CCCCCCCCCCCCCC[P+](CCCCCC)(CCCCCC)CCCCCC|O=S(=O)([O-])C(F)(F)C(F)(F)C(F)(F)C(F)(F)C(F)(F)C(F)(F)C(F)(F)C(F)(F)F,-4.625372886657715,-3.1161088943481445,4,14
CCCCCCCCCCCCCC[P+](CCCCCC)(CCCCCC)CCCCCC|O=S(=O)([O-])C(F)(F)C(F)(F)C(F)(F)C(F)(F)C(F)(F)C(F)(F)C(F)(F)C(F)(F)F,-4.431216716766357,-2.976734161376953,4,14
CCCCCCCCCCCCCC[P+](CCCCCC)(CCCCCC)CCCCCC|O=S(=O)([O-])C(F)(F)C(F)(F)C(F)(F)C(F)(F)C(F)(F)C(F)(F)C(F)(F)C(F)(F)F,-4.233606815338135,-2.847855567932129,4,14
CCCCCCCCCCCCCC[P+](CCCCCC)(CCCCCC)CCCCCC|O=S(=O)([O-])C(F)(F)C(F)(F)C(F)(F)C(F)(F)C(F)(F)C(F)(F)C(F)(F)C(F)(F)F,-4.110474109649658,-2.733529806137085,4,14
CCn1cc[n+](C)c1|O=C(O[B-](F)(F)OC(=O)C(F)(F)F)C(F)(F)F,-3.593569278717041,-6.901844501495361,4,13
CCn1cc[n+](C)c1|O=C(O[B-](F)(F)OC(=O)C(F)(F)F)C(F)(F)F,-2.5775485038757324,-5.613314151763916,4,13
CCn1cc[n+](C)c1|O=C(O[B-](F)(F)OC(=O)C(F)(F)F)C(F)(F)F,-1.7808195352554321,-4.2404866218566895,4,13
CCn1cc[n+](C)c1|O=C(O[B-](F)(F)OC(=O)C(F)(F)F)C(F)(F)F,-1.1539136171340942,-2.9071521759033203,4,13
CCn1cc[n+](C)c1|O=C(O[B-](F)(F)OC(=O)C(F)(F)F)C(F)(F)F,-0.6495131254196167,-1.7959591150283813,4,13
CCn1cc[n+](C)c1|O=C(O[B-](F)(F)OC(=O)C(F)(F)F)C(F)(F)F,-0.23521612584590912,-1.2035553455352783,4,13
CCn1cc[n+](C)c1|O=C(O[B-](F)(F)OC(=O)C(F)(F)F)C(F)(F)F,0.11064652353525162,-0.7545364499092102,4,13
CCn1cc[n+](C)c1|O=C(O[B-](F)(F)OC(=O)C(F)(F)F)C(F)(F)F,0.26305633783340454,-0.579419732093811,4,13
CCn1cc[n+](C)c1|O=C(O[B-](F)(F)OC(=O)C(F)(F)F)C(F)(F)F,0.5348545908927917,-0.2865358591079712,4,13
CCn1cc[n+](C)c1|O=C(O[B-](F)(F)OC(=O)C(F)(F)F)C(F)(F)F,0.7705710530281067,-0.018575429916381836,4,13
CCn1cc[n+](C)c1|O=C(O[B-](F)(F)OC(=O)C(F)(F)F)C(F)(F)F,0.9767082929611206,0.22532403469085693,4,13
CCn1cc[n+](C)c1|O=C(O[B-](F)(F)OC(=O)C(F)(F)F)C(F)(F)F,1.1591742038726807,0.4308239221572876,4,13
CCn1cc[n+](C)c1|O=C(O[B-](F)(F)OC(=O)C(F)(F)F)C(F)(F)F,1.3215157985687256,0.6155720949172974,4,13
CCCC[n+]1ccccc1|O=S(=O)([N-]S(=O)(=O)C(F)(F)F)C(F)(F)F,-2.1319987773895264,-2.8881337642669678,4,105
CCCC[n+]1ccccc1|O=S(=O)([N-]S(=O)(=O)C(F)(F)F)C(F)(F)F,-1.5818227529525757,-2.2009952068328857,4,105
CCCC[n+]1ccccc1|O=S(=O)([N-]S(=O)(=O)C(F)(F)F)C(F)(F)F,-1.1199380159378052,-1.6466484069824219,4,105
CCCC[n+]1ccccc1|O=S(=O)([N-]S(=O)(=O)C(F)(F)F)C(F)(F)F,-0.726703941822052,-1.2499830722808838,4,105
CCCC[n+]1ccccc1|O=S(=O)([N-]S(=O)(=O)C(F)(F)F)C(F)(F)F,-0.39008399844169617,-0.9114763736724854,4,105
CCCC[n+]1ccccc1|O=S(=O)([N-]S(=O)(=O)C(F)(F)F)C(F)(F)F,-0.09541018307209015,-0.6608375310897827,4,105
CCCC[n+]1ccccc1|O=S(=O)([N-]S(=O)(=O)C(F)(F)F)C(F)(F)F,0.1595645695924759,-0.4450129270553589,4,105
CCCC[n+]1ccccc1|O=S(=O)([N-]S(=O)(=O)C(F)(F)F)C(F)(F)F,0.38730114698410034,-0.22720777988433838,4,105
CCCC[n+]1ccccc1|O=S(=O)([N-]S(=O)(=O)C(F)(F)F)C(F)(F)F,0.5883420705795288,-0.039624810218811035,4,105
CCCC[n+]1ccccc1|O=S(=O)([N-]S(=O)(=O)C(F)(F)F)C(F)(F)F,0.7696451544761658,0.14089679718017578,4,105
CCCC[n+]1ccccc1|O=S(=O)([N-]S(=O)(=O)C(F)(F)F)C(F)(F)F,0.9317703247070312,0.32046425342559814,4,105
CCCC[n+]1ccccc1|O=S(=O)([N-]S(=O)(=O)C(F)(F)F)C(F)(F)F,1.079089641571045,0.4976454973220825,4,105
CCCC[n+]1ccccc1|O=S(=O)([N-]S(=O)(=O)C(F)(F)F)C(F)(F)F,1.213428020477295,0.6727417707443237,4,105
CCCC[n+]1ccccc1|O=S(=O)([N-]S(=O)(=O)C(F)(F)F)C(F)(F)F,1.452316164970398,1.0328418016433716,4,105
CCCC[n+]1ccccc1|O=S(=O)([N-]S(=O)(=O)C(F)(F)F)C(F)(F)F,1.6568938493728638,1.3932489156723022,4,105
CCCC[n+]1ccn(C)c1|O=C([O-])C(F)(F)F,-4.758321285247803,-6.291386127471924,4,36
CCCC[n+]1ccn(C)c1|O=C([O-])C(F)(F)F,-3.713172197341919,-5.242260456085205,4,36
CCCC[n+]1ccn(C)c1|O=C([O-])C(F)(F)F,-2.866459846496582,-4.223040580749512,4,36
CCCC[n+]1ccn(C)c1|O=C([O-])C(F)(F)F,-2.1680541038513184,-3.2021491527557373,4,36
CCCC[n+]1ccn(C)c1|O=C([O-])C(F)(F)F,-1.5847452878952026,-2.2037546634674072,4,36
CCCC[n+]1ccn(C)c1|O=C([O-])C(F)(F)F,-1.1026203632354736,-1.5435349941253662,4,36
CCCC[n+]1ccn(C)c1|O=C([O-])C(F)(F)F,-0.6851789951324463,-1.1197047233581543,4,36
CCCC[n+]1ccn(C)c1|O=C([O-])C(F)(F)F,-0.32434606552124023,-0.7703743577003479,4,36
CCCC[n+]1ccn(C)c1|O=C([O-])C(F)(F)F,-0.012072580866515636,-0.49517881870269775,4,36
CCCC[n+]1ccn(C)c1|O=C([O-])C(F)(F)F,0.2631331980228424,-0.25870954990386963,4,36
CCCC[n+]1ccn(C)c1|O=C([O-])C(F)(F)F,0.5056120753288269,-0.045961976051330566,4,36
CCCC[n+]1ccn(C)c1|O=C([O-])C(F)(F)F,0.7227059602737427,0.15276992321014404,4,36
CCCC[n+]1ccn(C)c1|O=C([O-])C(F)(F)F,0.9162907600402832,0.3400312662124634,4,36
CCCCCCCC[N+]1(C)CCCCC1|CCCCCCCCO[PH](=O)[O-],-3.5065579414367676,-3.584522008895874,4,13
CCCCCCCC[N+]1(C)CCCCC1|CCCCCCCCO[PH](=O)[O-],-3.442019462585449,-3.5043492317199707,4,13
CCCCCCCC[N+]1(C)CCCCC1|CCCCCCCCO[PH](=O)[O-],-3.411247730255127,-3.424410820007324,4,13
CCCCCCCC[N+]1(C)CCCCC1|CCCCCCCCO[PH](=O)[O-],-3.381394863128662,-3.3444724082946777,4,13
CCCCCCCC[N+]1(C)CCCCC1|CCCCCCCCO[PH](=O)[O-],-3.3242363929748535,-3.2662744522094727,4,13
CCCCCCCC[N+]1(C)CCCCC1|CCCCCCCCO[PH](=O)[O-],-3.296837329864502,-3.1936397552490234,4,13
CCCCCCCC[N+]1(C)CCCCC1|CCCCCCCCO[PH](=O)[O-],-3.2441935539245605,-3.122972011566162,4,13
CCCCCCCC[N+]1(C)CCCCC1|CCCCCCCCO[PH](=O)[O-],-3.2188758850097656,-3.0579538345336914,4,13
CCCCCCCC[N+]1(C)CCCCC1|CCCCCCCCO[PH](=O)[O-],-3.1700856685638428,-2.9947917461395264,4,13
CCCCCCCC[N+]1(C)CCCCC1|CCCCCCCCO[PH](=O)[O-],-3.123565673828125,-2.9311981201171875,4,13
CCCCCCCC[N+]1(C)CCCCC1|CCCCCCCCO[PH](=O)[O-],-3.0791139602661133,-2.8673434257507324,4,13
CCCCCCCC[N+]1(C)CCCCC1|CCCCCCCCO[PH](=O)[O-],-3.0365543365478516,-2.8010342121124268,4,13
CCCCCCCC[N+]1(C)CCCCC1|CCCCCCCCO[PH](=O)[O-],-2.995732307434082,-2.750098705291748,4,13
CCCCCCCCCC[N+]1(C)CCCC1|O=S(=O)([N-]S(=O)(=O)C(F)(F)F)C(F)(F)F,-13.815510749816895,-5.669981479644775,4,15
CCCCCCCCCC[N+]1(C)CCCC1|O=S(=O)([N-]S(=O)(=O)C(F)(F)F)C(F)(F)F,-13.122363090515137,-5.547974586486816,4,15
CCCCCCCCCC[N+]1(C)CCCC1|O=S(=O)([N-]S(=O)(=O)C(F)(F)F)C(F)(F)F,-12.429216384887695,-5.409717559814453,4,15
CCCCCCCCCC[N+]1(C)CCCC1|O=S(=O)([N-]S(=O)(=O)C(F)(F)F)C(F)(F)F,-11.042922019958496,-5.169034957885742,4,15
CCCCCCCCCC[N+]1(C)CCCC1|O=S(=O)([N-]S(=O)(=O)C(F)(F)F)C(F)(F)F,-9.80817699432373,-4.903818130493164,4,15
CCCCCCCCCC[N+]1(C)CCCC1|O=S(=O)([N-]S(=O)(=O)C(F)(F)F)C(F)(F)F,-9.115030288696289,-4.760065078735352,4,15
CCCCCCCCCC[N+]1(C)CCCC1|O=S(=O)([N-]S(=O)(=O)C(F)(F)F)C(F)(F)F,-8.37743091583252,-4.620105743408203,4,15
CCCCCCCCCC[N+]1(C)CCCC1|O=S(=O)([N-]S(=O)(=O)C(F)(F)F)C(F)(F)F,-7.641724586486816,-4.485431671142578,4,15
CCCCCCCCCC[N+]1(C)CCCC1|O=S(=O)([N-]S(=O)(=O)C(F)(F)F)C(F)(F)F,-7.002066135406494,-4.345286846160889,4,15
CCCCCCCCCC[N+]1(C)CCCC1|O=S(=O)([N-]S(=O)(=O)C(F)(F)F)C(F)(F)F,-6.214608192443848,-4.214376449584961,4,15
CCCCCCCCCC[N+]1(C)CCCC1|O=S(=O)([N-]S(=O)(=O)C(F)(F)F)C(F)(F)F,-5.472670555114746,-4.093278884887695,4,15
CCCCCCCCCC[N+]1(C)CCCC1|O=S(=O)([N-]S(=O)(=O)C(F)(F)F)C(F)(F)F,-4.509860038757324,-3.9634509086608887,4,15
CC[N+]1(C)CCCC1|CCO[PH](=O)[O-],-1.570217251777649,-2.326695680618286,4,13
CC[N+]1(C)CCCC1|CCO[PH](=O)[O-],-1.500583529472351,-2.190274715423584,4,13
CC[N+]1(C)CCCC1|CCO[PH](=O)[O-],-1.4312916994094849,-2.0662317276000977,4,13
CC[N+]1(C)CCCC1|CCO[PH](=O)[O-],-1.3625777959823608,-1.9532239437103271,4,13
CC[N+]1(C)CCCC1|CCO[PH](=O)[O-],-1.2909841537475586,-1.8389091491699219,4,13
CC[N+]1(C)CCCC1|CCO[PH](=O)[O-],-1.2241754531860352,-1.7216033935546875,4,13
CC[N+]1(C)CCCC1|CCO[PH](=O)[O-],-1.1520130634307861,-1.620173692703247,4,13
CC[N+]1(C)CCCC1|CCO[PH](=O)[O-],-1.0847094058990479,-1.5279062986373901,4,13
CC[N+]1(C)CCCC1|CCO[PH](=O)[O-],-1.013352394104004,-1.440615177154541,4,13
CC[N+]1(C)CCCC1|CCO[PH](=O)[O-],-0.9441759586334229,-1.351780652999878,4,13
CC[N+]1(C)CCCC1|CCO[PH](=O)[O-],-0.8770700097084045,-1.2651491165161133,4,13
CC[N+]1(C)CCCC1|CCO[PH](=O)[O-],-0.8074363470077515,-1.1848281621932983,4,13
CC[N+]1(C)CCCC1|CCO[PH](=O)[O-],-0.7381445169448853,-1.0969046354293823,4,13
CCCC[n+]1ccn(C)c1|N#C[N-]C#N,-0.08012604713439941,-0.2965039014816284,4,52
CCCC[n+]1ccn(C)c1|N#C[N-]C#N,0.09621885418891907,-0.13389313220977783,4,52
CCCC[n+]1ccn(C)c1|N#C[N-]C#N,0.2615947425365448,0.014433622360229492,4,52
CCCC[n+]1ccn(C)c1|N#C[N-]C#N,0.41607528924942017,0.15720915794372559,4,52
CCCC[n+]1ccn(C)c1|N#C[N-]C#N,0.5550338625907898,0.2900012731552124,4,52
CCCC[n+]1ccn(C)c1|N#C[N-]C#N,0.6866259574890137,0.3984571695327759,4,52
CCCC[n+]1ccn(C)c1|N#C[N-]C#N,0.8087055087089539,0.5011106729507446,4,52
CCCC[n+]1ccn(C)c1|N#C[N-]C#N,0.9214772582054138,0.5912488698959351,4,52
CCCC[n+]1ccn(C)c1|N#C[N-]C#N,1.0292621850967407,0.6793254613876343,4,52
CCCC[n+]1ccn(C)c1|N#C[N-]C#N,1.1291414499282837,0.7668851613998413,4,52
CCCC[n+]1ccn(C)c1|N#C[N-]C#N,1.2225983142852783,0.8538681268692017,4,52
CCCC[n+]1ccn(C)c1|N#C[N-]C#N,1.3115707635879517,0.9401286840438843,4,52
CCCC[n+]1ccn(C)c1|N#C[N-]C#N,1.3940144777297974,1.02515709400177,4,52
CCCCC[n+]1ccn(C)c1|N#C[N-]C#N,-0.47965002059936523,-0.6454586982727051,4,13
CCCCC[n+]1ccn(C)c1|N#C[N-]C#N,-0.279713898897171,-0.46367621421813965,4,13
CCCCC[n+]1ccn(C)c1|N#C[N-]C#N,-0.10314075648784637,-0.3043633699417114,4,13
CCCCC[n+]1ccn(C)c1|N#C[N-]C#N,0.06297479569911957,-0.16236662864685059,4,13
CCCCC[n+]1ccn(C)c1|N#C[N-]C#N,0.21349717676639557,-0.02326655387878418,4,13
CCCCC[n+]1ccn(C)c1|N#C[N-]C#N,0.35627487301826477,0.11081218719482422,4,13
CCCCC[n+]1ccn(C)c1|N#C[N-]C#N,0.4861230254173279,0.22180521488189697,4,13
CCCCC[n+]1ccn(C)c1|N#C[N-]C#N,0.605408251285553,0.3307608366012573,4,13
CCCCC[n+]1ccn(C)c1|N#C[N-]C#N,0.7188149094581604,0.4273627996444702,4,13
CCCCC[n+]1ccn(C)c1|N#C[N-]C#N,0.8237367272377014,0.5188280344009399,4,13
CCCCC[n+]1ccn(C)c1|N#C[N-]C#N,0.9238619804382324,0.6067770719528198,4,13
CCCCC[n+]1ccn(C)c1|N#C[N-]C#N,1.0166789293289185,0.6936055421829224,4,13
CCCCC[n+]1ccn(C)c1|N#C[N-]C#N,1.1035997867584229,0.7803319692611694,4,13
CCC[n+]1cn(C)cn1|F[B-](F)(F)F,-1.4064971208572388,-1.5884957313537598,4,12
CCC[n+]1cn(C)cn1|F[B-](F)(F)F,-1.1647521257400513,-1.3166258335113525,4,12
CCC[n+]1cn(C)cn1|F[B-](F)(F)F,-0.9493305683135986,-1.0754616260528564,4,12
CCC[n+]1cn(C)cn1|F[B-](F)(F)F,-0.7423374056816101,-0.8490909337997437,4,12
CCC[n+]1cn(C)cn1|F[B-](F)(F)F,-0.5568695664405823,-0.6593867540359497,4,12
CCC[n+]1cn(C)cn1|F[B-](F)(F)F,-0.3710636794567108,-0.4833430051803589,4,12
CCC[n+]1cn(C)cn1|F[B-](F)(F)F,-0.20702417194843292,-0.3362618684768677,4,12
CCC[n+]1cn(C)cn1|F[B-](F)(F)F,-0.05024121701717377,-0.20189929008483887,4,12
CCC[n+]1cn(C)cn1|F[B-](F)(F)F,0.08801087737083435,-0.07834291458129883,4,12
CCC[n+]1cn(C)cn1|F[B-](F)(F)F,0.22665737569332123,0.0375669002532959,4,12
CCC[n+]1cn(C)cn1|F[B-](F)(F)F,0.36095577478408813,0.15606796741485596,4,12
CCC[n+]1cn(C)cn1|F[B-](F)(F)F,0.4789014160633087,0.25042474269866943,4,12
CC[n+]1ccn(C)c1|CCCCCCCCCCOS(=O)(=O)[O-],-11.33060359954834,-3.8989763259887695,4,23
CC[n+]1ccn(C)c1|CCCCCCCCCCOS(=O)(=O)[O-],-10.381523132324219,-3.681922435760498,4,23
CC[n+]1ccn(C)c1|CCCCCCCCCCOS(=O)(=O)[O-],-9.80817699432373,-3.5755605697631836,4,23
CC[n+]1ccn(C)c1|CCCCCCCCCCOS(=O)(=O)[O-],-9.2511625289917,-3.464053153991699,4,23
CC[n+]1ccn(C)c1|CCCCCCCCCCOS(=O)(=O)[O-],-8.895529747009277,-3.355111837387085,4,23
CC[n+]1ccn(C)c1|CCCCCCCCCCOS(=O)(=O)[O-],-8.709565162658691,-3.355111837387085,4,23
CC[n+]1ccn(C)c1|CCCCCCCCCCOS(=O)(=O)[O-],-7.196771621704102,-3.0885367393493652,4,23
CC[n+]1ccn(C)c1|CCCCCCCCCCOS(=O)(=O)[O-],-6.463069438934326,-2.9923958778381348,4,23
CC[n+]1ccn(C)c1|CCCCCCCCCCOS(=O)(=O)[O-],-5.686925411224365,-2.9050307273864746,4,23
CC[n+]1ccn(C)c1|CCCCCCCCCCOS(=O)(=O)[O-],-5.562283039093018,-2.8649754524230957,4,23
CC[n+]1ccn(C)c1|CCCCCCCCCCOS(=O)(=O)[O-],-4.879607200622559,-2.828293561935425,4,23
CC[n+]1ccn(C)c1|CCCCCCCCCCOS(=O)(=O)[O-],-3.849048137664795,-2.7560691833496094,4,23
CCCCn1cc[n+](C)c1.CCCCn1cc[n+](C)c1.CCCCn1cc[n+](C)c1.CCCCn1cc[n+](C)c1|S=C=N[Ni-4](N=C=S)(N=C=S)(N=C=S)(N=C=S)N=C=S,-12.429216384887695,-4.428676605224609,4,12
CCCCn1cc[n+](C)c1.CCCCn1cc[n+](C)c1.CCCCn1cc[n+](C)c1.CCCCn1cc[n+](C)c1|S=C=N[Ni-4](N=C=S)(N=C=S)(N=C=S)(N=C=S)N=C=S,-11.512925148010254,-3.7990336418151855,4,12
CCCCn1cc[n+](C)c1.CCCCn1cc[n+](C)c1.CCCCn1cc[n+](C)c1.CCCCn1cc[n+](C)c1|S=C=N[Ni-4](N=C=S)(N=C=S)(N=C=S)(N=C=S)N=C=S,-9.826526641845703,-3.21640682220459,4,12
CCCCn1cc[n+](C)c1.CCCCn1cc[n+](C)c1.CCCCn1cc[n+](C)c1.CCCCn1cc[n+](C)c1|S=C=N[Ni-4](N=C=S)(N=C=S)(N=C=S)(N=C=S)N=C=S,-5.129418849945068,-3.21640682220459,4,12
CCCCn1cc[n+](C)c1.CCCCn1cc[n+](C)c1.CCCCn1cc[n+](C)c1.CCCCn1cc[n+](C)c1|S=C=N[Ni-4](N=C=S)(N=C=S)(N=C=S)(N=C=S)N=C=S,-4.536577224731445,-2.9461073875427246,4,12
CCCCn1cc[n+](C)c1.CCCCn1cc[n+](C)c1.CCCCn1cc[n+](C)c1.CCCCn1cc[n+](C)c1|S=C=N[Ni-4](N=C=S)(N=C=S)(N=C=S)(N=C=S)N=C=S,-3.9964921474456787,-2.6940245628356934,4,12
CCCCn1cc[n+](C)c1.CCCCn1cc[n+](C)c1.CCCCn1cc[n+](C)c1.CCCCn1cc[n+](C)c1|S=C=N[Ni-4](N=C=S)(N=C=S)(N=C=S)(N=C=S)N=C=S,-3.038639783859253,-2.2608137130737305,4,12
CCCCn1cc[n+](C)c1.CCCCn1cc[n+](C)c1.CCCCn1cc[n+](C)c1.CCCCn1cc[n+](C)c1|S=C=N[Ni-4](N=C=S)(N=C=S)(N=C=S)(N=C=S)N=C=S,-2.227477550506592,-1.9083268642425537,4,12
CCCCn1cc[n+](C)c1.CCCCn1cc[n+](C)c1.CCCCn1cc[n+](C)c1.CCCCn1cc[n+](C)c1|S=C=N[Ni-4](N=C=S)(N=C=S)(N=C=S)(N=C=S)N=C=S,-1.5639866590499878,-1.6111936569213867,4,12
CCCCn1cc[n+](C)c1.CCCCn1cc[n+](C)c1.CCCCn1cc[n+](C)c1.CCCCn1cc[n+](C)c1|S=C=N[Ni-4](N=C=S)(N=C=S)(N=C=S)(N=C=S)N=C=S,-0.9675840139389038,-1.3636302947998047,4,12
CCCCn1cc[n+](C)c1.CCCCn1cc[n+](C)c1.CCCCn1cc[n+](C)c1.CCCCn1cc[n+](C)c1|S=C=N[Ni-4](N=C=S)(N=C=S)(N=C=S)(N=C=S)N=C=S,-0.4910230040550232,-1.1474316120147705,4,12
CCCCn1cc[n+](C)c1.CCCCn1cc[n+](C)c1.CCCCn1cc[n+](C)c1.CCCCn1cc[n+](C)c1|S=C=N[Ni-4](N=C=S)(N=C=S)(N=C=S)(N=C=S)N=C=S,-0.09211529046297073,-0.9842213988304138,4,12
CCCC[n+]1ccccc1|O=S(=O)([N-]S(=O)(=O)C(F)(F)F)C(F)(F)F,-1.7897614240646362,-2.536055564880371,4,105
CCCC[n+]1ccccc1|O=S(=O)([N-]S(=O)(=O)C(F)(F)F)C(F)(F)F,-1.6554818153381348,-2.2009952068328857,4,105
CCCC[n+]1ccccc1|O=S(=O)([N-]S(=O)(=O)C(F)(F)F)C(F)(F)F,-1.3862943649291992,-1.8896409273147583,4,105
CCCC[n+]1ccccc1|O=S(=O)([N-]S(=O)(=O)C(F)(F)F)C(F)(F)F,-1.1363141536712646,-1.6466484069824219,4,105
CCCC[n+]1ccccc1|O=S(=O)([N-]S(=O)(=O)C(F)(F)F)C(F)(F)F,-0.9288694858551025,-1.4411145448684692,4,105
CCCC[n+]1ccccc1|O=S(=O)([N-]S(=O)(=O)C(F)(F)F)C(F)(F)F,-0.7486599087715149,-1.2499830722808838,4,105
CCCC[n+]1ccccc1|O=S(=O)([N-]S(=O)(=O)C(F)(F)F)C(F)(F)F,-0.5744756460189819,-1.0712425708770752,4,105
CCCC[n+]1ccccc1|O=S(=O)([N-]S(=O)(=O)C(F)(F)F)C(F)(F)F,-0.4004775583744049,-0.9114763736724854,4,105
CCCC[n+]1ccccc1|O=S(=O)([N-]S(=O)(=O)C(F)(F)F)C(F)(F)F,-0.2497442364692688,-0.7786916494369507,4,105
CCCC[n+]1ccccc1|O=S(=O)([N-]S(=O)(=O)C(F)(F)F)C(F)(F)F,-0.10981486737728119,-0.6608375310897827,4,105
CCCC[n+]1ccccc1|O=S(=O)([N-]S(=O)(=O)C(F)(F)F)C(F)(F)F,0.018821753561496735,-0.5505509376525879,4,105
CCCC[n+]1ccccc1|O=S(=O)([N-]S(=O)(=O)C(F)(F)F)C(F)(F)F,0.137149840593338,-0.4450129270553589,4,105
CCCCNC(=O)Cn1cc[n+](CC)c1|O=S(=O)([N-]S(=O)(=O)C(F)(F)F)C(F)(F)F,-5.106045246124268,-3.909672260284424,4,12
CCCCNC(=O)Cn1cc[n+](CC)c1|O=S(=O)([N-]S(=O)(=O)C(F)(F)F)C(F)(F)F,-4.620283603668213,-3.6237101554870605,4,12
CCCCNC(=O)Cn1cc[n+](CC)c1|O=S(=O)([N-]S(=O)(=O)C(F)(F)F)C(F)(F)F,-4.181865215301514,-3.350245475769043,4,12
CCCCNC(=O)Cn1cc[n+](CC)c1|O=S(=O)([N-]S(=O)(=O)C(F)(F)F)C(F)(F)F,-3.7593019008636475,-3.105612277984619,4,12
CCCCNC(=O)Cn1cc[n+](CC)c1|O=S(=O)([N-]S(=O)(=O)C(F)(F)F)C(F)(F)F,-3.405205488204956,-2.880072593688965,4,12
CCCCNC(=O)Cn1cc[n+](CC)c1|O=S(=O)([N-]S(=O)(=O)C(F)(F)F)C(F)(F)F,-3.0640110969543457,-2.638749122619629,4,12
CCCCNC(=O)Cn1cc[n+](CC)c1|O=S(=O)([N-]S(=O)(=O)C(F)(F)F)C(F)(F)F,-2.7504358291625977,-2.3922886848449707,4,12
CCCCNC(=O)Cn1cc[n+](CC)c1|O=S(=O)([N-]S(=O)(=O)C(F)(F)F)C(F)(F)F,-2.460409164428711,-2.158897876739502,4,12
CCCCNC(=O)Cn1cc[n+](CC)c1|O=S(=O)([N-]S(=O)(=O)C(F)(F)F)C(F)(F)F,-2.2018351554870605,-1.9494872093200684,4,12
CCCCNC(=O)Cn1cc[n+](CC)c1|O=S(=O)([N-]S(=O)(=O)C(F)(F)F)C(F)(F)F,-1.9561625719070435,-1.7932207584381104,4,12
CCCCNC(=O)Cn1cc[n+](CC)c1|O=S(=O)([N-]S(=O)(=O)C(F)(F)F)C(F)(F)F,-1.7293481826782227,-1.6473238468170166,4,12
CCCCNC(=O)Cn1cc[n+](CC)c1|O=S(=O)([N-]S(=O)(=O)C(F)(F)F)C(F)(F)F,-1.5186835527420044,-1.5058190822601318,4,12
C=CC[N+](C)(C)CC|O=S(=O)([N-]S(=O)(=O)C(F)(F)F)C(F)(F)F,-1.0526833534240723,-1.2635263204574585,4,12
C=CC[N+](C)(C)CC|O=S(=O)([N-]S(=O)(=O)C(F)(F)F)C(F)(F)F,-0.8509712815284729,-1.0438312292099,4,12
C=CC[N+](C)(C)CC|O=S(=O)([N-]S(=O)(=O)C(F)(F)F)C(F)(F)F,-0.6713857054710388,-0.8724164366722107,4,12
C=CC[N+](C)(C)CC|O=S(=O)([N-]S(=O)(=O)C(F)(F)F)C(F)(F)F,-0.5091603398323059,-0.7270063161849976,4,12
C=CC[N+](C)(C)CC|O=S(=O)([N-]S(=O)(=O)C(F)(F)F)C(F)(F)F,-0.3509769141674042,-0.5952451229095459,4,12
C=CC[N+](C)(C)CC|O=S(=O)([N-]S(=O)(=O)C(F)(F)F)C(F)(F)F,-0.20456716418266296,-0.4841799736022949,4,12
C=CC[N+](C)(C)CC|O=S(=O)([N-]S(=O)(=O)C(F)(F)F)C(F)(F)F,-0.058688994497060776,-0.3745689392089844,4,12
C=CC[N+](C)(C)CC|O=S(=O)([N-]S(=O)(=O)C(F)(F)F)C(F)(F)F,0.07232066243886948,-0.26323676109313965,4,12
C=CC[N+](C)(C)CC|O=S(=O)([N-]S(=O)(=O)C(F)(F)F)C(F)(F)F,0.195566788315773,-0.16628944873809814,4,12
C=CC[N+](C)(C)CC|O=S(=O)([N-]S(=O)(=O)C(F)(F)F)C(F)(F)F,0.32353171706199646,-0.0703423023223877,4,12
C=CC[N+](C)(C)CC|O=S(=O)([N-]S(=O)(=O)C(F)(F)F)C(F)(F)F,0.4363175630569458,0.021056532859802246,4,12
C=CC[N+](C)(C)CC|O=S(=O)([N-]S(=O)(=O)C(F)(F)F)C(F)(F)F,0.5405786037445068,0.11379241943359375,4,12
CCCCCCCCn1cc[n+](C)c1|O=S(=O)([N-]S(=O)(=O)C(F)(F)F)C(F)(F)F,-4.237061023712158,-4.424180507659912,4,71
CCCCCCCCn1cc[n+](C)c1|O=S(=O)([N-]S(=O)(=O)C(F)(F)F)C(F)(F)F,-3.4577677249908447,-3.837149143218994,4,71
CCCCCCCCn1cc[n+](C)c1|O=S(=O)([N-]S(=O)(=O)C(F)(F)F)C(F)(F)F,-2.8117454051971436,-3.239807605743408,4,71
CCCCCCCCn1cc[n+](C)c1|O=S(=O)([N-]S(=O)(=O)C(F)(F)F)C(F)(F)F,-2.2672178745269775,-2.6069326400756836,4,71
CCCCCCCCn1cc[n+](C)c1|O=S(=O)([N-]S(=O)(=O)C(F)(F)F)C(F)(F)F,-1.8024160861968994,-2.0558338165283203,4,71
CCCCCCCCn1cc[n+](C)c1|O=S(=O)([N-]S(=O)(=O)C(F)(F)F)C(F)(F)F,-1.4003932476043701,-1.7138828039169312,4,71
CCCCCCCCn1cc[n+](C)c1|O=S(=O)([N-]S(=O)(=O)C(F)(F)F)C(F)(F)F,-1.0498220920562744,-1.4649310111999512,4,71
CCCCCCCCn1cc[n+](C)c1|O=S(=O)([N-]S(=O)(=O)C(F)(F)F)C(F)(F)F,-0.7402387857437134,-1.2175825834274292,4,71
CCCCCCCCn1cc[n+](C)c1|O=S(=O)([N-]S(=O)(=O)C(F)(F)F)C(F)(F)F,-0.2231435477733612,-0.8354045152664185,4,71
CCCCCCCCn1cc[n+](C)c1|O=S(=O)([N-]S(=O)(=O)C(F)(F)F)C(F)(F)F,-0.003004509024322033,-0.6744891405105591,4,71
CCCCCCCCn1cc[n+](C)c1|O=S(=O)([N-]S(=O)(=O)C(F)(F)F)C(F)(F)F,0.195566788315773,-0.5106974840164185,4,71
CCCCCC[n+]1ccn(C)c1|O=S(=O)([N-]S(=O)(=O)C(F)(F)F)C(F)(F)F,-3.5719857215881348,-4.140930652618408,4,173
CCCCCC[n+]1ccn(C)c1|O=S(=O)([N-]S(=O)(=O)C(F)(F)F)C(F)(F)F,-2.8404393196105957,-3.4976553916931152,4,173
CCCCCC[n+]1ccn(C)c1|O=S(=O)([N-]S(=O)(=O)C(F)(F)F)C(F)(F)F,-2.237734079360962,-2.8200998306274414,4,173
CCCCCC[n+]1ccn(C)c1|O=S(=O)([N-]S(=O)(=O)C(F)(F)F)C(F)(F)F,-1.7299120426177979,-2.165188789367676,4,173
CCCCCC[n+]1ccn(C)c1|O=S(=O)([N-]S(=O)(=O)C(F)(F)F)C(F)(F)F,-1.2982834577560425,-1.688600778579712,4,173
CCCCCC[n+]1ccn(C)c1|O=S(=O)([N-]S(=O)(=O)C(F)(F)F)C(F)(F)F,-0.9263410568237305,-1.3790267705917358,4,173
CCCCCC[n+]1ccn(C)c1|O=S(=O)([N-]S(=O)(=O)C(F)(F)F)C(F)(F)F,-0.6014800071716309,-1.093322515487671,4,173
CCCCCC[n+]1ccn(C)c1|O=S(=O)([N-]S(=O)(=O)C(F)(F)F)C(F)(F)F,-0.31471073627471924,-0.8450353145599365,4,173
CCCCCC[n+]1ccn(C)c1|O=S(=O)([N-]S(=O)(=O)C(F)(F)F)C(F)(F)F,-0.06293980032205582,-0.6199343204498291,4,173
CCCCCC[n+]1ccn(C)c1|O=S(=O)([N-]S(=O)(=O)C(F)(F)F)C(F)(F)F,0.16296882927417755,-0.4238487482070923,4,173
CCCCCC[n+]1ccn(C)c1|O=S(=O)([N-]S(=O)(=O)C(F)(F)F)C(F)(F)F,0.3653373122215271,-0.24907708168029785,4,173
CCCCCC[n+]1ccn(C)c1|O=S(=O)([N-]S(=O)(=O)C(F)(F)F)C(F)(F)F,0.5475432276725769,-0.08291506767272949,4,173
CC[n+]1ccn(C)c1|O=S(=O)([N-]S(=O)(=O)C(F)(F)F)C(F)(F)F,-4.509860038757324,-6.325750827789307,4,191
CC[n+]1ccn(C)c1|O=S(=O)([N-]S(=O)(=O)C(F)(F)F)C(F)(F)F,-3.9633162021636963,-5.729801177978516,4,191
CC[n+]1ccn(C)c1|O=S(=O)([N-]S(=O)(=O)C(F)(F)F)C(F)(F)F,-3.4737679958343506,-5.107454299926758,4,191
CC[n+]1ccn(C)c1|O=S(=O)([N-]S(=O)(=O)C(F)(F)F)C(F)(F)F,-3.057607650756836,-4.423104763031006,4,191
CC[n+]1ccn(C)c1|O=S(=O)([N-]S(=O)(=O)C(F)(F)F)C(F)(F)F,-2.6592600345611572,-3.6949462890625,4,191
CC[n+]1ccn(C)c1|O=S(=O)([N-]S(=O)(=O)C(F)(F)F)C(F)(F)F,-2.3126354217529297,-2.9744744300842285,4,191
CC[n+]1ccn(C)c1|O=S(=O)([N-]S(=O)(=O)C(F)(F)F)C(F)(F)F,-2.0024805068969727,-2.3155221939086914,4,191
CC[n+]1ccn(C)c1|O=S(=O)([N-]S(=O)(=O)C(F)(F)F)C(F)(F)F,-1.7203694581985474,-1.786456823348999,4,191
CC[n+]1ccn(C)c1|O=S(=O)([N-]S(=O)(=O)C(F)(F)F)C(F)(F)F,-1.4610179662704468,-1.415958046913147,4,191
CC[n+]1ccn(C)c1|O=S(=O)([N-]S(=O)(=O)C(F)(F)F)C(F)(F)F,-1.2241754531860352,-1.1656811237335205,4,191
CC[n+]1ccn(C)c1|O=S(=O)([N-]S(=O)(=O)C(F)(F)F)C(F)(F)F,-1.0078579187393188,-0.9369921088218689,4,191
CC[n+]1ccn(C)c1|O=S(=O)([N-]S(=O)(=O)C(F)(F)F)C(F)(F)F,-0.8051967024803162,-0.7371199727058411,4,191
C[n+]1ccn(CCCC#N)c1|O=S(=O)([O-])C(F)(F)F,-3.772261142730713,-3.3841309547424316,4,19
C[n+]1ccn(CCCC#N)c1|O=S(=O)([O-])C(F)(F)F,-3.381394863128662,-3.0328264236450195,4,19
C[n+]1ccn(CCCC#N)c1|O=S(=O)([O-])C(F)(F)F,-3.0365543365478516,-2.69645619392395,4,19
C[n+]1ccn(CCCC#N)c1|O=S(=O)([O-])C(F)(F)F,-2.7488722801208496,-2.3582935333251953,4,19
C[n+]1ccn(CCCC#N)c1|O=S(=O)([O-])C(F)(F)F,-2.488914728164673,-1.9988223314285278,4,19
C[n+]1ccn(CCCC#N)c1|O=S(=O)([O-])C(F)(F)F,-2.2443161010742188,-1.7207931280136108,4,19
C[n+]1ccn(CCCC#N)c1|O=S(=O)([O-])C(F)(F)F,-2.009915590286255,-1.5228980779647827,4,19
C[n+]1ccn(CCCC#N)c1|O=S(=O)([O-])C(F)(F)F,-1.7897614240646362,-1.3332730531692505,4,19
C[n+]1ccn(CCCC#N)c1|O=S(=O)([O-])C(F)(F)F,-1.5847452878952026,-1.1742686033248901,4,19
C[n+]1ccn(CCCC#N)c1|O=S(=O)([O-])C(F)(F)F,-1.3862943649291992,-1.0176286697387695,4,19
C[n+]1ccn(CCCC#N)c1|O=S(=O)([O-])C(F)(F)F,-1.2039728164672852,-0.8835838437080383,4,19
C[n+]1ccn(CCCC#N)c1|O=S(=O)([O-])C(F)(F)F,-1.0356374979019165,-0.7681331634521484,4,19
C[N+](C)(C)CCO|NCC(=O)[O-],-4.995254039764404,-5.991777420043945,4,12
C[N+](C)(C)CCO|NCC(=O)[O-],-4.565949440002441,-5.541443347930908,4,12
C[N+](C)(C)CCO|NCC(=O)[O-],-4.221269130706787,-5.09414005279541,4,12
C[N+](C)(C)CCO|NCC(=O)[O-],-3.81535005569458,-4.702314376831055,4,12
C[N+](C)(C)CCO|NCC(=O)[O-],-3.5332441329956055,-4.336569786071777,4,12
C[N+](C)(C)CCO|NCC(=O)[O-],-3.2493350505828857,-3.9603490829467773,4,12
C[N+](C)(C)CCO|NCC(=O)[O-],-3.0017502307891846,-3.5904462337493896,4,12
C[N+](C)(C)CCO|NCC(=O)[O-],-2.7985219955444336,-3.250601291656494,4,12
C[N+](C)(C)CCO|NCC(=O)[O-],-2.549765110015869,-2.927989959716797,4,12
C[N+](C)(C)CCO|NCC(=O)[O-],-2.3096096515655518,-2.6233925819396973,4,12
C[N+](C)(C)CCO|NCC(=O)[O-],-2.1045541763305664,-2.3640146255493164,4,12
C[N+](C)(C)CCO|NCC(=O)[O-],-1.8977868556976318,-2.1443533897399902,4,12
CCCC[n+]1ccccc1|O=S(=O)([N-]S(=O)(=O)C(F)(F)F)C(F)(F)F,-3.1700856685638428,-3.9437131881713867,4,105
CCCC[n+]1ccccc1|O=S(=O)([N-]S(=O)(=O)C(F)(F)F)C(F)(F)F,-2.441847085952759,-3.231964588165283,4,105
CCCC[n+]1ccccc1|O=S(=O)([N-]S(=O)(=O)C(F)(F)F)C(F)(F)F,-1.8451602458953857,-2.5396294593811035,4,105
CCCC[n+]1ccccc1|O=S(=O)([N-]S(=O)(=O)C(F)(F)F)C(F)(F)F,-1.3509272336959839,-1.8925954103469849,4,105
CCCC[n+]1ccccc1|O=S(=O)([N-]S(=O)(=O)C(F)(F)F)C(F)(F)F,-0.9314043521881104,-1.4431514739990234,4,105
CCCC[n+]1ccccc1|O=S(=O)([N-]S(=O)(=O)C(F)(F)F)C(F)(F)F,-0.5744756460189819,-1.073042869567871,4,105
CCCC[n+]1ccccc1|O=S(=O)([N-]S(=O)(=O)C(F)(F)F)C(F)(F)F,-0.265268474817276,-0.7799198031425476,4,105
CCCC[n+]1ccccc1|O=S(=O)([N-]S(=O)(=O)C(F)(F)F)C(F)(F)F,0.00498754158616066,-0.5516165494918823,4,105
CCCC[n+]1ccccc1|O=S(=O)([N-]S(=O)(=O)C(F)(F)F)C(F)(F)F,0.24294617772102356,-0.3363128900527954,4,105
CCCC[n+]1ccccc1|O=S(=O)([N-]S(=O)(=O)C(F)(F)F)C(F)(F)F,0.45425528287887573,-0.13294625282287598,4,105
CCCC[n+]1ccccc1|O=S(=O)([N-]S(=O)(=O)C(F)(F)F)C(F)(F)F,0.6429059505462646,0.050666213035583496,4,105
CCCC[n+]1ccccc1|O=S(=O)([N-]S(=O)(=O)C(F)(F)F)C(F)(F)F,0.8127064108848572,0.230507493019104,4,105
CC[n+]1ccn(C)c1|O=S(=O)([N-]S(=O)(=O)C(F)(F)F)C(F)(F)F,-1.070024847984314,-2.3155221939086914,4,191
CC[n+]1ccn(C)c1|O=S(=O)([N-]S(=O)(=O)C(F)(F)F)C(F)(F)F,-0.839329719543457,-1.786456823348999,4,191
CC[n+]1ccn(C)c1|O=S(=O)([N-]S(=O)(=O)C(F)(F)F)C(F)(F)F,-0.6273594498634338,-1.415958046913147,4,191
CC[n+]1ccn(C)c1|O=S(=O)([N-]S(=O)(=O)C(F)(F)F)C(F)(F)F,-0.4369557797908783,-1.1656811237335205,4,191
CC[n+]1ccn(C)c1|O=S(=O)([N-]S(=O)(=O)C(F)(F)F)C(F)(F)F,-0.2561834156513214,-0.9369921088218689,4,191
CC[n+]1ccn(C)c1|O=S(=O)([N-]S(=O)(=O)C(F)(F)F)C(F)(F)F,-0.09321238100528717,-0.7371199727058411,4,191
CC[n+]1ccn(C)c1|O=S(=O)([N-]S(=O)(=O)C(F)(F)F)C(F)(F)F,0.06109509989619255,-0.5756690502166748,4,191
CC[n+]1ccn(C)c1|O=S(=O)([N-]S(=O)(=O)C(F)(F)F)C(F)(F)F,0.33504265546798706,-0.2924462556838989,4,191
CC[n+]1ccn(C)c1|O=S(=O)([N-]S(=O)(=O)C(F)(F)F)C(F)(F)F,0.5738004446029663,-0.037824153900146484,4,191
CC[n+]1ccn(C)c1|O=S(=O)([N-]S(=O)(=O)C(F)(F)F)C(F)(F)F,0.7825307250022888,0.19740617275238037,4,191
CC[n+]1ccn(C)c1|O=S(=O)([N-]S(=O)(=O)C(F)(F)F)C(F)(F)F,0.9662231206893921,0.3850749731063843,4,191
CC[n+]1ccn(C)c1|O=S(=O)([N-]S(=O)(=O)C(F)(F)F)C(F)(F)F,1.134944200515747,0.563207745552063,4,191
CC[n+]1ccn(C)c1|O=S(=O)([N-]S(=O)(=O)C(F)(F)F)C(F)(F)F,-2.6521425247192383,-5.729801177978516,4,191
CC[n+]1ccn(C)c1|O=S(=O)([N-]S(=O)(=O)C(F)(F)F)C(F)(F)F,-1.9139270782470703,-4.423104763031006,4,191
CC[n+]1ccn(C)c1|O=S(=O)([N-]S(=O)(=O)C(F)(F)F)C(F)(F)F,-1.3201321363449097,-2.9744744300842285,4,191
CC[n+]1ccn(C)c1|O=S(=O)([N-]S(=O)(=O)C(F)(F)F)C(F)(F)F,-0.8330991268157959,-1.786456823348999,4,191
CC[n+]1ccn(C)c1|O=S(=O)([N-]S(=O)(=O)C(F)(F)F)C(F)(F)F,-0.42679089307785034,-1.1656811237335205,4,191
CC[n+]1ccn(C)c1|O=S(=O)([N-]S(=O)(=O)C(F)(F)F)C(F)(F)F,-0.0822952464222908,-0.7371199727058411,4,191
CC[n+]1ccn(C)c1|O=S(=O)([N-]S(=O)(=O)C(F)(F)F)C(F)(F)F,0.07101748883724213,-0.5756690502166748,4,191
CC[n+]1ccn(C)c1|O=S(=O)([N-]S(=O)(=O)C(F)(F)F)C(F)(F)F,0.34635183215141296,-0.2924462556838989,4,191
CC[n+]1ccn(C)c1|O=S(=O)([N-]S(=O)(=O)C(F)(F)F)C(F)(F)F,0.5871753692626953,-0.037824153900146484,4,191
CC[n+]1ccn(C)c1|O=S(=O)([N-]S(=O)(=O)C(F)(F)F)C(F)(F)F,0.7994872331619263,0.19740617275238037,4,191
CC[n+]1ccn(C)c1|O=S(=O)([N-]S(=O)(=O)C(F)(F)F)C(F)(F)F,0.9890577793121338,0.3850749731063843,4,191
CC[n+]1ccn(C)c1|O=S(=O)([N-]S(=O)(=O)C(F)(F)F)C(F)(F)F,1.1597074270248413,0.563207745552063,4,191
CC[n+]1ccn(C)c1|[Br-],-2.1715569496154785,-1.2320971488952637,4,95
CC[n+]1ccn(C)c1|[Br-],-1.9379420280456543,-0.45757222175598145,4,95
CC[n+]1ccn(C)c1|[Br-],-1.8904753923416138,-0.22148633003234863,4,95
CC[n+]1ccn(C)c1|[Br-],-1.8325815200805664,-0.13977587223052979,4,95
CC[n+]1ccn(C)c1|[Br-],-1.6094379425048828,0.10410952568054199,4,95
CC[n+]1ccn(C)c1|[Br-],-0.6033064723014832,0.3357023000717163,4,95
CC[n+]1ccn(C)c1|[Br-],-0.3106095790863037,0.5411509275436401,4,95
CC[n+]1ccn(C)c1|[Br-],-0.0100503358989954,0.7068227529525757,4,95
CC[n+]1ccn(C)c1|[Br-],0.03922071307897568,0.8673461675643921,4,95
CC[n+]1ccn(C)c1|[Br-],0.2776317298412323,1.0891274213790894,4,95
CC[n+]1ccn(C)c1|[Br-],0.5596157908439636,1.2548309564590454,4,95
CCCCn1cc[n+](C)c1.CCCCn1cc[n+](C)c1|S=C=N[Co-2](N=C=S)(N=C=S)N=C=S,-4.115364074707031,-3.675719976425171,4,21
CCCCn1cc[n+](C)c1.CCCCn1cc[n+](C)c1|S=C=N[Co-2](N=C=S)(N=C=S)N=C=S,-3.586322784423828,-3.3019168376922607,4,21
CCCCn1cc[n+](C)c1.CCCCn1cc[n+](C)c1|S=C=N[Co-2](N=C=S)(N=C=S)N=C=S,-2.7287633419036865,-2.5751442909240723,4,21
CCCCn1cc[n+](C)c1.CCCCn1cc[n+](C)c1|S=C=N[Co-2](N=C=S)(N=C=S)N=C=S,-2.018158197402954,-2.029081106185913,4,21
CCCCn1cc[n+](C)c1.CCCCn1cc[n+](C)c1|S=C=N[Co-2](N=C=S)(N=C=S)N=C=S,-1.4354846477508545,-1.621265172958374,4,21
CCCCn1cc[n+](C)c1.CCCCn1cc[n+](C)c1|S=C=N[Co-2](N=C=S)(N=C=S)N=C=S,-0.9137938618659973,-1.227476716041565,4,21
CCCCn1cc[n+](C)c1.CCCCn1cc[n+](C)c1|S=C=N[Co-2](N=C=S)(N=C=S)N=C=S,-0.5074978470802307,-0.9265832901000977,4,21
CCCCn1cc[n+](C)c1.CCCCn1cc[n+](C)c1|S=C=N[Co-2](N=C=S)(N=C=S)N=C=S,-0.15665380656719208,-0.7272365689277649,4,21
CCCCn1cc[n+](C)c1.CCCCn1cc[n+](C)c1|S=C=N[Co-2](N=C=S)(N=C=S)N=C=S,0.13976193964481354,-0.5468860864639282,4,21
CCCCn1cc[n+](C)c1.CCCCn1cc[n+](C)c1|S=C=N[Co-2](N=C=S)(N=C=S)N=C=S,0.39743292331695557,-0.3655432462692261,4,21
CCCCn1cc[n+](C)c1.CCCCn1cc[n+](C)c1|S=C=N[Co-2](N=C=S)(N=C=S)N=C=S,0.6216511726379395,-0.18407166004180908,4,21
Cn1cc[n+](CCC[n+]2ccn(C)c2)c1|O=S(=O)([N-]S(=O)(=O)C(F)(F)F)C(F)(F)F.O=S(=O)([N-]S(=O)(=O)C(F)(F)F)C(F)(F)F,-3.123565673828125,-1.7369557619094849,4,12
Cn1cc[n+](CCC[n+]2ccn(C)c2)c1|O=S(=O)([N-]S(=O)(=O)C(F)(F)F)C(F)(F)F.O=S(=O)([N-]S(=O)(=O)C(F)(F)F)C(F)(F)F,-2.631089210510254,-1.548410177230835,4,12
Cn1cc[n+](CCC[n+]2ccn(C)c2)c1|O=S(=O)([N-]S(=O)(=O)C(F)(F)F)C(F)(F)F.O=S(=O)([N-]S(=O)(=O)C(F)(F)F)C(F)(F)F,-2.3227877616882324,-1.3562358617782593,4,12
Cn1cc[n+](CCC[n+]2ccn(C)c2)c1|O=S(=O)([N-]S(=O)(=O)C(F)(F)F)C(F)(F)F.O=S(=O)([N-]S(=O)(=O)C(F)(F)F)C(F)(F)F,-2.032557964324951,-1.1921329498291016,4,12
Cn1cc[n+](CCC[n+]2ccn(C)c2)c1|O=S(=O)([N-]S(=O)(=O)C(F)(F)F)C(F)(F)F.O=S(=O)([N-]S(=O)(=O)C(F)(F)F)C(F)(F)F,-1.7897614240646362,-1.0374364852905273,4,12
Cn1cc[n+](CCC[n+]2ccn(C)c2)c1|O=S(=O)([N-]S(=O)(=O)C(F)(F)F)C(F)(F)F.O=S(=O)([N-]S(=O)(=O)C(F)(F)F)C(F)(F)F,-1.5896352529525757,-0.8885653614997864,4,12
Cn1cc[n+](CCC[n+]2ccn(C)c2)c1|O=S(=O)([N-]S(=O)(=O)C(F)(F)F)C(F)(F)F.O=S(=O)([N-]S(=O)(=O)C(F)(F)F)C(F)(F)F,-1.3625777959823608,-0.7677584886550903,4,12
Cn1cc[n+](CCC[n+]2ccn(C)c2)c1|O=S(=O)([N-]S(=O)(=O)C(F)(F)F)C(F)(F)F.O=S(=O)([N-]S(=O)(=O)C(F)(F)F)C(F)(F)F,-1.187443494796753,-0.6582286357879639,4,12
Cn1cc[n+](CCC[n+]2ccn(C)c2)c1|O=S(=O)([N-]S(=O)(=O)C(F)(F)F)C(F)(F)F.O=S(=O)([N-]S(=O)(=O)C(F)(F)F)C(F)(F)F,-0.9808292388916016,-0.5499881505966187,4,12
Cn1cc[n+](CCC[n+]2ccn(C)c2)c1|O=S(=O)([N-]S(=O)(=O)C(F)(F)F)C(F)(F)F.O=S(=O)([N-]S(=O)(=O)C(F)(F)F)C(F)(F)F,-0.8486320972442627,-0.4429858922958374,4,12
Cn1cc[n+](CCC[n+]2ccn(C)c2)c1|O=S(=O)([N-]S(=O)(=O)C(F)(F)F)C(F)(F)F.O=S(=O)([N-]S(=O)(=O)C(F)(F)F)C(F)(F)F,-0.7486599087715149,-0.32936859130859375,4,12
Cn1cc[n+](CCC[n+]2ccn(C)c2)c1|O=S(=O)([N-]S(=O)(=O)C(F)(F)F)C(F)(F)F.O=S(=O)([N-]S(=O)(=O)C(F)(F)F)C(F)(F)F,-0.6443570256233215,-0.210809588432312,4,12
CC[n+]1ccn(C)c1|CCCCCCCCCCOS(=O)(=O)[O-],-3.2339894771575928,-3.0885367393493652,4,23
CC[n+]1ccn(C)c1|CCCCCCCCCCOS(=O)(=O)[O-],-2.941244125366211,-2.8649754524230957,4,23
CC[n+]1ccn(C)c1|CCCCCCCCCCOS(=O)(=O)[O-],-2.6838455200195312,-2.689751148223877,4,23
CC[n+]1ccn(C)c1|CCCCCCCCCCOS(=O)(=O)[O-],-2.6693103313446045,-2.689751148223877,4,23
CC[n+]1ccn(C)c1|CCCCCCCCCCOS(=O)(=O)[O-],-2.4224953651428223,-2.5146632194519043,4,23
CC[n+]1ccn(C)c1|CCCCCCCCCCOS(=O)(=O)[O-],-1.980501651763916,-2.199352264404297,4,23
CC[n+]1ccn(C)c1|CCCCCCCCCCOS(=O)(=O)[O-],-1.599487543106079,-1.9357954263687134,4,23
CC[n+]1ccn(C)c1|CCCCCCCCCCOS(=O)(=O)[O-],-1.2275826930999756,-1.6894820928573608,4,23
CC[n+]1ccn(C)c1|CCCCCCCCCCOS(=O)(=O)[O-],-0.9339456558227539,-1.4326605796813965,4,23
CC[n+]1ccn(C)c1|CCCCCCCCCCOS(=O)(=O)[O-],-0.6733445525169373,-1.2064900398254395,4,23
CC[n+]1ccn(C)c1|CCCCCCCCCCOS(=O)(=O)[O-],-0.4478508234024048,-1.0129432678222656,4,23
CCCC[n+]1ccn(C)c1|F[Sb-](F)(F)(F)(F)F,-1.5141277313232422,-2.6451416015625,4,11
CCCC[n+]1ccn(C)c1|F[Sb-](F)(F)(F)(F)F,-1.2982834577560425,-2.177690029144287,4,11
CCCC[n+]1ccn(C)c1|F[Sb-](F)(F)(F)(F)F,-1.1147416830062866,-1.8220890760421753,4,11
CCCC[n+]1ccn(C)c1|F[Sb-](F)(F)(F)(F)F,-0.972861111164093,-1.6177889108657837,4,11
CCCC[n+]1ccn(C)c1|F[Sb-](F)(F)(F)(F)F,-0.7852624654769897,-1.425177812576294,4,11
CCCC[n+]1ccn(C)c1|F[Sb-](F)(F)(F)(F)F,-0.6161861419677734,-1.253691554069519,4,11
CCCC[n+]1ccn(C)c1|F[Sb-](F)(F)(F)(F)F,-0.4764241874217987,-1.103412389755249,4,11
CCCC[n+]1ccn(C)c1|F[Sb-](F)(F)(F)(F)F,-0.3453111946582794,-0.9698120951652527,4,11
CCCC[n+]1ccn(C)c1|F[Sb-](F)(F)(F)(F)F,-0.08773891627788544,-0.8394663333892822,4,11
CCCC[n+]1ccn(C)c1|F[Sb-](F)(F)(F)(F)F,0.0305292047560215,-0.723965048789978,4,11
CCCC[n+]1ccn(C)c1|F[Sb-](F)(F)(F)(F)F,0.1275133192539215,-0.6057939529418945,4,11
CCCC[n+]1ccn(C)c1|N#C[S-],-1.6777167320251465,-2.6088547706604004,4,30
CCCC[n+]1ccn(C)c1|N#C[S-],-1.3167682886123657,-1.9741748571395874,4,30
CCCC[n+]1ccn(C)c1|N#C[S-],-0.7874578833580017,-1.2503917217254639,4,30
CCCC[n+]1ccn(C)c1|N#C[S-],-0.35810452699661255,-0.7292720079421997,4,30
CCCC[n+]1ccn(C)c1|N#C[S-],0.03536714240908623,-0.3648155927658081,4,30
CCCC[n+]1ccn(C)c1|N#C[S-],0.3541718125343323,-0.07324779033660889,4,30
CCCC[n+]1ccn(C)c1|N#C[S-],0.630207359790802,0.1887516975402832,4,30
CCCC[n+]1ccn(C)c1|N#C[S-],0.8628899455070496,0.39231908321380615,4,30
CCCC[n+]1ccn(C)c1|N#C[S-],1.0952733755111694,0.5695801973342896,4,30
CCCC[n+]1ccn(C)c1|N#C[S-],1.2753628492355347,0.7451173067092896,4,30
CCCC[n+]1ccn(C)c1|N#C[S-],1.4374626874923706,0.9211767911911011,4,30
CCCCCCC[N+](CC)(CC)CC|O=S(=O)([N-]S(=O)(=O)C(F)(F)F)C(F)(F)F,-2.4534080028533936,-2.7340354919433594,4,12
CCCCCCC[N+](CC)(CC)CC|O=S(=O)([N-]S(=O)(=O)C(F)(F)F)C(F)(F)F,-2.207274913787842,-2.5203940868377686,4,12
CCCCCCC[N+](CC)(CC)CC|O=S(=O)([N-]S(=O)(=O)C(F)(F)F)C(F)(F)F,-1.9105429649353027,-2.278998613357544,4,12
CCCCCCC[N+](CC)(CC)CC|O=S(=O)([N-]S(=O)(=O)C(F)(F)F)C(F)(F)F,-1.6928194761276245,-2.0596559047698975,4,12
CCCCCCC[N+](CC)(CC)CC|O=S(=O)([N-]S(=O)(=O)C(F)(F)F)C(F)(F)F,-1.4784096479415894,-1.8289870023727417,4,12
CCCCCCC[N+](CC)(CC)CC|O=S(=O)([N-]S(=O)(=O)C(F)(F)F)C(F)(F)F,-1.2909841537475586,-1.6259353160858154,4,12
CCCCCCC[N+](CC)(CC)CC|O=S(=O)([N-]S(=O)(=O)C(F)(F)F)C(F)(F)F,-1.0161110162734985,-1.4491275548934937,4,12
CCCCCCC[N+](CC)(CC)CC|O=S(=O)([N-]S(=O)(=O)C(F)(F)F)C(F)(F)F,-0.25877073407173157,-0.91020268201828,4,12
CCCCCCC[N+](CC)(CC)CC|O=S(=O)([N-]S(=O)(=O)C(F)(F)F)C(F)(F)F,0.279145747423172,-0.5930773019790649,4,12
CCCCCCC[N+](CC)(CC)CC|O=S(=O)([N-]S(=O)(=O)C(F)(F)F)C(F)(F)F,0.6871290802955627,-0.17475354671478271,4,12
CCCCCCC[N+](CC)(CC)CC|O=S(=O)([N-]S(=O)(=O)C(F)(F)F)C(F)(F)F,0.7246458530426025,-0.11711585521697998,4,12
CC[N+](C)(CC)CCOC|F[B-](F)(F)C(F)(F)F,-3.8167128562927246,-5.362037181854248,4,12
CC[N+](C)(CC)CCOC|F[B-](F)(F)C(F)(F)F,-3.049133062362671,-4.5754828453063965,4,12
CC[N+](C)(CC)CCOC|F[B-](F)(F)C(F)(F)F,-2.4112844467163086,-3.816922664642334,4,12
CC[N+](C)(CC)CCOC|F[B-](F)(F)C(F)(F)F,-1.8578993082046509,-3.0309009552001953,4,12
CC[N+](C)(CC)CCOC|F[B-](F)(F)C(F)(F)F,-1.3903024196624756,-2.2613778114318848,4,12
CC[N+](C)(CC)CCOC|F[B-](F)(F)C(F)(F)F,-0.9861768484115601,-1.6784659624099731,4,12
CC[N+](C)(CC)CCOC|F[B-](F)(F)C(F)(F)F,-0.6348782777786255,-1.27019202709198,4,12
CC[N+](C)(CC)CCOC|F[B-](F)(F)C(F)(F)F,-0.3285040557384491,-0.9349175691604614,4,12
CC[N+](C)(CC)CCOC|F[B-](F)(F)C(F)(F)F,-0.06507200002670288,-0.7046102285385132,4,12
CC[N+](C)(CC)CCOC|F[B-](F)(F)C(F)(F)F,0.14842000603675842,-0.49892163276672363,4,12
CC[N+](C)(CC)CCOC|F[B-](F)(F)C(F)(F)F,0.3506568670272827,-0.291074275970459,4,12
CCCC[n+]1ccn(C)c1|O=C([O-])C(F)(F)F,-0.7874578833580017,-1.5435349941253662,4,36
CCCC[n+]1ccn(C)c1|O=C([O-])C(F)(F)F,-0.6033064723014832,-1.3205788135528564,4,36
CCCC[n+]1ccn(C)c1|O=C([O-])C(F)(F)F,-0.4200712740421295,-1.1197047233581543,4,36
CCCC[n+]1ccn(C)c1|O=C([O-])C(F)(F)F,-0.24590054154396057,-0.9310263395309448,4,36
CCCC[n+]1ccn(C)c1|O=C([O-])C(F)(F)F,-0.08338160812854767,-0.7703743577003479,4,36
CCCC[n+]1ccn(C)c1|O=C([O-])C(F)(F)F,0.04879016429185867,-0.6315021514892578,4,36
CCCC[n+]1ccn(C)c1|O=C([O-])C(F)(F)F,0.1988508552312851,-0.49517881870269775,4,36
CCCC[n+]1ccn(C)c1|O=C([O-])C(F)(F)F,0.3220835030078888,-0.37124502658843994,4,36
CCCC[n+]1ccn(C)c1|O=C([O-])C(F)(F)F,0.44468581676483154,-0.25870954990386963,4,36
CCCC[n+]1ccn(C)c1|O=C([O-])C(F)(F)F,0.5596157908439636,-0.1486266851425171,4,36
CCCC[n+]1ccn(C)c1|O=C([O-])C(F)(F)F,0.6575199961662292,-0.045961976051330566,4,36
CC[n+]1ccn(C)c1|O=S(=O)([N-]S(=O)(=O)C(F)(F)F)C(F)(F)F,-0.6180397272109985,-1.3888605833053589,4,191
CC[n+]1ccn(C)c1|O=S(=O)([N-]S(=O)(=O)C(F)(F)F)C(F)(F)F,-0.42312005162239075,-1.1488206386566162,4,191
CC[n+]1ccn(C)c1|O=S(=O)([N-]S(=O)(=O)C(F)(F)F)C(F)(F)F,-0.24590054154396057,-0.9256845116615295,4,191
CC[n+]1ccn(C)c1|O=S(=O)([N-]S(=O)(=O)C(F)(F)F)C(F)(F)F,-0.08121005445718765,-0.7325201630592346,4,191
CC[n+]1ccn(C)c1|O=S(=O)([N-]S(=O)(=O)C(F)(F)F)C(F)(F)F,0.07045846432447433,-0.5744287967681885,4,191
CC[n+]1ccn(C)c1|O=S(=O)([N-]S(=O)(=O)C(F)(F)F)C(F)(F)F,0.21220393478870392,-0.4311869144439697,4,191
CC[n+]1ccn(C)c1|O=S(=O)([N-]S(=O)(=O)C(F)(F)F)C(F)(F)F,0.3445112705230713,-0.29648149013519287,4,191
CC[n+]1ccn(C)c1|O=S(=O)([N-]S(=O)(=O)C(F)(F)F)C(F)(F)F,0.4683147072792053,-0.16998755931854248,4,191
CC[n+]1ccn(C)c1|O=S(=O)([N-]S(=O)(=O)C(F)(F)F)C(F)(F)F,0.5840575098991394,-0.04641306400299072,4,191
CC[n+]1ccn(C)c1|O=S(=O)([N-]S(=O)(=O)C(F)(F)F)C(F)(F)F,0.6954944133758545,0.07236456871032715,4,191
CC[n+]1ccn(C)c1|O=S(=O)([N-]S(=O)(=O)C(F)(F)F)C(F)(F)F,0.7972819209098816,0.18529927730560303,4,191
CCCCCCCCn1cc[n+](C)c1|O=S(=O)([N-]S(=O)(=O)C(F)(F)F)C(F)(F)F,-2.801811695098877,-3.20932674407959,4,71
CCCCCCCCn1cc[n+](C)c1|O=S(=O)([N-]S(=O)(=O)C(F)(F)F)C(F)(F)F,-2.518256664276123,-2.9085984230041504,4,71
CCCCCCCCn1cc[n+](C)c1|O=S(=O)([N-]S(=O)(=O)C(F)(F)F)C(F)(F)F,-2.2566561698913574,-2.589799404144287,4,71
CCCCCCCCn1cc[n+](C)c1|O=S(=O)([N-]S(=O)(=O)C(F)(F)F)C(F)(F)F,-2.0129051208496094,-2.2822258472442627,4,71
CCCCCCCCn1cc[n+](C)c1|O=S(=O)([N-]S(=O)(=O)C(F)(F)F)C(F)(F)F,-1.7873691320419312,-2.053269624710083,4,71
CCCCCCCCn1cc[n+](C)c1|O=S(=O)([N-]S(=O)(=O)C(F)(F)F)C(F)(F)F,-1.577454924583435,-1.8572618961334229,4,71
CCCCCCCCn1cc[n+](C)c1|O=S(=O)([N-]S(=O)(=O)C(F)(F)F)C(F)(F)F,-1.3815058469772339,-1.7171554565429688,4,71
CCCCCCCCn1cc[n+](C)c1|O=S(=O)([N-]S(=O)(=O)C(F)(F)F)C(F)(F)F,-1.19898521900177,-1.5961085557937622,4,71
CCCCCCCCn1cc[n+](C)c1|O=S(=O)([N-]S(=O)(=O)C(F)(F)F)C(F)(F)F,-1.0272222757339478,-1.472550630569458,4,71
CCCCCCCCn1cc[n+](C)c1|O=S(=O)([N-]S(=O)(=O)C(F)(F)F)C(F)(F)F,-0.8698843717575073,-1.3478915691375732,4,71
CCCCCCCCn1cc[n+](C)c1|O=S(=O)([N-]S(=O)(=O)C(F)(F)F)C(F)(F)F,-0.719491183757782,-1.2302753925323486,4,71
CCCCn1cc[n+](C)c1|Fc1ccccc1[B-](F)(F)F,-1.6660082340240479,-2.19036602973938,4,11
CCCCn1cc[n+](C)c1|Fc1ccccc1[B-](F)(F)F,-1.4439234733581543,-1.8390429019927979,4,11
CCCCn1cc[n+](C)c1|Fc1ccccc1[B-](F)(F)F,-1.2344319820404053,-1.5039141178131104,4,11
CCCCn1cc[n+](C)c1|Fc1ccccc1[B-](F)(F)F,-1.0106014013290405,-1.2500334978103638,4,11
CCCCn1cc[n+](C)c1|Fc1ccccc1[B-](F)(F)F,-0.8439700603485107,-1.0172559022903442,4,11
CCCCn1cc[n+](C)c1|Fc1ccccc1[B-](F)(F)F,-0.6198967099189758,-0.8519871234893799,4,11
CCCCn1cc[n+](C)c1|Fc1ccccc1[B-](F)(F)F,-0.37687766551971436,-0.7023711204528809,4,11
CCCCn1cc[n+](C)c1|Fc1ccccc1[B-](F)(F)F,-0.26396554708480835,-0.5735815763473511,4,11
CCCCn1cc[n+](C)c1|Fc1ccccc1[B-](F)(F)F,-0.058688994497060776,-0.45769500732421875,4,11
CCCCn1cc[n+](C)c1|Fc1ccccc1[B-](F)(F)F,0.05354076623916626,-0.3372455835342407,4,11
CCCCn1cc[n+](C)c1|Fc1ccccc1[B-](F)(F)F,0.22234323620796204,-0.21190500259399414,4,11
CCCCCC[n+]1ccn(C)c1|F[B-](F)(F)F,-3.011861562728882,-3.583249568939209,4,64
CCCCCC[n+]1ccn(C)c1|F[B-](F)(F)F,-2.676551580429077,-3.0860238075256348,4,64
CCCCCC[n+]1ccn(C)c1|F[B-](F)(F)F,-2.3665904998779297,-2.5991148948669434,4,64
CCCCCC[n+]1ccn(C)c1|F[B-](F)(F)F,-2.0778427124023438,-2.179142713546753,4,64
CCCCCC[n+]1ccn(C)c1|F[B-](F)(F)F,-1.809109091758728,-1.8541395664215088,4,64
CCCCCC[n+]1ccn(C)c1|F[B-](F)(F)F,-1.5587447881698608,-1.6032179594039917,4,64
CCCCCC[n+]1ccn(C)c1|F[B-](F)(F)F,-1.325011134147644,-1.37972092628479,4,64
CCCCCC[n+]1ccn(C)c1|F[B-](F)(F)F,-1.1065436601638794,-1.1533915996551514,4,64
CCCCCC[n+]1ccn(C)c1|F[B-](F)(F)F,-0.9014021158218384,-1.0123207569122314,4,64
CCCCCC[n+]1ccn(C)c1|F[B-](F)(F)F,-0.709276556968689,-0.8486315011978149,4,64
CCCCCC[n+]1ccn(C)c1|F[B-](F)(F)F,-0.5293291211128235,-0.6906015872955322,4,64
CCCCn1cc[n+](C)c1|FC(F)(F)C(F)(F)[P-](F)(F)(F)(C(F)(F)C(F)(F)F)C(F)(F)C(F)(F)F,-1.9282667636871338,-2.252455472946167,4,11
CCCCn1cc[n+](C)c1|FC(F)(F)C(F)(F)[P-](F)(F)(F)(C(F)(F)C(F)(F)F)C(F)(F)C(F)(F)F,-1.6660082340240479,-1.9850400686264038,4,11
CCCCn1cc[n+](C)c1|FC(F)(F)C(F)(F)[P-](F)(F)(F)(C(F)(F)C(F)(F)F)C(F)(F)C(F)(F)F,-1.4258670806884766,-1.7599904537200928,4,11
CCCCn1cc[n+](C)c1|FC(F)(F)C(F)(F)[P-](F)(F)(F)(C(F)(F)C(F)(F)F)C(F)(F)C(F)(F)F,-1.2043062448501587,-1.5696467161178589,4,11
CCCCn1cc[n+](C)c1|FC(F)(F)C(F)(F)[P-](F)(F)(F)(C(F)(F)C(F)(F)F)C(F)(F)C(F)(F)F,-0.9996723532676697,-1.4069007635116577,4,11
CCCCn1cc[n+](C)c1|FC(F)(F)C(F)(F)[P-](F)(F)(F)(C(F)(F)C(F)(F)F)C(F)(F)C(F)(F)F,-0.8096809983253479,-1.2453556060791016,4,11
CCCCn1cc[n+](C)c1|FC(F)(F)C(F)(F)[P-](F)(F)(F)(C(F)(F)C(F)(F)F)C(F)(F)C(F)(F)F,-0.6348782777786255,-1.0897711515426636,4,11
CCCCn1cc[n+](C)c1|FC(F)(F)C(F)(F)[P-](F)(F)(F)(C(F)(F)C(F)(F)F)C(F)(F)C(F)(F)F,-0.4732087552547455,-0.9651147723197937,4,11
CCCCn1cc[n+](C)c1|FC(F)(F)C(F)(F)[P-](F)(F)(F)(C(F)(F)C(F)(F)F)C(F)(F)C(F)(F)F,-0.32434606552124023,-0.8573310375213623,4,11
CCCCn1cc[n+](C)c1|FC(F)(F)C(F)(F)[P-](F)(F)(F)(C(F)(F)C(F)(F)F)C(F)(F)C(F)(F)F,-0.18392284214496613,-0.756231427192688,4,11
CCCCn1cc[n+](C)c1|FC(F)(F)C(F)(F)[P-](F)(F)(F)(C(F)(F)C(F)(F)F)C(F)(F)C(F)(F)F,-0.05234647914767265,-0.6788234710693359,4,11
CCCCCC[n+]1ccn(C)c1|O=S(=O)([N-]S(=O)(=O)C(F)(F)F)C(F)(F)F,-2.241489887237549,-2.7915663719177246,4,173
CCCCCC[n+]1ccn(C)c1|O=S(=O)([N-]S(=O)(=O)C(F)(F)F)C(F)(F)F,-1.9747211933135986,-2.460721969604492,4,173
CCCCCC[n+]1ccn(C)c1|O=S(=O)([N-]S(=O)(=O)C(F)(F)F)C(F)(F)F,-1.7299120426177979,-2.1553800106048584,4,173
CCCCCC[n+]1ccn(C)c1|O=S(=O)([N-]S(=O)(=O)C(F)(F)F)C(F)(F)F,-1.5032776594161987,-1.8941301107406616,4,173
CCCCCC[n+]1ccn(C)c1|O=S(=O)([N-]S(=O)(=O)C(F)(F)F)C(F)(F)F,-1.2928040027618408,-1.688974142074585,4,173
CCCCCC[n+]1ccn(C)c1|O=S(=O)([N-]S(=O)(=O)C(F)(F)F)C(F)(F)F,-1.0966142416000366,-1.5263793468475342,4,173
CCCCCC[n+]1ccn(C)c1|O=S(=O)([N-]S(=O)(=O)C(F)(F)F)C(F)(F)F,-0.9162907600402832,-1.35513174533844,4,173
CCCCCC[n+]1ccn(C)c1|O=S(=O)([N-]S(=O)(=O)C(F)(F)F)C(F)(F)F,-0.7486599087715149,-1.2386462688446045,4,173
CCCCCC[n+]1ccn(C)c1|O=S(=O)([N-]S(=O)(=O)C(F)(F)F)C(F)(F)F,-0.5905905961990356,-1.1033611297607422,4,173
CCCCCC[n+]1ccn(C)c1|O=S(=O)([N-]S(=O)(=O)C(F)(F)F)C(F)(F)F,-0.44316697120666504,-0.9766806960105896,4,173
CCCCCC[n+]1ccn(C)c1|O=S(=O)([N-]S(=O)(=O)C(F)(F)F)C(F)(F)F,-0.30516737699508667,-0.8596596121788025,4,173
CC[n+]1ccn(C)c1|O=S(=O)([N-]S(=O)(=O)C(F)(F)F)C(F)(F)F,-1.5837701559066772,-3.6949462890625,4,191
CC[n+]1ccn(C)c1|O=S(=O)([N-]S(=O)(=O)C(F)(F)F)C(F)(F)F,-1.0613164901733398,-2.3155221939086914,4,191
CC[n+]1ccn(C)c1|O=S(=O)([N-]S(=O)(=O)C(F)(F)F)C(F)(F)F,-0.6292338371276855,-1.415958046913147,4,191
CC[n+]1ccn(C)c1|O=S(=O)([N-]S(=O)(=O)C(F)(F)F)C(F)(F)F,-0.2626643180847168,-0.9369921088218689,4,191
CC[n+]1ccn(C)c1|O=S(=O)([N-]S(=O)(=O)C(F)(F)F)C(F)(F)F,0.05069311335682869,-0.5756690502166748,4,191
CC[n+]1ccn(C)c1|O=S(=O)([N-]S(=O)(=O)C(F)(F)F)C(F)(F)F,0.3206331729888916,-0.2924462556838989,4,191
CC[n+]1ccn(C)c1|O=S(=O)([N-]S(=O)(=O)C(F)(F)F)C(F)(F)F,0.5573274493217468,-0.037824153900146484,4,191
CC[n+]1ccn(C)c1|O=S(=O)([N-]S(=O)(=O)C(F)(F)F)C(F)(F)F,0.7659328579902649,0.19740617275238037,4,191
CC[n+]1ccn(C)c1|O=S(=O)([N-]S(=O)(=O)C(F)(F)F)C(F)(F)F,0.9508853554725647,0.3850749731063843,4,191
CC[n+]1ccn(C)c1|O=S(=O)([N-]S(=O)(=O)C(F)(F)F)C(F)(F)F,1.1161247491836548,0.563207745552063,4,191
CC[n+]1ccn(C)c1|O=S(=O)([N-]S(=O)(=O)C(F)(F)F)C(F)(F)F,1.2646915912628174,0.738676905632019,4,191
CC[n+]1ccn(C)c1|O=S(=O)([N-]S(=O)(=O)C(F)(F)F)C(F)(F)F,1.3989638090133667,0.9116467237472534,4,191
CCCCCCCCCn1cc[n+](C)c1|O=S(=O)([N-]S(=O)(=O)C(F)(F)F)C(F)(F)F,-3.040729522705078,-3.3556289672851562,4,11
CCCCCCCCCn1cc[n+](C)c1|O=S(=O)([N-]S(=O)(=O)C(F)(F)F)C(F)(F)F,-2.7504358291625977,-3.0779929161071777,4,11
CCCCCCCCCn1cc[n+](C)c1|O=S(=O)([N-]S(=O)(=O)C(F)(F)F)C(F)(F)F,-2.4817118644714355,-2.785837173461914,4,11
CCCCCCCCCn1cc[n+](C)c1|O=S(=O)([N-]S(=O)(=O)C(F)(F)F)C(F)(F)F,-2.2321267127990723,-2.477943181991577,4,11
CCCCCCCCCn1cc[n+](C)c1|O=S(=O)([N-]S(=O)(=O)C(F)(F)F)C(F)(F)F,-2.000260829925537,-2.2185513973236084,4,11
CCCCCCCCCn1cc[n+](C)c1|O=S(=O)([N-]S(=O)(=O)C(F)(F)F)C(F)(F)F,-1.7837913036346436,-2.01611065864563,4,11
CCCCCCCCCn1cc[n+](C)c1|O=S(=O)([N-]S(=O)(=O)C(F)(F)F)C(F)(F)F,-1.5827959775924683,-1.8371511697769165,4,11
CCCCCCCCCn1cc[n+](C)c1|O=S(=O)([N-]S(=O)(=O)C(F)(F)F)C(F)(F)F,-1.3947298526763916,-1.7191860675811768,4,11
CCCCCCCCCn1cc[n+](C)c1|O=S(=O)([N-]S(=O)(=O)C(F)(F)F)C(F)(F)F,-1.2197635173797607,-1.6132196187973022,4,11
CCCCCCCCCn1cc[n+](C)c1|O=S(=O)([N-]S(=O)(=O)C(F)(F)F)C(F)(F)F,-1.0555528402328491,-1.4990571737289429,4,11
CCCCCCCCCn1cc[n+](C)c1|O=S(=O)([N-]S(=O)(=O)C(F)(F)F)C(F)(F)F,-0.9014021158218384,-1.3853683471679688,4,11
C=Cn1cc[n+](CCCCCC)c1|[Br-],-3.8212685585021973,-1.7197657823562622,4,11
C=Cn1cc[n+](CCCCCC)c1|[Br-],-3.259697914123535,-1.464548110961914,4,11
C=Cn1cc[n+](CCCCCC)c1|[Br-],-2.72265625,-1.2333157062530518,4,11
C=Cn1cc[n+](CCCCCC)c1|[Br-],-2.197324514389038,-1.0338581800460815,4,11
C=Cn1cc[n+](CCCCCC)c1|[Br-],-1.7170231342315674,-0.8454362154006958,4,11
C=Cn1cc[n+](CCCCCC)c1|[Br-],-1.272965669631958,-0.6938835382461548,4,11
C=Cn1cc[n+](CCCCCC)c1|[Br-],-0.8301130533218384,-0.5560262203216553,4,11
C=Cn1cc[n+](CCCCCC)c1|[Br-],-0.3754209876060486,-0.42345356941223145,4,11
C=Cn1cc[n+](CCCCCC)c1|[Br-],0.024692611768841743,-0.2992210388183594,4,11
C=Cn1cc[n+](CCCCCC)c1|[Br-],0.38321951031684875,-0.18401622772216797,4,11
C=Cn1cc[n+](CCCCCC)c1|[Br-],0.680061936378479,-0.06775021553039551,4,11
CCCCCCCCCCCCCC[P+](CCCCCC)(CCCCCC)CCCCCC|CCCCCCCCCC(=O)[O-],-6.353870391845703,-5.119095802307129,4,11
CCCCCCCCCCCCCC[P+](CCCCCC)(CCCCCC)CCCCCC|CCCCCCCCCC(=O)[O-],-6.03646183013916,-4.950407981872559,4,11
CCCCCCCCCCCCCC[P+](CCCCCC)(CCCCCC)CCCCCC|CCCCCCCCCC(=O)[O-],-5.819193363189697,-4.813369274139404,4,11
CCCCCCCCCCCCCC[P+](CCCCCC)(CCCCCC)CCCCCC|CCCCCCCCCC(=O)[O-],-5.534039497375488,-4.632518291473389,4,11
CCCCCCCCCCCCCC[P+](CCCCCC)(CCCCCC)CCCCCC|CCCCCCCCCC(=O)[O-],-5.286388874053955,-4.4561052322387695,4,11
CCCCCCCCCCCCCC[P+](CCCCCC)(CCCCCC)CCCCCC|CCCCCCCCCC(=O)[O-],-5.065619468688965,-4.34938907623291,4,11
CCCCCCCCCCCCCC[P+](CCCCCC)(CCCCCC)CCCCCC|CCCCCCCCCC(=O)[O-],-4.875667572021484,-4.212592601776123,4,11
CCCCCCCCCCCCCC[P+](CCCCCC)(CCCCCC)CCCCCC|CCCCCCCCCC(=O)[O-],-4.6575164794921875,-4.074660778045654,4,11
CCCCCCCCCCCCCC[P+](CCCCCC)(CCCCCC)CCCCCC|CCCCCCCCCC(=O)[O-],-4.443051338195801,-3.947795867919922,4,11
CCCCCCCCCCCCCC[P+](CCCCCC)(CCCCCC)CCCCCC|CCCCCCCCCC(=O)[O-],-4.289629936218262,-3.8131628036499023,4,11
CCCCCCCCCCCCCC[P+](CCCCCC)(CCCCCC)CCCCCC|CCCCCCCCCC(=O)[O-],-4.066340446472168,-3.6563057899475098,4,11
CCn1cc[n+](C)c1|O=C1CC(=O)O[B-](F)(F)O1,-4.711642265319824,-5.961374282836914,4,11
CCn1cc[n+](C)c1|O=C1CC(=O)O[B-](F)(F)O1,-3.424670696258545,-4.4272308349609375,4,11
CCn1cc[n+](C)c1|O=C1CC(=O)O[B-](F)(F)O1,-2.450505256652832,-2.944098711013794,4,11
CCn1cc[n+](C)c1|O=C1CC(=O)O[B-](F)(F)O1,-1.6782522201538086,-1.6821061372756958,4,11
CCn1cc[n+](C)c1|O=C1CC(=O)O[B-](F)(F)O1,-1.0624732971191406,-0.9278348088264465,4,11
CCn1cc[n+](C)c1|O=C1CC(=O)O[B-](F)(F)O1,-0.7978412508964539,-0.650261402130127,4,11
CCn1cc[n+](C)c1|O=C1CC(=O)O[B-](F)(F)O1,-0.3420678675174713,-0.27308130264282227,4,11
CCn1cc[n+](C)c1|O=C1CC(=O)O[B-](F)(F)O1,0.038836024701595306,0.012339115142822266,4,11
CCn1cc[n+](C)c1|O=C1CC(=O)O[B-](F)(F)O1,0.36123454570770264,0.2627711296081543,4,11
CCn1cc[n+](C)c1|O=C1CC(=O)O[B-](F)(F)O1,0.6387965679168701,0.45497095584869385,4,11
CCn1cc[n+](C)c1|O=C1CC(=O)O[B-](F)(F)O1,0.8799171447753906,0.6363126039505005,4,11
CC[n+]1ccn(C)c1|O=S(=O)([N-]S(=O)(=O)C(F)(F)F)C(F)(F)F,-2.3644604682922363,-5.1264328956604,4,191
CC[n+]1ccn(C)c1|O=S(=O)([N-]S(=O)(=O)C(F)(F)F)C(F)(F)F,-1.5371172428131104,-3.7169299125671387,4,191
CC[n+]1ccn(C)c1|O=S(=O)([N-]S(=O)(=O)C(F)(F)F)C(F)(F)F,-0.9675840139389038,-2.3336498737335205,4,191
CC[n+]1ccn(C)c1|O=S(=O)([N-]S(=O)(=O)C(F)(F)F)C(F)(F)F,-0.6254885196685791,-1.4248603582382202,4,191
CC[n+]1ccn(C)c1|O=S(=O)([N-]S(=O)(=O)C(F)(F)F)C(F)(F)F,-0.1719752699136734,-0.9890069961547852,4,191
CC[n+]1ccn(C)c1|O=S(=O)([N-]S(=O)(=O)C(F)(F)F)C(F)(F)F,0.0843411460518837,-0.5803186893463135,4,191
CC[n+]1ccn(C)c1|O=S(=O)([N-]S(=O)(=O)C(F)(F)F)C(F)(F)F,0.3960879445075989,-0.29648149013519287,4,191
CC[n+]1ccn(C)c1|O=S(=O)([N-]S(=O)(=O)C(F)(F)F)C(F)(F)F,0.5960854887962341,-0.041468024253845215,4,191
CC[n+]1ccn(C)c1|O=S(=O)([N-]S(=O)(=O)C(F)(F)F)C(F)(F)F,0.7952523827552795,0.19429898262023926,4,191
CC[n+]1ccn(C)c1|O=S(=O)([N-]S(=O)(=O)C(F)(F)F)C(F)(F)F,1.0213712453842163,0.38240301609039307,4,191
CC[n+]1ccn(C)c1|O=S(=O)([N-]S(=O)(=O)C(F)(F)F)C(F)(F)F,1.1355868577957153,0.5605357885360718,4,191
CCCCn1cc[n+](C)c1.CCCCn1cc[n+](C)c1|N#CS[Zn-2](SC#N)(SC#N)SC#N,-2.707550287246704,-2.217427968978882,4,10
CCCCn1cc[n+](C)c1.CCCCn1cc[n+](C)c1|N#CS[Zn-2](SC#N)(SC#N)SC#N,-2.000260829925537,-1.715882658958435,4,10
CCCCn1cc[n+](C)c1.CCCCn1cc[n+](C)c1|N#CS[Zn-2](SC#N)(SC#N)SC#N,-1.3971531391143799,-1.2579355239868164,4,10
CCCCn1cc[n+](C)c1.CCCCn1cc[n+](C)c1|N#CS[Zn-2](SC#N)(SC#N)SC#N,-0.9038681983947754,-0.8962756991386414,4,10
CCCCn1cc[n+](C)c1.CCCCn1cc[n+](C)c1|N#CS[Zn-2](SC#N)(SC#N)SC#N,-0.48776036500930786,-0.6463779211044312,4,10
CCCCn1cc[n+](C)c1.CCCCn1cc[n+](C)c1|N#CS[Zn-2](SC#N)(SC#N)SC#N,-0.13467490673065186,-0.40511882305145264,4,10
CCCCn1cc[n+](C)c1.CCCCn1cc[n+](C)c1|N#CS[Zn-2](SC#N)(SC#N)SC#N,0.1747932881116867,-0.17787206172943115,4,10
CCCCn1cc[n+](C)c1.CCCCn1cc[n+](C)c1|N#CS[Zn-2](SC#N)(SC#N)SC#N,0.4388998746871948,0.05386233329772949,4,10
CCCCn1cc[n+](C)c1.CCCCn1cc[n+](C)c1|N#CS[Zn-2](SC#N)(SC#N)SC#N,0.6729444861412048,0.2679615020751953,4,10
CCCCn1cc[n+](C)c1.CCCCn1cc[n+](C)c1|N#CS[Zn-2](SC#N)(SC#N)SC#N,0.9042181372642517,0.4718736410140991,4,10
CCCC[n+]1ccn(C)c1|N#C[S-],-0.9519178867340088,-0.9590978622436523,4,30
CCCC[n+]1ccn(C)c1|N#C[S-],-0.7852624654769897,-0.7292720079421997,4,30
CCCC[n+]1ccn(C)c1|N#C[S-],-0.6386590003967285,-0.5291788578033447,4,30
CCCC[n+]1ccn(C)c1|N#C[S-],-0.5259392857551575,-0.3648155927658081,4,30
CCCC[n+]1ccn(C)c1|N#C[S-],-0.4140014350414276,-0.21414566040039062,4,30
CCCC[n+]1ccn(C)c1|N#C[S-],-0.2863496243953705,-0.07324779033660889,4,30
CCCC[n+]1ccn(C)c1|N#C[S-],-0.18512548506259918,0.06341171264648438,4,30
CCCC[n+]1ccn(C)c1|N#C[S-],-0.0822952464222908,0.1887516975402832,4,30
CCCC[n+]1ccn(C)c1|N#C[S-],0.007968169637024403,0.2953242063522339,4,30
CCCC[n+]1ccn(C)c1|N#C[S-],0.09349033981561661,0.39231908321380615,4,30
CCCC[n+]1ccn(C)c1|N#C[S-],0.17730902135372162,0.48326146602630615,4,30
CC[n+]1ccn(C)c1|O=S(=O)([N-]S(=O)(=O)C(F)(F)F)C(F)(F)F,-0.6161861419677734,-1.4100226163864136,4,191
CC[n+]1ccn(C)c1|O=S(=O)([N-]S(=O)(=O)C(F)(F)F)C(F)(F)F,-0.4155154526233673,-1.1516305208206177,4,191
CC[n+]1ccn(C)c1|O=S(=O)([N-]S(=O)(=O)C(F)(F)F)C(F)(F)F,-0.2231435477733612,-0.9234221577644348,4,191
CC[n+]1ccn(C)c1|O=S(=O)([N-]S(=O)(=O)C(F)(F)F)C(F)(F)F,-0.13926206529140472,-0.8167197108268738,4,191
CC[n+]1ccn(C)c1|O=S(=O)([N-]S(=O)(=O)C(F)(F)F)C(F)(F)F,0.09531018137931824,-0.5634921789169312,4,191
CC[n+]1ccn(C)c1|O=S(=O)([N-]S(=O)(=O)C(F)(F)F)C(F)(F)F,0.3646431267261505,-0.2870655059814453,4,191
CC[n+]1ccn(C)c1|O=S(=O)([N-]S(=O)(=O)C(F)(F)F)C(F)(F)F,0.604315996170044,-0.037824153900146484,4,191
CC[n+]1ccn(C)c1|O=S(=O)([N-]S(=O)(=O)C(F)(F)F)C(F)(F)F,0.8458682894706726,0.1994779109954834,4,191
CC[n+]1ccn(C)c1|O=S(=O)([N-]S(=O)(=O)C(F)(F)F)C(F)(F)F,1.0296194553375244,0.38685619831085205,4,191
CC[n+]1ccn(C)c1|O=S(=O)([N-]S(=O)(=O)C(F)(F)F)C(F)(F)F,1.1999647617340088,0.5649892091751099,4,191
CCCCCC[n+]1ccccc1|CC(=O)[O-],-6.234810829162598,-3.548100471496582,4,11
CCCCCC[n+]1ccccc1|CC(=O)[O-],-5.874570846557617,-3.2646517753601074,4,11
CCCCCC[n+]1ccccc1|CC(=O)[O-],-5.3559465408325195,-3.007249355316162,4,11
CCCCCC[n+]1ccccc1|CC(=O)[O-],-4.987895965576172,-2.744521379470825,4,11
CCCCCC[n+]1ccccc1|CC(=O)[O-],-4.545958518981934,-2.481856107711792,4,11
CCCCCC[n+]1ccccc1|CC(=O)[O-],-4.248895168304443,-2.2447121143341064,4,11
CCCCCC[n+]1ccccc1|CC(=O)[O-],-3.8641855716705322,-1.9921780824661255,4,11
CCCCCC[n+]1ccccc1|CC(=O)[O-],-3.5162715911865234,-1.783137559890747,4,11
CCCCCC[n+]1ccccc1|CC(=O)[O-],-3.278095245361328,-1.6086190938949585,4,11
CCCCCC[n+]1ccccc1|CC(=O)[O-],-2.9004220962524414,-1.4416396617889404,4,11
CCCCCC[n+]1ccccc1|CC(=O)[O-],-2.5665507316589355,-1.2824218273162842,4,11
CCCCn1cc[n+](C)c1.CCCCn1cc[n+](C)c1|S=C=N[Co-2](N=C=S)(N=C=S)N=C=S,-2.7181005477905273,-2.5716538429260254,4,21
CCCCn1cc[n+](C)c1.CCCCn1cc[n+](C)c1|S=C=N[Co-2](N=C=S)(N=C=S)N=C=S,-2.343407154083252,-2.2829790115356445,4,21
CCCCn1cc[n+](C)c1.CCCCn1cc[n+](C)c1|S=C=N[Co-2](N=C=S)(N=C=S)N=C=S,-2.009915590286255,-2.02658748626709,4,21
CCCCn1cc[n+](C)c1.CCCCn1cc[n+](C)c1|S=C=N[Co-2](N=C=S)(N=C=S)N=C=S,-1.6873995065689087,-1.8006196022033691,4,21
CCCCn1cc[n+](C)c1.CCCCn1cc[n+](C)c1|S=C=N[Co-2](N=C=S)(N=C=S)N=C=S,-1.3943265676498413,-1.6192562580108643,4,21
CCCCn1cc[n+](C)c1.CCCCn1cc[n+](C)c1|S=C=N[Co-2](N=C=S)(N=C=S)N=C=S,-1.1239300966262817,-1.4162273406982422,4,21
CCCCn1cc[n+](C)c1.CCCCn1cc[n+](C)c1|S=C=N[Co-2](N=C=S)(N=C=S)N=C=S,-0.8964881300926208,-1.2256700992584229,4,21
CCCCn1cc[n+](C)c1.CCCCn1cc[n+](C)c1|S=C=N[Co-2](N=C=S)(N=C=S)N=C=S,-0.6733445525169373,-1.0564571619033813,4,21
CCCCn1cc[n+](C)c1.CCCCn1cc[n+](C)c1|S=C=N[Co-2](N=C=S)(N=C=S)N=C=S,-0.4668087363243103,-0.9254928827285767,4,21
CCCCn1cc[n+](C)c1.CCCCn1cc[n+](C)c1|S=C=N[Co-2](N=C=S)(N=C=S)N=C=S,-0.2810375392436981,-0.8225945830345154,4,21
CCCCCCCC[P+](CCCC)(CCCC)CCCC|CC1(C)CC([O-])=CC(=O)C1,-6.640786170959473,-4.4548020362854,4,10
CCCCCCCC[P+](CCCC)(CCCC)CCCC|CC1(C)CC([O-])=CC(=O)C1,-6.333954811096191,-4.2842583656311035,4,10
CCCCCCCC[P+](CCCC)(CCCC)CCCC|CC1(C)CC([O-])=CC(=O)C1,-6.015757083892822,-4.114190578460693,4,10
CCCCCCCC[P+](CCCC)(CCCC)CCCC|CC1(C)CC([O-])=CC(=O)C1,-5.719912052154541,-3.9357786178588867,4,10
CCCCCCCC[P+](CCCC)(CCCC)CCCC|CC1(C)CC([O-])=CC(=O)C1,-5.4491400718688965,-3.7634544372558594,4,10
CCCCCCCC[P+](CCCC)(CCCC)CCCC|CC1(C)CC([O-])=CC(=O)C1,-5.206650257110596,-3.5924811363220215,4,10
CCCCCCCC[P+](CCCC)(CCCC)CCCC|CC1(C)CC([O-])=CC(=O)C1,-4.974785804748535,-3.4290716648101807,4,10
CCCCCCCC[P+](CCCC)(CCCC)CCCC|CC1(C)CC([O-])=CC(=O)C1,-4.758321285247803,-3.275082588195801,4,10
CCCCCCCC[P+](CCCC)(CCCC)CCCC|CC1(C)CC([O-])=CC(=O)C1,-4.560196876525879,-3.124441146850586,4,10
CCCCCCCC[P+](CCCC)(CCCC)CCCC|CC1(C)CC([O-])=CC(=O)C1,-4.3772382736206055,-2.9909205436706543,4,10
CC[N+](C)(CC)CCOC|F[B-](F)(F)F,-5.203007221221924,-4.993290424346924,4,40
CC[N+](C)(CC)CCOC|F[B-](F)(F)F,-4.160484313964844,-4.113234043121338,4,40
CC[N+](C)(CC)CCOC|F[B-](F)(F)F,-3.26754093170166,-3.251277446746826,4,40
CC[N+](C)(CC)CCOC|F[B-](F)(F)F,-2.499817371368408,-2.4310691356658936,4,40
CC[N+](C)(CC)CCOC|F[B-](F)(F)F,-1.8773173093795776,-1.79530668258667,4,40
CC[N+](C)(CC)CCOC|F[B-](F)(F)F,-1.3394107818603516,-1.327547311782837,4,40
CC[N+](C)(CC)CCOC|F[B-](F)(F)F,-0.881889283657074,-0.9608995318412781,4,40
CC[N+](C)(CC)CCOC|F[B-](F)(F)F,-0.4910230040550232,-0.7045342922210693,4,40
CC[N+](C)(CC)CCOC|F[B-](F)(F)F,-0.15431736409664154,-0.47134673595428467,4,40
CC[N+](C)(CC)CCOC|F[B-](F)(F)F,0.14842000603675842,-0.26295602321624756,4,40
CCCC[n+]1ccn(C)c1|O=S(=O)([N-]S(=O)(=O)C(F)(F)C(F)(F)F)C(F)(F)C(F)(F)F,-4.199705123901367,-3.585508346557617,4,39
CCCC[n+]1ccn(C)c1|O=S(=O)([N-]S(=O)(=O)C(F)(F)C(F)(F)F)C(F)(F)C(F)(F)F,-3.411247730255127,-2.8774070739746094,4,39
CCCC[n+]1ccn(C)c1|O=S(=O)([N-]S(=O)(=O)C(F)(F)C(F)(F)F)C(F)(F)C(F)(F)F,-2.733367919921875,-2.273568630218506,4,39
CCCC[n+]1ccn(C)c1|O=S(=O)([N-]S(=O)(=O)C(F)(F)C(F)(F)F)C(F)(F)C(F)(F)F,-2.207274913787842,-1.7770330905914307,4,39
CCCC[n+]1ccn(C)c1|O=S(=O)([N-]S(=O)(=O)C(F)(F)C(F)(F)F)C(F)(F)C(F)(F)F,-1.8971199989318848,-1.5808826684951782,4,39
CCCC[n+]1ccn(C)c1|O=S(=O)([N-]S(=O)(=O)C(F)(F)C(F)(F)F)C(F)(F)C(F)(F)F,-1.6607311964035034,-1.4123049974441528,4,39
CCCC[n+]1ccn(C)c1|O=S(=O)([N-]S(=O)(=O)C(F)(F)C(F)(F)F)C(F)(F)C(F)(F)F,-1.272965669631958,-1.0817325115203857,4,39
CCCC[n+]1ccn(C)c1|O=S(=O)([N-]S(=O)(=O)C(F)(F)C(F)(F)F)C(F)(F)C(F)(F)F,-0.6161861419677734,-0.5810455083847046,4,39
CCCC[n+]1ccn(C)c1|O=S(=O)([N-]S(=O)(=O)C(F)(F)C(F)(F)F)C(F)(F)C(F)(F)F,-0.06187540292739868,-0.14403831958770752,4,39
CCCC[n+]1ccn(C)c1|O=S(=O)([N-]S(=O)(=O)C(F)(F)C(F)(F)F)C(F)(F)C(F)(F)F,0.3364722430706024,0.22557711601257324,4,39
CCC[n+]1ccn(C)c1|F[B-](F)(F)F,-0.9519178867340088,-1.6081680059432983,4,11
CCC[n+]1ccn(C)c1|F[B-](F)(F)F,-0.7011793255805969,-1.2597452402114868,4,11
CCC[n+]1ccn(C)c1|F[B-](F)(F)F,-0.4700036346912384,-0.9698326587677002,4,11
CCC[n+]1ccn(C)c1|F[B-](F)(F)F,-0.2561834156513214,-0.727321207523346,4,11
CCC[n+]1ccn(C)c1|F[B-](F)(F)F,-0.05762911215424538,-0.5129015445709229,4,11
CCC[n+]1ccn(C)c1|F[B-](F)(F)F,0.12557482719421387,-0.32444071769714355,4,11
CCC[n+]1ccn(C)c1|F[B-](F)(F)F,0.2959478199481964,-0.15734446048736572,4,11
CCC[n+]1ccn(C)c1|F[B-](F)(F)F,0.4546361565589905,-0.005196928977966309,4,11
CCC[n+]1ccn(C)c1|F[B-](F)(F)F,0.603113055229187,0.12922906875610352,4,11
CCC[n+]1ccn(C)c1|F[B-](F)(F)F,0.7421277761459351,0.25230705738067627,4,11
CCCCCCCCn1cc[n+](C)c1|O=S(=O)([N-]S(=O)(=O)C(F)(F)F)C(F)(F)F,-4.268697738647461,-4.432750225067139,4,71
CCCCCCCCn1cc[n+](C)c1|O=S(=O)([N-]S(=O)(=O)C(F)(F)F)C(F)(F)F,-3.4737679958343506,-3.8463478088378906,4,71
CCCCCCCCn1cc[n+](C)c1|O=S(=O)([N-]S(=O)(=O)C(F)(F)F)C(F)(F)F,-2.8302178382873535,-3.248772144317627,4,71
CCCCCCCCn1cc[n+](C)c1|O=S(=O)([N-]S(=O)(=O)C(F)(F)F)C(F)(F)F,-2.3025851249694824,-2.6069326400756836,4,71
CCCCCCCCn1cc[n+](C)c1|O=S(=O)([N-]S(=O)(=O)C(F)(F)F)C(F)(F)F,-2.0402207374572754,-2.291459083557129,4,71
CCCCCCCCn1cc[n+](C)c1|O=S(=O)([N-]S(=O)(=O)C(F)(F)F)C(F)(F)F,-1.8325815200805664,-2.0558338165283203,4,71
CCCCCCCCn1cc[n+](C)c1|O=S(=O)([N-]S(=O)(=O)C(F)(F)F)C(F)(F)F,-1.4271163940429688,-1.7138828039169312,4,71
CCCCCCCCn1cc[n+](C)c1|O=S(=O)([N-]S(=O)(=O)C(F)(F)F)C(F)(F)F,-0.7550225853919983,-1.2175825834274292,4,71
CCCCCCCCn1cc[n+](C)c1|O=S(=O)([N-]S(=O)(=O)C(F)(F)F)C(F)(F)F,0.18232156336307526,-0.5131151676177979,4,71
C=CCn1cc[n+](CCOC)c1|O=S(=O)([N-]S(=O)(=O)C(F)(F)F)C(F)(F)F,-0.6051362752914429,-1.1177573204040527,4,10
C=CCn1cc[n+](CCOC)c1|O=S(=O)([N-]S(=O)(=O)C(F)(F)F)C(F)(F)F,-0.4668087363243103,-1.0045406818389893,4,10
C=CCn1cc[n+](CCOC)c1|O=S(=O)([N-]S(=O)(=O)C(F)(F)F)C(F)(F)F,-0.3285040557384491,-0.8874492645263672,4,10
C=CCn1cc[n+](CCOC)c1|O=S(=O)([N-]S(=O)(=O)C(F)(F)F)C(F)(F)F,-0.18874213099479675,-0.7698252201080322,4,10
C=CCn1cc[n+](CCOC)c1|O=S(=O)([N-]S(=O)(=O)C(F)(F)F)C(F)(F)F,-0.06720875203609467,-0.6827710866928101,4,10
C=CCn1cc[n+](CCOC)c1|O=S(=O)([N-]S(=O)(=O)C(F)(F)F)C(F)(F)F,0.05448818579316139,-0.5871756076812744,4,10
C=CCn1cc[n+](CCOC)c1|O=S(=O)([N-]S(=O)(=O)C(F)(F)F)C(F)(F)F,0.16551443934440613,-0.4973949193954468,4,10
C=CCn1cc[n+](CCOC)c1|O=S(=O)([N-]S(=O)(=O)C(F)(F)F)C(F)(F)F,0.28668156266212463,-0.39757299423217773,4,10
C=CCn1cc[n+](CCOC)c1|O=S(=O)([N-]S(=O)(=O)C(F)(F)F)C(F)(F)F,0.38865798711776733,-0.2973661422729492,4,10
C=CCn1cc[n+](CCOC)c1|O=S(=O)([N-]S(=O)(=O)C(F)(F)F)C(F)(F)F,0.47062844038009644,-0.22237169742584229,4,10
CCCC[n+]1ccn(C)c1C|O=S(=O)([O-])O,-2.3025851249694824,-2.1258456707000732,4,10
CCCC[n+]1ccn(C)c1C|O=S(=O)([O-])O,-2.0024805068969727,-1.8263883590698242,4,10
CCCC[n+]1ccn(C)c1C|O=S(=O)([O-])O,-1.7203694581985474,-1.6016796827316284,4,10
CCCC[n+]1ccn(C)c1C|O=S(=O)([O-])O,-1.4653375148773193,-1.4022284746170044,4,10
CCCC[n+]1ccn(C)c1C|O=S(=O)([O-])O,-1.2310014963150024,-1.2231615781784058,4,10
CCCC[n+]1ccn(C)c1C|O=S(=O)([O-])O,-1.021651268005371,-1.0519750118255615,4,10
CCCC[n+]1ccn(C)c1C|O=S(=O)([O-])O,-0.8187103867530823,-0.8953169584274292,4,10
CCCC[n+]1ccn(C)c1C|O=S(=O)([O-])O,-0.6329932808876038,-0.766387403011322,4,10
CCCC[n+]1ccn(C)c1C|O=S(=O)([O-])O,-0.4604494273662567,-0.6434248685836792,4,10
CCCC[n+]1ccn(C)c1C|O=S(=O)([O-])O,-0.30245736241340637,-0.5243953466415405,4,10
CCCCCC[n+]1ccn(C)c1|O=S(=O)([N-]S(=O)(=O)C(F)(F)F)C(F)(F)F,-3.6119184494018555,-4.150270462036133,4,173
CCCCCC[n+]1ccn(C)c1|O=S(=O)([N-]S(=O)(=O)C(F)(F)F)C(F)(F)F,-2.864703893661499,-3.5076892375946045,4,173
CCCCCC[n+]1ccn(C)c1|O=S(=O)([N-]S(=O)(=O)C(F)(F)F)C(F)(F)F,-2.3025851249694824,-2.830289840698242,4,173
CCCCCC[n+]1ccn(C)c1|O=S(=O)([N-]S(=O)(=O)C(F)(F)F)C(F)(F)F,-1.7719568014144897,-2.165188789367676,4,173
CCCCCC[n+]1ccn(C)c1|O=S(=O)([N-]S(=O)(=O)C(F)(F)F)C(F)(F)F,-1.5141277313232422,-1.8986787796020508,4,173
CCCCCC[n+]1ccn(C)c1|O=S(=O)([N-]S(=O)(=O)C(F)(F)F)C(F)(F)F,-1.309333324432373,-1.688600778579712,4,173
CCCCCC[n+]1ccn(C)c1|O=S(=O)([N-]S(=O)(=O)C(F)(F)F)C(F)(F)F,-0.9416085481643677,-1.3790267705917358,4,173
CCCCCC[n+]1ccn(C)c1|O=S(=O)([N-]S(=O)(=O)C(F)(F)F)C(F)(F)F,-0.3285040557384491,-0.8450353145599365,4,173
CCCCCC[n+]1ccn(C)c1|O=S(=O)([N-]S(=O)(=O)C(F)(F)F)C(F)(F)F,0.18232156336307526,-0.4238487482070923,4,173
CCCCCC[n+]1ccn(C)c1|O=S(=O)([N-]S(=O)(=O)C(F)(F)F)C(F)(F)F,0.5306282639503479,-0.08540725708007812,4,173
CCCC[n+]1ccn(C)c1|O=C([O-])C(F)(F)F,-3.352407217025757,-4.746322154998779,4,36
CCCC[n+]1ccn(C)c1|O=C([O-])C(F)(F)F,-2.5639498233795166,-3.7299652099609375,4,36
CCCC[n+]1ccn(C)c1|O=C([O-])C(F)(F)F,-1.9661128520965576,-2.6923699378967285,4,36
CCCC[n+]1ccn(C)c1|O=C([O-])C(F)(F)F,-1.4271163940429688,-1.8195202350616455,4,36
CCCC[n+]1ccn(C)c1|O=C([O-])C(F)(F)F,-1.1711829900741577,-1.5435349941253662,4,36
CCCC[n+]1ccn(C)c1|O=C([O-])C(F)(F)F,-0.9675840139389038,-1.3205788135528564,4,36
CCCC[n+]1ccn(C)c1|O=C([O-])C(F)(F)F,-0.5621189475059509,-0.9310263395309448,4,36
CCCC[n+]1ccn(C)c1|O=C([O-])C(F)(F)F,0.09531018137931824,-0.37124502658843994,4,36
CCCC[n+]1ccn(C)c1|O=C([O-])C(F)(F)F,0.5306282639503479,0.056012749671936035,4,36
CCCC[n+]1ccn(C)c1|O=C([O-])C(F)(F)F,0.9555114507675171,0.4278188943862915,4,36
Cn1cc[n+](CCCC#N)c1|N#C[N-]C#N,-6.907755374908447,-3.6514041423797607,4,10
Cn1cc[n+](CCCC#N)c1|N#C[N-]C#N,-5.521461009979248,-3.1403141021728516,4,10
Cn1cc[n+](CCCC#N)c1|N#C[N-]C#N,-2.9004220962524414,-2.1704492568969727,4,10
Cn1cc[n+](CCCC#N)c1|N#C[N-]C#N,-1.3019531965255737,-1.4362820386886597,4,10
Cn1cc[n+](CCCC#N)c1|N#C[N-]C#N,-0.4462870955467224,-0.8939912915229797,4,10
Cn1cc[n+](CCCC#N)c1|N#C[N-]C#N,0.1449657678604126,-0.5122348070144653,4,10
Cn1cc[n+](CCCC#N)c1|N#C[N-]C#N,0.6157260537147522,-0.22476232051849365,4,10
Cn1cc[n+](CCCC#N)c1|N#C[N-]C#N,0.9218751192092896,0.03137505054473877,4,10
Cn1cc[n+](CCCC#N)c1|N#C[N-]C#N,1.2612978219985962,0.25072169303894043,4,10
Cn1cc[n+](CCCC#N)c1|N#C[N-]C#N,1.4687955379486084,0.44575035572052,4,10
CC[n+]1ccn(C)c1|O=S(=O)([N-]S(=O)(=O)C(F)(F)F)C(F)(F)F,-0.44005656242370605,-1.1652123928070068,4,191
CC[n+]1ccn(C)c1|O=S(=O)([N-]S(=O)(=O)C(F)(F)F)C(F)(F)F,-0.4385049641132355,-1.1652123928070068,4,191
CC[n+]1ccn(C)c1|O=S(=O)([N-]S(=O)(=O)C(F)(F)F)C(F)(F)F,-0.26396554708480835,-0.9383490681648254,4,191
CC[n+]1ccn(C)c1|O=S(=O)([N-]S(=O)(=O)C(F)(F)F)C(F)(F)F,-0.0998203381896019,-0.7395874261856079,4,191
CC[n+]1ccn(C)c1|O=S(=O)([N-]S(=O)(=O)C(F)(F)F)C(F)(F)F,0.05704174190759659,-0.5756690502166748,4,191
CC[n+]1ccn(C)c1|O=S(=O)([N-]S(=O)(=O)C(F)(F)F)C(F)(F)F,0.19926060736179352,-0.43090951442718506,4,191
CC[n+]1ccn(C)c1|O=S(=O)([N-]S(=O)(=O)C(F)(F)F)C(F)(F)F,0.33203384280204773,-0.2948673963546753,4,191
CC[n+]1ccn(C)c1|O=S(=O)([N-]S(=O)(=O)C(F)(F)F)C(F)(F)F,0.5726166367530823,-0.03976738452911377,4,191
CC[n+]1ccn(C)c1|O=S(=O)([N-]S(=O)(=O)C(F)(F)F)C(F)(F)F,0.7867286205291748,0.1965775489807129,4,191
CC[n+]1ccn(C)c1|O=S(=O)([N-]S(=O)(=O)C(F)(F)F)C(F)(F)F,-0.7423374056816101,-0.9369921088218689,4,191
CC[n+]1ccn(C)c1|O=S(=O)([N-]S(=O)(=O)C(F)(F)F)C(F)(F)F,-0.5621189475059509,-0.7371199727058411,4,191
CC[n+]1ccn(C)c1|O=S(=O)([N-]S(=O)(=O)C(F)(F)F)C(F)(F)F,-0.4019712209701538,-0.5756690502166748,4,191
CC[n+]1ccn(C)c1|O=S(=O)([N-]S(=O)(=O)C(F)(F)F)C(F)(F)F,-0.2626643180847168,-0.42979753017425537,4,191
CC[n+]1ccn(C)c1|O=S(=O)([N-]S(=O)(=O)C(F)(F)F)C(F)(F)F,-0.13811330497264862,-0.2924462556838989,4,191
CC[n+]1ccn(C)c1|O=S(=O)([N-]S(=O)(=O)C(F)(F)F)C(F)(F)F,-0.021223636344075203,-0.16365385055541992,4,191
CC[n+]1ccn(C)c1|O=S(=O)([N-]S(=O)(=O)C(F)(F)F)C(F)(F)F,0.0843411460518837,-0.037824153900146484,4,191
CC[n+]1ccn(C)c1|O=S(=O)([N-]S(=O)(=O)C(F)(F)F)C(F)(F)F,0.18896609544754028,0.08381593227386475,4,191
CC[n+]1ccn(C)c1|O=S(=O)([N-]S(=O)(=O)C(F)(F)F)C(F)(F)F,0.3082197308540344,0.19740617275238037,4,191
CCCCCC[n+]1ccn(C)c1|O=S(=O)([N-]S(=O)(=O)C(F)(F)F)C(F)(F)F,-1.9973087310791016,-2.4722719192504883,4,173
CCCCCC[n+]1ccn(C)c1|O=S(=O)([N-]S(=O)(=O)C(F)(F)F)C(F)(F)F,-1.9958359003067017,-2.4722719192504883,4,173
CCCCCC[n+]1ccn(C)c1|O=S(=O)([N-]S(=O)(=O)C(F)(F)F)C(F)(F)F,-1.758518099784851,-2.166278123855591,4,173
CCCCCC[n+]1ccn(C)c1|O=S(=O)([N-]S(=O)(=O)C(F)(F)F)C(F)(F)F,-1.531088948249817,-1.90120530128479,4,173
CCCCCC[n+]1ccn(C)c1|O=S(=O)([N-]S(=O)(=O)C(F)(F)F)C(F)(F)F,-1.3167682886123657,-1.6874780654907227,4,173
CCCCCC[n+]1ccn(C)c1|O=S(=O)([N-]S(=O)(=O)C(F)(F)F)C(F)(F)F,-1.1208579540252686,-1.5239980220794678,4,173
CCCCCC[n+]1ccn(C)c1|O=S(=O)([N-]S(=O)(=O)C(F)(F)F)C(F)(F)F,-0.9390476942062378,-1.381117820739746,4,173
CCCCCC[n+]1ccn(C)c1|O=S(=O)([N-]S(=O)(=O)C(F)(F)F)C(F)(F)F,-0.6088060140609741,-1.0943557024002075,4,173
CCCCCC[n+]1ccn(C)c1|O=S(=O)([N-]S(=O)(=O)C(F)(F)F)C(F)(F)F,-0.32158362865448,-0.8482885360717773,4,173
CCCC[n+]1ccccc1|O=S(=O)([N-]S(=O)(=O)C(F)(F)F)C(F)(F)F,-1.8971199989318848,-2.536055564880371,4,105
CCCC[n+]1ccccc1|O=S(=O)([N-]S(=O)(=O)C(F)(F)F)C(F)(F)F,-1.8904753923416138,-2.536055564880371,4,105
CCCC[n+]1ccccc1|O=S(=O)([N-]S(=O)(=O)C(F)(F)F)C(F)(F)F,-1.4024237394332886,-1.8896409273147583,4,105
CCCC[n+]1ccccc1|O=S(=O)([N-]S(=O)(=O)C(F)(F)F)C(F)(F)F,-1.1809074878692627,-1.6466484069824219,4,105
CCCC[n+]1ccccc1|O=S(=O)([N-]S(=O)(=O)C(F)(F)F)C(F)(F)F,-1.1776554584503174,-1.6466484069824219,4,105
CCCC[n+]1ccccc1|O=S(=O)([N-]S(=O)(=O)C(F)(F)F)C(F)(F)F,-0.972861111164093,-1.4411145448684692,4,105
CCCC[n+]1ccccc1|O=S(=O)([N-]S(=O)(=O)C(F)(F)F)C(F)(F)F,-0.6161861419677734,-1.0712425708770752,4,105
CCCC[n+]1ccccc1|O=S(=O)([N-]S(=O)(=O)C(F)(F)F)C(F)(F)F,-0.6143360137939453,-1.0712425708770752,4,105
CCCC[n+]1ccccc1|O=S(=O)([N-]S(=O)(=O)C(F)(F)F)C(F)(F)F,-0.6124892830848694,-1.0712425708770752,4,105
COC[n+]1ccn(C)c1|O=S(=O)([N-]S(=O)(=O)C(F)(F)F)C(F)(F)F,-1.309333324432373,-1.6180986166000366,4,9
COC[n+]1ccn(C)c1|O=S(=O)([N-]S(=O)(=O)C(F)(F)F)C(F)(F)F,-0.9137938618659973,-1.1714751720428467,4,9
COC[n+]1ccn(C)c1|O=S(=O)([N-]S(=O)(=O)C(F)(F)F)C(F)(F)F,-0.7852624654769897,-1.0004022121429443,4,9
COC[n+]1ccn(C)c1|O=S(=O)([N-]S(=O)(=O)C(F)(F)F)C(F)(F)F,-0.669430673122406,-0.8592109680175781,4,9
COC[n+]1ccn(C)c1|O=S(=O)([N-]S(=O)(=O)C(F)(F)F)C(F)(F)F,-0.4604494273662567,-0.6261931657791138,4,9
COC[n+]1ccn(C)c1|O=S(=O)([N-]S(=O)(=O)C(F)(F)F)C(F)(F)F,-0.2757534980773926,-0.4099322557449341,4,9
COC[n+]1ccn(C)c1|O=S(=O)([N-]S(=O)(=O)C(F)(F)F)C(F)(F)F,-0.12103832513093948,-0.21182656288146973,4,9
COC[n+]1ccn(C)c1|O=S(=O)([N-]S(=O)(=O)C(F)(F)F)C(F)(F)F,0.012916225008666515,-0.01961493492126465,4,9
COC[n+]1ccn(C)c1|O=S(=O)([N-]S(=O)(=O)C(F)(F)F)C(F)(F)F,0.12221763283014297,0.16757965087890625,4,9
COCCC[N+]1(C)CCCC1|O=S(=O)([N-]S(=O)(=O)C(F)(F)F)C(F)(F)F,-1.7259716987609863,-2.3803606033325195,4,9
COCCC[N+]1(C)CCCC1|O=S(=O)([N-]S(=O)(=O)C(F)(F)F)C(F)(F)F,-1.4229583740234375,-1.9004528522491455,4,9
COCCC[N+]1(C)CCCC1|O=S(=O)([N-]S(=O)(=O)C(F)(F)F)C(F)(F)F,-1.2982834577560425,-1.7115888595581055,4,9
COCCC[N+]1(C)CCCC1|O=S(=O)([N-]S(=O)(=O)C(F)(F)F)C(F)(F)F,-1.184170126914978,-1.5585874319076538,4,9
COCCC[N+]1(C)CCCC1|O=S(=O)([N-]S(=O)(=O)C(F)(F)F)C(F)(F)F,-0.9755101203918457,-1.2910120487213135,4,9
COCCC[N+]1(C)CCCC1|O=S(=O)([N-]S(=O)(=O)C(F)(F)F)C(F)(F)F,-0.7962879538536072,-1.05208158493042,4,9
COCCC[N+]1(C)CCCC1|O=S(=O)([N-]S(=O)(=O)C(F)(F)F)C(F)(F)F,-0.6386590003967285,-0.8259730339050293,4,9
COCCC[N+]1(C)CCCC1|O=S(=O)([N-]S(=O)(=O)C(F)(F)F)C(F)(F)F,-0.5191938877105713,-0.6450504064559937,4,9
COCCC[N+]1(C)CCCC1|O=S(=O)([N-]S(=O)(=O)C(F)(F)F)C(F)(F)F,-0.3886079788208008,-0.474371075630188,4,9
CC[N+](C)(C)CCOC|O=S(=O)([N-]S(=O)(=O)C(F)(F)F)C(F)(F)F,-1.9589953422546387,-2.392517328262329,4,17
CC[N+](C)(C)CCOC|O=S(=O)([N-]S(=O)(=O)C(F)(F)F)C(F)(F)F,-1.7037485837936401,-2.0799050331115723,4,17
CC[N+](C)(C)CCOC|O=S(=O)([N-]S(=O)(=O)C(F)(F)F)C(F)(F)F,-1.4696760177612305,-1.796252965927124,4,17
CC[N+](C)(C)CCOC|O=S(=O)([N-]S(=O)(=O)C(F)(F)F)C(F)(F)F,-1.2552660703659058,-1.5260194540023804,4,17
CC[N+](C)(C)CCOC|O=S(=O)([N-]S(=O)(=O)C(F)(F)F)C(F)(F)F,-1.058430552482605,-1.3233327865600586,4,17
CC[N+](C)(C)CCOC|O=S(=O)([N-]S(=O)(=O)C(F)(F)F)C(F)(F)F,-0.87947678565979,-1.1482996940612793,4,17
CC[N+](C)(C)CCOC|O=S(=O)([N-]S(=O)(=O)C(F)(F)F)C(F)(F)F,-0.7153927683830261,-1.0235356092453003,4,17
CC[N+](C)(C)CCOC|O=S(=O)([N-]S(=O)(=O)C(F)(F)F)C(F)(F)F,-0.5621189475059509,-0.9084575176239014,4,17
CC[N+](C)(C)CCOC|O=S(=O)([N-]S(=O)(=O)C(F)(F)F)C(F)(F)F,-0.41703173518180847,-0.794498085975647,4,17
CCOC[N+]1(C)CCCC1|O=S(=O)([N-]S(=O)(=O)C(F)(F)F)C(F)(F)F,-0.970219075679779,-2.2053112983703613,4,9
CCOC[N+]1(C)CCCC1|O=S(=O)([N-]S(=O)(=O)C(F)(F)F)C(F)(F)F,-0.7381445169448853,-1.749529242515564,4,9
CCOC[N+]1(C)CCCC1|O=S(=O)([N-]S(=O)(=O)C(F)(F)F)C(F)(F)F,-0.6655319929122925,-1.5808109045028687,4,9
CCOC[N+]1(C)CCCC1|O=S(=O)([N-]S(=O)(=O)C(F)(F)F)C(F)(F)F,-0.5727010369300842,-1.4259414672851562,4,9
CCOC[N+]1(C)CCCC1|O=S(=O)([N-]S(=O)(=O)C(F)(F)F)C(F)(F)F,-0.4185503423213959,-1.1261413097381592,4,9
CCOC[N+]1(C)CCCC1|O=S(=O)([N-]S(=O)(=O)C(F)(F)F)C(F)(F)F,-0.2943710684776306,-0.87641841173172,4,9
CCOC[N+]1(C)CCCC1|O=S(=O)([N-]S(=O)(=O)C(F)(F)F)C(F)(F)F,-0.18874213099479675,-0.6647706031799316,4,9
CCOC[N+]1(C)CCCC1|O=S(=O)([N-]S(=O)(=O)C(F)(F)F)C(F)(F)F,-0.08992470800876617,-0.4926772117614746,4,9
CCOC[N+]1(C)CCCC1|O=S(=O)([N-]S(=O)(=O)C(F)(F)F)C(F)(F)F,-0.007024615071713924,-0.3123033046722412,4,9
CCCC[N+](C)(C)CC|O=S(=O)([N-]S(=O)(=O)C(F)(F)F)C(F)(F)F,-2.5010359287261963,-2.847559928894043,4,16
CCCC[N+](C)(C)CC|O=S(=O)([N-]S(=O)(=O)C(F)(F)F)C(F)(F)F,-2.207274913787842,-2.4609246253967285,4,16
CCCC[N+](C)(C)CC|O=S(=O)([N-]S(=O)(=O)C(F)(F)F)C(F)(F)F,-1.9449106454849243,-2.1413211822509766,4,16
CCCC[N+](C)(C)CC|O=S(=O)([N-]S(=O)(=O)C(F)(F)F)C(F)(F)F,-1.7037485837936401,-1.8508073091506958,4,16
CCCC[N+](C)(C)CC|O=S(=O)([N-]S(=O)(=O)C(F)(F)F)C(F)(F)F,-1.4784096479415894,-1.5875575542449951,4,16
CCCC[N+](C)(C)CC|O=S(=O)([N-]S(=O)(=O)C(F)(F)F)C(F)(F)F,-1.2765434980392456,-1.3699395656585693,4,16
CCCC[N+](C)(C)CC|O=S(=O)([N-]S(=O)(=O)C(F)(F)F)C(F)(F)F,-1.0876723527908325,-1.1804604530334473,4,16
CCCC[N+](C)(C)CC|O=S(=O)([N-]S(=O)(=O)C(F)(F)F)C(F)(F)F,-0.9137938618659973,-1.0105968713760376,4,16
CCCC[N+](C)(C)CC|O=S(=O)([N-]S(=O)(=O)C(F)(F)F)C(F)(F)F,-0.7486599087715149,-0.8628160357475281,4,16
CCCCCCCCn1cc[n+](C)c1|[Br-],1.8991179466247559,-2.489642381668091,4,9
CCCCCCCCn1cc[n+](C)c1|[Br-],2.356125831604004,-2.149646282196045,4,9
CCCCCCCCn1cc[n+](C)c1|[Br-],2.7850112915039062,-1.8555209636688232,4,9
CCCCCCCCn1cc[n+](C)c1|[Br-],3.178053855895996,-1.6061898469924927,4,9
CCCCCCCCn1cc[n+](C)c1|[Br-],3.5610461235046387,-1.3893533945083618,4,9
CCCCCCCCn1cc[n+](C)c1|[Br-],3.8958935737609863,-1.1888182163238525,4,9
CCCCCCCCn1cc[n+](C)c1|[Br-],4.226833820343018,-1.0027292966842651,4,9
CCCCCCCCn1cc[n+](C)c1|[Br-],4.4931206703186035,-0.8411988615989685,4,9
CCCC[n+]1ccccc1|O=S(=O)([N-]S(=O)(=O)C(F)(F)F)C(F)(F)F,-1.3329432010650635,-1.884963035583496,4,105
CCCC[n+]1ccccc1|O=S(=O)([N-]S(=O)(=O)C(F)(F)F)C(F)(F)F,-1.1104824542999268,-1.6457874774932861,4,105
CCCC[n+]1ccccc1|O=S(=O)([N-]S(=O)(=O)C(F)(F)F)C(F)(F)F,-0.9063404202461243,-1.4427448511123657,4,105
CCCC[n+]1ccccc1|O=S(=O)([N-]S(=O)(=O)C(F)(F)F)C(F)(F)F,-0.7153927683830261,-1.2537777423858643,4,105
CCCC[n+]1ccccc1|O=S(=O)([N-]S(=O)(=O)C(F)(F)F)C(F)(F)F,-0.5412848591804504,-1.0770056247711182,4,105
CCCC[n+]1ccccc1|O=S(=O)([N-]S(=O)(=O)C(F)(F)F)C(F)(F)F,-0.37833642959594727,-0.9182473421096802,4,105
CCCC[n+]1ccccc1|O=S(=O)([N-]S(=O)(=O)C(F)(F)F)C(F)(F)F,-0.2269006073474884,-0.7855704426765442,4,105
CCCC[n+]1ccccc1|O=S(=O)([N-]S(=O)(=O)C(F)(F)F)C(F)(F)F,-0.08555788546800613,-0.6688274145126343,4,105
CCCC[n+]1ccccc1|O=S(=O)([N-]S(=O)(=O)C(F)(F)F)C(F)(F)F,0.046692728996276855,-0.5597161054611206,4,105
C(CCC)[N+]1=CSC=C1|F[B-]1(F)OC(=O)C(=O)O1,-2.7030627727508545,-3.062084197998047,4,9
C(CCC)[N+]1=CSC=C1|F[B-]1(F)OC(=O)C(=O)O1,-2.2926347255706787,-2.230550527572632,4,9
C(CCC)[N+]1=CSC=C1|F[B-]1(F)OC(=O)C(=O)O1,-2.0402207374572754,-1.8621264696121216,4,9
C(CCC)[N+]1=CSC=C1|F[B-]1(F)OC(=O)C(=O)O1,-1.6660082340240479,-1.5620802640914917,4,9
C(CCC)[N+]1=CSC=C1|F[B-]1(F)OC(=O)C(=O)O1,-1.1809074878692627,-1.124243974685669,4,9
C(CCC)[N+]1=CSC=C1|F[B-]1(F)OC(=O)C(=O)O1,-0.7830718755722046,-0.8262991905212402,4,9
C(CCC)[N+]1=CSC=C1|F[B-]1(F)OC(=O)C(=O)O1,-0.4942963123321533,-0.6173421144485474,4,9
C(CCC)[N+]1=CSC=C1|F[B-]1(F)OC(=O)C(=O)O1,-0.23319388926029205,-0.432344913482666,4,9
C(CCC)[N+]1=CSC=C1|F[B-]1(F)OC(=O)C(=O)O1,0.0421011745929718,-0.2474067211151123,4,9
CCCCCC[n+]1ccn(C)c1|O=S(=O)([N-]S(=O)(=O)C(F)(F)F)C(F)(F)F,-2.5639498233795166,-3.165433883666992,4,173
CCCCCC[n+]1ccn(C)c1|O=S(=O)([N-]S(=O)(=O)C(F)(F)F)C(F)(F)F,-2.282782554626465,-2.8200998306274414,4,173
CCCCCC[n+]1ccn(C)c1|O=S(=O)([N-]S(=O)(=O)C(F)(F)F)C(F)(F)F,-2.0024805068969727,-2.480423927307129,4,173
CCCCCC[n+]1ccn(C)c1|O=S(=O)([N-]S(=O)(=O)C(F)(F)F)C(F)(F)F,-1.760260820388794,-2.165188789367676,4,173
CCCCCC[n+]1ccn(C)c1|O=S(=O)([N-]S(=O)(=O)C(F)(F)F)C(F)(F)F,-1.5278578996658325,-1.8986787796020508,4,173
CCCCCC[n+]1ccn(C)c1|O=S(=O)([N-]S(=O)(=O)C(F)(F)F)C(F)(F)F,-1.3167682886123657,-1.688600778579712,4,173
CCCCCC[n+]1ccn(C)c1|O=S(=O)([N-]S(=O)(=O)C(F)(F)F)C(F)(F)F,-1.1177951097488403,-1.5234031677246094,4,173
CCCCCCCCCCCCCCCC[n+]1ccn(C)c1|F[B-](F)(F)F,-13.815510749816895,-5.108428955078125,4,49
CCCCCCCCCCCCCCCC[n+]1ccn(C)c1|F[B-](F)(F)F,-13.815510749816895,-4.8148298263549805,4,49
CCCCCCCCCCCCCCCC[n+]1ccn(C)c1|F[B-](F)(F)F,-13.815510749816895,-4.557546615600586,4,49
CCCCCCCCCCCCCCCC[n+]1ccn(C)c1|F[B-](F)(F)F,-13.815510749816895,-4.2938408851623535,4,49
CCCCCCCCCCCCCCCC[n+]1ccn(C)c1|F[B-](F)(F)F,-13.122363090515137,-4.0175652503967285,4,49
CCCCCCCCCCCCCCCC[n+]1ccn(C)c1|F[B-](F)(F)F,-11.512925148010254,-3.7590155601501465,4,49
CCCCCCCCCCCCCCCC[n+]1ccn(C)c1|F[B-](F)(F)F,-9.704636573791504,-3.4996938705444336,4,49
CCCCCCCCCCCCCCCC[n+]1ccn(C)c1|F[B-](F)(F)F,-6.03646183013916,-3.2429146766662598,4,49
CCCCCCCCCCCCCCCC[n+]1ccn(C)c1|F[B-](F)(F)F,-3.1677074432373047,-2.9858295917510986,4,49
CCCC[n+]1ccccc1|N#C[N-]C#N,-0.13926206529140472,-0.3114851713180542,4,23
CCCC[n+]1ccccc1|N#C[N-]C#N,0.029558802023530006,-0.15974271297454834,4,23
CCCC[n+]1ccccc1|N#C[N-]C#N,0.1996701955795288,-0.017343878746032715,4,23
CCCC[n+]1ccccc1|N#C[N-]C#N,0.37775126099586487,0.11466586589813232,4,23
CCCC[n+]1ccccc1|N#C[N-]C#N,0.5446471571922302,0.2334829568862915,4,23
CCCC[n+]1ccccc1|N#C[N-]C#N,0.6805683970451355,0.33998405933380127,4,23
CCCC[n+]1ccccc1|N#C[N-]C#N,0.8131499886512756,0.4346269369125366,4,23
CCCC[n+]1ccccc1|N#C[N-]C#N,0.9524297714233398,0.5261615514755249,4,23
CCCC[n+]1ccccc1|N#C[N-]C#N,1.076366662979126,0.615165114402771,4,23
CCCC[n+]1ccn(C)c1|CC(O)C(=O)[O-],-3.294138193130493,-2.141632556915283,4,9
CCCC[n+]1ccn(C)c1|CC(O)C(=O)[O-],-2.913231134414673,-1.838365912437439,4,9
CCCC[n+]1ccn(C)c1|CC(O)C(=O)[O-],-2.5743937492370605,-1.5967016220092773,4,9
CCCC[n+]1ccn(C)c1|CC(O)C(=O)[O-],-2.2662532329559326,-1.3885464668273926,4,9
CCCC[n+]1ccn(C)c1|CC(O)C(=O)[O-],-1.980501651763916,-1.1963722705841064,4,9
CCCC[n+]1ccn(C)c1|CC(O)C(=O)[O-],-1.7147984504699707,-1.0068862438201904,4,9
CCCC[n+]1ccn(C)c1|CC(O)C(=O)[O-],-1.474033236503601,-0.842031717300415,4,9
CCCC[n+]1ccn(C)c1|CC(O)C(=O)[O-],-1.2447948455810547,-0.7044006586074829,4,9
CCCC[n+]1ccn(C)c1|CC(O)C(=O)[O-],-1.021651268005371,-0.5733195543289185,4,9
CC[n+]1ccn(C)c1|O=S(=O)([N-]S(=O)(=O)C(F)(F)F)C(F)(F)F,-0.15082289278507233,-0.758466899394989,4,191
CC[n+]1ccn(C)c1|O=S(=O)([N-]S(=O)(=O)C(F)(F)F)C(F)(F)F,-0.09431067854166031,-0.7371199727058411,4,191
CC[n+]1ccn(C)c1|O=S(=O)([N-]S(=O)(=O)C(F)(F)F)C(F)(F)F,-0.07257069647312164,-0.7078640460968018,4,191
CC[n+]1ccn(C)c1|O=S(=O)([N-]S(=O)(=O)C(F)(F)F)C(F)(F)F,-0.040821995586156845,-0.6719293594360352,4,191
CC[n+]1ccn(C)c1|O=S(=O)([N-]S(=O)(=O)C(F)(F)F)C(F)(F)F,0.0,-0.6327277421951294,4,191
CC[n+]1ccn(C)c1|O=S(=O)([N-]S(=O)(=O)C(F)(F)F)C(F)(F)F,0.07696104049682617,-0.5849682092666626,4,191
CC[n+]1ccn(C)c1|O=S(=O)([N-]S(=O)(=O)C(F)(F)F)C(F)(F)F,0.1570037454366684,-0.5332872867584229,4,191
CC[n+]1ccn(C)c1|O=S(=O)([N-]S(=O)(=O)C(F)(F)F)C(F)(F)F,0.246860072016716,-0.47479403018951416,4,191
CCC[n+]1ccccc1|N#C[N-]C#N,0.2684992551803589,-0.006295561790466309,4,9
CCC[n+]1ccccc1|N#C[N-]C#N,0.4107842743396759,0.1416105031967163,4,9
CCC[n+]1ccccc1|N#C[N-]C#N,0.5687171220779419,0.278641939163208,4,9
CCC[n+]1ccccc1|N#C[N-]C#N,0.7289968132972717,0.3956495523452759,4,9
CCC[n+]1ccccc1|N#C[N-]C#N,0.8924077749252319,0.5018264055252075,4,9
CCC[n+]1ccccc1|N#C[N-]C#N,1.0328285694122314,0.5942069292068481,4,9
CCC[n+]1ccccc1|N#C[N-]C#N,1.1678273677825928,0.6801434755325317,4,9
CCC[n+]1ccccc1|N#C[N-]C#N,1.2911591529846191,0.7638405561447144,4,9
CCC[n+]1ccccc1|N#C[N-]C#N,1.4053614139556885,0.850286602973938,4,9
CCCCCC[n+]1ccn(C)c1|O=S(=O)([O-])C(F)(F)F,-2.337176561355591,-2.3839478492736816,4,10
CCCCCC[n+]1ccn(C)c1|O=S(=O)([O-])C(F)(F)F,-2.074652910232544,-2.0261073112487793,4,10
CCCCCC[n+]1ccn(C)c1|O=S(=O)([O-])C(F)(F)F,-1.8307082653045654,-1.7897486686706543,4,10
CCCCCC[n+]1ccn(C)c1|O=S(=O)([O-])C(F)(F)F,-1.6039530038833618,-1.6101582050323486,4,10
CCCCCC[n+]1ccn(C)c1|O=S(=O)([O-])C(F)(F)F,-1.3927149772644043,-1.4486876726150513,4,10
CCCCCC[n+]1ccn(C)c1|O=S(=O)([O-])C(F)(F)F,-1.1950130462646484,-1.2945013046264648,4,10
CCCCCC[n+]1ccn(C)c1|O=S(=O)([O-])C(F)(F)F,-1.0106014013290405,-1.1389507055282593,4,10
CCCCCC[n+]1ccn(C)c1|O=S(=O)([O-])C(F)(F)F,-0.8347107172012329,-0.9792152047157288,4,10
CCCCCC[n+]1ccn(C)c1|O=S(=O)([O-])C(F)(F)F,-0.6713857054710388,-0.8521785140037537,4,10
CCCC[n+]1cccn1C|O=S(=O)([N-]S(=O)(=O)C(F)(F)F)C(F)(F)F,-1.2173957824707031,-1.7891850471496582,4,14
CCCC[n+]1cccn1C|O=S(=O)([N-]S(=O)(=O)C(F)(F)F)C(F)(F)F,-1.099612832069397,-1.5695000886917114,4,14
CCCC[n+]1cccn1C|O=S(=O)([N-]S(=O)(=O)C(F)(F)F)C(F)(F)F,-0.9915531873703003,-1.3680667877197266,4,14
CCCC[n+]1cccn1C|O=S(=O)([N-]S(=O)(=O)C(F)(F)F)C(F)(F)F,-0.8051967024803162,-1.009462594985962,4,14
CCCC[n+]1cccn1C|O=S(=O)([N-]S(=O)(=O)C(F)(F)F)C(F)(F)F,-0.6481738090515137,-0.7245703935623169,4,14
CCCC[n+]1cccn1C|O=S(=O)([N-]S(=O)(=O)C(F)(F)F)C(F)(F)F,-0.5175145864486694,-0.49112510681152344,4,14
CCCC[n+]1cccn1C|O=S(=O)([N-]S(=O)(=O)C(F)(F)F)C(F)(F)F,-0.4034671187400818,-0.2866783142089844,4,14
CCCC[n+]1cccn1C|O=S(=O)([N-]S(=O)(=O)C(F)(F)F)C(F)(F)F,-0.30516737699508667,-0.09122014045715332,4,14
CC[N+](CC)(CC)CC|CC(=O)O[B-](F)(F)OC(C)=O,-3.628725528717041,-3.8470263481140137,4,9
CC[N+](CC)(CC)CC|CC(=O)O[B-](F)(F)OC(C)=O,-2.8344640731811523,-3.155953884124756,4,9
CC[N+](CC)(CC)CC|CC(=O)O[B-](F)(F)OC(C)=O,-2.148148775100708,-2.369579792022705,4,9
CC[N+](CC)(CC)CC|CC(=O)O[B-](F)(F)OC(C)=O,-1.8470607995986938,-2.013716697692871,4,9
CC[N+](CC)(CC)CC|CC(=O)O[B-](F)(F)OC(C)=O,-1.3149043321609497,-1.445624589920044,4,9
CC[N+](CC)(CC)CC|CC(=O)O[B-](F)(F)OC(C)=O,-0.8615658283233643,-1.0059452056884766,4,9
CC[N+](CC)(CC)CC|CC(=O)O[B-](F)(F)OC(C)=O,-0.4719254672527313,-0.6790585517883301,4,9
CC[N+](CC)(CC)CC|CC(=O)O[B-](F)(F)OC(C)=O,-0.13444609940052032,-0.45925939083099365,4,9
CC[N+](CC)(CC)CC|CC(=O)O[B-](F)(F)OC(C)=O,0.16007594764232635,-0.2641913890838623,4,9
CCCCn1cc[n+](C)c1|CCCC(=O)[O-],-3.193695545196533,-2.7566404342651367,4,9
CCCCn1cc[n+](C)c1|CCCC(=O)[O-],-2.8861606121063232,-2.4812254905700684,4,9
CCCCn1cc[n+](C)c1|CCCC(=O)[O-],-2.5873382091522217,-2.237089157104492,4,9
CCCCn1cc[n+](C)c1|CCCC(=O)[O-],-2.310617208480835,-2.0030903816223145,4,9
CCCCn1cc[n+](C)c1|CCCC(=O)[O-],-2.047168016433716,-1.8100605010986328,4,9
CCCCn1cc[n+](C)c1|CCCC(=O)[O-],-1.8024160861968994,-1.6165956258773804,4,9
CCCCn1cc[n+](C)c1|CCCC(=O)[O-],-1.568295955657959,-1.4491695165634155,4,9
CCCCn1cc[n+](C)c1|CCCC(=O)[O-],-1.355959177017212,-1.2862486839294434,4,9
CCCCn1cc[n+](C)c1|CCCC(=O)[O-],-1.156453251838684,-1.1442744731903076,4,9
CC[n+]1ccn(C)c1|O=S(=O)([N-]S(=O)(=O)C(F)(F)F)C(F)(F)F,-1.4312916994094849,-2.3336498737335205,4,191
CC[n+]1ccn(C)c1|O=S(=O)([N-]S(=O)(=O)C(F)(F)F)C(F)(F)F,-1.024432897567749,-1.4307957887649536,4,191
CC[n+]1ccn(C)c1|O=S(=O)([N-]S(=O)(=O)C(F)(F)F)C(F)(F)F,-0.5310283303260803,-0.8345173597335815,4,191
CC[n+]1ccn(C)c1|O=S(=O)([N-]S(=O)(=O)C(F)(F)F)C(F)(F)F,-0.23572233319282532,-0.5772185325622559,4,191
CC[n+]1ccn(C)c1|O=S(=O)([N-]S(=O)(=O)C(F)(F)F)C(F)(F)F,0.0525924488902092,-0.299172043800354,4,191
CC[n+]1ccn(C)c1|O=S(=O)([N-]S(=O)(=O)C(F)(F)F)C(F)(F)F,0.31845372915267944,-0.04641306400299072,4,191
CC[n+]1ccn(C)c1|O=S(=O)([N-]S(=O)(=O)C(F)(F)F)C(F)(F)F,0.5211719274520874,0.19637072086334229,4,191
CC[n+]1ccn(C)c1|O=S(=O)([N-]S(=O)(=O)C(F)(F)F)C(F)(F)F,0.7970566153526306,0.4750322103500366,4,191
c(N(CCCC)CCCC)1c(N(CCCC)CCCC)[c+]1N(CCCC)CCCC|[N-](C#N)C#N,-2.7741899490356445,-2.4468629360198975,4,8
c(N(CCCC)CCCC)1c(N(CCCC)CCCC)[c+]1N(CCCC)CCCC|[N-](C#N)C#N,-2.155890703201294,-2.1324400901794434,4,8
c(N(CCCC)CCCC)1c(N(CCCC)CCCC)[c+]1N(CCCC)CCCC|[N-](C#N)C#N,-1.6649506092071533,-1.8632985353469849,4,8
c(N(CCCC)CCCC)1c(N(CCCC)CCCC)[c+]1N(CCCC)CCCC|[N-](C#N)C#N,-1.2427136898040771,-1.6421356201171875,4,8
c(N(CCCC)CCCC)1c(N(CCCC)CCCC)[c+]1N(CCCC)CCCC|[N-](C#N)C#N,-0.8768296837806702,-1.4715250730514526,4,8
c(N(CCCC)CCCC)1c(N(CCCC)CCCC)[c+]1N(CCCC)CCCC|[N-](C#N)C#N,-0.5568695664405823,-1.3256572484970093,4,8
c(N(CCCC)CCCC)1c(N(CCCC)CCCC)[c+]1N(CCCC)CCCC|[N-](C#N)C#N,-0.27707189321517944,-1.1912848949432373,4,8
c(N(CCCC)CCCC)1c(N(CCCC)CCCC)[c+]1N(CCCC)CCCC|[N-](C#N)C#N,-0.03252319246530533,-1.0641629695892334,4,8
c(N(C)C)1c(N(C)C)[c+]1N(CCC)C|[N-](C#N)C#N,-1.1488535404205322,-0.36189210414886475,4,8
c(N(C)C)1c(N(C)C)[c+]1N(CCC)C|[N-](C#N)C#N,-0.6124892830848694,-0.14906227588653564,4,8
c(N(C)C)1c(N(C)C)[c+]1N(CCC)C|[N-](C#N)C#N,-0.16960278153419495,0.02723407745361328,4,8
c(N(C)C)1c(N(C)C)[c+]1N(CCC)C|[N-](C#N)C#N,0.21349717676639557,0.18189966678619385,4,8
c(N(C)C)1c(N(C)C)[c+]1N(CCC)C|[N-](C#N)C#N,0.524728536605835,0.3325306177139282,4,8
c(N(C)C)1c(N(C)C)[c+]1N(CCC)C|[N-](C#N)C#N,0.8109301924705505,0.49414241313934326,4,8
c(N(C)C)1c(N(C)C)[c+]1N(CCC)C|[N-](C#N)C#N,1.0402767658233643,0.6700714826583862,4,8
c(N(C)C)1c(N(C)C)[c+]1N(CCC)C|[N-](C#N)C#N,1.2527629137039185,0.8445230722427368,4,8
CC[n+]1ccn(C)c1|O=S(=O)([N-]S(=O)(=O)C(F)(F)F)C(F)(F)F,-0.2744368314743042,-0.5803186893463135,4,191
CC[n+]1ccn(C)c1|O=S(=O)([N-]S(=O)(=O)C(F)(F)F)C(F)(F)F,-0.09431067854166031,-0.4339662790298462,4,191
CC[n+]1ccn(C)c1|O=S(=O)([N-]S(=O)(=O)C(F)(F)F)C(F)(F)F,-0.09431067854166031,-0.42979753017425537,4,191
CC[n+]1ccn(C)c1|O=S(=O)([N-]S(=O)(=O)C(F)(F)F)C(F)(F)F,0.06765864789485931,-0.29648149013519287,4,191
CC[n+]1ccn(C)c1|O=S(=O)([N-]S(=O)(=O)C(F)(F)F)C(F)(F)F,0.2623642683029175,-0.16745388507843018,4,191
CC[n+]1ccn(C)c1|O=S(=O)([N-]S(=O)(=O)C(F)(F)F)C(F)(F)F,0.3920421004295349,-0.041468024253845215,4,191
CC[n+]1ccn(C)c1|O=S(=O)([N-]S(=O)(=O)C(F)(F)F)C(F)(F)F,0.5364933609962463,0.0801612138748169,4,191
CC[n+]1ccn(C)c1|O=S(=O)([N-]S(=O)(=O)C(F)(F)F)C(F)(F)F,0.6365768313407898,0.19429898262023926,4,191
CCCCCC[n+]1ccn(C)c1|O=S(=O)([N-]S(=O)(=O)C(F)(F)F)C(F)(F)F,-2.864703893661499,-3.4976553916931152,4,173
CCCCCC[n+]1ccn(C)c1|O=S(=O)([N-]S(=O)(=O)C(F)(F)F)C(F)(F)F,-2.2537949085235596,-2.8200998306274414,4,173
CCCCCC[n+]1ccn(C)c1|O=S(=O)([N-]S(=O)(=O)C(F)(F)F)C(F)(F)F,-1.742969274520874,-2.165188789367676,4,173
CCCCCC[n+]1ccn(C)c1|O=S(=O)([N-]S(=O)(=O)C(F)(F)F)C(F)(F)F,-1.3056364059448242,-1.688600778579712,4,173
CCCCCC[n+]1ccn(C)c1|O=S(=O)([N-]S(=O)(=O)C(F)(F)F)C(F)(F)F,-0.6106459498405457,-1.093322515487671,4,173
CCCCCC[n+]1ccn(C)c1|O=S(=O)([N-]S(=O)(=O)C(F)(F)F)C(F)(F)F,-0.3312857151031494,-0.8450353145599365,4,173
CCCCCC[n+]1ccn(C)c1|O=S(=O)([N-]S(=O)(=O)C(F)(F)F)C(F)(F)F,-0.08555788546800613,-0.6199343204498291,4,173
CC[n+]1ccn(C)c1|O=S(=O)([N-]S(=O)(=O)C(F)(F)F)C(F)(F)F,-1.6094379425048828,-3.7169299125671387,4,191
CC[n+]1ccn(C)c1|O=S(=O)([N-]S(=O)(=O)C(F)(F)F)C(F)(F)F,-1.0498220920562744,-2.3336498737335205,4,191
CC[n+]1ccn(C)c1|O=S(=O)([N-]S(=O)(=O)C(F)(F)F)C(F)(F)F,-0.6348782777786255,-1.4248603582382202,4,191
CC[n+]1ccn(C)c1|O=S(=O)([N-]S(=O)(=O)C(F)(F)F)C(F)(F)F,-0.26136475801467896,-0.9369921088218689,4,191
CC[n+]1ccn(C)c1|O=S(=O)([N-]S(=O)(=O)C(F)(F)F)C(F)(F)F,0.09531018137931824,-0.5756690502166748,4,191
CC[n+]1ccn(C)c1|O=S(=O)([N-]S(=O)(=O)C(F)(F)F)C(F)(F)F,0.3364722430706024,-0.2924462556838989,4,191
CC[n+]1ccn(C)c1|O=S(=O)([N-]S(=O)(=O)C(F)(F)F)C(F)(F)F,0.7419373393058777,0.19740617275238037,4,191
CC[n+]1ccn(C)c1|O=S(=O)([N-]S(=O)(=O)C(F)(F)F)C(F)(F)F,1.1314021348953247,0.563207745552063,4,191
CC[n+]1ccn(C)c1|O=S(=O)([N-]S(=O)(=O)C(F)(F)F)C(F)(F)F,1.4109870195388794,0.9090522527694702,4,191
CCCC[n+]1ccccc1|O=S(=O)([N-]S(=O)(=O)C(F)(F)F)C(F)(F)F,-3.1700856685638428,-3.9515790939331055,4,105
CCCC[n+]1ccccc1|O=S(=O)([N-]S(=O)(=O)C(F)(F)F)C(F)(F)F,-2.441847085952759,-3.2387444972991943,4,105
CCCC[n+]1ccccc1|O=S(=O)([N-]S(=O)(=O)C(F)(F)F)C(F)(F)F,-1.8325815200805664,-2.546779155731201,4,105
CCCC[n+]1ccccc1|O=S(=O)([N-]S(=O)(=O)C(F)(F)F)C(F)(F)F,-1.3470736742019653,-1.8896409273147583,4,105
CCCC[n+]1ccccc1|O=S(=O)([N-]S(=O)(=O)C(F)(F)F)C(F)(F)F,-1.1086626052856445,-1.6466484069824219,4,105
CCCC[n+]1ccccc1|O=S(=O)([N-]S(=O)(=O)C(F)(F)F)C(F)(F)F,-0.9162907600402832,-1.4411145448684692,4,105
CCCC[n+]1ccccc1|O=S(=O)([N-]S(=O)(=O)C(F)(F)F)C(F)(F)F,-0.5447271466255188,-1.0712425708770752,4,105
CCCC[n+]1ccccc1|O=S(=O)([N-]S(=O)(=O)C(F)(F)F)C(F)(F)F,-0.0100503358989954,-0.5505509376525879,4,105
CCCC[n+]1ccccc1|O=S(=O)([N-]S(=O)(=O)C(F)(F)F)C(F)(F)F,0.4700036346912384,-0.13204944133758545,4,105
CCCC[n+]1ccccc1|O=S(=O)([N-]S(=O)(=O)C(F)(F)F)C(F)(F)F,0.832909107208252,0.22872591018676758,4,105
CC[N+](CC)(CC)CC|O=C1O[B-](F)(F)OC1=O,-1.355959177017212,-1.1725449562072754,4,10
CC[N+](CC)(CC)CC|O=C1O[B-](F)(F)OC1=O,-1.1356912851333618,-0.9399603605270386,4,10
CC[N+](CC)(CC)CC|O=C1O[B-](F)(F)OC1=O,-0.9331825971603394,-0.73233562707901,4,10
CC[N+](CC)(CC)CC|O=C1O[B-](F)(F)OC1=O,-0.7452829480171204,-0.5560137033462524,4,10
CC[N+](CC)(CC)CC|O=C1O[B-](F)(F)OC1=O,-0.5732330679893494,-0.40918993949890137,4,10
CC[N+](CC)(CC)CC|O=C1O[B-](F)(F)OC1=O,-0.40766751766204834,-0.2759140729904175,4,10
CC[N+](CC)(CC)CC|O=C1O[B-](F)(F)OC1=O,-0.26149463653564453,-0.15615403652191162,4,10
CC[N+](CC)(CC)CC|O=C1O[B-](F)(F)OC1=O,-0.11777053773403168,-0.053560853004455566,4,10
CC[N+](CC)(CC)CC|O=C1O[B-](F)(F)OC1=O,0.016168581321835518,0.04039907455444336,4,10
CC[N+](CC)(CC)CC|O=C1O[B-](F)(F)OC1=O,0.14245396852493286,0.13273334503173828,4,10
CCCCn1cc[n+](C)c1|CC(=O)O[B-](F)(F)OC(C)=O,-3.0529377460479736,-2.7821030616760254,4,8
CCCCn1cc[n+](C)c1|CC(=O)O[B-](F)(F)OC(C)=O,-2.3370730876922607,-1.9883737564086914,4,8
CCCCn1cc[n+](C)c1|CC(=O)O[B-](F)(F)OC(C)=O,-2.0196642875671387,-1.7390341758728027,4,8
CCCCn1cc[n+](C)c1|CC(=O)O[B-](F)(F)OC(C)=O,-1.4605870246887207,-1.2936838865280151,4,8
CCCCn1cc[n+](C)c1|CC(=O)O[B-](F)(F)OC(C)=O,-0.9848372936248779,-0.9443264603614807,4,8
CCCCn1cc[n+](C)c1|CC(=O)O[B-](F)(F)OC(C)=O,-0.5787476301193237,-0.6697126626968384,4,8
CCCCn1cc[n+](C)c1|CC(=O)O[B-](F)(F)OC(C)=O,-0.22991643846035004,-0.4254171848297119,4,8
CCCCn1cc[n+](C)c1|CC(=O)O[B-](F)(F)OC(C)=O,0.07352923601865768,-0.19961464405059814,4,8
CCCC[n+]1ccn(C)c1|N#C[S-],-0.44005656242370605,-0.7292720079421997,4,30
CCCC[n+]1ccn(C)c1|N#C[S-],-0.19358475506305695,-0.5291788578033447,4,30
CCCC[n+]1ccn(C)c1|N#C[S-],-0.05340077728033066,-0.3648155927658081,4,30
CCCC[n+]1ccn(C)c1|N#C[S-],0.11689375340938568,-0.21414566040039062,4,30
CCCC[n+]1ccn(C)c1|N#C[S-],0.27611544728279114,-0.07324779033660889,4,30
CCCC[n+]1ccn(C)c1|N#C[S-],0.39068982005119324,0.06341171264648438,4,30
CCCC[n+]1ccn(C)c1|N#C[S-],0.4934759736061096,0.1887516975402832,4,30
CCCC[n+]1ccn(C)c1|N#C[S-],0.6216511726379395,0.2953242063522339,4,30
CCCCCCCCCCCCCC[P+](CCCCCC)(CCCCCC)CCCCCC|N#Cc1ccc[n-]1,-6.214608192443848,-5.5445098876953125,4,8
CCCCCCCCCCCCCC[P+](CCCCCC)(CCCCCC)CCCCCC|N#Cc1ccc[n-]1,-5.80914306640625,-5.077590465545654,4,8
CCCCCCCCCCCCCC[P+](CCCCCC)(CCCCCC)CCCCCC|N#Cc1ccc[n-]1,-5.521461009979248,-4.839951992034912,4,8
CCCCCCCCCCCCCC[P+](CCCCCC)(CCCCCC)CCCCCC|N#Cc1ccc[n-]1,-5.11599588394165,-4.613972187042236,4,8
CCCCCCCCCCCCCC[P+](CCCCCC)(CCCCCC)CCCCCC|N#Cc1ccc[n-]1,-4.509860038757324,-4.2103376388549805,4,8
CCCCCCCCCCCCCC[P+](CCCCCC)(CCCCCC)CCCCCC|N#Cc1ccc[n-]1,-4.074542045593262,-3.8426456451416016,4,8
CCCCCCCCCCCCCC[P+](CCCCCC)(CCCCCC)CCCCCC|N#Cc1ccc[n-]1,-3.6119184494018555,-3.521477222442627,4,8
CCCCCCCCCCCCCC[P+](CCCCCC)(CCCCCC)CCCCCC|N#Cc1ccc[n-]1,-3.2188758850097656,-3.237277030944824,4,8
CCCC[n+]1ccn(CCC(C)C)c1|O=S(=O)([N-]S(=O)(=O)C(F)(F)F)C(F)(F)F,-1.9310215711593628,-2.2670531272888184,4,7
CCCC[n+]1ccn(CCC(C)C)c1|O=S(=O)([N-]S(=O)(=O)C(F)(F)F)C(F)(F)F,-1.7037485837936401,-1.9590705633163452,4,7
CCCC[n+]1ccn(CCC(C)C)c1|O=S(=O)([N-]S(=O)(=O)C(F)(F)F)C(F)(F)F,-1.2982834577560425,-1.5364153385162354,4,7
CCCC[n+]1ccn(CCC(C)C)c1|O=S(=O)([N-]S(=O)(=O)C(F)(F)F)C(F)(F)F,-0.9441759586334229,-1.215227484703064,4,7
CCCC[n+]1ccn(CCC(C)C)c1|O=S(=O)([N-]S(=O)(=O)C(F)(F)F)C(F)(F)F,-0.6367668509483337,-0.9480816125869751,4,7
CCCC[n+]1ccn(CCC(C)C)c1|O=S(=O)([N-]S(=O)(=O)C(F)(F)F)C(F)(F)F,-0.3652833104133606,-0.7305659651756287,4,7
CCCC[n+]1ccn(CCC(C)C)c1|O=S(=O)([N-]S(=O)(=O)C(F)(F)F)C(F)(F)F,-0.12443007528781891,-0.5403631925582886,4,7
c(N(C)C)1c(N(C)C)[c+]1N(CCCCCC)C|[N-](S(=O)(=O)C(F)(F)F)S(=O)(=O)C(F)(F)F,-2.032557964324951,-1.8525054454803467,4,8
c(N(C)C)1c(N(C)C)[c+]1N(CCCCCC)C|[N-](S(=O)(=O)C(F)(F)F)S(=O)(=O)C(F)(F)F,-1.5278578996658325,-1.5790843963623047,4,8
c(N(C)C)1c(N(C)C)[c+]1N(CCCCCC)C|[N-](S(=O)(=O)C(F)(F)F)S(=O)(=O)C(F)(F)F,-1.0966142416000366,-1.3376116752624512,4,8
c(N(C)C)1c(N(C)C)[c+]1N(CCCCCC)C|[N-](S(=O)(=O)C(F)(F)F)S(=O)(=O)C(F)(F)F,-0.727738618850708,-1.158738136291504,4,8
c(N(C)C)1c(N(C)C)[c+]1N(CCCCCC)C|[N-](S(=O)(=O)C(F)(F)F)S(=O)(=O)C(F)(F)F,-0.4109802842140198,-0.9473995566368103,4,8
c(N(C)C)1c(N(C)C)[c+]1N(CCCCCC)C|[N-](S(=O)(=O)C(F)(F)F)S(=O)(=O)C(F)(F)F,-0.1358197182416916,-0.7719011306762695,4,8
c(N(C)C)1c(N(C)C)[c+]1N(CCCCCC)C|[N-](S(=O)(=O)C(F)(F)F)S(=O)(=O)C(F)(F)F,0.1034587100148201,-0.6405239105224609,4,8
c(N(C)C)1c(N(C)C)[c+]1N(CCCCCC)C|[N-](S(=O)(=O)C(F)(F)F)S(=O)(=O)C(F)(F)F,0.317726194858551,-0.5143182277679443,4,8
c(N(CC)CC)1c(N(CC)CC)[c+]1N(CCCC)C|[N-](S(=O)(=O)C(F)(F)F)S(=O)(=O)C(F)(F)F,-2.099644184112549,-1.8138692378997803,4,8
c(N(CC)CC)1c(N(CC)CC)[c+]1N(CCCC)C|[N-](S(=O)(=O)C(F)(F)F)S(=O)(=O)C(F)(F)F,-1.6933631896972656,-1.5357335805892944,4,8
c(N(CC)CC)1c(N(CC)CC)[c+]1N(CCCC)C|[N-](S(=O)(=O)C(F)(F)F)S(=O)(=O)C(F)(F)F,-1.3815058469772339,-1.2875851392745972,4,8
c(N(CC)CC)1c(N(CC)CC)[c+]1N(CCCC)C|[N-](S(=O)(=O)C(F)(F)F)S(=O)(=O)C(F)(F)F,-1.0948195457458496,-1.0779855251312256,4,8
c(N(CC)CC)1c(N(CC)CC)[c+]1N(CCCC)C|[N-](S(=O)(=O)C(F)(F)F)S(=O)(=O)C(F)(F)F,-0.8388668298721313,-0.9081271886825562,4,8
c(N(CC)CC)1c(N(CC)CC)[c+]1N(CCCC)C|[N-](S(=O)(=O)C(F)(F)F)S(=O)(=O)C(F)(F)F,-0.6143360137939453,-0.7688171863555908,4,8
c(N(CC)CC)1c(N(CC)CC)[c+]1N(CCCC)C|[N-](S(=O)(=O)C(F)(F)F)S(=O)(=O)C(F)(F)F,-0.4109802842140198,-0.641007661819458,4,8
c(N(CC)CC)1c(N(CC)CC)[c+]1N(CCCC)C|[N-](S(=O)(=O)C(F)(F)F)S(=O)(=O)C(F)(F)F,-0.22815608978271484,-0.517388105392456,4,8
C[n+]1ccn(CCCC#N)c1|O=S(=O)([O-])C(F)(F)F,-3.411247730255127,-3.0328264236450195,4,19
C[n+]1ccn(CCCC#N)c1|O=S(=O)([O-])C(F)(F)F,-3.0791139602661133,-2.69645619392395,4,19
C[n+]1ccn(CCCC#N)c1|O=S(=O)([O-])C(F)(F)F,-2.813410758972168,-2.3582935333251953,4,19
C[n+]1ccn(CCCC#N)c1|O=S(=O)([O-])C(F)(F)F,-2.525728702545166,-1.9988223314285278,4,19
C[n+]1ccn(CCCC#N)c1|O=S(=O)([O-])C(F)(F)F,-2.263364315032959,-1.7207931280136108,4,19
C[n+]1ccn(CCCC#N)c1|O=S(=O)([O-])C(F)(F)F,-2.032557964324951,-1.5228980779647827,4,19
C[n+]1ccn(CCCC#N)c1|O=S(=O)([O-])C(F)(F)F,-1.8263509273529053,-1.3332730531692505,4,19
CC[n+]1ccn(C)c1|O=S(=O)([N-]S(=O)(=O)C(F)(F)F)C(F)(F)F,-0.1578240841627121,-0.9369921088218689,4,191
CC[n+]1ccn(C)c1|O=S(=O)([N-]S(=O)(=O)C(F)(F)F)C(F)(F)F,-0.054456185549497604,-0.7371199727058411,4,191
CC[n+]1ccn(C)c1|O=S(=O)([N-]S(=O)(=O)C(F)(F)F)C(F)(F)F,0.06578774005174637,-0.5756690502166748,4,191
CC[n+]1ccn(C)c1|O=S(=O)([N-]S(=O)(=O)C(F)(F)F)C(F)(F)F,0.1756325662136078,-0.42979753017425537,4,191
CC[n+]1ccn(C)c1|O=S(=O)([N-]S(=O)(=O)C(F)(F)F)C(F)(F)F,0.2844267785549164,-0.2924462556838989,4,191
CC[n+]1ccn(C)c1|O=S(=O)([N-]S(=O)(=O)C(F)(F)F)C(F)(F)F,0.39474114775657654,-0.16365385055541992,4,191
CC[n+]1ccn(C)c1|O=S(=O)([N-]S(=O)(=O)C(F)(F)F)C(F)(F)F,0.49652382731437683,-0.037824153900146484,4,191
c(N(CCCCCC)CCCCCC)1c(N(CCCCCC)CCCCCC)[c+]1N(CCCCCC)CCCCCC|[N-](S(=O)(=O)C(F)(F)F)S(=O)(=O)C(F)(F)F,-4.261580467224121,-3.4270105361938477,4,8
c(N(CCCCCC)CCCCCC)1c(N(CCCCCC)CCCCCC)[c+]1N(CCCCCC)CCCCCC|[N-](S(=O)(=O)C(F)(F)F)S(=O)(=O)C(F)(F)F,-3.7898054122924805,-3.0927724838256836,4,8
c(N(CCCCCC)CCCCCC)1c(N(CCCCCC)CCCCCC)[c+]1N(CCCCCC)CCCCCC|[N-](S(=O)(=O)C(F)(F)F)S(=O)(=O)C(F)(F)F,-3.3552684783935547,-2.8081634044647217,4,8
c(N(CCCCCC)CCCCCC)1c(N(CCCCCC)CCCCCC)[c+]1N(CCCCCC)CCCCCC|[N-](S(=O)(=O)C(F)(F)F)S(=O)(=O)C(F)(F)F,-2.979858875274658,-2.606064796447754,4,8
c(N(CCCCCC)CCCCCC)1c(N(CCCCCC)CCCCCC)[c+]1N(CCCCCC)CCCCCC|[N-](S(=O)(=O)C(F)(F)F)S(=O)(=O)C(F)(F)F,-2.6450753211975098,-2.4686014652252197,4,8
c(N(CCCCCC)CCCCCC)1c(N(CCCCCC)CCCCCC)[c+]1N(CCCCCC)CCCCCC|[N-](S(=O)(=O)C(F)(F)F)S(=O)(=O)C(F)(F)F,-2.338212251663208,-2.3308751583099365,4,8
c(N(CCCCCC)CCCCCC)1c(N(CCCCCC)CCCCCC)[c+]1N(CCCCCC)CCCCCC|[N-](S(=O)(=O)C(F)(F)F)S(=O)(=O)C(F)(F)F,-2.073857069015503,-2.189405679702759,4,8
c(N(CCCCCC)CCCCCC)1c(N(CCCCCC)CCCCCC)[c+]1N(CCCCCC)CCCCCC|[N-](S(=O)(=O)C(F)(F)F)S(=O)(=O)C(F)(F)F,-1.8313322067260742,-2.0402820110321045,4,8
CC[N+](C)(C)CCOC|O=S(=O)([N-]S(=O)(=O)C(F)(F)F)C(F)(F)F,-1.2447948455810547,-1.5260194540023804,4,17
CC[N+](C)(C)CCOC|O=S(=O)([N-]S(=O)(=O)C(F)(F)F)C(F)(F)F,-1.1551826000213623,-1.3233327865600586,4,17
CC[N+](C)(C)CCOC|O=S(=O)([N-]S(=O)(=O)C(F)(F)F)C(F)(F)F,-1.0300195217132568,-1.0235356092453003,4,17
CC[N+](C)(C)CCOC|O=S(=O)([N-]S(=O)(=O)C(F)(F)F)C(F)(F)F,-0.9288694858551025,-0.794498085975647,4,17
CC[N+](C)(C)CCOC|O=S(=O)([N-]S(=O)(=O)C(F)(F)F)C(F)(F)F,-0.7657178640365601,-0.628929615020752,4,17
CC[N+](C)(C)CCOC|O=S(=O)([N-]S(=O)(=O)C(F)(F)F)C(F)(F)F,-0.5960204601287842,-0.4811379909515381,4,17
CC[N+](C)(C)CCOC|O=S(=O)([N-]S(=O)(=O)C(F)(F)F)C(F)(F)F,-0.4572848677635193,-0.33256471157073975,4,17
CCCCCCCCC[n+]1ccn(CO[C@@H]2C[C@H](C)CC[C@H]2C(C)C)c1|O=S(=O)([N-]S(=O)(=O)C(F)(F)F)C(F)(F)F,-5.5913472175598145,-5.051083564758301,4,7
CCCCCCCCC[n+]1ccn(CO[C@@H]2C[C@H](C)CC[C@H]2C(C)C)c1|O=S(=O)([N-]S(=O)(=O)C(F)(F)F)C(F)(F)F,-5.15681791305542,-4.749220371246338,4,7
CCCCCCCCC[n+]1ccn(CO[C@@H]2C[C@H](C)CC[C@H]2C(C)C)c1|O=S(=O)([N-]S(=O)(=O)C(F)(F)F)C(F)(F)F,-4.7536702156066895,-4.435977458953857,4,7
CCCCCCCCC[n+]1ccn(CO[C@@H]2C[C@H](C)CC[C@H]2C(C)C)c1|O=S(=O)([N-]S(=O)(=O)C(F)(F)F)C(F)(F)F,-4.381227016448975,-4.123839378356934,4,7
CCCCCCCCC[n+]1ccn(CO[C@@H]2C[C@H](C)CC[C@H]2C(C)C)c1|O=S(=O)([N-]S(=O)(=O)C(F)(F)F)C(F)(F)F,-4.037019729614258,-3.821661949157715,4,7
CCCCCCCCC[n+]1ccn(CO[C@@H]2C[C@H](C)CC[C@H]2C(C)C)c1|O=S(=O)([N-]S(=O)(=O)C(F)(F)F)C(F)(F)F,-3.7185142040252686,-3.584146499633789,4,7
CCCCCCCCC[n+]1ccn(CO[C@@H]2C[C@H](C)CC[C@H]2C(C)C)c1|O=S(=O)([N-]S(=O)(=O)C(F)(F)F)C(F)(F)F,-3.4237496852874756,-3.3524417877197266,4,7
CCCCC[n+]1ccn(CO[C@@H]2C[C@H](C)CC[C@H]2C(C)C)c1|O=S(=O)([N-]S(=O)(=O)C(F)(F)F)C(F)(F)F,-5.300319194793701,-4.663013935089111,4,7
CCCCC[n+]1ccn(CO[C@@H]2C[C@H](C)CC[C@H]2C(C)C)c1|O=S(=O)([N-]S(=O)(=O)C(F)(F)F)C(F)(F)F,-4.856198787689209,-4.310617923736572,4,7
CCCCC[n+]1ccn(CO[C@@H]2C[C@H](C)CC[C@H]2C(C)C)c1|O=S(=O)([N-]S(=O)(=O)C(F)(F)F)C(F)(F)F,-4.444753646850586,-3.9731922149658203,4,7
CCCCC[n+]1ccn(CO[C@@H]2C[C@H](C)CC[C@H]2C(C)C)c1|O=S(=O)([N-]S(=O)(=O)C(F)(F)F)C(F)(F)F,-4.066924095153809,-3.6443533897399902,4,7
CCCCC[n+]1ccn(CO[C@@H]2C[C@H](C)CC[C@H]2C(C)C)c1|O=S(=O)([N-]S(=O)(=O)C(F)(F)F)C(F)(F)F,-3.7197511196136475,-3.3271408081054688,4,7
CCCCC[n+]1ccn(CO[C@@H]2C[C@H](C)CC[C@H]2C(C)C)c1|O=S(=O)([N-]S(=O)(=O)C(F)(F)F)C(F)(F)F,-3.40219783782959,-3.012420177459717,4,7
CCCCC[n+]1ccn(CO[C@@H]2C[C@H](C)CC[C@H]2C(C)C)c1|O=S(=O)([N-]S(=O)(=O)C(F)(F)F)C(F)(F)F,-3.1077818870544434,-2.7286901473999023,4,7
CCCCCCCCn1cc[n+](C)c1|O=S(=O)([N-]S(=O)(=O)C(F)(F)F)C(F)(F)F,-2.2443161010742188,-2.6069326400756836,4,71
CCCCCCCCn1cc[n+](C)c1|O=S(=O)([N-]S(=O)(=O)C(F)(F)F)C(F)(F)F,-1.9951003789901733,-2.291459083557129,4,71
CCCCCCCCn1cc[n+](C)c1|O=S(=O)([N-]S(=O)(=O)C(F)(F)F)C(F)(F)F,-1.7719568014144897,-2.0558338165283203,4,71
CCCCCCCCn1cc[n+](C)c1|O=S(=O)([N-]S(=O)(=O)C(F)(F)F)C(F)(F)F,-1.5750365257263184,-1.8558897972106934,4,71
CCCCCCCCn1cc[n+](C)c1|O=S(=O)([N-]S(=O)(=O)C(F)(F)F)C(F)(F)F,-1.370421051979065,-1.7138828039169312,4,71
CCCCCCCCn1cc[n+](C)c1|O=S(=O)([N-]S(=O)(=O)C(F)(F)F)C(F)(F)F,-1.1809074878692627,-1.590857744216919,4,71
CCCCCCCCn1cc[n+](C)c1|O=S(=O)([N-]S(=O)(=O)C(F)(F)F)C(F)(F)F,-1.0188772678375244,-1.4649310111999512,4,71
CCCCCC[n+]1ccn(C)c1|F[B-](F)(F)F,-1.8325815200805664,-1.8653448820114136,4,64
CCCCCC[n+]1ccn(C)c1|F[B-](F)(F)F,-1.5847452878952026,-1.609182357788086,4,64
CCCCCC[n+]1ccn(C)c1|F[B-](F)(F)F,-1.3509272336959839,-1.3812559843063354,4,64
CCCCCC[n+]1ccn(C)c1|F[B-](F)(F)F,-1.1332037448883057,-1.1897914409637451,4,64
CCCCCC[n+]1ccn(C)c1|F[B-](F)(F)F,-0.9238190054893494,-1.0082463026046753,4,64
CCCCCC[n+]1ccn(C)c1|F[B-](F)(F)F,-0.7318879961967468,-0.8418708443641663,4,64
CCCCCC[n+]1ccn(C)c1|F[B-](F)(F)F,-0.5516476035118103,-0.6814347505569458,4,64
CC[n+]1ccn(C)c1|O=S(=O)([N-]S(=O)(=O)C(F)(F)F)C(F)(F)F,-0.08883121609687805,-0.7371199727058411,4,191
CC[n+]1ccn(C)c1|O=S(=O)([N-]S(=O)(=O)C(F)(F)F)C(F)(F)F,0.055434707552194595,-0.5756690502166748,4,191
CC[n+]1ccn(C)c1|O=S(=O)([N-]S(=O)(=O)C(F)(F)F)C(F)(F)F,0.18065349757671356,-0.42979753017425537,4,191
CC[n+]1ccn(C)c1|O=S(=O)([N-]S(=O)(=O)C(F)(F)F)C(F)(F)F,0.30158498883247375,-0.2924462556838989,4,191
CC[n+]1ccn(C)c1|O=S(=O)([N-]S(=O)(=O)C(F)(F)F)C(F)(F)F,0.4147551655769348,-0.16365385055541992,4,191
CC[n+]1ccn(C)c1|O=S(=O)([N-]S(=O)(=O)C(F)(F)F)C(F)(F)F,0.5590441823005676,-0.037824153900146484,4,191
CCCCC[N+]1(C)CCOCC1|N#C[N-]C#N,-2.617295742034912,-2.3777406215667725,4,8
CCCCC[N+]1(C)CCOCC1|N#C[N-]C#N,-2.137070655822754,-1.813724160194397,4,8
CCCCC[N+]1(C)CCOCC1|N#C[N-]C#N,-1.7544636726379395,-1.3819141387939453,4,8
CCCCC[N+]1(C)CCOCC1|N#C[N-]C#N,-1.4312916994094849,-1.0555860996246338,4,8
CCCCC[N+]1(C)CCOCC1|N#C[N-]C#N,-1.16155207157135,-0.8118157386779785,4,8
CCCCC[N+]1(C)CCOCC1|N#C[N-]C#N,-0.9314043521881104,-0.6060158014297485,4,8
CCCCC[N+]1(C)CCOCC1|N#C[N-]C#N,-0.7318879961967468,-0.4082754850387573,4,8
CCCCCC[n+]1ccn(C)c1|O=S(=O)([N-]S(=O)(=O)C(F)(F)F)C(F)(F)F,-1.7372713088989258,-2.165188789367676,4,173
CCCCCC[n+]1ccn(C)c1|O=S(=O)([N-]S(=O)(=O)C(F)(F)F)C(F)(F)F,-1.5095925331115723,-1.8986787796020508,4,173
CCCCCC[n+]1ccn(C)c1|O=S(=O)([N-]S(=O)(=O)C(F)(F)F)C(F)(F)F,-1.1086626052856445,-1.5234031677246094,4,173
CCCCCC[n+]1ccn(C)c1|O=S(=O)([N-]S(=O)(=O)C(F)(F)F)C(F)(F)F,-0.9213032722473145,-1.3790267705917358,4,173
CCCCCC[n+]1ccn(C)c1|O=S(=O)([N-]S(=O)(=O)C(F)(F)F)C(F)(F)F,-0.7614260315895081,-1.2296861410140991,4,173
CCCCCC[n+]1ccn(C)c1|O=S(=O)([N-]S(=O)(=O)C(F)(F)F)C(F)(F)F,-0.5923972725868225,-1.093322515487671,4,173
CCCCCCC[N+]1(C)CCOCC1|N#C[N-]C#N,-3.6119184494018555,-2.906620979309082,4,8
CCCCCCC[N+]1(C)CCOCC1|N#C[N-]C#N,-3.123565673828125,-2.39418625831604,4,8
CCCCCCC[N+]1(C)CCOCC1|N#C[N-]C#N,-2.7488722801208496,-1.884627103805542,4,8
CCCCCCC[N+]1(C)CCOCC1|N#C[N-]C#N,-2.441847085952759,-1.4765373468399048,4,8
CCCCCCC[N+]1(C)CCOCC1|N#C[N-]C#N,-2.189256429672241,-1.1689603328704834,4,8
CCCCCCC[N+]1(C)CCOCC1|N#C[N-]C#N,-1.980501651763916,-0.9507058262825012,4,8
CCCCCCC[N+]1(C)CCOCC1|N#C[N-]C#N,-1.7957675457000732,-0.7747644186019897,4,8
C(C)OCCN1C=[N+](C=C1)C|C(C(O)C)(=O)[O-],-2.5010359287261963,-2.652045965194702,4,7
C(C)OCCN1C=[N+](C=C1)C|C(C(O)C)(=O)[O-],-2.0955710411071777,-2.3161346912384033,4,7
C(C)OCCN1C=[N+](C=C1)C|C(C(O)C)(=O)[O-],-1.7660917043685913,-2.067898750305176,4,7
C(C)OCCN1C=[N+](C=C1)C|C(C(O)C)(=O)[O-],-1.4784096479415894,-1.8504619598388672,4,7
C(C)OCCN1C=[N+](C=C1)C|C(C(O)C)(=O)[O-],-1.1583622694015503,-1.6796276569366455,4,7
C(C)OCCN1C=[N+](C=C1)C|C(C(O)C)(=O)[O-],-0.872273862361908,-1.5133857727050781,4,7
C(C)OCCN1C=[N+](C=C1)C|C(C(O)C)(=O)[O-],-0.6236211061477661,-1.371340274810791,4,7
COCC[N+]1(CCCC1)C|[N-](C#N)C#N,-2.525728702545166,-0.8954045176506042,4,7
COCC[N+]1(CCCC1)C|[N-](C#N)C#N,-2.207274913787842,-0.6888084411621094,4,7
COCC[N+]1(CCCC1)C|[N-](C#N)C#N,-1.8325815200805664,-0.5330982208251953,4,7
COCC[N+]1(CCCC1)C|[N-](C#N)C#N,-1.5141277313232422,-0.4022347927093506,4,7
COCC[N+]1(CCCC1)C|[N-](C#N)C#N,-1.2378743886947632,-0.26593101024627686,4,7
COCC[N+]1(CCCC1)C|[N-](C#N)C#N,-0.9675840139389038,-0.13549602031707764,4,7
COCC[N+]1(CCCC1)C|[N-](C#N)C#N,-0.7550225853919983,-0.016419053077697754,4,7
C=CC[n+]1ccn(C)c1|O=S(=O)([N-]S(=O)(=O)C(F)(F)F)C(F)(F)F,-0.6733445525169373,-1.467698335647583,4,7
C=CC[n+]1ccn(C)c1|O=S(=O)([N-]S(=O)(=O)C(F)(F)F)C(F)(F)F,-0.5108256340026855,-1.1855034828186035,4,7
C=CC[n+]1ccn(C)c1|O=S(=O)([N-]S(=O)(=O)C(F)(F)F)C(F)(F)F,-0.3566749393939972,-0.9428776502609253,4,7
C=CC[n+]1ccn(C)c1|O=S(=O)([N-]S(=O)(=O)C(F)(F)F)C(F)(F)F,-0.21072103083133698,-0.74789959192276,4,7
C=CC[n+]1ccn(C)c1|O=S(=O)([N-]S(=O)(=O)C(F)(F)F)C(F)(F)F,-0.07257069647312164,-0.5866050720214844,4,7
C=CC[n+]1ccn(C)c1|O=S(=O)([N-]S(=O)(=O)C(F)(F)F)C(F)(F)F,0.04879016429185867,-0.44000566005706787,4,7
C=CC[n+]1ccn(C)c1|O=S(=O)([N-]S(=O)(=O)C(F)(F)F)C(F)(F)F,0.16551443934440613,-0.3075113296508789,4,7
CC[n+]1ccn(C)c1|O=S(=O)([N-]S(=O)(=O)C(F)(F)F)C(F)(F)F,-0.23952703177928925,-0.9369921088218689,4,191
CC[n+]1ccn(C)c1|O=S(=O)([N-]S(=O)(=O)C(F)(F)F)C(F)(F)F,-0.08446915447711945,-0.7371199727058411,4,191
CC[n+]1ccn(C)c1|O=S(=O)([N-]S(=O)(=O)C(F)(F)F)C(F)(F)F,0.07881118357181549,-0.5756690502166748,4,191
CC[n+]1ccn(C)c1|O=S(=O)([N-]S(=O)(=O)C(F)(F)F)C(F)(F)F,0.21913552284240723,-0.42979753017425537,4,191
CC[n+]1ccn(C)c1|O=S(=O)([N-]S(=O)(=O)C(F)(F)F)C(F)(F)F,0.35136085748672485,-0.2924462556838989,4,191
CC[n+]1ccn(C)c1|O=S(=O)([N-]S(=O)(=O)C(F)(F)F)C(F)(F)F,0.47995397448539734,-0.16365385055541992,4,191
CC[n+]1ccn(C)c1|O=S(=O)([N-]S(=O)(=O)C(F)(F)F)C(F)(F)F,0.5966362953186035,-0.037824153900146484,4,191
CCCC[n+]1ccn(C)c1|N#C[N-]C#N,-0.9597203135490417,-1.2384626865386963,4,52
CCCC[n+]1ccn(C)c1|N#C[N-]C#N,-0.4525567293167114,-0.6925597190856934,4,52
CCCC[n+]1ccn(C)c1|N#C[N-]C#N,-0.028399474918842316,-0.2965039014816284,4,52
CCCC[n+]1ccn(C)c1|N#C[N-]C#N,0.15785808861255646,-0.13389313220977783,4,52
CCCC[n+]1ccn(C)c1|N#C[N-]C#N,0.3293037414550781,0.014433622360229492,4,52
CCCC[n+]1ccn(C)c1|N#C[N-]C#N,0.6344581842422485,0.2900012731552124,4,52
CCCC[n+]1ccn(C)c1|N#C[N-]C#N,0.8997547626495361,0.5011106729507446,4,52
c(N(CC)CC)1c(N(CC)CC)[c+]1N(CCCCCC)C|[N-](S(=O)(=O)C(F)(F)F)S(=O)(=O)C(F)(F)F,-2.1404662132263184,-2.031536340713501,4,7
c(N(CC)CC)1c(N(CC)CC)[c+]1N(CCCCCC)C|[N-](S(=O)(=O)C(F)(F)F)S(=O)(=O)C(F)(F)F,-1.704848051071167,-1.7841136455535889,4,7
c(N(CC)CC)1c(N(CC)CC)[c+]1N(CCCCCC)C|[N-](S(=O)(=O)C(F)(F)F)S(=O)(=O)C(F)(F)F,-1.328025460243225,-1.5543545484542847,4,7
c(N(CC)CC)1c(N(CC)CC)[c+]1N(CCCCCC)C|[N-](S(=O)(=O)C(F)(F)F)S(=O)(=O)C(F)(F)F,-0.9969586133956909,-1.329349398612976,4,7
c(N(CC)CC)1c(N(CC)CC)[c+]1N(CCCCCC)C|[N-](S(=O)(=O)C(F)(F)F)S(=O)(=O)C(F)(F)F,-0.7052197456359863,-1.1389591693878174,4,7
c(N(CC)CC)1c(N(CC)CC)[c+]1N(CCCCCC)C|[N-](S(=O)(=O)C(F)(F)F)S(=O)(=O)C(F)(F)F,-0.44941699504852295,-0.9703391194343567,4,7
c(N(CC)CC)1c(N(CC)CC)[c+]1N(CCCCCC)C|[N-](S(=O)(=O)C(F)(F)F)S(=O)(=O)C(F)(F)F,-0.2194005697965622,-0.8329750895500183,4,7
CC[n+]1ccn(C)c1|[Br-],0.7561219930648804,1.3610316514968872,4,95
CC[n+]1ccn(C)c1|[Br-],0.8372475504875183,1.5029765367507935,4,95
CC[n+]1ccn(C)c1|[Br-],1.054311990737915,1.60773503780365,4,95
CC[n+]1ccn(C)c1|[Br-],1.2527629137039185,1.694433569908142,4,95
CC[n+]1ccn(C)c1|[Br-],1.625311255455017,2.0039315223693848,4,95
CC[n+]1ccn(C)c1|[Br-],1.8594181537628174,2.2607035636901855,4,95
CCCC[n+]1ccn(C)c1|N#C[N-]C#N,-0.5175145864486694,-0.4789092540740967,4,52
CCCC[n+]1ccn(C)c1|N#C[N-]C#N,-0.4926583170890808,-0.4789092540740967,4,52
CCCC[n+]1ccn(C)c1|N#C[N-]C#N,-0.12443007528781891,-0.13389313220977783,4,52
CCCC[n+]1ccn(C)c1|N#C[N-]C#N,-0.07796154171228409,-0.13389313220977783,4,52
CCCC[n+]1ccn(C)c1|N#C[N-]C#N,0.7807000875473022,0.6793254613876343,4,52
CCCC[n+]1ccn(C)c1|N#C[N-]C#N,1.0184862613677979,0.6793254613876343,4,52
CCCC[n+]1ccccc1|O=S(=O)([N-]S(=O)(=O)C(F)(F)F)C(F)(F)F,-1.6554818153381348,-1.8987900018692017,4,105
CCCC[n+]1ccccc1|O=S(=O)([N-]S(=O)(=O)C(F)(F)F)C(F)(F)F,-1.2310014963150024,-1.447226643562317,4,105
CCCC[n+]1ccccc1|O=S(=O)([N-]S(=O)(=O)C(F)(F)F)C(F)(F)F,-0.8651224374771118,-1.0766451358795166,4,105
CCCC[n+]1ccccc1|O=S(=O)([N-]S(=O)(=O)C(F)(F)F)C(F)(F)F,-0.5430045127868652,-0.7823765277862549,4,105
CCCC[n+]1ccccc1|O=S(=O)([N-]S(=O)(=O)C(F)(F)F)C(F)(F)F,-0.26657310128211975,-0.5537480115890503,4,105
CCCC[n+]1ccccc1|O=S(=O)([N-]S(=O)(=O)C(F)(F)F)C(F)(F)F,-0.06507200002670288,-0.33850908279418945,4,105
CCCC[N+](C)(C)CC|O=S(=O)([N-]S(=O)(=O)C(F)(F)F)C(F)(F)F,-1.6094379425048828,-1.594621181488037,4,16
CCCC[N+](C)(C)CC|O=S(=O)([N-]S(=O)(=O)C(F)(F)F)C(F)(F)F,-1.5141277313232422,-1.3760504722595215,4,16
CCCC[N+](C)(C)CC|O=S(=O)([N-]S(=O)(=O)C(F)(F)F)C(F)(F)F,-1.61948823928833,-1.3699395656585693,4,16
CCCC[N+](C)(C)CC|O=S(=O)([N-]S(=O)(=O)C(F)(F)F)C(F)(F)F,-1.3470736742019653,-1.2230043411254883,4,16
CCCC[N+](C)(C)CC|O=S(=O)([N-]S(=O)(=O)C(F)(F)F)C(F)(F)F,-1.2378743886947632,-1.047807216644287,4,16
CCCC[N+](C)(C)CC|O=S(=O)([N-]S(=O)(=O)C(F)(F)F)C(F)(F)F,-1.0788096189498901,-0.8931511640548706,4,16
CCCCn1cc[n+](CCOCCOCCOCCOCC[n+]2ccn(CCCC)c2)c1|O=S(=O)([N-]S(=O)(=O)C(F)(F)F)C(F)(F)F.O=S(=O)([N-]S(=O)(=O)C(F)(F)F)C(F)(F)F,-2.6592600345611572,-2.2153263092041016,4,6
CCCCn1cc[n+](CCOCCOCCOCCOCC[n+]2ccn(CCCC)c2)c1|O=S(=O)([N-]S(=O)(=O)C(F)(F)F)C(F)(F)F.O=S(=O)([N-]S(=O)(=O)C(F)(F)F)C(F)(F)F,-2.3538784980773926,-2.063680648803711,4,6
CCCCn1cc[n+](CCOCCOCCOCCOCC[n+]2ccn(CCCC)c2)c1|O=S(=O)([N-]S(=O)(=O)C(F)(F)F)C(F)(F)F.O=S(=O)([N-]S(=O)(=O)C(F)(F)F)C(F)(F)F,-1.870802640914917,-1.8332499265670776,4,6
CCCCn1cc[n+](CCOCCOCCOCCOCC[n+]2ccn(CCCC)c2)c1|O=S(=O)([N-]S(=O)(=O)C(F)(F)F)C(F)(F)F.O=S(=O)([N-]S(=O)(=O)C(F)(F)F)C(F)(F)F,-1.4354846477508545,-1.6325045824050903,4,6
CCCCn1cc[n+](CCOCCOCCOCCOCC[n+]2ccn(CCCC)c2)c1|O=S(=O)([N-]S(=O)(=O)C(F)(F)F)C(F)(F)F.O=S(=O)([N-]S(=O)(=O)C(F)(F)F)C(F)(F)F,-1.070024847984314,-1.4556200504302979,4,6
CCCCn1cc[n+](CCOCCOCCOCCOCC[n+]2ccn(CCCC)c2)c1|O=S(=O)([N-]S(=O)(=O)C(F)(F)F)C(F)(F)F.O=S(=O)([N-]S(=O)(=O)C(F)(F)F)C(F)(F)F,-0.7298111915588379,-1.3226679563522339,4,6
C[N+]1(CCOCCOCC[N+]2(C)CCCC2)CCCC1|O=S(=O)([N-]S(=O)(=O)C(F)(F)F)C(F)(F)F.O=S(=O)([N-]S(=O)(=O)C(F)(F)F)C(F)(F)F,-2.009915590286255,-2.3779714107513428,4,6
C[N+]1(CCOCCOCC[N+]2(C)CCCC2)CCCC1|O=S(=O)([N-]S(=O)(=O)C(F)(F)F)C(F)(F)F.O=S(=O)([N-]S(=O)(=O)C(F)(F)F)C(F)(F)F,-1.7957675457000732,-2.188664674758911,4,6
C[N+]1(CCOCCOCC[N+]2(C)CCCC2)CCCC1|O=S(=O)([N-]S(=O)(=O)C(F)(F)F)C(F)(F)F.O=S(=O)([N-]S(=O)(=O)C(F)(F)F)C(F)(F)F,-1.3625777959823608,-1.899086833000183,4,6
C[N+]1(CCOCCOCC[N+]2(C)CCCC2)CCCC1|O=S(=O)([N-]S(=O)(=O)C(F)(F)F)C(F)(F)F.O=S(=O)([N-]S(=O)(=O)C(F)(F)F)C(F)(F)F,-1.024432897567749,-1.6835236549377441,4,6
C[N+]1(CCOCCOCC[N+]2(C)CCCC2)CCCC1|O=S(=O)([N-]S(=O)(=O)C(F)(F)F)C(F)(F)F.O=S(=O)([N-]S(=O)(=O)C(F)(F)F)C(F)(F)F,-0.7808861136436462,-1.494631290435791,4,6
C[N+]1(CCOCCOCC[N+]2(C)CCCC2)CCCC1|O=S(=O)([N-]S(=O)(=O)C(F)(F)F)C(F)(F)F.O=S(=O)([N-]S(=O)(=O)C(F)(F)F)C(F)(F)F,-0.5327304601669312,-1.3006004095077515,4,6
CCCCn1cc[n+](CCOCC[n+]2ccn(CCCC)c2)c1|N#C[N-]C#N.N#C[N-]C#N,-1.4610179662704468,-1.5159063339233398,4,6
CCCCn1cc[n+](CCOCC[n+]2ccn(CCCC)c2)c1|N#C[N-]C#N.N#C[N-]C#N,-1.1907275915145874,-1.3319594860076904,4,6
CCCCn1cc[n+](CCOCC[n+]2ccn(CCCC)c2)c1|N#C[N-]C#N.N#C[N-]C#N,-0.8119307160377502,-1.0298733711242676,4,6
CCCCn1cc[n+](CCOCC[n+]2ccn(CCCC)c2)c1|N#C[N-]C#N.N#C[N-]C#N,-0.29705923795700073,-0.8009727597236633,4,6
CCCCn1cc[n+](CCOCC[n+]2ccn(CCCC)c2)c1|N#C[N-]C#N.N#C[N-]C#N,0.055434707552194595,-0.6132068634033203,4,6
CCCCn1cc[n+](CCOCC[n+]2ccn(CCCC)c2)c1|N#C[N-]C#N.N#C[N-]C#N,0.38117241859436035,-0.44946956634521484,4,6
CCCC[N+]1(CCCC1)C|[N-](C#N)S(=O)(=O)C(F)(F)F,-0.7808861136436462,-0.7815901637077332,4,6
CCCC[N+]1(CCCC1)C|[N-](C#N)S(=O)(=O)C(F)(F)F,-0.6051362752914429,-0.6072834730148315,4,6
CCCC[N+]1(CCCC1)C|[N-](C#N)S(=O)(=O)C(F)(F)F,-0.44005656242370605,-0.4494067430496216,4,6
CCCC[N+]1(CCCC1)C|[N-](C#N)S(=O)(=O)C(F)(F)F,-0.2850189507007599,-0.31148481369018555,4,6
CCCC[N+]1(CCCC1)C|[N-](C#N)S(=O)(=O)C(F)(F)F,-0.14041215181350708,-0.1884324550628662,4,6
CCCC[N+]1(CCCC1)C|[N-](C#N)S(=O)(=O)C(F)(F)F,0.0,-0.07682132720947266,4,6
CC[S+](CC)CCOCCOCCOCC[S+](CC)CC|O=S(=O)([N-]S(=O)(=O)C(F)(F)F)C(F)(F)F.O=S(=O)([N-]S(=O)(=O)C(F)(F)F)C(F)(F)F,-2.0402207374572754,-1.802607774734497,4,6
CC[S+](CC)CCOCCOCCOCC[S+](CC)CC|O=S(=O)([N-]S(=O)(=O)C(F)(F)F)C(F)(F)F.O=S(=O)([N-]S(=O)(=O)C(F)(F)F)C(F)(F)F,-1.8643301725387573,-1.6632544994354248,4,6
CC[S+](CC)CCOCCOCCOCC[S+](CC)CC|O=S(=O)([N-]S(=O)(=O)C(F)(F)F)C(F)(F)F.O=S(=O)([N-]S(=O)(=O)C(F)(F)F)C(F)(F)F,-1.3743658065795898,-1.4508124589920044,4,6
CC[S+](CC)CCOCCOCCOCC[S+](CC)CC|O=S(=O)([N-]S(=O)(=O)C(F)(F)F)C(F)(F)F.O=S(=O)([N-]S(=O)(=O)C(F)(F)F)C(F)(F)F,-0.957112729549408,-1.3089059591293335,4,6
CC[S+](CC)CCOCCOCCOCC[S+](CC)CC|O=S(=O)([N-]S(=O)(=O)C(F)(F)F)C(F)(F)F.O=S(=O)([N-]S(=O)(=O)C(F)(F)F)C(F)(F)F,-0.5905905961990356,-1.1904791593551636,4,6
CC[S+](CC)CCOCCOCCOCC[S+](CC)CC|O=S(=O)([N-]S(=O)(=O)C(F)(F)F)C(F)(F)F.O=S(=O)([N-]S(=O)(=O)C(F)(F)F)C(F)(F)F,-0.29975464940071106,-1.0713684558868408,4,6
C(C)[N+](CC)(CC)CC|C(CCCCCCCCCCCCCCCCC)(=O)[O-],-5.276556015014648,-3.961836814880371,4,6
C(C)[N+](CC)(CC)CC|C(CCCCCCCCCCCCCCCCC)(=O)[O-],-4.414549827575684,-3.6691153049468994,4,6
C(C)[N+](CC)(CC)CC|C(CCCCCCCCCCCCCCCCC)(=O)[O-],-4.045554161071777,-3.388125419616699,4,6
C(C)[N+](CC)(CC)CC|C(CCCCCCCCCCCCCCCCC)(=O)[O-],-3.4545981884002686,-3.1652326583862305,4,6
C(C)[N+](CC)(CC)CC|C(CCCCCCCCCCCCCCCCC)(=O)[O-],-2.9778923988342285,-2.968838691711426,4,6
C(C)[N+](CC)(CC)CC|C(CCCCCCCCCCCCCCCCC)(=O)[O-],-2.6145598888397217,-2.7698421478271484,4,6
C[N+]1(CCOCCOCCOCCOCC[N+]2(C)CCCC2)CCCC1|N#C[N-]C#N.N#C[N-]C#N,-1.9310215711593628,-1.9845187664031982,4,6
C[N+]1(CCOCCOCCOCCOCC[N+]2(C)CCCC2)CCCC1|N#C[N-]C#N.N#C[N-]C#N,-1.6982691287994385,-1.813750982284546,4,6
C[N+]1(CCOCCOCCOCCOCC[N+]2(C)CCCC2)CCCC1|N#C[N-]C#N.N#C[N-]C#N,-1.2552660703659058,-1.5358188152313232,4,6
C[N+]1(CCOCCOCCOCCOCC[N+]2(C)CCCC2)CCCC1|N#C[N-]C#N.N#C[N-]C#N,-0.8119307160377502,-1.3320956230163574,4,6
C[N+]1(CCOCCOCCOCCOCC[N+]2(C)CCCC2)CCCC1|N#C[N-]C#N.N#C[N-]C#N,-0.4109802842140198,-1.1359437704086304,4,6
C[N+]1(CCOCCOCCOCCOCC[N+]2(C)CCCC2)CCCC1|N#C[N-]C#N.N#C[N-]C#N,-0.058688994497060776,-0.9508912563323975,4,6
CCCCCCCCCC[N+]1(C)CCCC1|O=S(=O)([N-]S(=O)(=O)C(F)(F)F)C(F)(F)F,-13.122363090515137,-8.444437980651855,4,15
CCCCCCCCCC[N+]1(C)CCCC1|O=S(=O)([N-]S(=O)(=O)C(F)(F)F)C(F)(F)F,-12.429216384887695,-8.267060279846191,4,15
CCCC[n+]1cccn1C|O=S(=O)([N-]S(=O)(=O)C(F)(F)F)C(F)(F)F,-1.505077838897705,-1.7814648151397705,4,14
CCCC[n+]1cccn1C|O=S(=O)([N-]S(=O)(=O)C(F)(F)F)C(F)(F)F,-1.2801342010498047,-1.5635387897491455,4,14
CCCC[n+]1cccn1C|O=S(=O)([N-]S(=O)(=O)C(F)(F)F)C(F)(F)F,-1.0729445219039917,-1.3621227741241455,4,14
CCCC[n+]1cccn1C|O=S(=O)([N-]S(=O)(=O)C(F)(F)F)C(F)(F)F,-0.7011793255805969,-1.0046238899230957,4,14
CCCC[n+]1cccn1C|O=S(=O)([N-]S(=O)(=O)C(F)(F)F)C(F)(F)F,-0.38272562623023987,-0.7208638787269592,4,14
CCCC[n+]1cccn1C|O=S(=O)([N-]S(=O)(=O)C(F)(F)F)C(F)(F)F,-0.10092591494321823,-0.4877728223800659,4,14
CCCC[n+]1ccccc1|O=S(=O)([N-]S(=O)(=O)C(F)(F)F)C(F)(F)F,-1.309333324432373,-1.8896409273147583,4,105
CCCC[n+]1ccccc1|O=S(=O)([N-]S(=O)(=O)C(F)(F)F)C(F)(F)F,-1.0966142416000366,-1.6466484069824219,4,105
CCCC[n+]1ccccc1|O=S(=O)([N-]S(=O)(=O)C(F)(F)F)C(F)(F)F,-0.8964881300926208,-1.4411145448684692,4,105
CCCC[n+]1ccccc1|O=S(=O)([N-]S(=O)(=O)C(F)(F)F)C(F)(F)F,-0.5395680665969849,-1.0712425708770752,4,105
CCCC[n+]1ccccc1|O=S(=O)([N-]S(=O)(=O)C(F)(F)F)C(F)(F)F,-0.22815608978271484,-0.7786916494369507,4,105
CCCC[n+]1ccccc1|O=S(=O)([N-]S(=O)(=O)C(F)(F)F)C(F)(F)F,0.03633192926645279,-0.5505509376525879,4,105
CC[n+]1ccn(C)c1|COS(=O)(=O)[O-],-0.5074978470802307,-1.0545196533203125,4,7
CC[n+]1ccn(C)c1|COS(=O)(=O)[O-],-0.32434606552124023,-0.8249214291572571,4,7
CC[n+]1ccn(C)c1|COS(=O)(=O)[O-],0.018821753561496735,-0.47443342208862305,4,7
CC[n+]1ccn(C)c1|COS(=O)(=O)[O-],0.32858407497406006,-0.17960083484649658,4,7
CC[n+]1ccn(C)c1|COS(=O)(=O)[O-],0.6092219352722168,0.07019639015197754,4,7
CC[n+]1ccn(C)c1|COS(=O)(=O)[O-],0.8484400510787964,0.27996623516082764,4,7
CCCC[P+](CCCC)(CCCC)CCCN|C[C@H](N)C(=O)[O-],-4.265132904052734,-4.464334964752197,4,12
CCCC[P+](CCCC)(CCCC)CCCN|C[C@H](N)C(=O)[O-],-3.8656165599823,-4.176753044128418,4,12
CCCC[P+](CCCC)(CCCC)CCCN|C[C@H](N)C(=O)[O-],-3.441394567489624,-3.740227222442627,4,12
CCCC[P+](CCCC)(CCCC)CCCN|C[C@H](N)C(=O)[O-],-3.069594144821167,-3.3578076362609863,4,12
CCCC[P+](CCCC)(CCCC)CCCN|C[C@H](N)C(=O)[O-],-2.734907627105713,-3.0112781524658203,4,12
CCCC[P+](CCCC)(CCCC)CCCN|C[C@H](N)C(=O)[O-],-2.4258832931518555,-2.766049861907959,4,12
C(C)OCC[P+](CC)(CC)CC|[N-](S(=O)(=O)C(F)(F)F)S(=O)(=O)C(F)(F)F,-1.0936247110366821,-1.901017665863037,4,6
C(C)OCC[P+](CC)(CC)CC|[N-](S(=O)(=O)C(F)(F)F)S(=O)(=O)C(F)(F)F,-0.7507762908935547,-1.4984502792358398,4,6
C(C)OCC[P+](CC)(CC)CC|[N-](S(=O)(=O)C(F)(F)F)S(=O)(=O)C(F)(F)F,-0.43232256174087524,-1.209144115447998,4,6
C(C)OCC[P+](CC)(CC)CC|[N-](S(=O)(=O)C(F)(F)F)S(=O)(=O)C(F)(F)F,-0.15665380656719208,-1.005958080291748,4,6
C(C)OCC[P+](CC)(CC)CC|[N-](S(=O)(=O)C(F)(F)F)S(=O)(=O)C(F)(F)F,0.08065789937973022,-0.8634500503540039,4,6
C(C)OCC[P+](CC)(CC)CC|[N-](S(=O)(=O)C(F)(F)F)S(=O)(=O)C(F)(F)F,0.296394020318985,-0.7511957287788391,4,6
CCCC[P+](CCCC)(CCCC)CCCN|C[C@H](N)C(=O)[O-],-4.185999393463135,-4.464334964752197,4,12
CCCC[P+](CCCC)(CCCC)CCCN|C[C@H](N)C(=O)[O-],-3.8265795707702637,-4.176753044128418,4,12
CCCC[P+](CCCC)(CCCC)CCCN|C[C@H](N)C(=O)[O-],-3.395911455154419,-3.740227222442627,4,12
CCCC[P+](CCCC)(CCCC)CCCN|C[C@H](N)C(=O)[O-],-3.036345958709717,-3.3578076362609863,4,12
CCCC[P+](CCCC)(CCCC)CCCN|C[C@H](N)C(=O)[O-],-2.6999332904815674,-3.0112781524658203,4,12
CCCC[P+](CCCC)(CCCC)CCCN|C[C@H](N)C(=O)[O-],-2.4068350791931152,-2.766049861907959,4,12
CCCCCCCCCCCCCCCC[N+]1(C)CCCC1|O=S(=O)([N-]S(=O)(=O)C(F)(F)F)C(F)(F)F,-13.815510749816895,-3.4208884239196777,4,6
C=CC[n+]1ccn(C)c1|[Cl-],-0.8891620635986328,-4.199554443359375,4,5
C=CC[n+]1ccn(C)c1|[Cl-],-0.6971551775932312,-3.27288818359375,4,5
C=CC[n+]1ccn(C)c1|[Cl-],-0.4812668263912201,-2.3686962127685547,4,5
C=CC[n+]1ccn(C)c1|[Cl-],-0.30652517080307007,-1.7082384824752808,4,5
C=CC[n+]1ccn(C)c1|[Cl-],-0.1485000103712082,-1.2044875621795654,4,5
CCCCCC[n+]1ccn(C)c1|O=S(=O)([N-]S(=O)(=O)C(F)(F)F)C(F)(F)F,-1.7544636726379395,-2.165188789367676,4,173
CCCCCC[n+]1ccn(C)c1|O=S(=O)([N-]S(=O)(=O)C(F)(F)F)C(F)(F)F,-1.523260235786438,-1.8986787796020508,4,173
CCCCCC[n+]1ccn(C)c1|O=S(=O)([N-]S(=O)(=O)C(F)(F)F)C(F)(F)F,-0.6051362752914429,-1.093322515487671,4,173
COCCOCCn1cc[n+](CCC#N)c1|O=S(=O)([N-]S(=O)(=O)C(F)(F)F)C(F)(F)F,-2.7272329330444336,-2.3582189083099365,4,4
COCCOCCn1cc[n+](CCC#N)c1|O=S(=O)([N-]S(=O)(=O)C(F)(F)F)C(F)(F)F,-2.487710475921631,-1.9560611248016357,4,4
COCCOCCn1cc[n+](CCC#N)c1|O=S(=O)([N-]S(=O)(=O)C(F)(F)F)C(F)(F)F,-2.1856913566589355,-1.6308209896087646,4,4
COCCOCCn1cc[n+](CCC#N)c1|O=S(=O)([N-]S(=O)(=O)C(F)(F)F)C(F)(F)F,-1.8438951969146729,-1.4126956462860107,4,4
CC[n+]1ccn(C)c1|O=S(=O)([N-]S(=O)(=O)C(F)(F)F)C(F)(F)F,-0.2850189507007599,-0.9369921088218689,4,191
CC[n+]1ccn(C)c1|O=S(=O)([N-]S(=O)(=O)C(F)(F)F)C(F)(F)F,0.3001045882701874,-0.2924462556838989,4,191
CC[n+]1ccn(C)c1|O=S(=O)([N-]S(=O)(=O)C(F)(F)F)C(F)(F)F,1.1151416301727295,0.563207745552063,4,191
CCCCCCCCCCCCCCCC[N+]1(C)CCCC1|O=S(=O)([N-]S(=O)(=O)C(F)(F)F)C(F)(F)F,-12.716897964477539,-3.2156996726989746,4,6
CCCCCCCCCCCCCCCC[N+]1(C)CCCC1|O=S(=O)([N-]S(=O)(=O)C(F)(F)F)C(F)(F)F,-11.6182861328125,-3.0204505920410156,4,6
CCCCCCCCCCCCCCCC[N+]1(C)CCCC1|O=S(=O)([N-]S(=O)(=O)C(F)(F)F)C(F)(F)F,-9.581403732299805,-2.7118489742279053,4,6
CCCCCCCCCCCCCCCC[N+]1(C)CCCC1|O=S(=O)([N-]S(=O)(=O)C(F)(F)F)C(F)(F)F,-8.740336418151855,-2.641542434692383,4,6
CCCCCCCCCCCCCCCC[N+]1(C)CCCC1|O=S(=O)([N-]S(=O)(=O)C(F)(F)F)C(F)(F)F,-7.600902557373047,-2.541930675506592,4,6
CC[n+]1ccn(C)c1|O=S(=O)([N-]S(=O)(=O)C(F)(F)F)C(F)(F)F,-0.44005656242370605,-1.1656811237335205,4,191
CC[n+]1ccn(C)c1|O=S(=O)([N-]S(=O)(=O)C(F)(F)F)C(F)(F)F,-0.25747624039649963,-0.9369921088218689,4,191
CC[n+]1ccn(C)c1|O=S(=O)([N-]S(=O)(=O)C(F)(F)F)C(F)(F)F,-0.09211529046297073,-0.7371199727058411,4,191
CC[n+]1ccn(C)c1|O=S(=O)([N-]S(=O)(=O)C(F)(F)F)C(F)(F)F,0.20620082318782806,-0.42979753017425537,4,191
CC[n+]1ccn(C)c1|O=S(=O)([N-]S(=O)(=O)C(F)(F)F)C(F)(F)F,0.581656813621521,-0.037824153900146484,4,191
CCCCCC[n+]1ccn(C)c1|O=S(=O)([N-]S(=O)(=O)C(F)(F)F)C(F)(F)F,-1.1147416830062866,-1.5234031677246094,4,173
Cn1cc[n+](Cc2ccccc2)c1|O=S(=O)([N-]S(=O)(=O)C(F)(F)F)C(F)(F)F,-2.310617208480835,-1.9403729438781738,4,4
Cn1cc[n+](Cc2ccccc2)c1|O=S(=O)([N-]S(=O)(=O)C(F)(F)F)C(F)(F)F,-2.0047051906585693,-1.6067724227905273,4,4
Cn1cc[n+](Cc2ccccc2)c1|O=S(=O)([N-]S(=O)(=O)C(F)(F)F)C(F)(F)F,-1.4876629114151,-1.1117175817489624,4,4
Cn1cc[n+](Cc2ccccc2)c1|O=S(=O)([N-]S(=O)(=O)C(F)(F)F)C(F)(F)F,-0.86251300573349,-0.5530701875686646,4,4
CC[n+]1ccn(C)c1|O=S(=O)([N-]S(=O)(=O)C(F)(F)F)C(F)(F)F,-0.4926583170890808,-1.1656811237335205,4,191
CC[n+]1ccn(C)c1|O=S(=O)([N-]S(=O)(=O)C(F)(F)F)C(F)(F)F,-0.12443007528781891,-0.7371199727058411,4,191
CC[n+]1ccn(C)c1|O=S(=O)([N-]S(=O)(=O)C(F)(F)F)C(F)(F)F,0.7807000875473022,0.19740617275238037,4,191
CCCCCCn1cc[n+](Cc2ccc(C)cc2)c1|O=S(=O)([N-]S(=O)(=O)C(F)(F)F)C(F)(F)F,-3.59429669380188,-3.0791563987731934,4,4
CCCCCCn1cc[n+](Cc2ccc(C)cc2)c1|O=S(=O)([N-]S(=O)(=O)C(F)(F)F)C(F)(F)F,-3.27095890045166,-2.7868685722351074,4,4
CCCCCCn1cc[n+](Cc2ccc(C)cc2)c1|O=S(=O)([N-]S(=O)(=O)C(F)(F)F)C(F)(F)F,-2.682382345199585,-2.186171531677246,4,4
CCCCCCn1cc[n+](Cc2ccc(C)cc2)c1|O=S(=O)([N-]S(=O)(=O)C(F)(F)F)C(F)(F)F,-1.9498177766799927,-1.5904284715652466,4,4
CCOC(=O)C[n+]1ccn(C)c1|[Cl-],-0.6753072738647461,-5.2078070640563965,4,5
CCOC(=O)C[n+]1ccn(C)c1|[Cl-],-0.4525567293167114,-4.537351608276367,4,5
CCOC(=O)C[n+]1ccn(C)c1|[Cl-],-0.26918748021125793,-3.8572869300842285,4,5
CCOC(=O)C[n+]1ccn(C)c1|[Cl-],-0.08773891627788544,-3.2341108322143555,4,5
CCOC(=O)C[n+]1ccn(C)c1|[Cl-],0.06109509989619255,-2.7415003776550293,4,5
C1C[C@@H]2[N+](CCCC)(C)[C@H]1C[C@H](O)C2|C1=CC=C2C(=C1)C(=CN2)C[C@@H](C(=O)[O-])N,-12.206072807312012,-10.002837181091309,4,3
C1C[C@@H]2[N+](CCCC)(C)[C@H]1C[C@H](O)C2|C1=CC=C2C(=C1)C(=CN2)C[C@@H](C(=O)[O-])N,-11.6182861328125,-9.559562683105469,4,3
C1C[C@@H]2[N+](CCCC)(C)[C@H]1C[C@H](O)C2|C1=CC=C2C(=C1)C(=CN2)C[C@@H](C(=O)[O-])N,-11.042922019958496,-9.121718406677246,4,3
CC[n+]1ccn(C)c1|O=S(=O)([N-]S(=O)(=O)C(F)(F)F)C(F)(F)F,-0.31471073627471924,-0.9369921088218689,4,191
CC[n+]1ccn(C)c1|O=S(=O)([N-]S(=O)(=O)C(F)(F)F)C(F)(F)F,-0.10536051541566849,-0.7371199727058411,4,191
CC[n+]1ccn(C)c1|O=S(=O)([N-]S(=O)(=O)C(F)(F)F)C(F)(F)F,0.25464221835136414,-0.2924462556838989,4,191
CC[n+]1ccn(C)c1|O=S(=O)([N-]S(=O)(=O)C(F)(F)F)C(F)(F)F,0.6626879572868347,0.19740617275238037,4,191
CC[n+]1ccn(C)c1|O=S(=O)([N-]S(=O)(=O)C(F)(F)F)C(F)(F)F,1.00430166721344,0.563207745552063,4,191
CCCCCCCCCCCC[n+]1ccn(C)c1|F[B-](F)(F)F,-2.3751556873321533,-2.3874332904815674,4,28
CCCCCCCCCCCC[n+]1ccn(C)c1|F[B-](F)(F)F,-2.1576192378997803,-2.1635570526123047,4,28
CCCCCCCCCCCC[n+]1ccn(C)c1|F[B-](F)(F)F,-1.9540431499481201,-1.9848315715789795,4,28
CCCCn1cc[n+](CCCC)c1|F[B-](F)(F)F,-1.7719568014144897,-2.4947447776794434,4,1
CC[n+]1ccn(C)c1|O=S(=O)([N-]S(=O)(=O)C(F)(F)F)C(F)(F)F,0.06015392392873764,-0.7424368262290955,4,191
CC[n+]1ccn(C)c1|O=S(=O)([N-]S(=O)(=O)C(F)(F)F)C(F)(F)F,0.9969486594200134,0.38240301609039307,4,191
CCCCO[n+]1ccn(CCCC)c1|Cc1ccc(S(=O)(=O)[O-])cc1,-0.891598105430603,-5.38352632522583,4,1
CCCCCCCCn1cc[n+](C)c1|O=S(=O)([N-]S(=O)(=O)C(F)(F)F)C(F)(F)F,-2.032557964324951,-2.291459083557129,4,71
CCn1cc[n+](CC)c1|O=S(=O)([O-])C(F)(F)F,-0.28768208622932434,-1.2639435529708862,4,1
CC[n+]1ccn(C)c1|O=S(=O)([N-]S(=O)(=O)C(F)(F)F)C(F)(F)F,-0.12783336639404297,-0.9437764286994934,4,191
CCCCCC[n+]1ccn(C)c1|O=S(=O)([O-])C(F)(F)F,-0.31471073627471924,-2.0368852615356445,4,10
CC[n+]1ccn(C)c1|COS(=O)(=O)[O-],-0.6033064723014832,-1.0545196533203125,4,7
CCCC[n+]1ccn(C)c1|O=C([O-])C(F)(F)F,-1.1394343376159668,-1.8290290832519531,4,36
CCCCCCCCCCCC[n+]1ccn(C)c1|F[B-](F)(F)F,-13.815510749816895,-5.008859157562256,4,28
CCCCCCCCCCCC[n+]1ccn(C)c1|F[B-](F)(F)F,-13.122363090515137,-4.645555019378662,4,28
CCCCCCCCCCCC[n+]1ccn(C)c1|F[B-](F)(F)F,-12.206072807312012,-4.330969333648682,4,28
CCCCCCCCCCCC[n+]1ccn(C)c1|F[B-](F)(F)F,-10.596634864807129,-4.01633358001709,4,28
CCCCCC[n+]1ccn(C)c1|O=S(=O)([N-]S(=O)(=O)C(F)(F)C(F)(F)F)C(F)(F)C(F)(F)F,-2.0402207374572754,-2.0603370666503906,4,1
CCCCCC[n+]1ccn(C)c1|O=S(=O)([N-]S(=O)(=O)C(F)(F)F)C(F)(F)F,-1.3470736742019653,-2.0580172538757324,4,173
CCCC[n+]1ccn(C)c1|O=C([O-])C(F)(F)F,-1.1520130634307861,-1.5435349941253662,4,36
CCCCCCCCn1cc[n+](C)c1|O=S(=O)([N-]S(=O)(=O)C(F)(F)F)C(F)(F)F,-1.6607311964035034,-2.4792866706848145,4,71
CCCC[n+]1ccccc1|O=C([O-])C(F)(F)F,-1.3470736742019653,-1.760187029838562,4,1
CCn1cc[n+](C)c1|CSCC[C@H](N)C(=O)[O-],-3.729701519012451,-4.385405540466309,4,1
CC[n+]1ccn(C)c1|CC(C)[C@H](N)C(=O)[O-],-4.733003616333008,-4.7432050704956055,4,1
CC[n+]1ccn(C)c1|C[C@H](N)C(=O)[O-],-2.7488722801208496,-4.5559539794921875,4,1
CCCCCCCC[n+]1ccn(C)c1|O=S(=O)([N-]S(=O)(=O)C(F)(F)C(F)(F)F)C(F)(F)C(F)(F)F,-2.207274913787842,-2.4188857078552246,4,1
CC[n+]1ccn(C)c1|N[C@@H](CS)C(=O)[O-],-5.65499210357666,-5.035672664642334,4,1
CC[n+]1ccn(C)c1|O=C([O-])[C@@H]1CCCN1,-4.135166645050049,-7.080734729766846,4,1
CCCCCCCCCC[N+]1(C)CCCC1|O=S(=O)([N-]S(=O)(=O)C(F)(F)F)C(F)(F)F,-2.6592600345611572,-3.1071715354919434,4,15
CCCC[n+]1ccn(C)c1|[Br-],-0.3092462420463562,1.1728588342666626,4,15
CCC[N+](C)(C)C(C)C|O=S(=O)([N-]S(=O)(=O)C(F)(F)F)C(F)(F)F,-1.3862943649291992,-2.226245403289795,4,1
CCCC[n+]1ccn(C)c1|O=S(=O)([C-](S(=O)(=O)C(F)(F)F)S(=O)(=O)C(F)(F)F)C(F)(F)F,-2.207274913787842,-1.9427435398101807,4,1
Cn1cc[n+](CCO)c1|O=S(=O)([N-]S(=O)(=O)C(F)(F)F)C(F)(F)F,-1.2039728164672852,-2.325641632080078,4,29
C[N+]1(CC(O)CO)CCCC1|O=S(=O)([N-]S(=O)(=O)C(F)(F)F)C(F)(F)F,-4.605170249938965,-3.2160983085632324,4,1
CCCCC[N+](C)(CCC)CCC|O=S(=O)([N-]S(=O)(=O)C(F)(F)F)C(F)(F)F,-2.6592600345611572,-2.1650307178497314,4,1
C(CCC)[P+](CCCC)(CCCC)CCCC|O1C(=CC=C1)C(=O)[O-],-5.744604587554932,-3.9374709129333496,4,1
CCCC[N+](C)(C)CC|O=S(=O)([N-]S(=O)(=O)C(F)(F)F)C(F)(F)F,-1.3470736742019653,-1.3719760179519653,4,16
CCCC[n+]1ccn(C)c1|[Br-],-2.4135167598724365,-0.7371521592140198,4,15
CC[n+]1ccn(C)c1|O=S(=O)([N-]S(=O)(=O)C(F)(F)F)C(F)(F)F,-0.17435339093208313,-0.7062301635742188,4,191
CCCCCCCCn1cc[n+](C)c1|[Br-],-3.1868927478790283,-2.149646282196045,4,9
CCCCCC[n+]1ccn(C)c1|O=S(=O)([N-]S(=O)(=O)C(F)(F)F)C(F)(F)F,-1.489435076713562,-1.90120530128479,4,173
CCCC[N+](C)(CCCC)CCCC|O=S(=O)([O-])O,-1.9589953422546387,-0.5159276723861694,4,1
CC[n+]1ccn(C)c1|O=S(=O)([N-]S(=O)(=O)C(F)(F)F)C(F)(F)F,-0.05129329487681389,-0.7388743758201599,4,191
CCCCCCCCn1cc[n+](C)c1|O=S(=O)([N-]S(=O)(=O)C(F)(F)F)C(F)(F)F,-1.98777437210083,-2.294343948364258,4,71
CCC[n+]1ccn(C)c1|F[B-](F)(F)F,-0.5276327133178711,-0.9805250763893127,4,11
C=Cc1ccc(C[N+]2(C)CCOCC2)cc1|O=S(=O)([N-]S(=O)(=O)C(F)(F)F)C(F)(F)F,-2.137070655822754,-2.6115565299987793,4,1
CCCCCC[n+]1ccn(C)c1|F[B-](F)(F)F,-2.0714733600616455,-2.1881906986236572,4,64
CCCCCCOC[N+](C)(C)CCOC(C)=O|O=S(=O)([N-]S(=O)(=O)C(F)(F)F)C(F)(F)F,-2.6592600345611572,-2.7605066299438477,4,1
CCCCCCCCCOC[N+](C)(C)CCO|O=S(=O)([N-]S(=O)(=O)C(F)(F)F)C(F)(F)F,-2.5639498233795166,-3.3428878784179688,4,1
CCCCCCCCCCOC[N+](C)(C)CCOC(C)=O|O=S(=O)([N-]S(=O)(=O)C(F)(F)F)C(F)(F)F,-3.296837329864502,-3.232663154602051,4,1
CCCCCCCCCCCCOC[N+](C)(C)CCOC(C)=O|O=S(=O)([N-]S(=O)(=O)C(F)(F)F)C(F)(F)F,-3.6119184494018555,-3.4425153732299805,4,1
CCCCCCC[N+]1(C)CCOCC1|N#C[N-]C#N,-3.649658679962158,-2.898729085922241,4,8
CCCCCC[n+]1ccn(C)c1|F[B-](F)(F)F,-1.924148678779602,-2.1919596195220947,4,64
CCCn1cc[n+]([C@H](C)c2ccccc2)c1|F[B-](F)(F)F,-1.4439234733581543,-2.7100982666015625,4,1
CC[P+](CC)(CC)CSC|O=S(=O)(F)[N-]S(=O)(=O)F,-1.2310014963150024,-1.396229863166809,4,1
CCCCC[N+]1(C)CCOCC1|N#C[N-]C#N,-2.625549077987671,-2.3687336444854736,4,8
CCCC[n+]1ccn(C)c1|N#C[N-]C#N,0.1301506906747818,-0.13389313220977783,4,52
CCCCCC[n+]1ccn(C)c1|F[B-](F)(F)F,-2.097198247909546,-2.1881906986236572,4,64
CCCCCCC[N+](CC)(CC)CC|O=S(=O)([N-]S(=O)(=O)C(F)(F)F)C(F)(F)F,-2.9759297370910645,-2.82424259185791,4,12
CCCCCC[n+]1ccn(C)c1|F[B-](F)(F)F,-1.9379420280456543,-2.1919596195220947,4,64
CC[n+]1ccn(C)c1|O=S(=O)([N-]S(=O)(=O)C(F)(F)F)C(F)(F)F,-0.11653381586074829,-0.7388743758201599,4,191
CCCCCCCCn1cc[n+](CC)c1|F[B-](F)(F)F,-2.7196168899536133,-3.2295570373535156,4,2
CCCC[n+]1ccccc1|O=S(=O)([N-]S(=O)(=O)C(F)(F)F)C(F)(F)F,-1.1239300966262817,-1.6487979888916016,4,105
CCCCCCCCn1cc[n+](CC)c1|F[B-](F)(F)F,-2.882403612136841,-3.2295570373535156,4,2
CCCCCC[n+]1ccn(C)c1|F[B-](F)(F)F,-2.05572509765625,-2.1919596195220947,4,64
C=CC[n+]1ccn(C)c1|CCCC(=O)[O-],-2.111964702606201,-3.276881694793701,4,1
CCCCCCCCn1cc[n+](C)c1|O=S(=O)([N-]S(=O)(=O)C(F)(F)F)C(F)(F)F,-2.0174062252044678,-2.294343948364258,4,71
CCCC[n+]1ccn(C)c1|N#C[N-]C#N,0.07696104049682617,-0.30200421810150146,4,52
Cn1cc[n+](C)c1|N#C[N-]C#N,1.2697604894638062,0.44418394565582275,4,1
CCCC[n+]1ccn(C)c1|N#C[N-]C#N,0.36325326561927795,-0.13539588451385498,4,52
CC[N+](C)(CC)CCOC|F[B-](F)(F)C(F)(F)C(F)(F)C(F)(F)F,-1.6607311964035034,-1.8728077411651611,4,1
CC[N+](CC)(CC)CCOC|F[B-](F)(F)C(F)(F)F,-1.6094379425048828,-2.1266188621520996,4,1
CC[N+](C)(C)CCOC|F[B-](F)(F)C(F)(F)C(F)(F)C(F)(F)F,-1.3470736742019653,-1.7264899015426636,4,1
CC[N+](C)(C)CCOC|O=S(=O)([N-]S(=O)(=O)C(F)(F)F)C(F)(F)F,-1.1711829900741577,-1.5282386541366577,4,17
CCCC[N+](C)(CC)CC|F[B-](F)(F)C(F)(F)C(F)(F)F,-1.4696760177612305,-2.2635087966918945,4,1
CC[N+](C)(CC)CCOC|F[B-](F)(F)F,-2.0402207374572754,-2.102053165435791,4,40
CC[N+](C)(CC)CCOC|F[B-](F)(F)C(F)(F)F,-1.2039728164672852,-1.953707218170166,4,12
CCCC[P+](CCCC)(CCCC)CCSC|O=S(=O)([N-]S(=O)(=O)C(F)(F)F)C(F)(F)F,-3.1396026611328125,-2.870577335357666,4,1
